route_id,source_id,source_name,destination_id,destination_name,origin_lat,origin_lng,destination_lat,destination_lng,distance_km,duration_hours,route_type
RT-PHC-BR-PAT-001-PHC-BR-PAT-002,PHC-BR-PAT-001,PHC Bakhtiyarpur,PHC-BR-PAT-002,PHC Danapur,25.46,85.53,25.63,85.04,67.4,1.69,CALIBRATED_HAVERSINE_ROAD_MATRIX
RT-PHC-BR-PAT-001-PHC-BR-PAT-003,PHC-BR-PAT-001,PHC Bakhtiyarpur,PHC-BR-PAT-003,PHC Bihta,25.46,85.53,25.56,84.87,86.0,2.15,CALIBRATED_HAVERSINE_ROAD_MATRIX
RT-PHC-BR-PAT-001-PHC-BR-PAT-004,PHC-BR-PAT-001,PHC Bakhtiyarpur,PHC-BR-PAT-004,PHC Fatuha,25.46,85.53,25.5,85.31,28.8,0.72,CALIBRATED_HAVERSINE_ROAD_MATRIX
RT-PHC-BR-PAT-001-PHC-BR-PAT-005,PHC-BR-PAT-001,PHC Bakhtiyarpur,PHC-BR-PAT-005,PHC Mokama,25.46,85.53,25.39,85.92,51.1,1.28,CALIBRATED_HAVERSINE_ROAD_MATRIX
RT-PHC-BR-PAT-001-CHC-BR-PAT-001,PHC-BR-PAT-001,PHC Bakhtiyarpur,CHC-BR-PAT-001,CHC Phulwari Sharif,25.46,85.53,25.58,85.08,60.3,1.51,CALIBRATED_HAVERSINE_ROAD_MATRIX
RT-PHC-BR-PAT-001-DH-BR-PAT-001,PHC-BR-PAT-001,PHC Bakhtiyarpur,DH-BR-PAT-001,District Hospital Gardanibagh,25.46,85.53,25.6,85.12,56.3,1.41,CALIBRATED_HAVERSINE_ROAD_MATRIX
RT-PHC-BR-PAT-001-PHC-BR-GAY-001,PHC-BR-PAT-001,PHC Bakhtiyarpur,PHC-BR-GAY-001,PHC Bodh Gaya,25.46,85.53,24.695,84.991,129.2,2.35,CALIBRATED_HAVERSINE_ROAD_MATRIX
RT-PHC-BR-PAT-001-PHC-BR-GAY-002,PHC-BR-PAT-001,PHC Bakhtiyarpur,PHC-BR-GAY-002,PHC Sherghati,25.46,85.53,24.56,84.79,159.7,2.9,CALIBRATED_HAVERSINE_ROAD_MATRIX
RT-PHC-BR-PAT-001-PHC-BR-GAY-003,PHC-BR-PAT-001,PHC Bakhtiyarpur,PHC-BR-GAY-003,PHC Tekari,25.46,85.53,24.93,84.83,117.5,2.14,CALIBRATED_HAVERSINE_ROAD_MATRIX
RT-PHC-BR-PAT-001-DH-BR-GAY-001,PHC-BR-PAT-001,PHC Bakhtiyarpur,DH-BR-GAY-001,Jay Prakash Narayan District Hospital Gaya,25.46,85.53,24.795,85.0,116.7,2.12,CALIBRATED_HAVERSINE_ROAD_MATRIX
RT-PHC-BR-PAT-001-PHC-UP-VAR-001,PHC-BR-PAT-001,PHC Bakhtiyarpur,PHC-UP-VAR-001,PHC Cholapur,25.46,85.53,25.44,83.05,318.7,5.79,CALIBRATED_HAVERSINE_ROAD_MATRIX
RT-PHC-BR-PAT-001-PHC-UP-VAR-002,PHC-BR-PAT-001,PHC Bakhtiyarpur,PHC-UP-VAR-002,PHC Pindra,25.46,85.53,25.53,82.82,348.3,6.33,CALIBRATED_HAVERSINE_ROAD_MATRIX
RT-PHC-BR-PAT-001-PHC-UP-VAR-003,PHC-BR-PAT-001,PHC Bakhtiyarpur,PHC-UP-VAR-003,PHC Sevapuri,25.46,85.53,25.32,82.78,354.2,6.44,CALIBRATED_HAVERSINE_ROAD_MATRIX
RT-PHC-BR-PAT-001-PHC-UP-VAR-004,PHC-BR-PAT-001,PHC Bakhtiyarpur,PHC-UP-VAR-004,PHC Kashi Vidyapeeth,25.46,85.53,25.29,82.97,330.1,6.0,CALIBRATED_HAVERSINE_ROAD_MATRIX
RT-PHC-BR-PAT-001-CHC-UP-VAR-001,PHC-BR-PAT-001,PHC Bakhtiyarpur,CHC-UP-VAR-001,CHC Misirpur,25.46,85.53,25.34,82.91,337.3,6.13,CALIBRATED_HAVERSINE_ROAD_MATRIX
RT-PHC-BR-PAT-001-DH-UP-VAR-001,PHC-BR-PAT-001,PHC Bakhtiyarpur,DH-UP-VAR-001,Pandit Deen Dayal Upadhyay District Hospital,25.46,85.53,25.335,82.985,327.7,5.96,CALIBRATED_HAVERSINE_ROAD_MATRIX
RT-PHC-BR-PAT-001-PHC-UP-LUK-001,PHC-BR-PAT-001,PHC Bakhtiyarpur,PHC-UP-LUK-001,PHC Bakshi Ka Talab,25.46,85.53,26.98,80.92,627.1,11.4,CALIBRATED_HAVERSINE_ROAD_MATRIX
RT-PHC-BR-PAT-001-PHC-UP-LUK-002,PHC-BR-PAT-001,PHC Bakhtiyarpur,PHC-UP-LUK-002,PHC Malihabad,25.46,85.53,26.92,80.71,649.7,11.81,CALIBRATED_HAVERSINE_ROAD_MATRIX
RT-PHC-BR-PAT-001-PHC-UP-LUK-003,PHC-BR-PAT-001,PHC Bakhtiyarpur,PHC-UP-LUK-003,PHC Mohanlalganj,25.46,85.53,26.68,80.99,605.8,11.01,CALIBRATED_HAVERSINE_ROAD_MATRIX
RT-PHC-BR-PAT-001-DH-UP-LUK-001,PHC-BR-PAT-001,PHC Bakhtiyarpur,DH-UP-LUK-001,Balrampur District Hospital Lucknow,25.46,85.53,26.865,80.915,622.5,11.32,CALIBRATED_HAVERSINE_ROAD_MATRIX
RT-PHC-BR-PAT-001-PHC-RJ-JAI-001,PHC-BR-PAT-001,PHC Bakhtiyarpur,PHC-RJ-JAI-001,PHC Bassi,25.46,85.53,26.83,76.04,1227.8,22.32,CALIBRATED_HAVERSINE_ROAD_MATRIX
RT-PHC-BR-PAT-001-PHC-RJ-JAI-002,PHC-BR-PAT-001,PHC Bakhtiyarpur,PHC-RJ-JAI-002,PHC Chaksu,25.46,85.53,26.6,75.95,1235.6,22.47,CALIBRATED_HAVERSINE_ROAD_MATRIX
RT-PHC-BR-PAT-001-PHC-RJ-JAI-003,PHC-BR-PAT-001,PHC Bakhtiyarpur,PHC-RJ-JAI-003,PHC Amer,25.46,85.53,26.99,75.85,1254.6,22.81,CALIBRATED_HAVERSINE_ROAD_MATRIX
RT-PHC-BR-PAT-001-DH-RJ-JAI-001,PHC-BR-PAT-001,PHC Bakhtiyarpur,DH-RJ-JAI-001,Kanwatia District Hospital Jaipur,25.46,85.53,26.94,75.78,1262.5,22.95,CALIBRATED_HAVERSINE_ROAD_MATRIX
RT-PHC-BR-PAT-001-PHC-MH-PUN-001,PHC-BR-PAT-001,PHC Bakhtiyarpur,PHC-MH-PUN-001,PHC Mulshi,25.46,85.53,18.52,73.51,1867.2,33.95,CALIBRATED_HAVERSINE_ROAD_MATRIX
RT-PHC-BR-PAT-001-PHC-MH-PUN-002,PHC-BR-PAT-001,PHC Bakhtiyarpur,PHC-MH-PUN-002,PHC Haveli,25.46,85.53,18.45,73.88,1831.7,33.3,CALIBRATED_HAVERSINE_ROAD_MATRIX
RT-PHC-BR-PAT-001-PHC-MH-PUN-003,PHC-BR-PAT-001,PHC Bakhtiyarpur,PHC-MH-PUN-003,PHC Khed,25.46,85.53,18.84,73.91,1797.0,32.67,CALIBRATED_HAVERSINE_ROAD_MATRIX
RT-PHC-BR-PAT-001-DH-MH-PUN-001,PHC-BR-PAT-001,PHC Bakhtiyarpur,DH-MH-PUN-001,Aundh District Hospital Pune,25.46,85.53,18.56,73.805,1831.1,33.29,CALIBRATED_HAVERSINE_ROAD_MATRIX
RT-PHC-BR-PAT-001-PHC-KA-BEN-001,PHC-BR-PAT-001,PHC Bakhtiyarpur,PHC-KA-BEN-001,PHC Yelahanka,25.46,85.53,13.1,77.59,2055.8,37.38,CALIBRATED_HAVERSINE_ROAD_MATRIX
RT-PHC-BR-PAT-001-PHC-KA-BEN-002,PHC-BR-PAT-001,PHC Bakhtiyarpur,PHC-KA-BEN-002,PHC Anekal,25.46,85.53,12.71,77.69,2097.3,38.13,CALIBRATED_HAVERSINE_ROAD_MATRIX
RT-PHC-BR-PAT-001-PHC-KA-BEN-003,PHC-BR-PAT-001,PHC Bakhtiyarpur,PHC-KA-BEN-003,PHC Kengeri,25.46,85.53,12.91,77.48,2086.9,37.94,CALIBRATED_HAVERSINE_ROAD_MATRIX
RT-PHC-BR-PAT-001-DH-KA-BEN-001,PHC-BR-PAT-001,PHC Bakhtiyarpur,DH-KA-BEN-001,KC General District Hospital Malleshwaram,25.46,85.53,12.995,77.57,2070.2,37.64,CALIBRATED_HAVERSINE_ROAD_MATRIX
RT-PHC-BR-PAT-002-PHC-BR-PAT-001,PHC-BR-PAT-002,PHC Danapur,PHC-BR-PAT-001,PHC Bakhtiyarpur,25.63,85.04,25.46,85.53,67.4,1.69,CALIBRATED_HAVERSINE_ROAD_MATRIX
RT-PHC-BR-PAT-002-PHC-BR-PAT-003,PHC-BR-PAT-002,PHC Danapur,PHC-BR-PAT-003,PHC Bihta,25.63,85.04,25.56,84.87,24.0,0.6,CALIBRATED_HAVERSINE_ROAD_MATRIX
RT-PHC-BR-PAT-002-PHC-BR-PAT-004,PHC-BR-PAT-002,PHC Danapur,PHC-BR-PAT-004,PHC Fatuha,25.63,85.04,25.5,85.31,39.3,0.98,CALIBRATED_HAVERSINE_ROAD_MATRIX
RT-PHC-BR-PAT-002-PHC-BR-PAT-005,PHC-BR-PAT-002,PHC Danapur,PHC-BR-PAT-005,PHC Mokama,25.63,85.04,25.39,85.92,118.1,2.95,CALIBRATED_HAVERSINE_ROAD_MATRIX
RT-PHC-BR-PAT-002-CHC-BR-PAT-001,PHC-BR-PAT-002,PHC Danapur,CHC-BR-PAT-001,CHC Phulwari Sharif,25.63,85.04,25.58,85.08,8.8,0.22,CALIBRATED_HAVERSINE_ROAD_MATRIX
RT-PHC-BR-PAT-002-DH-BR-PAT-001,PHC-BR-PAT-002,PHC Danapur,DH-BR-PAT-001,District Hospital Gardanibagh,25.63,85.04,25.6,85.12,11.1,0.28,CALIBRATED_HAVERSINE_ROAD_MATRIX
RT-PHC-BR-PAT-002-PHC-BR-GAY-001,PHC-BR-PAT-002,PHC Danapur,PHC-BR-GAY-001,PHC Bodh Gaya,25.63,85.04,24.695,84.991,133.2,2.42,CALIBRATED_HAVERSINE_ROAD_MATRIX
RT-PHC-BR-PAT-002-PHC-BR-GAY-002,PHC-BR-PAT-002,PHC Danapur,PHC-BR-GAY-002,PHC Sherghati,25.63,85.04,24.56,84.79,155.7,2.83,CALIBRATED_HAVERSINE_ROAD_MATRIX
RT-PHC-BR-PAT-002-PHC-BR-GAY-003,PHC-BR-PAT-002,PHC Danapur,PHC-BR-GAY-003,PHC Tekari,25.63,85.04,24.93,84.83,103.2,1.88,CALIBRATED_HAVERSINE_ROAD_MATRIX
RT-PHC-BR-PAT-002-DH-BR-GAY-001,PHC-BR-PAT-002,PHC Danapur,DH-BR-GAY-001,Jay Prakash Narayan District Hospital Gaya,25.63,85.04,24.795,85.0,119.0,2.16,CALIBRATED_HAVERSINE_ROAD_MATRIX
RT-PHC-BR-PAT-002-PHC-UP-VAR-001,PHC-BR-PAT-002,PHC Danapur,PHC-UP-VAR-001,PHC Cholapur,25.63,85.04,25.44,83.05,257.0,4.67,CALIBRATED_HAVERSINE_ROAD_MATRIX
RT-PHC-BR-PAT-002-PHC-UP-VAR-002,PHC-BR-PAT-002,PHC Danapur,PHC-UP-VAR-002,PHC Pindra,25.63,85.04,25.53,82.82,285.4,5.19,CALIBRATED_HAVERSINE_ROAD_MATRIX
RT-PHC-BR-PAT-002-PHC-UP-VAR-003,PHC-BR-PAT-002,PHC Danapur,PHC-UP-VAR-003,PHC Sevapuri,25.63,85.04,25.32,82.78,293.7,5.34,CALIBRATED_HAVERSINE_ROAD_MATRIX
RT-PHC-BR-PAT-002-PHC-UP-VAR-004,PHC-BR-PAT-002,PHC Danapur,PHC-UP-VAR-004,PHC Kashi Vidyapeeth,25.63,85.04,25.29,82.97,270.4,4.92,CALIBRATED_HAVERSINE_ROAD_MATRIX
RT-PHC-BR-PAT-002-CHC-UP-VAR-001,PHC-BR-PAT-002,PHC Danapur,CHC-UP-VAR-001,CHC Misirpur,25.63,85.04,25.34,82.91,276.8,5.03,CALIBRATED_HAVERSINE_ROAD_MATRIX
RT-PHC-BR-PAT-002-DH-UP-VAR-001,PHC-BR-PAT-002,PHC Danapur,DH-UP-VAR-001,Pandit Deen Dayal Upadhyay District Hospital,25.63,85.04,25.335,82.985,267.3,4.86,CALIBRATED_HAVERSINE_ROAD_MATRIX
RT-PHC-BR-PAT-002-PHC-UP-LUK-001,PHC-BR-PAT-002,PHC Danapur,PHC-UP-LUK-001,PHC Bakshi Ka Talab,25.63,85.04,26.98,80.92,559.6,10.17,CALIBRATED_HAVERSINE_ROAD_MATRIX
RT-PHC-BR-PAT-002-PHC-UP-LUK-002,PHC-BR-PAT-002,PHC Danapur,PHC-UP-LUK-002,PHC Malihabad,25.63,85.04,26.92,80.71,582.3,10.59,CALIBRATED_HAVERSINE_ROAD_MATRIX
RT-PHC-BR-PAT-002-PHC-UP-LUK-003,PHC-BR-PAT-002,PHC Danapur,PHC-UP-LUK-003,PHC Mohanlalganj,25.63,85.04,26.68,80.99,538.5,9.79,CALIBRATED_HAVERSINE_ROAD_MATRIX
RT-PHC-BR-PAT-002-DH-UP-LUK-001,PHC-BR-PAT-002,PHC Danapur,DH-UP-LUK-001,Balrampur District Hospital Lucknow,25.63,85.04,26.865,80.915,555.1,10.09,CALIBRATED_HAVERSINE_ROAD_MATRIX
RT-PHC-BR-PAT-002-PHC-RJ-JAI-001,PHC-BR-PAT-002,PHC Danapur,PHC-RJ-JAI-001,PHC Bassi,25.63,85.04,26.83,76.04,1161.4,21.12,CALIBRATED_HAVERSINE_ROAD_MATRIX
RT-PHC-BR-PAT-002-PHC-RJ-JAI-002,PHC-BR-PAT-002,PHC Danapur,PHC-RJ-JAI-002,PHC Chaksu,25.63,85.04,26.6,75.95,1169.6,21.27,CALIBRATED_HAVERSINE_ROAD_MATRIX
RT-PHC-BR-PAT-002-PHC-RJ-JAI-003,PHC-BR-PAT-002,PHC Danapur,PHC-RJ-JAI-003,PHC Amer,25.63,85.04,26.99,75.85,1188.1,21.6,CALIBRATED_HAVERSINE_ROAD_MATRIX
RT-PHC-BR-PAT-002-DH-RJ-JAI-001,PHC-BR-PAT-002,PHC Danapur,DH-RJ-JAI-001,Kanwatia District Hospital Jaipur,25.63,85.04,26.94,75.78,1196.0,21.75,CALIBRATED_HAVERSINE_ROAD_MATRIX
RT-PHC-BR-PAT-002-PHC-MH-PUN-001,PHC-BR-PAT-002,PHC Danapur,PHC-MH-PUN-001,PHC Mulshi,25.63,85.04,18.52,73.51,1825.2,33.19,CALIBRATED_HAVERSINE_ROAD_MATRIX
RT-PHC-BR-PAT-002-PHC-MH-PUN-002,PHC-BR-PAT-002,PHC Danapur,PHC-MH-PUN-002,PHC Haveli,25.63,85.04,18.45,73.88,1790.8,32.56,CALIBRATED_HAVERSINE_ROAD_MATRIX
RT-PHC-BR-PAT-002-PHC-MH-PUN-003,PHC-BR-PAT-002,PHC Danapur,PHC-MH-PUN-003,PHC Khed,25.63,85.04,18.84,73.91,1754.8,31.91,CALIBRATED_HAVERSINE_ROAD_MATRIX
RT-PHC-BR-PAT-002-DH-MH-PUN-001,PHC-BR-PAT-002,PHC Danapur,DH-MH-PUN-001,Aundh District Hospital Pune,25.63,85.04,18.56,73.805,1789.6,32.54,CALIBRATED_HAVERSINE_ROAD_MATRIX
RT-PHC-BR-PAT-002-PHC-KA-BEN-001,PHC-BR-PAT-002,PHC Danapur,PHC-KA-BEN-001,PHC Yelahanka,25.63,85.04,13.1,77.59,2043.4,37.15,CALIBRATED_HAVERSINE_ROAD_MATRIX
RT-PHC-BR-PAT-002-PHC-KA-BEN-002,PHC-BR-PAT-002,PHC Danapur,PHC-KA-BEN-002,PHC Anekal,25.63,85.04,12.71,77.69,2086.2,37.93,CALIBRATED_HAVERSINE_ROAD_MATRIX
RT-PHC-BR-PAT-002-PHC-KA-BEN-003,PHC-BR-PAT-002,PHC Danapur,PHC-KA-BEN-003,PHC Kengeri,25.63,85.04,12.91,77.48,2074.5,37.72,CALIBRATED_HAVERSINE_ROAD_MATRIX
RT-PHC-BR-PAT-002-DH-KA-BEN-001,PHC-BR-PAT-002,PHC Danapur,DH-KA-BEN-001,KC General District Hospital Malleshwaram,25.63,85.04,12.995,77.57,2057.9,37.42,CALIBRATED_HAVERSINE_ROAD_MATRIX
RT-PHC-BR-PAT-003-PHC-BR-PAT-001,PHC-BR-PAT-003,PHC Bihta,PHC-BR-PAT-001,PHC Bakhtiyarpur,25.56,84.87,25.46,85.53,86.0,2.15,CALIBRATED_HAVERSINE_ROAD_MATRIX
RT-PHC-BR-PAT-003-PHC-BR-PAT-002,PHC-BR-PAT-003,PHC Bihta,PHC-BR-PAT-002,PHC Danapur,25.56,84.87,25.63,85.04,24.0,0.6,CALIBRATED_HAVERSINE_ROAD_MATRIX
RT-PHC-BR-PAT-003-PHC-BR-PAT-004,PHC-BR-PAT-003,PHC Bihta,PHC-BR-PAT-004,PHC Fatuha,25.56,84.87,25.5,85.31,57.2,1.43,CALIBRATED_HAVERSINE_ROAD_MATRIX
RT-PHC-BR-PAT-003-PHC-BR-PAT-005,PHC-BR-PAT-003,PHC Bihta,PHC-BR-PAT-005,PHC Mokama,25.56,84.87,25.39,85.92,137.1,3.43,CALIBRATED_HAVERSINE_ROAD_MATRIX
RT-PHC-BR-PAT-003-CHC-BR-PAT-001,PHC-BR-PAT-003,PHC Bihta,CHC-BR-PAT-001,CHC Phulwari Sharif,25.56,84.87,25.58,85.08,27.1,0.68,CALIBRATED_HAVERSINE_ROAD_MATRIX
RT-PHC-BR-PAT-003-DH-BR-PAT-001,PHC-BR-PAT-003,PHC Bihta,DH-BR-PAT-001,District Hospital Gardanibagh,25.56,84.87,25.6,85.12,32.6,0.82,CALIBRATED_HAVERSINE_ROAD_MATRIX
RT-PHC-BR-PAT-003-PHC-BR-GAY-001,PHC-BR-PAT-003,PHC Bihta,PHC-BR-GAY-001,PHC Bodh Gaya,25.56,84.87,24.695,84.991,124.1,2.26,CALIBRATED_HAVERSINE_ROAD_MATRIX
RT-PHC-BR-PAT-003-PHC-BR-GAY-002,PHC-BR-PAT-003,PHC Bihta,PHC-BR-GAY-002,PHC Sherghati,25.56,84.87,24.56,84.79,142.7,2.59,CALIBRATED_HAVERSINE_ROAD_MATRIX
RT-PHC-BR-PAT-003-PHC-BR-GAY-003,PHC-BR-PAT-003,PHC Bihta,PHC-BR-GAY-003,PHC Tekari,25.56,84.87,24.93,84.83,89.8,1.63,CALIBRATED_HAVERSINE_ROAD_MATRIX
RT-PHC-BR-PAT-003-DH-BR-GAY-001,PHC-BR-PAT-003,PHC Bihta,DH-BR-GAY-001,Jay Prakash Narayan District Hospital Gaya,25.56,84.87,24.795,85.0,110.2,2.0,CALIBRATED_HAVERSINE_ROAD_MATRIX
RT-PHC-BR-PAT-003-PHC-UP-VAR-001,PHC-BR-PAT-003,PHC Bihta,PHC-UP-VAR-001,PHC Cholapur,25.56,84.87,25.44,83.05,234.4,4.26,CALIBRATED_HAVERSINE_ROAD_MATRIX
RT-PHC-BR-PAT-003-PHC-UP-VAR-002,PHC-BR-PAT-003,PHC Bihta,PHC-UP-VAR-002,PHC Pindra,25.56,84.87,25.53,82.82,263.3,4.79,CALIBRATED_HAVERSINE_ROAD_MATRIX
RT-PHC-BR-PAT-003-PHC-UP-VAR-003,PHC-BR-PAT-003,PHC Bihta,PHC-UP-VAR-003,PHC Sevapuri,25.56,84.87,25.32,82.78,270.8,4.92,CALIBRATED_HAVERSINE_ROAD_MATRIX
RT-PHC-BR-PAT-003-PHC-UP-VAR-004,PHC-BR-PAT-003,PHC Bihta,PHC-UP-VAR-004,PHC Kashi Vidyapeeth,25.56,84.87,25.29,82.97,247.2,4.49,CALIBRATED_HAVERSINE_ROAD_MATRIX
RT-PHC-BR-PAT-003-CHC-UP-VAR-001,PHC-BR-PAT-003,PHC Bihta,CHC-UP-VAR-001,CHC Misirpur,25.56,84.87,25.34,82.91,253.8,4.61,CALIBRATED_HAVERSINE_ROAD_MATRIX
RT-PHC-BR-PAT-003-DH-UP-VAR-001,PHC-BR-PAT-003,PHC Bihta,DH-UP-VAR-001,Pandit Deen Dayal Upadhyay District Hospital,25.56,84.87,25.335,82.985,244.4,4.44,CALIBRATED_HAVERSINE_ROAD_MATRIX
RT-PHC-BR-PAT-003-PHC-UP-LUK-001,PHC-BR-PAT-003,PHC Bihta,PHC-UP-LUK-001,PHC Bakshi Ka Talab,25.56,84.87,26.98,80.92,543.1,9.87,CALIBRATED_HAVERSINE_ROAD_MATRIX
RT-PHC-BR-PAT-003-PHC-UP-LUK-002,PHC-BR-PAT-003,PHC Bihta,PHC-UP-LUK-002,PHC Malihabad,25.56,84.87,26.92,80.71,565.2,10.28,CALIBRATED_HAVERSINE_ROAD_MATRIX
RT-PHC-BR-PAT-003-PHC-UP-LUK-003,PHC-BR-PAT-003,PHC Bihta,PHC-UP-LUK-003,PHC Mohanlalganj,25.56,84.87,26.68,80.99,520.8,9.47,CALIBRATED_HAVERSINE_ROAD_MATRIX
RT-PHC-BR-PAT-003-DH-UP-LUK-001,PHC-BR-PAT-003,PHC Bihta,DH-UP-LUK-001,Balrampur District Hospital Lucknow,25.56,84.87,26.865,80.915,538.1,9.78,CALIBRATED_HAVERSINE_ROAD_MATRIX
RT-PHC-BR-PAT-003-PHC-RJ-JAI-001,PHC-BR-PAT-003,PHC Bihta,PHC-RJ-JAI-001,PHC Bassi,25.56,84.87,26.83,76.04,1141.8,20.76,CALIBRATED_HAVERSINE_ROAD_MATRIX
RT-PHC-BR-PAT-003-PHC-RJ-JAI-002,PHC-BR-PAT-003,PHC Bihta,PHC-RJ-JAI-002,PHC Chaksu,25.56,84.87,26.6,75.95,1149.6,20.9,CALIBRATED_HAVERSINE_ROAD_MATRIX
RT-PHC-BR-PAT-003-PHC-RJ-JAI-003,PHC-BR-PAT-003,PHC Bihta,PHC-RJ-JAI-003,PHC Amer,25.56,84.87,26.99,75.85,1168.7,21.25,CALIBRATED_HAVERSINE_ROAD_MATRIX
RT-PHC-BR-PAT-003-DH-RJ-JAI-001,PHC-BR-PAT-003,PHC Bihta,DH-RJ-JAI-001,Kanwatia District Hospital Jaipur,25.56,84.87,26.94,75.78,1176.6,21.39,CALIBRATED_HAVERSINE_ROAD_MATRIX
RT-PHC-BR-PAT-003-PHC-MH-PUN-001,PHC-BR-PAT-003,PHC Bihta,PHC-MH-PUN-001,PHC Mulshi,25.56,84.87,18.52,73.51,1801.4,32.75,CALIBRATED_HAVERSINE_ROAD_MATRIX
RT-PHC-BR-PAT-003-PHC-MH-PUN-002,PHC-BR-PAT-003,PHC Bihta,PHC-MH-PUN-002,PHC Haveli,25.56,84.87,18.45,73.88,1767.0,32.13,CALIBRATED_HAVERSINE_ROAD_MATRIX
RT-PHC-BR-PAT-003-PHC-MH-PUN-003,PHC-BR-PAT-003,PHC Bihta,PHC-MH-PUN-003,PHC Khed,25.56,84.87,18.84,73.91,1731.0,31.47,CALIBRATED_HAVERSINE_ROAD_MATRIX
RT-PHC-BR-PAT-003-DH-MH-PUN-001,PHC-BR-PAT-003,PHC Bihta,DH-MH-PUN-001,Aundh District Hospital Pune,25.56,84.87,18.56,73.805,1765.8,32.11,CALIBRATED_HAVERSINE_ROAD_MATRIX
RT-PHC-BR-PAT-003-PHC-KA-BEN-001,PHC-BR-PAT-003,PHC Bihta,PHC-KA-BEN-001,PHC Yelahanka,25.56,84.87,13.1,77.59,2023.8,36.8,CALIBRATED_HAVERSINE_ROAD_MATRIX
RT-PHC-BR-PAT-003-PHC-KA-BEN-002,PHC-BR-PAT-003,PHC Bihta,PHC-KA-BEN-002,PHC Anekal,25.56,84.87,12.71,77.69,2066.8,37.58,CALIBRATED_HAVERSINE_ROAD_MATRIX
RT-PHC-BR-PAT-003-PHC-KA-BEN-003,PHC-BR-PAT-003,PHC Bihta,PHC-KA-BEN-003,PHC Kengeri,25.56,84.87,12.91,77.48,2054.8,37.36,CALIBRATED_HAVERSINE_ROAD_MATRIX
RT-PHC-BR-PAT-003-DH-KA-BEN-001,PHC-BR-PAT-003,PHC Bihta,DH-KA-BEN-001,KC General District Hospital Malleshwaram,25.56,84.87,12.995,77.57,2038.3,37.06,CALIBRATED_HAVERSINE_ROAD_MATRIX
RT-PHC-BR-PAT-004-PHC-BR-PAT-001,PHC-BR-PAT-004,PHC Fatuha,PHC-BR-PAT-001,PHC Bakhtiyarpur,25.5,85.31,25.46,85.53,28.8,0.72,CALIBRATED_HAVERSINE_ROAD_MATRIX
RT-PHC-BR-PAT-004-PHC-BR-PAT-002,PHC-BR-PAT-004,PHC Fatuha,PHC-BR-PAT-002,PHC Danapur,25.5,85.31,25.63,85.04,39.3,0.98,CALIBRATED_HAVERSINE_ROAD_MATRIX
RT-PHC-BR-PAT-004-PHC-BR-PAT-003,PHC-BR-PAT-004,PHC Fatuha,PHC-BR-PAT-003,PHC Bihta,25.5,85.31,25.56,84.87,57.2,1.43,CALIBRATED_HAVERSINE_ROAD_MATRIX
RT-PHC-BR-PAT-004-PHC-BR-PAT-005,PHC-BR-PAT-004,PHC Fatuha,PHC-BR-PAT-005,PHC Mokama,25.5,85.31,25.39,85.92,79.9,2.0,CALIBRATED_HAVERSINE_ROAD_MATRIX
RT-PHC-BR-PAT-004-CHC-BR-PAT-001,PHC-BR-PAT-004,PHC Fatuha,CHC-BR-PAT-001,CHC Phulwari Sharif,25.5,85.31,25.58,85.08,31.7,0.79,CALIBRATED_HAVERSINE_ROAD_MATRIX
RT-PHC-BR-PAT-004-DH-BR-PAT-001,PHC-BR-PAT-004,PHC Fatuha,DH-BR-PAT-001,District Hospital Gardanibagh,25.5,85.31,25.6,85.12,28.2,0.7,CALIBRATED_HAVERSINE_ROAD_MATRIX
RT-PHC-BR-PAT-004-PHC-BR-GAY-001,PHC-BR-PAT-004,PHC Fatuha,PHC-BR-GAY-001,PHC Bodh Gaya,25.5,85.31,24.695,84.991,121.7,2.21,CALIBRATED_HAVERSINE_ROAD_MATRIX
RT-PHC-BR-PAT-004-PHC-BR-GAY-002,PHC-BR-PAT-004,PHC Fatuha,PHC-BR-GAY-002,PHC Sherghati,25.5,85.31,24.56,84.79,149.7,2.72,CALIBRATED_HAVERSINE_ROAD_MATRIX
RT-PHC-BR-PAT-004-PHC-BR-GAY-003,PHC-BR-PAT-004,PHC Fatuha,PHC-BR-GAY-003,PHC Tekari,25.5,85.31,24.93,84.83,102.0,1.85,CALIBRATED_HAVERSINE_ROAD_MATRIX
RT-PHC-BR-PAT-004-DH-BR-GAY-001,PHC-BR-PAT-004,PHC Fatuha,DH-BR-GAY-001,Jay Prakash Narayan District Hospital Gaya,25.5,85.31,24.795,85.0,108.0,1.96,CALIBRATED_HAVERSINE_ROAD_MATRIX
RT-PHC-BR-PAT-004-PHC-UP-VAR-001,PHC-BR-PAT-004,PHC Fatuha,PHC-UP-VAR-001,PHC Cholapur,25.5,85.31,25.44,83.05,290.5,5.28,CALIBRATED_HAVERSINE_ROAD_MATRIX
RT-PHC-BR-PAT-004-PHC-UP-VAR-002,PHC-BR-PAT-004,PHC Fatuha,PHC-UP-VAR-002,PHC Pindra,25.5,85.31,25.53,82.82,319.9,5.82,CALIBRATED_HAVERSINE_ROAD_MATRIX
RT-PHC-BR-PAT-004-PHC-UP-VAR-003,PHC-BR-PAT-004,PHC Fatuha,PHC-UP-VAR-003,PHC Sevapuri,25.5,85.31,25.32,82.78,326.3,5.93,CALIBRATED_HAVERSINE_ROAD_MATRIX
RT-PHC-BR-PAT-004-PHC-UP-VAR-004,PHC-BR-PAT-004,PHC Fatuha,PHC-UP-VAR-004,PHC Kashi Vidyapeeth,25.5,85.31,25.29,82.97,302.3,5.5,CALIBRATED_HAVERSINE_ROAD_MATRIX
RT-PHC-BR-PAT-004-CHC-UP-VAR-001,PHC-BR-PAT-004,PHC Fatuha,CHC-UP-VAR-001,CHC Misirpur,25.5,85.31,25.34,82.91,309.4,5.63,CALIBRATED_HAVERSINE_ROAD_MATRIX
RT-PHC-BR-PAT-004-DH-UP-VAR-001,PHC-BR-PAT-004,PHC Fatuha,DH-UP-VAR-001,Pandit Deen Dayal Upadhyay District Hospital,25.5,85.31,25.335,82.985,299.8,5.45,CALIBRATED_HAVERSINE_ROAD_MATRIX
RT-PHC-BR-PAT-004-PHC-UP-LUK-001,PHC-BR-PAT-004,PHC Fatuha,PHC-UP-LUK-001,PHC Bakshi Ka Talab,25.5,85.31,26.98,80.92,598.7,10.89,CALIBRATED_HAVERSINE_ROAD_MATRIX
RT-PHC-BR-PAT-004-PHC-UP-LUK-002,PHC-BR-PAT-004,PHC Fatuha,PHC-UP-LUK-002,PHC Malihabad,25.5,85.31,26.92,80.71,621.1,11.29,CALIBRATED_HAVERSINE_ROAD_MATRIX
RT-PHC-BR-PAT-004-PHC-UP-LUK-003,PHC-BR-PAT-004,PHC Fatuha,PHC-UP-LUK-003,PHC Mohanlalganj,25.5,85.31,26.68,80.99,577.1,10.49,CALIBRATED_HAVERSINE_ROAD_MATRIX
RT-PHC-BR-PAT-004-DH-UP-LUK-001,PHC-BR-PAT-004,PHC Fatuha,DH-UP-LUK-001,Balrampur District Hospital Lucknow,25.5,85.31,26.865,80.915,594.0,10.8,CALIBRATED_HAVERSINE_ROAD_MATRIX
RT-PHC-BR-PAT-004-PHC-RJ-JAI-001,PHC-BR-PAT-004,PHC Fatuha,PHC-RJ-JAI-001,PHC Bassi,25.5,85.31,26.83,76.04,1198.9,21.8,CALIBRATED_HAVERSINE_ROAD_MATRIX
RT-PHC-BR-PAT-004-PHC-RJ-JAI-002,PHC-BR-PAT-004,PHC Fatuha,PHC-RJ-JAI-002,PHC Chaksu,25.5,85.31,26.6,75.95,1206.8,21.94,CALIBRATED_HAVERSINE_ROAD_MATRIX
RT-PHC-BR-PAT-004-PHC-RJ-JAI-003,PHC-BR-PAT-004,PHC Fatuha,PHC-RJ-JAI-003,PHC Amer,25.5,85.31,26.99,75.85,1225.8,22.29,CALIBRATED_HAVERSINE_ROAD_MATRIX
RT-PHC-BR-PAT-004-DH-RJ-JAI-001,PHC-BR-PAT-004,PHC Fatuha,DH-RJ-JAI-001,Kanwatia District Hospital Jaipur,25.5,85.31,26.94,75.78,1233.6,22.43,CALIBRATED_HAVERSINE_ROAD_MATRIX
RT-PHC-BR-PAT-004-PHC-MH-PUN-001,PHC-BR-PAT-004,PHC Fatuha,PHC-MH-PUN-001,PHC Mulshi,25.5,85.31,18.52,73.51,1845.5,33.55,CALIBRATED_HAVERSINE_ROAD_MATRIX
RT-PHC-BR-PAT-004-PHC-MH-PUN-002,PHC-BR-PAT-004,PHC Fatuha,PHC-MH-PUN-002,PHC Haveli,25.5,85.31,18.45,73.88,1810.4,32.92,CALIBRATED_HAVERSINE_ROAD_MATRIX
RT-PHC-BR-PAT-004-PHC-MH-PUN-003,PHC-BR-PAT-004,PHC Fatuha,PHC-MH-PUN-003,PHC Khed,25.5,85.31,18.84,73.91,1775.2,32.28,CALIBRATED_HAVERSINE_ROAD_MATRIX
RT-PHC-BR-PAT-004-DH-MH-PUN-001,PHC-BR-PAT-004,PHC Fatuha,DH-MH-PUN-001,Aundh District Hospital Pune,25.5,85.31,18.56,73.805,1809.6,32.9,CALIBRATED_HAVERSINE_ROAD_MATRIX
RT-PHC-BR-PAT-004-PHC-KA-BEN-001,PHC-BR-PAT-004,PHC Fatuha,PHC-KA-BEN-001,PHC Yelahanka,25.5,85.31,13.1,77.59,2045.6,37.19,CALIBRATED_HAVERSINE_ROAD_MATRIX
RT-PHC-BR-PAT-004-PHC-KA-BEN-002,PHC-BR-PAT-004,PHC Fatuha,PHC-KA-BEN-002,PHC Anekal,25.5,85.31,12.71,77.69,2087.6,37.96,CALIBRATED_HAVERSINE_ROAD_MATRIX
RT-PHC-BR-PAT-004-PHC-KA-BEN-003,PHC-BR-PAT-004,PHC Fatuha,PHC-KA-BEN-003,PHC Kengeri,25.5,85.31,12.91,77.48,2076.6,37.76,CALIBRATED_HAVERSINE_ROAD_MATRIX
RT-PHC-BR-PAT-004-DH-KA-BEN-001,PHC-BR-PAT-004,PHC Fatuha,DH-KA-BEN-001,KC General District Hospital Malleshwaram,25.5,85.31,12.995,77.57,2060.0,37.45,CALIBRATED_HAVERSINE_ROAD_MATRIX
RT-PHC-BR-PAT-005-PHC-BR-PAT-001,PHC-BR-PAT-005,PHC Mokama,PHC-BR-PAT-001,PHC Bakhtiyarpur,25.39,85.92,25.46,85.53,51.1,1.28,CALIBRATED_HAVERSINE_ROAD_MATRIX
RT-PHC-BR-PAT-005-PHC-BR-PAT-002,PHC-BR-PAT-005,PHC Mokama,PHC-BR-PAT-002,PHC Danapur,25.39,85.92,25.63,85.04,118.1,2.95,CALIBRATED_HAVERSINE_ROAD_MATRIX
RT-PHC-BR-PAT-005-PHC-BR-PAT-003,PHC-BR-PAT-005,PHC Mokama,PHC-BR-PAT-003,PHC Bihta,25.39,85.92,25.56,84.87,137.1,3.43,CALIBRATED_HAVERSINE_ROAD_MATRIX
RT-PHC-BR-PAT-005-PHC-BR-PAT-004,PHC-BR-PAT-005,PHC Mokama,PHC-BR-PAT-004,PHC Fatuha,25.39,85.92,25.5,85.31,79.9,2.0,CALIBRATED_HAVERSINE_ROAD_MATRIX
RT-PHC-BR-PAT-005-CHC-BR-PAT-001,PHC-BR-PAT-005,PHC Mokama,CHC-BR-PAT-001,CHC Phulwari Sharif,25.39,85.92,25.58,85.08,111.3,2.78,CALIBRATED_HAVERSINE_ROAD_MATRIX
RT-PHC-BR-PAT-005-DH-BR-PAT-001,PHC-BR-PAT-005,PHC Mokama,DH-BR-PAT-001,District Hospital Gardanibagh,25.39,85.92,25.6,85.12,107.0,2.67,CALIBRATED_HAVERSINE_ROAD_MATRIX
RT-PHC-BR-PAT-005-PHC-BR-GAY-001,PHC-BR-PAT-005,PHC Mokama,PHC-BR-GAY-001,PHC Bodh Gaya,25.39,85.92,24.695,84.991,155.4,2.83,CALIBRATED_HAVERSINE_ROAD_MATRIX
RT-PHC-BR-PAT-005-PHC-BR-GAY-002,PHC-BR-PAT-005,PHC Mokama,PHC-BR-GAY-002,PHC Sherghati,25.39,85.92,24.56,84.79,187.6,3.41,CALIBRATED_HAVERSINE_ROAD_MATRIX
RT-PHC-BR-PAT-005-PHC-BR-GAY-003,PHC-BR-PAT-005,PHC Mokama,PHC-BR-GAY-003,PHC Tekari,25.39,85.92,24.93,84.83,154.9,2.82,CALIBRATED_HAVERSINE_ROAD_MATRIX
RT-PHC-BR-PAT-005-DH-BR-GAY-001,PHC-BR-PAT-005,PHC Mokama,DH-BR-GAY-001,Jay Prakash Narayan District Hospital Gaya,25.39,85.92,24.795,85.0,145.7,2.65,CALIBRATED_HAVERSINE_ROAD_MATRIX
RT-PHC-BR-PAT-005-PHC-UP-VAR-001,PHC-BR-PAT-005,PHC Mokama,PHC-UP-VAR-001,PHC Cholapur,25.39,85.92,25.44,83.05,369.0,6.71,CALIBRATED_HAVERSINE_ROAD_MATRIX
RT-PHC-BR-PAT-005-PHC-UP-VAR-002,PHC-BR-PAT-005,PHC Mokama,PHC-UP-VAR-002,PHC Pindra,25.39,85.92,25.53,82.82,398.9,7.25,CALIBRATED_HAVERSINE_ROAD_MATRIX
RT-PHC-BR-PAT-005-PHC-UP-VAR-003,PHC-BR-PAT-005,PHC Mokama,PHC-UP-VAR-003,PHC Sevapuri,25.39,85.92,25.32,82.78,404.0,7.35,CALIBRATED_HAVERSINE_ROAD_MATRIX
RT-PHC-BR-PAT-005-PHC-UP-VAR-004,PHC-BR-PAT-005,PHC Mokama,PHC-UP-VAR-004,PHC Kashi Vidyapeeth,25.39,85.92,25.29,82.97,379.7,6.9,CALIBRATED_HAVERSINE_ROAD_MATRIX
RT-PHC-BR-PAT-005-CHC-UP-VAR-001,PHC-BR-PAT-005,PHC Mokama,CHC-UP-VAR-001,CHC Misirpur,25.39,85.92,25.34,82.91,387.2,7.04,CALIBRATED_HAVERSINE_ROAD_MATRIX
RT-PHC-BR-PAT-005-DH-UP-VAR-001,PHC-BR-PAT-005,PHC Mokama,DH-UP-VAR-001,Pandit Deen Dayal Upadhyay District Hospital,25.39,85.92,25.335,82.985,377.5,6.86,CALIBRATED_HAVERSINE_ROAD_MATRIX
RT-PHC-BR-PAT-005-PHC-UP-LUK-001,PHC-BR-PAT-005,PHC Mokama,PHC-UP-LUK-001,PHC Bakshi Ka Talab,25.39,85.92,26.98,80.92,677.5,12.32,CALIBRATED_HAVERSINE_ROAD_MATRIX
RT-PHC-BR-PAT-005-PHC-UP-LUK-002,PHC-BR-PAT-005,PHC Mokama,PHC-UP-LUK-002,PHC Malihabad,25.39,85.92,26.92,80.71,700.2,12.73,CALIBRATED_HAVERSINE_ROAD_MATRIX
RT-PHC-BR-PAT-005-PHC-UP-LUK-003,PHC-BR-PAT-005,PHC Mokama,PHC-UP-LUK-003,PHC Mohanlalganj,25.39,85.92,26.68,80.99,656.6,11.94,CALIBRATED_HAVERSINE_ROAD_MATRIX
RT-PHC-BR-PAT-005-DH-UP-LUK-001,PHC-BR-PAT-005,PHC Mokama,DH-UP-LUK-001,Balrampur District Hospital Lucknow,25.39,85.92,26.865,80.915,673.1,12.24,CALIBRATED_HAVERSINE_ROAD_MATRIX
RT-PHC-BR-PAT-005-PHC-RJ-JAI-001,PHC-BR-PAT-005,PHC Mokama,PHC-RJ-JAI-001,PHC Bassi,25.39,85.92,26.83,76.04,1278.9,23.25,CALIBRATED_HAVERSINE_ROAD_MATRIX
RT-PHC-BR-PAT-005-PHC-RJ-JAI-002,PHC-BR-PAT-005,PHC Mokama,PHC-RJ-JAI-002,PHC Chaksu,25.39,85.92,26.6,75.95,1286.7,23.39,CALIBRATED_HAVERSINE_ROAD_MATRIX
RT-PHC-BR-PAT-005-PHC-RJ-JAI-003,PHC-BR-PAT-005,PHC Mokama,PHC-RJ-JAI-003,PHC Amer,25.39,85.92,26.99,75.85,1305.7,23.74,CALIBRATED_HAVERSINE_ROAD_MATRIX
RT-PHC-BR-PAT-005-DH-RJ-JAI-001,PHC-BR-PAT-005,PHC Mokama,DH-RJ-JAI-001,Kanwatia District Hospital Jaipur,25.39,85.92,26.94,75.78,1313.6,23.88,CALIBRATED_HAVERSINE_ROAD_MATRIX
RT-PHC-BR-PAT-005-PHC-MH-PUN-001,PHC-BR-PAT-005,PHC Mokama,PHC-MH-PUN-001,PHC Mulshi,25.39,85.92,18.52,73.51,1906.2,34.66,CALIBRATED_HAVERSINE_ROAD_MATRIX
RT-PHC-BR-PAT-005-PHC-MH-PUN-002,PHC-BR-PAT-005,PHC Mokama,PHC-MH-PUN-002,PHC Haveli,25.39,85.92,18.45,73.88,1870.1,34.0,CALIBRATED_HAVERSINE_ROAD_MATRIX
RT-PHC-BR-PAT-005-PHC-MH-PUN-003,PHC-BR-PAT-005,PHC Mokama,PHC-MH-PUN-003,PHC Khed,25.39,85.92,18.84,73.91,1836.2,33.39,CALIBRATED_HAVERSINE_ROAD_MATRIX
RT-PHC-BR-PAT-005-DH-MH-PUN-001,PHC-BR-PAT-005,PHC Mokama,DH-MH-PUN-001,Aundh District Hospital Pune,25.39,85.92,18.56,73.805,1869.8,34.0,CALIBRATED_HAVERSINE_ROAD_MATRIX
RT-PHC-BR-PAT-005-PHC-KA-BEN-001,PHC-BR-PAT-005,PHC Mokama,PHC-KA-BEN-001,PHC Yelahanka,25.39,85.92,13.1,77.59,2075.1,37.73,CALIBRATED_HAVERSINE_ROAD_MATRIX
RT-PHC-BR-PAT-005-PHC-KA-BEN-002,PHC-BR-PAT-005,PHC Mokama,PHC-KA-BEN-002,PHC Anekal,25.39,85.92,12.71,77.69,2115.7,38.47,CALIBRATED_HAVERSINE_ROAD_MATRIX
RT-PHC-BR-PAT-005-PHC-KA-BEN-003,PHC-BR-PAT-005,PHC Mokama,PHC-KA-BEN-003,PHC Kengeri,25.39,85.92,12.91,77.48,2106.1,38.29,CALIBRATED_HAVERSINE_ROAD_MATRIX
RT-PHC-BR-PAT-005-DH-KA-BEN-001,PHC-BR-PAT-005,PHC Mokama,DH-KA-BEN-001,KC General District Hospital Malleshwaram,25.39,85.92,12.995,77.57,2089.3,37.99,CALIBRATED_HAVERSINE_ROAD_MATRIX
RT-CHC-BR-PAT-001-PHC-BR-PAT-001,CHC-BR-PAT-001,CHC Phulwari Sharif,PHC-BR-PAT-001,PHC Bakhtiyarpur,25.58,85.08,25.46,85.53,60.3,1.51,CALIBRATED_HAVERSINE_ROAD_MATRIX
RT-CHC-BR-PAT-001-PHC-BR-PAT-002,CHC-BR-PAT-001,CHC Phulwari Sharif,PHC-BR-PAT-002,PHC Danapur,25.58,85.08,25.63,85.04,8.8,0.22,CALIBRATED_HAVERSINE_ROAD_MATRIX
RT-CHC-BR-PAT-001-PHC-BR-PAT-003,CHC-BR-PAT-001,CHC Phulwari Sharif,PHC-BR-PAT-003,PHC Bihta,25.58,85.08,25.56,84.87,27.1,0.68,CALIBRATED_HAVERSINE_ROAD_MATRIX
RT-CHC-BR-PAT-001-PHC-BR-PAT-004,CHC-BR-PAT-001,CHC Phulwari Sharif,PHC-BR-PAT-004,PHC Fatuha,25.58,85.08,25.5,85.31,31.7,0.79,CALIBRATED_HAVERSINE_ROAD_MATRIX
RT-CHC-BR-PAT-001-PHC-BR-PAT-005,CHC-BR-PAT-001,CHC Phulwari Sharif,PHC-BR-PAT-005,PHC Mokama,25.58,85.08,25.39,85.92,111.3,2.78,CALIBRATED_HAVERSINE_ROAD_MATRIX
RT-CHC-BR-PAT-001-DH-BR-PAT-001,CHC-BR-PAT-001,CHC Phulwari Sharif,DH-BR-PAT-001,District Hospital Gardanibagh,25.58,85.08,25.6,85.12,5.9,0.15,CALIBRATED_HAVERSINE_ROAD_MATRIX
RT-CHC-BR-PAT-001-PHC-BR-GAY-001,CHC-BR-PAT-001,CHC Phulwari Sharif,PHC-BR-GAY-001,PHC Bodh Gaya,25.58,85.08,24.695,84.991,126.5,2.3,CALIBRATED_HAVERSINE_ROAD_MATRIX
RT-CHC-BR-PAT-001-PHC-BR-GAY-002,CHC-BR-PAT-001,CHC Phulwari Sharif,PHC-BR-GAY-002,PHC Sherghati,25.58,85.08,24.56,84.79,149.9,2.73,CALIBRATED_HAVERSINE_ROAD_MATRIX
RT-CHC-BR-PAT-001-PHC-BR-GAY-003,CHC-BR-PAT-001,CHC Phulwari Sharif,PHC-BR-GAY-003,PHC Tekari,25.58,85.08,24.93,84.83,98.0,1.78,CALIBRATED_HAVERSINE_ROAD_MATRIX
RT-CHC-BR-PAT-001-DH-BR-GAY-001,CHC-BR-PAT-001,CHC Phulwari Sharif,DH-BR-GAY-001,Jay Prakash Narayan District Hospital Gaya,25.58,85.08,24.795,85.0,112.2,2.04,CALIBRATED_HAVERSINE_ROAD_MATRIX
RT-CHC-BR-PAT-001-PHC-UP-VAR-001,CHC-BR-PAT-001,CHC Phulwari Sharif,PHC-UP-VAR-001,PHC Cholapur,25.58,85.08,25.44,83.05,261.5,4.75,CALIBRATED_HAVERSINE_ROAD_MATRIX
RT-CHC-BR-PAT-001-PHC-UP-VAR-002,CHC-BR-PAT-001,CHC Phulwari Sharif,PHC-UP-VAR-002,PHC Pindra,25.58,85.08,25.53,82.82,290.3,5.28,CALIBRATED_HAVERSINE_ROAD_MATRIX
RT-CHC-BR-PAT-001-PHC-UP-VAR-003,CHC-BR-PAT-001,CHC Phulwari Sharif,PHC-UP-VAR-003,PHC Sevapuri,25.58,85.08,25.32,82.78,297.9,5.42,CALIBRATED_HAVERSINE_ROAD_MATRIX
RT-CHC-BR-PAT-001-PHC-UP-VAR-004,CHC-BR-PAT-001,CHC Phulwari Sharif,PHC-UP-VAR-004,PHC Kashi Vidyapeeth,25.58,85.08,25.29,82.97,274.3,4.99,CALIBRATED_HAVERSINE_ROAD_MATRIX
RT-CHC-BR-PAT-001-CHC-UP-VAR-001,CHC-BR-PAT-001,CHC Phulwari Sharif,CHC-UP-VAR-001,CHC Misirpur,25.58,85.08,25.34,82.91,280.9,5.11,CALIBRATED_HAVERSINE_ROAD_MATRIX
RT-CHC-BR-PAT-001-DH-UP-VAR-001,CHC-BR-PAT-001,CHC Phulwari Sharif,DH-UP-VAR-001,Pandit Deen Dayal Upadhyay District Hospital,25.58,85.08,25.335,82.985,271.5,4.94,CALIBRATED_HAVERSINE_ROAD_MATRIX
RT-CHC-BR-PAT-001-PHC-UP-LUK-001,CHC-BR-PAT-001,CHC Phulwari Sharif,PHC-UP-LUK-001,PHC Bakshi Ka Talab,25.58,85.08,26.98,80.92,567.0,10.31,CALIBRATED_HAVERSINE_ROAD_MATRIX
RT-CHC-BR-PAT-001-PHC-UP-LUK-002,CHC-BR-PAT-001,CHC Phulwari Sharif,PHC-UP-LUK-002,PHC Malihabad,25.58,85.08,26.92,80.71,589.5,10.72,CALIBRATED_HAVERSINE_ROAD_MATRIX
RT-CHC-BR-PAT-001-PHC-UP-LUK-003,CHC-BR-PAT-001,CHC Phulwari Sharif,PHC-UP-LUK-003,PHC Mohanlalganj,25.58,85.08,26.68,80.99,545.5,9.92,CALIBRATED_HAVERSINE_ROAD_MATRIX
RT-CHC-BR-PAT-001-DH-UP-LUK-001,CHC-BR-PAT-001,CHC Phulwari Sharif,DH-UP-LUK-001,Balrampur District Hospital Lucknow,25.58,85.08,26.865,80.915,562.3,10.22,CALIBRATED_HAVERSINE_ROAD_MATRIX
RT-CHC-BR-PAT-001-PHC-RJ-JAI-001,CHC-BR-PAT-001,CHC Phulwari Sharif,PHC-RJ-JAI-001,PHC Bassi,25.58,85.08,26.83,76.04,1167.8,21.23,CALIBRATED_HAVERSINE_ROAD_MATRIX
RT-CHC-BR-PAT-001-PHC-RJ-JAI-002,CHC-BR-PAT-001,CHC Phulwari Sharif,PHC-RJ-JAI-002,PHC Chaksu,25.58,85.08,26.6,75.95,1175.8,21.38,CALIBRATED_HAVERSINE_ROAD_MATRIX
RT-CHC-BR-PAT-001-PHC-RJ-JAI-003,CHC-BR-PAT-001,CHC Phulwari Sharif,PHC-RJ-JAI-003,PHC Amer,25.58,85.08,26.99,75.85,1194.5,21.72,CALIBRATED_HAVERSINE_ROAD_MATRIX
RT-CHC-BR-PAT-001-DH-RJ-JAI-001,CHC-BR-PAT-001,CHC Phulwari Sharif,DH-RJ-JAI-001,Kanwatia District Hospital Jaipur,25.58,85.08,26.94,75.78,1202.4,21.86,CALIBRATED_HAVERSINE_ROAD_MATRIX
RT-CHC-BR-PAT-001-PHC-MH-PUN-001,CHC-BR-PAT-001,CHC Phulwari Sharif,PHC-MH-PUN-001,PHC Mulshi,25.58,85.08,18.52,73.51,1825.9,33.2,CALIBRATED_HAVERSINE_ROAD_MATRIX
RT-CHC-BR-PAT-001-PHC-MH-PUN-002,CHC-BR-PAT-001,CHC Phulwari Sharif,PHC-MH-PUN-002,PHC Haveli,25.58,85.08,18.45,73.88,1791.3,32.57,CALIBRATED_HAVERSINE_ROAD_MATRIX
RT-CHC-BR-PAT-001-PHC-MH-PUN-003,CHC-BR-PAT-001,CHC Phulwari Sharif,PHC-MH-PUN-003,PHC Khed,25.58,85.08,18.84,73.91,1755.5,31.92,CALIBRATED_HAVERSINE_ROAD_MATRIX
RT-CHC-BR-PAT-001-DH-MH-PUN-001,CHC-BR-PAT-001,CHC Phulwari Sharif,DH-MH-PUN-001,Aundh District Hospital Pune,25.58,85.08,18.56,73.805,1790.2,32.55,CALIBRATED_HAVERSINE_ROAD_MATRIX
RT-CHC-BR-PAT-001-PHC-KA-BEN-001,CHC-BR-PAT-001,CHC Phulwari Sharif,PHC-KA-BEN-001,PHC Yelahanka,25.58,85.08,13.1,77.59,2039.9,37.09,CALIBRATED_HAVERSINE_ROAD_MATRIX
RT-CHC-BR-PAT-001-PHC-KA-BEN-002,CHC-BR-PAT-001,CHC Phulwari Sharif,PHC-KA-BEN-002,PHC Anekal,25.58,85.08,12.71,77.69,2082.5,37.86,CALIBRATED_HAVERSINE_ROAD_MATRIX
RT-CHC-BR-PAT-001-PHC-KA-BEN-003,CHC-BR-PAT-001,CHC Phulwari Sharif,PHC-KA-BEN-003,PHC Kengeri,25.58,85.08,12.91,77.48,2071.0,37.65,CALIBRATED_HAVERSINE_ROAD_MATRIX
RT-CHC-BR-PAT-001-DH-KA-BEN-001,CHC-BR-PAT-001,CHC Phulwari Sharif,DH-KA-BEN-001,KC General District Hospital Malleshwaram,25.58,85.08,12.995,77.57,2054.4,37.35,CALIBRATED_HAVERSINE_ROAD_MATRIX
RT-DH-BR-PAT-001-PHC-BR-PAT-001,DH-BR-PAT-001,District Hospital Gardanibagh,PHC-BR-PAT-001,PHC Bakhtiyarpur,25.6,85.12,25.46,85.53,56.3,1.41,CALIBRATED_HAVERSINE_ROAD_MATRIX
RT-DH-BR-PAT-001-PHC-BR-PAT-002,DH-BR-PAT-001,District Hospital Gardanibagh,PHC-BR-PAT-002,PHC Danapur,25.6,85.12,25.63,85.04,11.1,0.28,CALIBRATED_HAVERSINE_ROAD_MATRIX
RT-DH-BR-PAT-001-PHC-BR-PAT-003,DH-BR-PAT-001,District Hospital Gardanibagh,PHC-BR-PAT-003,PHC Bihta,25.6,85.12,25.56,84.87,32.6,0.82,CALIBRATED_HAVERSINE_ROAD_MATRIX
RT-DH-BR-PAT-001-PHC-BR-PAT-004,DH-BR-PAT-001,District Hospital Gardanibagh,PHC-BR-PAT-004,PHC Fatuha,25.6,85.12,25.5,85.31,28.2,0.7,CALIBRATED_HAVERSINE_ROAD_MATRIX
RT-DH-BR-PAT-001-PHC-BR-PAT-005,DH-BR-PAT-001,District Hospital Gardanibagh,PHC-BR-PAT-005,PHC Mokama,25.6,85.12,25.39,85.92,107.0,2.67,CALIBRATED_HAVERSINE_ROAD_MATRIX
RT-DH-BR-PAT-001-CHC-BR-PAT-001,DH-BR-PAT-001,District Hospital Gardanibagh,CHC-BR-PAT-001,CHC Phulwari Sharif,25.6,85.12,25.58,85.08,5.9,0.15,CALIBRATED_HAVERSINE_ROAD_MATRIX
RT-DH-BR-PAT-001-PHC-BR-GAY-001,DH-BR-PAT-001,District Hospital Gardanibagh,PHC-BR-GAY-001,PHC Bodh Gaya,25.6,85.12,24.695,84.991,129.9,2.36,CALIBRATED_HAVERSINE_ROAD_MATRIX
RT-DH-BR-PAT-001-PHC-BR-GAY-002,DH-BR-PAT-001,District Hospital Gardanibagh,PHC-BR-GAY-002,PHC Sherghati,25.6,85.12,24.56,84.79,154.0,2.8,CALIBRATED_HAVERSINE_ROAD_MATRIX
RT-DH-BR-PAT-001-PHC-BR-GAY-003,DH-BR-PAT-001,District Hospital Gardanibagh,PHC-BR-GAY-003,PHC Tekari,25.6,85.12,24.93,84.83,102.4,1.86,CALIBRATED_HAVERSINE_ROAD_MATRIX
RT-DH-BR-PAT-001-DH-BR-GAY-001,DH-BR-PAT-001,District Hospital Gardanibagh,DH-BR-GAY-001,Jay Prakash Narayan District Hospital Gaya,25.6,85.12,24.795,85.0,115.6,2.1,CALIBRATED_HAVERSINE_ROAD_MATRIX
RT-DH-BR-PAT-001-PHC-UP-VAR-001,DH-BR-PAT-001,District Hospital Gardanibagh,PHC-UP-VAR-001,PHC Cholapur,25.6,85.12,25.44,83.05,266.8,4.85,CALIBRATED_HAVERSINE_ROAD_MATRIX
RT-DH-BR-PAT-001-PHC-UP-VAR-002,DH-BR-PAT-001,District Hospital Gardanibagh,PHC-UP-VAR-002,PHC Pindra,25.6,85.12,25.53,82.82,295.5,5.37,CALIBRATED_HAVERSINE_ROAD_MATRIX
RT-DH-BR-PAT-001-PHC-UP-VAR-003,DH-BR-PAT-001,District Hospital Gardanibagh,PHC-UP-VAR-003,PHC Sevapuri,25.6,85.12,25.32,82.78,303.3,5.51,CALIBRATED_HAVERSINE_ROAD_MATRIX
RT-DH-BR-PAT-001-PHC-UP-VAR-004,DH-BR-PAT-001,District Hospital Gardanibagh,PHC-UP-VAR-004,PHC Kashi Vidyapeeth,25.6,85.12,25.29,82.97,279.8,5.09,CALIBRATED_HAVERSINE_ROAD_MATRIX
RT-DH-BR-PAT-001-CHC-UP-VAR-001,DH-BR-PAT-001,District Hospital Gardanibagh,CHC-UP-VAR-001,CHC Misirpur,25.6,85.12,25.34,82.91,286.4,5.21,CALIBRATED_HAVERSINE_ROAD_MATRIX
RT-DH-BR-PAT-001-DH-UP-VAR-001,DH-BR-PAT-001,District Hospital Gardanibagh,DH-UP-VAR-001,Pandit Deen Dayal Upadhyay District Hospital,25.6,85.12,25.335,82.985,276.9,5.03,CALIBRATED_HAVERSINE_ROAD_MATRIX
RT-DH-BR-PAT-001-PHC-UP-LUK-001,DH-BR-PAT-001,District Hospital Gardanibagh,PHC-UP-LUK-001,PHC Bakshi Ka Talab,25.6,85.12,26.98,80.92,570.8,10.38,CALIBRATED_HAVERSINE_ROAD_MATRIX
RT-DH-BR-PAT-001-PHC-UP-LUK-002,DH-BR-PAT-001,District Hospital Gardanibagh,PHC-UP-LUK-002,PHC Malihabad,25.6,85.12,26.92,80.71,593.4,10.79,CALIBRATED_HAVERSINE_ROAD_MATRIX
RT-DH-BR-PAT-001-PHC-UP-LUK-003,DH-BR-PAT-001,District Hospital Gardanibagh,PHC-UP-LUK-003,PHC Mohanlalganj,25.6,85.12,26.68,80.99,549.6,9.99,CALIBRATED_HAVERSINE_ROAD_MATRIX
RT-DH-BR-PAT-001-DH-UP-LUK-001,DH-BR-PAT-001,District Hospital Gardanibagh,DH-UP-LUK-001,Balrampur District Hospital Lucknow,25.6,85.12,26.865,80.915,566.2,10.29,CALIBRATED_HAVERSINE_ROAD_MATRIX
RT-DH-BR-PAT-001-PHC-RJ-JAI-001,DH-BR-PAT-001,District Hospital Gardanibagh,PHC-RJ-JAI-001,PHC Bassi,25.6,85.12,26.83,76.04,1172.3,21.31,CALIBRATED_HAVERSINE_ROAD_MATRIX
RT-DH-BR-PAT-001-PHC-RJ-JAI-002,DH-BR-PAT-001,District Hospital Gardanibagh,PHC-RJ-JAI-002,PHC Chaksu,25.6,85.12,26.6,75.95,1180.4,21.46,CALIBRATED_HAVERSINE_ROAD_MATRIX
RT-DH-BR-PAT-001-PHC-RJ-JAI-003,DH-BR-PAT-001,District Hospital Gardanibagh,PHC-RJ-JAI-003,PHC Amer,25.6,85.12,26.99,75.85,1199.0,21.8,CALIBRATED_HAVERSINE_ROAD_MATRIX
RT-DH-BR-PAT-001-DH-RJ-JAI-001,DH-BR-PAT-001,District Hospital Gardanibagh,DH-RJ-JAI-001,Kanwatia District Hospital Jaipur,25.6,85.12,26.94,75.78,1206.9,21.94,CALIBRATED_HAVERSINE_ROAD_MATRIX
RT-DH-BR-PAT-001-PHC-MH-PUN-001,DH-BR-PAT-001,District Hospital Gardanibagh,PHC-MH-PUN-001,PHC Mulshi,25.6,85.12,18.52,73.51,1831.7,33.3,CALIBRATED_HAVERSINE_ROAD_MATRIX
RT-DH-BR-PAT-001-PHC-MH-PUN-002,DH-BR-PAT-001,District Hospital Gardanibagh,PHC-MH-PUN-002,PHC Haveli,25.6,85.12,18.45,73.88,1797.2,32.68,CALIBRATED_HAVERSINE_ROAD_MATRIX
RT-DH-BR-PAT-001-PHC-MH-PUN-003,DH-BR-PAT-001,District Hospital Gardanibagh,PHC-MH-PUN-003,PHC Khed,25.6,85.12,18.84,73.91,1761.4,32.03,CALIBRATED_HAVERSINE_ROAD_MATRIX
RT-DH-BR-PAT-001-DH-MH-PUN-001,DH-BR-PAT-001,District Hospital Gardanibagh,DH-MH-PUN-001,Aundh District Hospital Pune,25.6,85.12,18.56,73.805,1796.1,32.66,CALIBRATED_HAVERSINE_ROAD_MATRIX
RT-DH-BR-PAT-001-PHC-KA-BEN-001,DH-BR-PAT-001,District Hospital Gardanibagh,PHC-KA-BEN-001,PHC Yelahanka,25.6,85.12,13.1,77.59,2045.0,37.18,CALIBRATED_HAVERSINE_ROAD_MATRIX
RT-DH-BR-PAT-001-PHC-KA-BEN-002,DH-BR-PAT-001,District Hospital Gardanibagh,PHC-KA-BEN-002,PHC Anekal,25.6,85.12,12.71,77.69,2087.6,37.96,CALIBRATED_HAVERSINE_ROAD_MATRIX
RT-DH-BR-PAT-001-PHC-KA-BEN-003,DH-BR-PAT-001,District Hospital Gardanibagh,PHC-KA-BEN-003,PHC Kengeri,25.6,85.12,12.91,77.48,2076.1,37.75,CALIBRATED_HAVERSINE_ROAD_MATRIX
RT-DH-BR-PAT-001-DH-KA-BEN-001,DH-BR-PAT-001,District Hospital Gardanibagh,DH-KA-BEN-001,KC General District Hospital Malleshwaram,25.6,85.12,12.995,77.57,2059.5,37.45,CALIBRATED_HAVERSINE_ROAD_MATRIX
RT-PHC-BR-GAY-001-PHC-BR-PAT-001,PHC-BR-GAY-001,PHC Bodh Gaya,PHC-BR-PAT-001,PHC Bakhtiyarpur,24.695,84.991,25.46,85.53,129.2,2.35,CALIBRATED_HAVERSINE_ROAD_MATRIX
RT-PHC-BR-GAY-001-PHC-BR-PAT-002,PHC-BR-GAY-001,PHC Bodh Gaya,PHC-BR-PAT-002,PHC Danapur,24.695,84.991,25.63,85.04,133.2,2.42,CALIBRATED_HAVERSINE_ROAD_MATRIX
RT-PHC-BR-GAY-001-PHC-BR-PAT-003,PHC-BR-GAY-001,PHC Bodh Gaya,PHC-BR-PAT-003,PHC Bihta,24.695,84.991,25.56,84.87,124.1,2.26,CALIBRATED_HAVERSINE_ROAD_MATRIX
RT-PHC-BR-GAY-001-PHC-BR-PAT-004,PHC-BR-GAY-001,PHC Bodh Gaya,PHC-BR-PAT-004,PHC Fatuha,24.695,84.991,25.5,85.31,121.7,2.21,CALIBRATED_HAVERSINE_ROAD_MATRIX
RT-PHC-BR-GAY-001-PHC-BR-PAT-005,PHC-BR-GAY-001,PHC Bodh Gaya,PHC-BR-PAT-005,PHC Mokama,24.695,84.991,25.39,85.92,155.4,2.83,CALIBRATED_HAVERSINE_ROAD_MATRIX
RT-PHC-BR-GAY-001-CHC-BR-PAT-001,PHC-BR-GAY-001,PHC Bodh Gaya,CHC-BR-PAT-001,CHC Phulwari Sharif,24.695,84.991,25.58,85.08,126.5,2.3,CALIBRATED_HAVERSINE_ROAD_MATRIX
RT-PHC-BR-GAY-001-DH-BR-PAT-001,PHC-BR-GAY-001,PHC Bodh Gaya,DH-BR-PAT-001,District Hospital Gardanibagh,24.695,84.991,25.6,85.12,129.9,2.36,CALIBRATED_HAVERSINE_ROAD_MATRIX
RT-PHC-BR-GAY-001-PHC-BR-GAY-002,PHC-BR-GAY-001,PHC Bodh Gaya,PHC-BR-GAY-002,PHC Sherghati,24.695,84.991,24.56,84.79,32.3,0.81,CALIBRATED_HAVERSINE_ROAD_MATRIX
RT-PHC-BR-GAY-001-PHC-BR-GAY-003,PHC-BR-GAY-001,PHC Bodh Gaya,PHC-BR-GAY-003,PHC Tekari,24.695,84.991,24.93,84.83,39.4,0.98,CALIBRATED_HAVERSINE_ROAD_MATRIX
RT-PHC-BR-GAY-001-DH-BR-GAY-001,PHC-BR-GAY-001,PHC Bodh Gaya,DH-BR-GAY-001,Jay Prakash Narayan District Hospital Gaya,24.695,84.991,24.795,85.0,14.3,0.36,CALIBRATED_HAVERSINE_ROAD_MATRIX
RT-PHC-BR-GAY-001-PHC-UP-VAR-001,PHC-BR-GAY-001,PHC Bodh Gaya,PHC-UP-VAR-001,PHC Cholapur,24.695,84.991,25.44,83.05,271.8,4.94,CALIBRATED_HAVERSINE_ROAD_MATRIX
RT-PHC-BR-GAY-001-PHC-UP-VAR-002,PHC-BR-GAY-001,PHC Bodh Gaya,PHC-UP-VAR-002,PHC Pindra,24.695,84.991,25.53,82.82,304.0,5.53,CALIBRATED_HAVERSINE_ROAD_MATRIX
RT-PHC-BR-GAY-001-PHC-UP-VAR-003,PHC-BR-GAY-001,PHC Bodh Gaya,PHC-UP-VAR-003,PHC Sevapuri,24.695,84.991,25.32,82.78,298.7,5.43,CALIBRATED_HAVERSINE_ROAD_MATRIX
RT-PHC-BR-GAY-001-PHC-UP-VAR-004,PHC-BR-GAY-001,PHC Bodh Gaya,PHC-UP-VAR-004,PHC Kashi Vidyapeeth,24.695,84.991,25.29,82.97,274.1,4.98,CALIBRATED_HAVERSINE_ROAD_MATRIX
RT-PHC-BR-GAY-001-CHC-UP-VAR-001,PHC-BR-GAY-001,PHC Bodh Gaya,CHC-UP-VAR-001,CHC Misirpur,24.695,84.991,25.34,82.91,283.7,5.16,CALIBRATED_HAVERSINE_ROAD_MATRIX
RT-PHC-BR-GAY-001-DH-UP-VAR-001,PHC-BR-GAY-001,PHC Bodh Gaya,DH-UP-VAR-001,Pandit Deen Dayal Upadhyay District Hospital,24.695,84.991,25.335,82.985,274.3,4.99,CALIBRATED_HAVERSINE_ROAD_MATRIX
RT-PHC-BR-GAY-001-PHC-UP-LUK-001,PHC-BR-GAY-001,PHC Bodh Gaya,PHC-UP-LUK-001,PHC Bakshi Ka Talab,24.695,84.991,26.98,80.92,614.5,11.17,CALIBRATED_HAVERSINE_ROAD_MATRIX
RT-PHC-BR-GAY-001-PHC-UP-LUK-002,PHC-BR-GAY-001,PHC Bodh Gaya,PHC-UP-LUK-002,PHC Malihabad,24.695,84.991,26.92,80.71,633.3,11.51,CALIBRATED_HAVERSINE_ROAD_MATRIX
RT-PHC-BR-GAY-001-PHC-UP-LUK-003,PHC-BR-GAY-001,PHC Bodh Gaya,PHC-UP-LUK-003,PHC Mohanlalganj,24.695,84.991,26.68,80.99,585.8,10.65,CALIBRATED_HAVERSINE_ROAD_MATRIX
RT-PHC-BR-GAY-001-DH-UP-LUK-001,PHC-BR-GAY-001,PHC Bodh Gaya,DH-UP-LUK-001,Balrampur District Hospital Lucknow,24.695,84.991,26.865,80.915,606.8,11.03,CALIBRATED_HAVERSINE_ROAD_MATRIX
RT-PHC-BR-GAY-001-PHC-RJ-JAI-001,PHC-BR-GAY-001,PHC Bodh Gaya,PHC-RJ-JAI-001,PHC Bassi,24.695,84.991,26.83,76.04,1186.6,21.57,CALIBRATED_HAVERSINE_ROAD_MATRIX
RT-PHC-BR-GAY-001-PHC-RJ-JAI-002,PHC-BR-GAY-001,PHC Bodh Gaya,PHC-RJ-JAI-002,PHC Chaksu,24.695,84.991,26.6,75.95,1191.0,21.65,CALIBRATED_HAVERSINE_ROAD_MATRIX
RT-PHC-BR-GAY-001-PHC-RJ-JAI-003,PHC-BR-GAY-001,PHC Bodh Gaya,PHC-RJ-JAI-003,PHC Amer,24.695,84.991,26.99,75.85,1215.3,22.1,CALIBRATED_HAVERSINE_ROAD_MATRIX
RT-PHC-BR-GAY-001-DH-RJ-JAI-001,PHC-BR-GAY-001,PHC Bodh Gaya,DH-RJ-JAI-001,Kanwatia District Hospital Jaipur,24.695,84.991,26.94,75.78,1222.3,22.22,CALIBRATED_HAVERSINE_ROAD_MATRIX
RT-PHC-BR-GAY-001-PHC-MH-PUN-001,PHC-BR-GAY-001,PHC Bodh Gaya,PHC-MH-PUN-001,PHC Mulshi,24.695,84.991,18.52,73.51,1753.9,31.89,CALIBRATED_HAVERSINE_ROAD_MATRIX
RT-PHC-BR-GAY-001-PHC-MH-PUN-002,PHC-BR-GAY-001,PHC Bodh Gaya,PHC-MH-PUN-002,PHC Haveli,24.695,84.991,18.45,73.88,1717.2,31.22,CALIBRATED_HAVERSINE_ROAD_MATRIX
RT-PHC-BR-GAY-001-PHC-MH-PUN-003,PHC-BR-GAY-001,PHC Bodh Gaya,PHC-MH-PUN-003,PHC Khed,24.695,84.991,18.84,73.91,1684.1,30.62,CALIBRATED_HAVERSINE_ROAD_MATRIX
RT-PHC-BR-GAY-001-DH-MH-PUN-001,PHC-BR-GAY-001,PHC Bodh Gaya,DH-MH-PUN-001,Aundh District Hospital Pune,24.695,84.991,18.56,73.805,1717.2,31.22,CALIBRATED_HAVERSINE_ROAD_MATRIX
RT-PHC-BR-GAY-001-PHC-KA-BEN-001,PHC-BR-GAY-001,PHC Bodh Gaya,PHC-KA-BEN-001,PHC Yelahanka,24.695,84.991,13.1,77.59,1926.7,35.03,CALIBRATED_HAVERSINE_ROAD_MATRIX
RT-PHC-BR-GAY-001-PHC-KA-BEN-002,PHC-BR-GAY-001,PHC Bodh Gaya,PHC-KA-BEN-002,PHC Anekal,24.695,84.991,12.71,77.69,1968.2,35.79,CALIBRATED_HAVERSINE_ROAD_MATRIX
RT-PHC-BR-GAY-001-PHC-KA-BEN-003,PHC-BR-GAY-001,PHC Bodh Gaya,PHC-KA-BEN-003,PHC Kengeri,24.695,84.991,12.91,77.48,1957.7,35.59,CALIBRATED_HAVERSINE_ROAD_MATRIX
RT-PHC-BR-GAY-001-DH-KA-BEN-001,PHC-BR-GAY-001,PHC Bodh Gaya,DH-KA-BEN-001,KC General District Hospital Malleshwaram,24.695,84.991,12.995,77.57,1941.0,35.29,CALIBRATED_HAVERSINE_ROAD_MATRIX
RT-PHC-BR-GAY-002-PHC-BR-PAT-001,PHC-BR-GAY-002,PHC Sherghati,PHC-BR-PAT-001,PHC Bakhtiyarpur,24.56,84.79,25.46,85.53,159.7,2.9,CALIBRATED_HAVERSINE_ROAD_MATRIX
RT-PHC-BR-GAY-002-PHC-BR-PAT-002,PHC-BR-GAY-002,PHC Sherghati,PHC-BR-PAT-002,PHC Danapur,24.56,84.79,25.63,85.04,155.7,2.83,CALIBRATED_HAVERSINE_ROAD_MATRIX
RT-PHC-BR-GAY-002-PHC-BR-PAT-003,PHC-BR-GAY-002,PHC Sherghati,PHC-BR-PAT-003,PHC Bihta,24.56,84.79,25.56,84.87,142.7,2.59,CALIBRATED_HAVERSINE_ROAD_MATRIX
RT-PHC-BR-GAY-002-PHC-BR-PAT-004,PHC-BR-GAY-002,PHC Sherghati,PHC-BR-PAT-004,PHC Fatuha,24.56,84.79,25.5,85.31,149.7,2.72,CALIBRATED_HAVERSINE_ROAD_MATRIX
RT-PHC-BR-GAY-002-PHC-BR-PAT-005,PHC-BR-GAY-002,PHC Sherghati,PHC-BR-PAT-005,PHC Mokama,24.56,84.79,25.39,85.92,187.6,3.41,CALIBRATED_HAVERSINE_ROAD_MATRIX
RT-PHC-BR-GAY-002-CHC-BR-PAT-001,PHC-BR-GAY-002,PHC Sherghati,CHC-BR-PAT-001,CHC Phulwari Sharif,24.56,84.79,25.58,85.08,149.9,2.73,CALIBRATED_HAVERSINE_ROAD_MATRIX
RT-PHC-BR-GAY-002-DH-BR-PAT-001,PHC-BR-GAY-002,PHC Sherghati,DH-BR-PAT-001,District Hospital Gardanibagh,24.56,84.79,25.6,85.12,154.0,2.8,CALIBRATED_HAVERSINE_ROAD_MATRIX
RT-PHC-BR-GAY-002-PHC-BR-GAY-001,PHC-BR-GAY-002,PHC Sherghati,PHC-BR-GAY-001,PHC Bodh Gaya,24.56,84.79,24.695,84.991,32.3,0.81,CALIBRATED_HAVERSINE_ROAD_MATRIX
RT-PHC-BR-GAY-002-PHC-BR-GAY-003,PHC-BR-GAY-002,PHC Sherghati,PHC-BR-GAY-003,PHC Tekari,24.56,84.79,24.93,84.83,52.9,1.32,CALIBRATED_HAVERSINE_ROAD_MATRIX
RT-PHC-BR-GAY-002-DH-BR-GAY-001,PHC-BR-GAY-002,PHC Sherghati,DH-BR-GAY-001,Jay Prakash Narayan District Hospital Gaya,24.56,84.79,24.795,85.0,43.1,1.08,CALIBRATED_HAVERSINE_ROAD_MATRIX
RT-PHC-BR-GAY-002-PHC-UP-VAR-001,PHC-BR-GAY-002,PHC Sherghati,PHC-UP-VAR-001,PHC Cholapur,24.56,84.79,25.44,83.05,257.0,4.67,CALIBRATED_HAVERSINE_ROAD_MATRIX
RT-PHC-BR-GAY-002-PHC-UP-VAR-002,PHC-BR-GAY-002,PHC Sherghati,PHC-UP-VAR-002,PHC Pindra,24.56,84.79,25.53,82.82,289.1,5.26,CALIBRATED_HAVERSINE_ROAD_MATRIX
RT-PHC-BR-GAY-002-PHC-UP-VAR-003,PHC-BR-GAY-002,PHC Sherghati,PHC-UP-VAR-003,PHC Sevapuri,24.56,84.79,25.32,82.78,281.0,5.11,CALIBRATED_HAVERSINE_ROAD_MATRIX
RT-PHC-BR-GAY-002-PHC-UP-VAR-004,PHC-BR-GAY-002,PHC Sherghati,PHC-UP-VAR-004,PHC Kashi Vidyapeeth,24.56,84.79,25.29,82.97,256.9,4.67,CALIBRATED_HAVERSINE_ROAD_MATRIX
RT-PHC-BR-GAY-002-CHC-UP-VAR-001,PHC-BR-GAY-002,PHC Sherghati,CHC-UP-VAR-001,CHC Misirpur,24.56,84.79,25.34,82.91,266.8,4.85,CALIBRATED_HAVERSINE_ROAD_MATRIX
RT-PHC-BR-GAY-002-DH-UP-VAR-001,PHC-BR-GAY-002,PHC Sherghati,DH-UP-VAR-001,Pandit Deen Dayal Upadhyay District Hospital,24.56,84.79,25.335,82.985,257.7,4.69,CALIBRATED_HAVERSINE_ROAD_MATRIX
RT-PHC-BR-GAY-002-PHC-UP-LUK-001,PHC-BR-GAY-002,PHC Sherghati,PHC-UP-LUK-001,PHC Bakshi Ka Talab,24.56,84.79,26.98,80.92,603.8,10.98,CALIBRATED_HAVERSINE_ROAD_MATRIX
RT-PHC-BR-GAY-002-PHC-UP-LUK-002,PHC-BR-GAY-002,PHC Sherghati,PHC-UP-LUK-002,PHC Malihabad,24.56,84.79,26.92,80.71,621.6,11.3,CALIBRATED_HAVERSINE_ROAD_MATRIX
RT-PHC-BR-GAY-002-PHC-UP-LUK-003,PHC-BR-GAY-002,PHC Sherghati,PHC-UP-LUK-003,PHC Mohanlalganj,24.56,84.79,26.68,80.99,573.4,10.43,CALIBRATED_HAVERSINE_ROAD_MATRIX
RT-PHC-BR-GAY-002-DH-UP-LUK-001,PHC-BR-GAY-002,PHC Sherghati,DH-UP-LUK-001,Balrampur District Hospital Lucknow,24.56,84.79,26.865,80.915,595.4,10.83,CALIBRATED_HAVERSINE_ROAD_MATRIX
RT-PHC-BR-GAY-002-PHC-RJ-JAI-001,PHC-BR-GAY-002,PHC Sherghati,PHC-RJ-JAI-001,PHC Bassi,24.56,84.79,26.83,76.04,1167.5,21.23,CALIBRATED_HAVERSINE_ROAD_MATRIX
RT-PHC-BR-GAY-002-PHC-RJ-JAI-002,PHC-BR-GAY-002,PHC Sherghati,PHC-RJ-JAI-002,PHC Chaksu,24.56,84.79,26.6,75.95,1171.1,21.29,CALIBRATED_HAVERSINE_ROAD_MATRIX
RT-PHC-BR-GAY-002-PHC-RJ-JAI-003,PHC-BR-GAY-002,PHC Sherghati,PHC-RJ-JAI-003,PHC Amer,24.56,84.79,26.99,75.85,1196.5,21.75,CALIBRATED_HAVERSINE_ROAD_MATRIX
RT-PHC-BR-GAY-002-DH-RJ-JAI-001,PHC-BR-GAY-002,PHC Sherghati,DH-RJ-JAI-001,Kanwatia District Hospital Jaipur,24.56,84.79,26.94,75.78,1203.3,21.88,CALIBRATED_HAVERSINE_ROAD_MATRIX
RT-PHC-BR-GAY-002-PHC-MH-PUN-001,PHC-BR-GAY-002,PHC Sherghati,PHC-MH-PUN-001,PHC Mulshi,24.56,84.79,18.52,73.51,1722.0,31.31,CALIBRATED_HAVERSINE_ROAD_MATRIX
RT-PHC-BR-GAY-002-PHC-MH-PUN-002,PHC-BR-GAY-002,PHC Sherghati,PHC-MH-PUN-002,PHC Haveli,24.56,84.79,18.45,73.88,1685.1,30.64,CALIBRATED_HAVERSINE_ROAD_MATRIX
RT-PHC-BR-GAY-002-PHC-MH-PUN-003,PHC-BR-GAY-002,PHC Sherghati,PHC-MH-PUN-003,PHC Khed,24.56,84.79,18.84,73.91,1652.1,30.04,CALIBRATED_HAVERSINE_ROAD_MATRIX
RT-PHC-BR-GAY-002-DH-MH-PUN-001,PHC-BR-GAY-002,PHC Sherghati,DH-MH-PUN-001,Aundh District Hospital Pune,24.56,84.79,18.56,73.805,1685.2,30.64,CALIBRATED_HAVERSINE_ROAD_MATRIX
RT-PHC-BR-GAY-002-PHC-KA-BEN-001,PHC-BR-GAY-002,PHC Sherghati,PHC-KA-BEN-001,PHC Yelahanka,24.56,84.79,13.1,77.59,1896.5,34.48,CALIBRATED_HAVERSINE_ROAD_MATRIX
RT-PHC-BR-GAY-002-PHC-KA-BEN-002,PHC-BR-GAY-002,PHC Sherghati,PHC-KA-BEN-002,PHC Anekal,24.56,84.79,12.71,77.69,1938.3,35.24,CALIBRATED_HAVERSINE_ROAD_MATRIX
RT-PHC-BR-GAY-002-PHC-KA-BEN-003,PHC-BR-GAY-002,PHC Sherghati,PHC-KA-BEN-003,PHC Kengeri,24.56,84.79,12.91,77.48,1927.6,35.05,CALIBRATED_HAVERSINE_ROAD_MATRIX
RT-PHC-BR-GAY-002-DH-KA-BEN-001,PHC-BR-GAY-002,PHC Sherghati,DH-KA-BEN-001,KC General District Hospital Malleshwaram,24.56,84.79,12.995,77.57,1910.9,34.74,CALIBRATED_HAVERSINE_ROAD_MATRIX
RT-PHC-BR-GAY-003-PHC-BR-PAT-001,PHC-BR-GAY-003,PHC Tekari,PHC-BR-PAT-001,PHC Bakhtiyarpur,24.93,84.83,25.46,85.53,117.5,2.14,CALIBRATED_HAVERSINE_ROAD_MATRIX
RT-PHC-BR-GAY-003-PHC-BR-PAT-002,PHC-BR-GAY-003,PHC Tekari,PHC-BR-PAT-002,PHC Danapur,24.93,84.83,25.63,85.04,103.2,1.88,CALIBRATED_HAVERSINE_ROAD_MATRIX
RT-PHC-BR-GAY-003-PHC-BR-PAT-003,PHC-BR-GAY-003,PHC Tekari,PHC-BR-PAT-003,PHC Bihta,24.93,84.83,25.56,84.87,89.8,1.63,CALIBRATED_HAVERSINE_ROAD_MATRIX
RT-PHC-BR-GAY-003-PHC-BR-PAT-004,PHC-BR-GAY-003,PHC Tekari,PHC-BR-PAT-004,PHC Fatuha,24.93,84.83,25.5,85.31,102.0,1.85,CALIBRATED_HAVERSINE_ROAD_MATRIX
RT-PHC-BR-GAY-003-PHC-BR-PAT-005,PHC-BR-GAY-003,PHC Tekari,PHC-BR-PAT-005,PHC Mokama,24.93,84.83,25.39,85.92,154.9,2.82,CALIBRATED_HAVERSINE_ROAD_MATRIX
RT-PHC-BR-GAY-003-CHC-BR-PAT-001,PHC-BR-GAY-003,PHC Tekari,CHC-BR-PAT-001,CHC Phulwari Sharif,24.93,84.83,25.58,85.08,98.0,1.78,CALIBRATED_HAVERSINE_ROAD_MATRIX
RT-PHC-BR-GAY-003-DH-BR-PAT-001,PHC-BR-GAY-003,PHC Tekari,DH-BR-PAT-001,District Hospital Gardanibagh,24.93,84.83,25.6,85.12,102.4,1.86,CALIBRATED_HAVERSINE_ROAD_MATRIX
RT-PHC-BR-GAY-003-PHC-BR-GAY-001,PHC-BR-GAY-003,PHC Tekari,PHC-BR-GAY-001,PHC Bodh Gaya,24.93,84.83,24.695,84.991,39.4,0.98,CALIBRATED_HAVERSINE_ROAD_MATRIX
RT-PHC-BR-GAY-003-PHC-BR-GAY-002,PHC-BR-GAY-003,PHC Tekari,PHC-BR-GAY-002,PHC Sherghati,24.93,84.83,24.56,84.79,52.9,1.32,CALIBRATED_HAVERSINE_ROAD_MATRIX
RT-PHC-BR-GAY-003-DH-BR-GAY-001,PHC-BR-GAY-003,PHC Tekari,DH-BR-GAY-001,Jay Prakash Narayan District Hospital Gaya,24.93,84.83,24.795,85.0,29.2,0.73,CALIBRATED_HAVERSINE_ROAD_MATRIX
RT-PHC-BR-GAY-003-PHC-UP-VAR-001,PHC-BR-GAY-003,PHC Tekari,PHC-UP-VAR-001,PHC Cholapur,24.93,84.83,25.44,83.05,240.5,4.37,CALIBRATED_HAVERSINE_ROAD_MATRIX
RT-PHC-BR-GAY-003-PHC-UP-VAR-002,PHC-BR-GAY-003,PHC Tekari,PHC-UP-VAR-002,PHC Pindra,24.93,84.83,25.53,82.82,272.5,4.95,CALIBRATED_HAVERSINE_ROAD_MATRIX
RT-PHC-BR-GAY-003-PHC-UP-VAR-003,PHC-BR-GAY-003,PHC Tekari,PHC-UP-VAR-003,PHC Sevapuri,24.93,84.83,25.32,82.78,269.9,4.91,CALIBRATED_HAVERSINE_ROAD_MATRIX
RT-PHC-BR-GAY-003-PHC-UP-VAR-004,PHC-BR-GAY-003,PHC Tekari,PHC-UP-VAR-004,PHC Kashi Vidyapeeth,24.93,84.83,25.29,82.97,245.1,4.46,CALIBRATED_HAVERSINE_ROAD_MATRIX
RT-PHC-BR-GAY-003-CHC-UP-VAR-001,PHC-BR-GAY-003,PHC Tekari,CHC-UP-VAR-001,CHC Misirpur,24.93,84.83,25.34,82.91,254.2,4.62,CALIBRATED_HAVERSINE_ROAD_MATRIX
RT-PHC-BR-GAY-003-DH-UP-VAR-001,PHC-BR-GAY-003,PHC Tekari,DH-UP-VAR-001,Pandit Deen Dayal Upadhyay District Hospital,24.93,84.83,25.335,82.985,244.6,4.45,CALIBRATED_HAVERSINE_ROAD_MATRIX
RT-PHC-BR-GAY-003-PHC-UP-LUK-001,PHC-BR-GAY-003,PHC Tekari,PHC-UP-LUK-001,PHC Bakshi Ka Talab,24.93,84.83,26.98,80.92,579.2,10.53,CALIBRATED_HAVERSINE_ROAD_MATRIX
RT-PHC-BR-GAY-003-PHC-UP-LUK-002,PHC-BR-GAY-003,PHC Tekari,PHC-UP-LUK-002,PHC Malihabad,24.93,84.83,26.92,80.71,598.6,10.88,CALIBRATED_HAVERSINE_ROAD_MATRIX
RT-PHC-BR-GAY-003-PHC-UP-LUK-003,PHC-BR-GAY-003,PHC Tekari,PHC-UP-LUK-003,PHC Mohanlalganj,24.93,84.83,26.68,80.99,551.5,10.03,CALIBRATED_HAVERSINE_ROAD_MATRIX
RT-PHC-BR-GAY-003-DH-UP-LUK-001,PHC-BR-GAY-003,PHC Tekari,DH-UP-LUK-001,Balrampur District Hospital Lucknow,24.93,84.83,26.865,80.915,571.9,10.4,CALIBRATED_HAVERSINE_ROAD_MATRIX
RT-PHC-BR-GAY-003-PHC-RJ-JAI-001,PHC-BR-GAY-003,PHC Tekari,PHC-RJ-JAI-001,PHC Bassi,24.93,84.83,26.83,76.04,1157.3,21.04,CALIBRATED_HAVERSINE_ROAD_MATRIX
RT-PHC-BR-GAY-003-PHC-RJ-JAI-002,PHC-BR-GAY-003,PHC Tekari,PHC-RJ-JAI-002,PHC Chaksu,24.93,84.83,26.6,75.95,1162.5,21.14,CALIBRATED_HAVERSINE_ROAD_MATRIX
RT-PHC-BR-GAY-003-PHC-RJ-JAI-003,PHC-BR-GAY-003,PHC Tekari,PHC-RJ-JAI-003,PHC Amer,24.93,84.83,26.99,75.85,1185.6,21.56,CALIBRATED_HAVERSINE_ROAD_MATRIX
RT-PHC-BR-GAY-003-DH-RJ-JAI-001,PHC-BR-GAY-003,PHC Tekari,DH-RJ-JAI-001,Kanwatia District Hospital Jaipur,24.93,84.83,26.94,75.78,1192.8,21.69,CALIBRATED_HAVERSINE_ROAD_MATRIX
RT-PHC-BR-GAY-003-PHC-MH-PUN-001,PHC-BR-GAY-003,PHC Tekari,PHC-MH-PUN-001,PHC Mulshi,24.93,84.83,18.52,73.51,1751.6,31.85,CALIBRATED_HAVERSINE_ROAD_MATRIX
RT-PHC-BR-GAY-003-PHC-MH-PUN-002,PHC-BR-GAY-003,PHC Tekari,PHC-MH-PUN-002,PHC Haveli,24.93,84.83,18.45,73.88,1715.7,31.19,CALIBRATED_HAVERSINE_ROAD_MATRIX
RT-PHC-BR-GAY-003-PHC-MH-PUN-003,PHC-BR-GAY-003,PHC Tekari,PHC-MH-PUN-003,PHC Khed,24.93,84.83,18.84,73.91,1681.5,30.57,CALIBRATED_HAVERSINE_ROAD_MATRIX
RT-PHC-BR-GAY-003-DH-MH-PUN-001,PHC-BR-GAY-003,PHC Tekari,DH-MH-PUN-001,Aundh District Hospital Pune,24.93,84.83,18.56,73.805,1715.3,31.19,CALIBRATED_HAVERSINE_ROAD_MATRIX
RT-PHC-BR-GAY-003-PHC-KA-BEN-001,PHC-BR-GAY-003,PHC Tekari,PHC-KA-BEN-001,PHC Yelahanka,24.93,84.83,13.1,77.59,1944.1,35.35,CALIBRATED_HAVERSINE_ROAD_MATRIX
RT-PHC-BR-GAY-003-PHC-KA-BEN-002,PHC-BR-GAY-003,PHC Tekari,PHC-KA-BEN-002,PHC Anekal,24.93,84.83,12.71,77.69,1986.3,36.11,CALIBRATED_HAVERSINE_ROAD_MATRIX
RT-PHC-BR-GAY-003-PHC-KA-BEN-003,PHC-BR-GAY-003,PHC Tekari,PHC-KA-BEN-003,PHC Kengeri,24.93,84.83,12.91,77.48,1975.1,35.91,CALIBRATED_HAVERSINE_ROAD_MATRIX
RT-PHC-BR-GAY-003-DH-KA-BEN-001,PHC-BR-GAY-003,PHC Tekari,DH-KA-BEN-001,KC General District Hospital Malleshwaram,24.93,84.83,12.995,77.57,1958.5,35.61,CALIBRATED_HAVERSINE_ROAD_MATRIX
RT-DH-BR-GAY-001-PHC-BR-PAT-001,DH-BR-GAY-001,Jay Prakash Narayan District Hospital Gaya,PHC-BR-PAT-001,PHC Bakhtiyarpur,24.795,85.0,25.46,85.53,116.7,2.12,CALIBRATED_HAVERSINE_ROAD_MATRIX
RT-DH-BR-GAY-001-PHC-BR-PAT-002,DH-BR-GAY-001,Jay Prakash Narayan District Hospital Gaya,PHC-BR-PAT-002,PHC Danapur,24.795,85.0,25.63,85.04,119.0,2.16,CALIBRATED_HAVERSINE_ROAD_MATRIX
RT-DH-BR-GAY-001-PHC-BR-PAT-003,DH-BR-GAY-001,Jay Prakash Narayan District Hospital Gaya,PHC-BR-PAT-003,PHC Bihta,24.795,85.0,25.56,84.87,110.2,2.0,CALIBRATED_HAVERSINE_ROAD_MATRIX
RT-DH-BR-GAY-001-PHC-BR-PAT-004,DH-BR-GAY-001,Jay Prakash Narayan District Hospital Gaya,PHC-BR-PAT-004,PHC Fatuha,24.795,85.0,25.5,85.31,108.0,1.96,CALIBRATED_HAVERSINE_ROAD_MATRIX
RT-DH-BR-GAY-001-PHC-BR-PAT-005,DH-BR-GAY-001,Jay Prakash Narayan District Hospital Gaya,PHC-BR-PAT-005,PHC Mokama,24.795,85.0,25.39,85.92,145.7,2.65,CALIBRATED_HAVERSINE_ROAD_MATRIX
RT-DH-BR-GAY-001-CHC-BR-PAT-001,DH-BR-GAY-001,Jay Prakash Narayan District Hospital Gaya,CHC-BR-PAT-001,CHC Phulwari Sharif,24.795,85.0,25.58,85.08,112.2,2.04,CALIBRATED_HAVERSINE_ROAD_MATRIX
RT-DH-BR-GAY-001-DH-BR-PAT-001,DH-BR-GAY-001,Jay Prakash Narayan District Hospital Gaya,DH-BR-PAT-001,District Hospital Gardanibagh,24.795,85.0,25.6,85.12,115.6,2.1,CALIBRATED_HAVERSINE_ROAD_MATRIX
RT-DH-BR-GAY-001-PHC-BR-GAY-001,DH-BR-GAY-001,Jay Prakash Narayan District Hospital Gaya,PHC-BR-GAY-001,PHC Bodh Gaya,24.795,85.0,24.695,84.991,14.3,0.36,CALIBRATED_HAVERSINE_ROAD_MATRIX
RT-DH-BR-GAY-001-PHC-BR-GAY-002,DH-BR-GAY-001,Jay Prakash Narayan District Hospital Gaya,PHC-BR-GAY-002,PHC Sherghati,24.795,85.0,24.56,84.79,43.1,1.08,CALIBRATED_HAVERSINE_ROAD_MATRIX
RT-DH-BR-GAY-001-PHC-BR-GAY-003,DH-BR-GAY-001,Jay Prakash Narayan District Hospital Gaya,PHC-BR-GAY-003,PHC Tekari,24.795,85.0,24.93,84.83,29.2,0.73,CALIBRATED_HAVERSINE_ROAD_MATRIX
RT-DH-BR-GAY-001-PHC-UP-VAR-001,DH-BR-GAY-001,Jay Prakash Narayan District Hospital Gaya,PHC-UP-VAR-001,PHC Cholapur,24.795,85.0,25.44,83.05,267.5,4.86,CALIBRATED_HAVERSINE_ROAD_MATRIX
RT-DH-BR-GAY-001-PHC-UP-VAR-002,DH-BR-GAY-001,Jay Prakash Narayan District Hospital Gaya,PHC-UP-VAR-002,PHC Pindra,24.795,85.0,25.53,82.82,299.7,5.45,CALIBRATED_HAVERSINE_ROAD_MATRIX
RT-DH-BR-GAY-001-PHC-UP-VAR-003,DH-BR-GAY-001,Jay Prakash Narayan District Hospital Gaya,PHC-UP-VAR-003,PHC Sevapuri,24.795,85.0,25.32,82.78,295.8,5.38,CALIBRATED_HAVERSINE_ROAD_MATRIX
RT-DH-BR-GAY-001-PHC-UP-VAR-004,DH-BR-GAY-001,Jay Prakash Narayan District Hospital Gaya,PHC-UP-VAR-004,PHC Kashi Vidyapeeth,24.795,85.0,25.29,82.97,271.1,4.93,CALIBRATED_HAVERSINE_ROAD_MATRIX
RT-DH-BR-GAY-001-CHC-UP-VAR-001,DH-BR-GAY-001,Jay Prakash Narayan District Hospital Gaya,CHC-UP-VAR-001,CHC Misirpur,24.795,85.0,25.34,82.91,280.4,5.1,CALIBRATED_HAVERSINE_ROAD_MATRIX
RT-DH-BR-GAY-001-DH-UP-VAR-001,DH-BR-GAY-001,Jay Prakash Narayan District Hospital Gaya,DH-UP-VAR-001,Pandit Deen Dayal Upadhyay District Hospital,24.795,85.0,25.335,82.985,270.9,4.93,CALIBRATED_HAVERSINE_ROAD_MATRIX
RT-DH-BR-GAY-001-PHC-UP-LUK-001,DH-BR-GAY-001,Jay Prakash Narayan District Hospital Gaya,PHC-UP-LUK-001,PHC Bakshi Ka Talab,24.795,85.0,26.98,80.92,607.9,11.05,CALIBRATED_HAVERSINE_ROAD_MATRIX
RT-DH-BR-GAY-001-PHC-UP-LUK-002,DH-BR-GAY-001,Jay Prakash Narayan District Hospital Gaya,PHC-UP-LUK-002,PHC Malihabad,24.795,85.0,26.92,80.71,627.1,11.4,CALIBRATED_HAVERSINE_ROAD_MATRIX
RT-DH-BR-GAY-001-PHC-UP-LUK-003,DH-BR-GAY-001,Jay Prakash Narayan District Hospital Gaya,PHC-UP-LUK-003,PHC Mohanlalganj,24.795,85.0,26.68,80.99,579.9,10.54,CALIBRATED_HAVERSINE_ROAD_MATRIX
RT-DH-BR-GAY-001-DH-UP-LUK-001,DH-BR-GAY-001,Jay Prakash Narayan District Hospital Gaya,DH-UP-LUK-001,Balrampur District Hospital Lucknow,24.795,85.0,26.865,80.915,600.5,10.92,CALIBRATED_HAVERSINE_ROAD_MATRIX
RT-DH-BR-GAY-001-PHC-RJ-JAI-001,DH-BR-GAY-001,Jay Prakash Narayan District Hospital Gaya,PHC-RJ-JAI-001,PHC Bassi,24.795,85.0,26.83,76.04,1183.7,21.52,CALIBRATED_HAVERSINE_ROAD_MATRIX
RT-DH-BR-GAY-001-PHC-RJ-JAI-002,DH-BR-GAY-001,Jay Prakash Narayan District Hospital Gaya,PHC-RJ-JAI-002,PHC Chaksu,24.795,85.0,26.6,75.95,1188.5,21.61,CALIBRATED_HAVERSINE_ROAD_MATRIX
RT-DH-BR-GAY-001-PHC-RJ-JAI-003,DH-BR-GAY-001,Jay Prakash Narayan District Hospital Gaya,PHC-RJ-JAI-003,PHC Amer,24.795,85.0,26.99,75.85,1212.2,22.04,CALIBRATED_HAVERSINE_ROAD_MATRIX
RT-DH-BR-GAY-001-DH-RJ-JAI-001,DH-BR-GAY-001,Jay Prakash Narayan District Hospital Gaya,DH-RJ-JAI-001,Kanwatia District Hospital Jaipur,24.795,85.0,26.94,75.78,1219.3,22.17,CALIBRATED_HAVERSINE_ROAD_MATRIX
RT-DH-BR-GAY-001-PHC-MH-PUN-001,DH-BR-GAY-001,Jay Prakash Narayan District Hospital Gaya,PHC-MH-PUN-001,PHC Mulshi,24.795,85.0,18.52,73.51,1761.6,32.03,CALIBRATED_HAVERSINE_ROAD_MATRIX
RT-DH-BR-GAY-001-PHC-MH-PUN-002,DH-BR-GAY-001,Jay Prakash Narayan District Hospital Gaya,PHC-MH-PUN-002,PHC Haveli,24.795,85.0,18.45,73.88,1725.2,31.37,CALIBRATED_HAVERSINE_ROAD_MATRIX
RT-DH-BR-GAY-001-PHC-MH-PUN-003,DH-BR-GAY-001,Jay Prakash Narayan District Hospital Gaya,PHC-MH-PUN-003,PHC Khed,24.795,85.0,18.84,73.91,1691.7,30.76,CALIBRATED_HAVERSINE_ROAD_MATRIX
RT-DH-BR-GAY-001-DH-MH-PUN-001,DH-BR-GAY-001,Jay Prakash Narayan District Hospital Gaya,DH-MH-PUN-001,Aundh District Hospital Pune,24.795,85.0,18.56,73.805,1725.1,31.37,CALIBRATED_HAVERSINE_ROAD_MATRIX
RT-DH-BR-GAY-001-PHC-KA-BEN-001,DH-BR-GAY-001,Jay Prakash Narayan District Hospital Gaya,PHC-KA-BEN-001,PHC Yelahanka,24.795,85.0,13.1,77.59,1939.3,35.26,CALIBRATED_HAVERSINE_ROAD_MATRIX
RT-DH-BR-GAY-001-PHC-KA-BEN-002,DH-BR-GAY-001,Jay Prakash Narayan District Hospital Gaya,PHC-KA-BEN-002,PHC Anekal,24.795,85.0,12.71,77.69,1981.0,36.02,CALIBRATED_HAVERSINE_ROAD_MATRIX
RT-DH-BR-GAY-001-PHC-KA-BEN-003,DH-BR-GAY-001,Jay Prakash Narayan District Hospital Gaya,PHC-KA-BEN-003,PHC Kengeri,24.795,85.0,12.91,77.48,1970.4,35.83,CALIBRATED_HAVERSINE_ROAD_MATRIX
RT-DH-BR-GAY-001-DH-KA-BEN-001,DH-BR-GAY-001,Jay Prakash Narayan District Hospital Gaya,DH-KA-BEN-001,KC General District Hospital Malleshwaram,24.795,85.0,12.995,77.57,1953.7,35.52,CALIBRATED_HAVERSINE_ROAD_MATRIX
RT-PHC-UP-VAR-001-PHC-BR-PAT-001,PHC-UP-VAR-001,PHC Cholapur,PHC-BR-PAT-001,PHC Bakhtiyarpur,25.44,83.05,25.46,85.53,318.7,5.79,CALIBRATED_HAVERSINE_ROAD_MATRIX
RT-PHC-UP-VAR-001-PHC-BR-PAT-002,PHC-UP-VAR-001,PHC Cholapur,PHC-BR-PAT-002,PHC Danapur,25.44,83.05,25.63,85.04,257.0,4.67,CALIBRATED_HAVERSINE_ROAD_MATRIX
RT-PHC-UP-VAR-001-PHC-BR-PAT-003,PHC-UP-VAR-001,PHC Cholapur,PHC-BR-PAT-003,PHC Bihta,25.44,83.05,25.56,84.87,234.4,4.26,CALIBRATED_HAVERSINE_ROAD_MATRIX
RT-PHC-UP-VAR-001-PHC-BR-PAT-004,PHC-UP-VAR-001,PHC Cholapur,PHC-BR-PAT-004,PHC Fatuha,25.44,83.05,25.5,85.31,290.5,5.28,CALIBRATED_HAVERSINE_ROAD_MATRIX
RT-PHC-UP-VAR-001-PHC-BR-PAT-005,PHC-UP-VAR-001,PHC Cholapur,PHC-BR-PAT-005,PHC Mokama,25.44,83.05,25.39,85.92,369.0,6.71,CALIBRATED_HAVERSINE_ROAD_MATRIX
RT-PHC-UP-VAR-001-CHC-BR-PAT-001,PHC-UP-VAR-001,PHC Cholapur,CHC-BR-PAT-001,CHC Phulwari Sharif,25.44,83.05,25.58,85.08,261.5,4.75,CALIBRATED_HAVERSINE_ROAD_MATRIX
RT-PHC-UP-VAR-001-DH-BR-PAT-001,PHC-UP-VAR-001,PHC Cholapur,DH-BR-PAT-001,District Hospital Gardanibagh,25.44,83.05,25.6,85.12,266.8,4.85,CALIBRATED_HAVERSINE_ROAD_MATRIX
RT-PHC-UP-VAR-001-PHC-BR-GAY-001,PHC-UP-VAR-001,PHC Cholapur,PHC-BR-GAY-001,PHC Bodh Gaya,25.44,83.05,24.695,84.991,271.8,4.94,CALIBRATED_HAVERSINE_ROAD_MATRIX
RT-PHC-UP-VAR-001-PHC-BR-GAY-002,PHC-UP-VAR-001,PHC Cholapur,PHC-BR-GAY-002,PHC Sherghati,25.44,83.05,24.56,84.79,257.0,4.67,CALIBRATED_HAVERSINE_ROAD_MATRIX
RT-PHC-UP-VAR-001-PHC-BR-GAY-003,PHC-UP-VAR-001,PHC Cholapur,PHC-BR-GAY-003,PHC Tekari,25.44,83.05,24.93,84.83,240.5,4.37,CALIBRATED_HAVERSINE_ROAD_MATRIX
RT-PHC-UP-VAR-001-DH-BR-GAY-001,PHC-UP-VAR-001,PHC Cholapur,DH-BR-GAY-001,Jay Prakash Narayan District Hospital Gaya,25.44,83.05,24.795,85.0,267.5,4.86,CALIBRATED_HAVERSINE_ROAD_MATRIX
RT-PHC-UP-VAR-001-PHC-UP-VAR-002,PHC-UP-VAR-001,PHC Cholapur,PHC-UP-VAR-002,PHC Pindra,25.44,83.05,25.53,82.82,32.2,0.81,CALIBRATED_HAVERSINE_ROAD_MATRIX
RT-PHC-UP-VAR-001-PHC-UP-VAR-003,PHC-UP-VAR-001,PHC Cholapur,PHC-UP-VAR-003,PHC Sevapuri,25.44,83.05,25.32,82.78,38.7,0.97,CALIBRATED_HAVERSINE_ROAD_MATRIX
RT-PHC-UP-VAR-001-PHC-UP-VAR-004,PHC-UP-VAR-001,PHC Cholapur,PHC-UP-VAR-004,PHC Kashi Vidyapeeth,25.44,83.05,25.29,82.97,23.7,0.59,CALIBRATED_HAVERSINE_ROAD_MATRIX
RT-PHC-UP-VAR-001-CHC-UP-VAR-001,PHC-UP-VAR-001,PHC Cholapur,CHC-UP-VAR-001,CHC Misirpur,25.44,83.05,25.34,82.91,22.9,0.57,CALIBRATED_HAVERSINE_ROAD_MATRIX
RT-PHC-UP-VAR-001-DH-UP-VAR-001,PHC-UP-VAR-001,PHC Cholapur,DH-UP-VAR-001,Pandit Deen Dayal Upadhyay District Hospital,25.44,83.05,25.335,82.985,17.1,0.43,CALIBRATED_HAVERSINE_ROAD_MATRIX
RT-PHC-UP-VAR-001-PHC-UP-LUK-001,PHC-UP-VAR-001,PHC Cholapur,PHC-UP-LUK-001,PHC Bakshi Ka Talab,25.44,83.05,26.98,80.92,349.3,6.35,CALIBRATED_HAVERSINE_ROAD_MATRIX
RT-PHC-UP-VAR-001-PHC-UP-LUK-002,PHC-UP-VAR-001,PHC Cholapur,PHC-UP-LUK-002,PHC Malihabad,25.44,83.05,26.92,80.71,365.6,6.65,CALIBRATED_HAVERSINE_ROAD_MATRIX
RT-PHC-UP-VAR-001-PHC-UP-LUK-003,PHC-UP-VAR-001,PHC Cholapur,PHC-UP-LUK-003,PHC Mohanlalganj,25.44,83.05,26.68,80.99,317.0,5.76,CALIBRATED_HAVERSINE_ROAD_MATRIX
RT-PHC-UP-VAR-001-DH-UP-LUK-001,PHC-UP-VAR-001,PHC Cholapur,DH-UP-LUK-001,Balrampur District Hospital Lucknow,25.44,83.05,26.865,80.915,339.9,6.18,CALIBRATED_HAVERSINE_ROAD_MATRIX
RT-PHC-UP-VAR-001-PHC-RJ-JAI-001,PHC-UP-VAR-001,PHC Cholapur,PHC-RJ-JAI-001,PHC Bassi,25.44,83.05,26.83,76.04,917.2,16.68,CALIBRATED_HAVERSINE_ROAD_MATRIX
RT-PHC-UP-VAR-001-PHC-RJ-JAI-002,PHC-UP-VAR-001,PHC Cholapur,PHC-RJ-JAI-002,PHC Chaksu,25.44,83.05,26.6,75.95,922.9,16.78,CALIBRATED_HAVERSINE_ROAD_MATRIX
RT-PHC-UP-VAR-001-PHC-RJ-JAI-003,PHC-UP-VAR-001,PHC Cholapur,PHC-RJ-JAI-003,PHC Amer,25.44,83.05,26.99,75.85,945.3,17.19,CALIBRATED_HAVERSINE_ROAD_MATRIX
RT-PHC-UP-VAR-001-DH-RJ-JAI-001,PHC-UP-VAR-001,PHC Cholapur,DH-RJ-JAI-001,Kanwatia District Hospital Jaipur,25.44,83.05,26.94,75.78,952.6,17.32,CALIBRATED_HAVERSINE_ROAD_MATRIX
RT-PHC-UP-VAR-001-PHC-MH-PUN-001,PHC-UP-VAR-001,PHC Cholapur,PHC-MH-PUN-001,PHC Mulshi,25.44,83.05,18.52,73.51,1597.5,29.05,CALIBRATED_HAVERSINE_ROAD_MATRIX
RT-PHC-UP-VAR-001-PHC-MH-PUN-002,PHC-UP-VAR-001,PHC Cholapur,PHC-MH-PUN-002,PHC Haveli,25.44,83.05,18.45,73.88,1565.9,28.47,CALIBRATED_HAVERSINE_ROAD_MATRIX
RT-PHC-UP-VAR-001-PHC-MH-PUN-003,PHC-UP-VAR-001,PHC Cholapur,PHC-MH-PUN-003,PHC Khed,25.44,83.05,18.84,73.91,1526.9,27.76,CALIBRATED_HAVERSINE_ROAD_MATRIX
RT-PHC-UP-VAR-001-DH-MH-PUN-001,PHC-UP-VAR-001,PHC Cholapur,DH-MH-PUN-001,Aundh District Hospital Pune,25.44,83.05,18.56,73.805,1563.4,28.43,CALIBRATED_HAVERSINE_ROAD_MATRIX
RT-PHC-UP-VAR-001-PHC-KA-BEN-001,PHC-UP-VAR-001,PHC Cholapur,PHC-KA-BEN-001,PHC Yelahanka,25.44,83.05,13.1,77.59,1902.6,34.59,CALIBRATED_HAVERSINE_ROAD_MATRIX
RT-PHC-UP-VAR-001-PHC-KA-BEN-002,PHC-UP-VAR-001,PHC Cholapur,PHC-KA-BEN-002,PHC Anekal,25.44,83.05,12.71,77.69,1949.3,35.44,CALIBRATED_HAVERSINE_ROAD_MATRIX
RT-PHC-UP-VAR-001-PHC-KA-BEN-003,PHC-UP-VAR-001,PHC Cholapur,PHC-KA-BEN-003,PHC Kengeri,25.44,83.05,12.91,77.48,1933.4,35.15,CALIBRATED_HAVERSINE_ROAD_MATRIX
RT-PHC-UP-VAR-001-DH-KA-BEN-001,PHC-UP-VAR-001,PHC Cholapur,DH-KA-BEN-001,KC General District Hospital Malleshwaram,25.44,83.05,12.995,77.57,1917.5,34.86,CALIBRATED_HAVERSINE_ROAD_MATRIX
RT-PHC-UP-VAR-002-PHC-BR-PAT-001,PHC-UP-VAR-002,PHC Pindra,PHC-BR-PAT-001,PHC Bakhtiyarpur,25.53,82.82,25.46,85.53,348.3,6.33,CALIBRATED_HAVERSINE_ROAD_MATRIX
RT-PHC-UP-VAR-002-PHC-BR-PAT-002,PHC-UP-VAR-002,PHC Pindra,PHC-BR-PAT-002,PHC Danapur,25.53,82.82,25.63,85.04,285.4,5.19,CALIBRATED_HAVERSINE_ROAD_MATRIX
RT-PHC-UP-VAR-002-PHC-BR-PAT-003,PHC-UP-VAR-002,PHC Pindra,PHC-BR-PAT-003,PHC Bihta,25.53,82.82,25.56,84.87,263.3,4.79,CALIBRATED_HAVERSINE_ROAD_MATRIX
RT-PHC-UP-VAR-002-PHC-BR-PAT-004,PHC-UP-VAR-002,PHC Pindra,PHC-BR-PAT-004,PHC Fatuha,25.53,82.82,25.5,85.31,319.9,5.82,CALIBRATED_HAVERSINE_ROAD_MATRIX
RT-PHC-UP-VAR-002-PHC-BR-PAT-005,PHC-UP-VAR-002,PHC Pindra,PHC-BR-PAT-005,PHC Mokama,25.53,82.82,25.39,85.92,398.9,7.25,CALIBRATED_HAVERSINE_ROAD_MATRIX
RT-PHC-UP-VAR-002-CHC-BR-PAT-001,PHC-UP-VAR-002,PHC Pindra,CHC-BR-PAT-001,CHC Phulwari Sharif,25.53,82.82,25.58,85.08,290.3,5.28,CALIBRATED_HAVERSINE_ROAD_MATRIX
RT-PHC-UP-VAR-002-DH-BR-PAT-001,PHC-UP-VAR-002,PHC Pindra,DH-BR-PAT-001,District Hospital Gardanibagh,25.53,82.82,25.6,85.12,295.5,5.37,CALIBRATED_HAVERSINE_ROAD_MATRIX
RT-PHC-UP-VAR-002-PHC-BR-GAY-001,PHC-UP-VAR-002,PHC Pindra,PHC-BR-GAY-001,PHC Bodh Gaya,25.53,82.82,24.695,84.991,304.0,5.53,CALIBRATED_HAVERSINE_ROAD_MATRIX
RT-PHC-UP-VAR-002-PHC-BR-GAY-002,PHC-UP-VAR-002,PHC Pindra,PHC-BR-GAY-002,PHC Sherghati,25.53,82.82,24.56,84.79,289.1,5.26,CALIBRATED_HAVERSINE_ROAD_MATRIX
RT-PHC-UP-VAR-002-PHC-BR-GAY-003,PHC-UP-VAR-002,PHC Pindra,PHC-BR-GAY-003,PHC Tekari,25.53,82.82,24.93,84.83,272.5,4.95,CALIBRATED_HAVERSINE_ROAD_MATRIX
RT-PHC-UP-VAR-002-DH-BR-GAY-001,PHC-UP-VAR-002,PHC Pindra,DH-BR-GAY-001,Jay Prakash Narayan District Hospital Gaya,25.53,82.82,24.795,85.0,299.7,5.45,CALIBRATED_HAVERSINE_ROAD_MATRIX
RT-PHC-UP-VAR-002-PHC-UP-VAR-001,PHC-UP-VAR-002,PHC Pindra,PHC-UP-VAR-001,PHC Cholapur,25.53,82.82,25.44,83.05,32.2,0.81,CALIBRATED_HAVERSINE_ROAD_MATRIX
RT-PHC-UP-VAR-002-PHC-UP-VAR-003,PHC-UP-VAR-002,PHC Pindra,PHC-UP-VAR-003,PHC Sevapuri,25.53,82.82,25.32,82.78,30.3,0.76,CALIBRATED_HAVERSINE_ROAD_MATRIX
RT-PHC-UP-VAR-002-PHC-UP-VAR-004,PHC-UP-VAR-002,PHC Pindra,PHC-UP-VAR-004,PHC Kashi Vidyapeeth,25.53,82.82,25.29,82.97,39.2,0.98,CALIBRATED_HAVERSINE_ROAD_MATRIX
RT-PHC-UP-VAR-002-CHC-UP-VAR-001,PHC-UP-VAR-002,PHC Pindra,CHC-UP-VAR-001,CHC Misirpur,25.53,82.82,25.34,82.91,29.4,0.73,CALIBRATED_HAVERSINE_ROAD_MATRIX
RT-PHC-UP-VAR-002-DH-UP-VAR-001,PHC-UP-VAR-002,PHC Pindra,DH-UP-VAR-001,Pandit Deen Dayal Upadhyay District Hospital,25.53,82.82,25.335,82.985,34.9,0.87,CALIBRATED_HAVERSINE_ROAD_MATRIX
RT-PHC-UP-VAR-002-PHC-UP-LUK-001,PHC-UP-VAR-002,PHC Pindra,PHC-UP-LUK-001,PHC Bakshi Ka Talab,25.53,82.82,26.98,80.92,318.4,5.79,CALIBRATED_HAVERSINE_ROAD_MATRIX
RT-PHC-UP-VAR-002-PHC-UP-LUK-002,PHC-UP-VAR-002,PHC Pindra,PHC-UP-LUK-002,PHC Malihabad,25.53,82.82,26.92,80.71,334.2,6.08,CALIBRATED_HAVERSINE_ROAD_MATRIX
RT-PHC-UP-VAR-002-PHC-UP-LUK-003,PHC-UP-VAR-002,PHC Pindra,PHC-UP-LUK-003,PHC Mohanlalganj,25.53,82.82,26.68,80.99,285.5,5.19,CALIBRATED_HAVERSINE_ROAD_MATRIX
RT-PHC-UP-VAR-002-DH-UP-LUK-001,PHC-UP-VAR-002,PHC Pindra,DH-UP-LUK-001,Balrampur District Hospital Lucknow,25.53,82.82,26.865,80.915,308.7,5.61,CALIBRATED_HAVERSINE_ROAD_MATRIX
RT-PHC-UP-VAR-002-PHC-RJ-JAI-001,PHC-UP-VAR-002,PHC Pindra,PHC-RJ-JAI-001,PHC Bassi,25.53,82.82,26.83,76.04,885.4,16.1,CALIBRATED_HAVERSINE_ROAD_MATRIX
RT-PHC-UP-VAR-002-PHC-RJ-JAI-002,PHC-UP-VAR-002,PHC Pindra,PHC-RJ-JAI-002,PHC Chaksu,25.53,82.82,26.6,75.95,891.3,16.21,CALIBRATED_HAVERSINE_ROAD_MATRIX
RT-PHC-UP-VAR-002-PHC-RJ-JAI-003,PHC-UP-VAR-002,PHC Pindra,PHC-RJ-JAI-003,PHC Amer,25.53,82.82,26.99,75.85,913.5,16.61,CALIBRATED_HAVERSINE_ROAD_MATRIX
RT-PHC-UP-VAR-002-DH-RJ-JAI-001,PHC-UP-VAR-002,PHC Pindra,DH-RJ-JAI-001,Kanwatia District Hospital Jaipur,25.53,82.82,26.94,75.78,920.8,16.74,CALIBRATED_HAVERSINE_ROAD_MATRIX
RT-PHC-UP-VAR-002-PHC-MH-PUN-001,PHC-UP-VAR-002,PHC Pindra,PHC-MH-PUN-001,PHC Mulshi,25.53,82.82,18.52,73.51,1581.5,28.75,CALIBRATED_HAVERSINE_ROAD_MATRIX
RT-PHC-UP-VAR-002-PHC-MH-PUN-002,PHC-UP-VAR-002,PHC Pindra,PHC-MH-PUN-002,PHC Haveli,25.53,82.82,18.45,73.88,1550.6,28.19,CALIBRATED_HAVERSINE_ROAD_MATRIX
RT-PHC-UP-VAR-002-PHC-MH-PUN-003,PHC-UP-VAR-002,PHC Pindra,PHC-MH-PUN-003,PHC Khed,25.53,82.82,18.84,73.91,1510.9,27.47,CALIBRATED_HAVERSINE_ROAD_MATRIX
RT-PHC-UP-VAR-002-DH-MH-PUN-001,PHC-UP-VAR-002,PHC Pindra,DH-MH-PUN-001,Aundh District Hospital Pune,25.53,82.82,18.56,73.805,1547.8,28.14,CALIBRATED_HAVERSINE_ROAD_MATRIX
RT-PHC-UP-VAR-002-PHC-KA-BEN-001,PHC-UP-VAR-002,PHC Pindra,PHC-KA-BEN-001,PHC Yelahanka,25.53,82.82,13.1,77.59,1902.8,34.6,CALIBRATED_HAVERSINE_ROAD_MATRIX
RT-PHC-UP-VAR-002-PHC-KA-BEN-002,PHC-UP-VAR-002,PHC Pindra,PHC-KA-BEN-002,PHC Anekal,25.53,82.82,12.71,77.69,1950.0,35.45,CALIBRATED_HAVERSINE_ROAD_MATRIX
RT-PHC-UP-VAR-002-PHC-KA-BEN-003,PHC-UP-VAR-002,PHC Pindra,PHC-KA-BEN-003,PHC Kengeri,25.53,82.82,12.91,77.48,1933.5,35.15,CALIBRATED_HAVERSINE_ROAD_MATRIX
RT-PHC-UP-VAR-002-DH-KA-BEN-001,PHC-UP-VAR-002,PHC Pindra,DH-KA-BEN-001,KC General District Hospital Malleshwaram,25.53,82.82,12.995,77.57,1917.8,34.87,CALIBRATED_HAVERSINE_ROAD_MATRIX
RT-PHC-UP-VAR-003-PHC-BR-PAT-001,PHC-UP-VAR-003,PHC Sevapuri,PHC-BR-PAT-001,PHC Bakhtiyarpur,25.32,82.78,25.46,85.53,354.2,6.44,CALIBRATED_HAVERSINE_ROAD_MATRIX
RT-PHC-UP-VAR-003-PHC-BR-PAT-002,PHC-UP-VAR-003,PHC Sevapuri,PHC-BR-PAT-002,PHC Danapur,25.32,82.78,25.63,85.04,293.7,5.34,CALIBRATED_HAVERSINE_ROAD_MATRIX
RT-PHC-UP-VAR-003-PHC-BR-PAT-003,PHC-UP-VAR-003,PHC Sevapuri,PHC-BR-PAT-003,PHC Bihta,25.32,82.78,25.56,84.87,270.8,4.92,CALIBRATED_HAVERSINE_ROAD_MATRIX
RT-PHC-UP-VAR-003-PHC-BR-PAT-004,PHC-UP-VAR-003,PHC Sevapuri,PHC-BR-PAT-004,PHC Fatuha,25.32,82.78,25.5,85.31,326.3,5.93,CALIBRATED_HAVERSINE_ROAD_MATRIX
RT-PHC-UP-VAR-003-PHC-BR-PAT-005,PHC-UP-VAR-003,PHC Sevapuri,PHC-BR-PAT-005,PHC Mokama,25.32,82.78,25.39,85.92,404.0,7.35,CALIBRATED_HAVERSINE_ROAD_MATRIX
RT-PHC-UP-VAR-003-CHC-BR-PAT-001,PHC-UP-VAR-003,PHC Sevapuri,CHC-BR-PAT-001,CHC Phulwari Sharif,25.32,82.78,25.58,85.08,297.9,5.42,CALIBRATED_HAVERSINE_ROAD_MATRIX
RT-PHC-UP-VAR-003-DH-BR-PAT-001,PHC-UP-VAR-003,PHC Sevapuri,DH-BR-PAT-001,District Hospital Gardanibagh,25.32,82.78,25.6,85.12,303.3,5.51,CALIBRATED_HAVERSINE_ROAD_MATRIX
RT-PHC-UP-VAR-003-PHC-BR-GAY-001,PHC-UP-VAR-003,PHC Sevapuri,PHC-BR-GAY-001,PHC Bodh Gaya,25.32,82.78,24.695,84.991,298.7,5.43,CALIBRATED_HAVERSINE_ROAD_MATRIX
RT-PHC-UP-VAR-003-PHC-BR-GAY-002,PHC-UP-VAR-003,PHC Sevapuri,PHC-BR-GAY-002,PHC Sherghati,25.32,82.78,24.56,84.79,281.0,5.11,CALIBRATED_HAVERSINE_ROAD_MATRIX
RT-PHC-UP-VAR-003-PHC-BR-GAY-003,PHC-UP-VAR-003,PHC Sevapuri,PHC-BR-GAY-003,PHC Tekari,25.32,82.78,24.93,84.83,269.9,4.91,CALIBRATED_HAVERSINE_ROAD_MATRIX
RT-PHC-UP-VAR-003-DH-BR-GAY-001,PHC-UP-VAR-003,PHC Sevapuri,DH-BR-GAY-001,Jay Prakash Narayan District Hospital Gaya,25.32,82.78,24.795,85.0,295.8,5.38,CALIBRATED_HAVERSINE_ROAD_MATRIX
RT-PHC-UP-VAR-003-PHC-UP-VAR-001,PHC-UP-VAR-003,PHC Sevapuri,PHC-UP-VAR-001,PHC Cholapur,25.32,82.78,25.44,83.05,38.7,0.97,CALIBRATED_HAVERSINE_ROAD_MATRIX
RT-PHC-UP-VAR-003-PHC-UP-VAR-002,PHC-UP-VAR-003,PHC Sevapuri,PHC-UP-VAR-002,PHC Pindra,25.32,82.78,25.53,82.82,30.3,0.76,CALIBRATED_HAVERSINE_ROAD_MATRIX
RT-PHC-UP-VAR-003-PHC-UP-VAR-004,PHC-UP-VAR-003,PHC Sevapuri,PHC-UP-VAR-004,PHC Kashi Vidyapeeth,25.32,82.78,25.29,82.97,24.8,0.62,CALIBRATED_HAVERSINE_ROAD_MATRIX
RT-PHC-UP-VAR-003-CHC-UP-VAR-001,PHC-UP-VAR-003,PHC Sevapuri,CHC-UP-VAR-001,CHC Misirpur,25.32,82.78,25.34,82.91,17.0,0.42,CALIBRATED_HAVERSINE_ROAD_MATRIX
RT-PHC-UP-VAR-003-DH-UP-VAR-001,PHC-UP-VAR-003,PHC Sevapuri,DH-UP-VAR-001,Pandit Deen Dayal Upadhyay District Hospital,25.32,82.78,25.335,82.985,26.5,0.66,CALIBRATED_HAVERSINE_ROAD_MATRIX
RT-PHC-UP-VAR-003-PHC-UP-LUK-001,PHC-UP-VAR-003,PHC Sevapuri,PHC-UP-LUK-001,PHC Bakshi Ka Talab,25.32,82.78,26.98,80.92,335.1,6.09,CALIBRATED_HAVERSINE_ROAD_MATRIX
RT-PHC-UP-VAR-003-PHC-UP-LUK-002,PHC-UP-VAR-003,PHC Sevapuri,PHC-UP-LUK-002,PHC Malihabad,25.32,82.78,26.92,80.71,349.0,6.35,CALIBRATED_HAVERSINE_ROAD_MATRIX
RT-PHC-UP-VAR-003-PHC-UP-LUK-003,PHC-UP-VAR-003,PHC Sevapuri,PHC-UP-LUK-003,PHC Mohanlalganj,25.32,82.78,26.68,80.99,299.8,5.45,CALIBRATED_HAVERSINE_ROAD_MATRIX
RT-PHC-UP-VAR-003-DH-UP-LUK-001,PHC-UP-VAR-003,PHC Sevapuri,DH-UP-LUK-001,Balrampur District Hospital Lucknow,25.32,82.78,26.865,80.915,324.3,5.9,CALIBRATED_HAVERSINE_ROAD_MATRIX
RT-PHC-UP-VAR-003-PHC-RJ-JAI-001,PHC-UP-VAR-003,PHC Sevapuri,PHC-RJ-JAI-001,PHC Bassi,25.32,82.78,26.83,76.04,887.9,16.14,CALIBRATED_HAVERSINE_ROAD_MATRIX
RT-PHC-UP-VAR-003-PHC-RJ-JAI-002,PHC-UP-VAR-003,PHC Sevapuri,PHC-RJ-JAI-002,PHC Chaksu,25.32,82.78,26.6,75.95,892.7,16.23,CALIBRATED_HAVERSINE_ROAD_MATRIX
RT-PHC-UP-VAR-003-PHC-RJ-JAI-003,PHC-UP-VAR-003,PHC Sevapuri,PHC-RJ-JAI-003,PHC Amer,25.32,82.78,26.99,75.85,916.5,16.66,CALIBRATED_HAVERSINE_ROAD_MATRIX
RT-PHC-UP-VAR-003-DH-RJ-JAI-001,PHC-UP-VAR-003,PHC Sevapuri,DH-RJ-JAI-001,Kanwatia District Hospital Jaipur,25.32,82.78,26.94,75.78,923.6,16.79,CALIBRATED_HAVERSINE_ROAD_MATRIX
RT-PHC-UP-VAR-003-PHC-MH-PUN-001,PHC-UP-VAR-003,PHC Sevapuri,PHC-MH-PUN-001,PHC Mulshi,25.32,82.78,18.52,73.51,1559.4,28.35,CALIBRATED_HAVERSINE_ROAD_MATRIX
RT-PHC-UP-VAR-003-PHC-MH-PUN-002,PHC-UP-VAR-003,PHC Sevapuri,PHC-MH-PUN-002,PHC Haveli,25.32,82.78,18.45,73.88,1528.0,27.78,CALIBRATED_HAVERSINE_ROAD_MATRIX
RT-PHC-UP-VAR-003-PHC-MH-PUN-003,PHC-UP-VAR-003,PHC Sevapuri,PHC-MH-PUN-003,PHC Khed,25.32,82.78,18.84,73.91,1488.8,27.07,CALIBRATED_HAVERSINE_ROAD_MATRIX
RT-PHC-UP-VAR-003-DH-MH-PUN-001,PHC-UP-VAR-003,PHC Sevapuri,DH-MH-PUN-001,Aundh District Hospital Pune,25.32,82.78,18.56,73.805,1525.4,27.73,CALIBRATED_HAVERSINE_ROAD_MATRIX
RT-PHC-UP-VAR-003-PHC-KA-BEN-001,PHC-UP-VAR-003,PHC Sevapuri,PHC-KA-BEN-001,PHC Yelahanka,25.32,82.78,13.1,77.59,1873.3,34.06,CALIBRATED_HAVERSINE_ROAD_MATRIX
RT-PHC-UP-VAR-003-PHC-KA-BEN-002,PHC-UP-VAR-003,PHC Sevapuri,PHC-KA-BEN-002,PHC Anekal,25.32,82.78,12.71,77.69,1920.3,34.91,CALIBRATED_HAVERSINE_ROAD_MATRIX
RT-PHC-UP-VAR-003-PHC-KA-BEN-003,PHC-UP-VAR-003,PHC Sevapuri,PHC-KA-BEN-003,PHC Kengeri,25.32,82.78,12.91,77.48,1904.0,34.62,CALIBRATED_HAVERSINE_ROAD_MATRIX
RT-PHC-UP-VAR-003-DH-KA-BEN-001,PHC-UP-VAR-003,PHC Sevapuri,DH-KA-BEN-001,KC General District Hospital Malleshwaram,25.32,82.78,12.995,77.57,1888.2,34.33,CALIBRATED_HAVERSINE_ROAD_MATRIX
RT-PHC-UP-VAR-004-PHC-BR-PAT-001,PHC-UP-VAR-004,PHC Kashi Vidyapeeth,PHC-BR-PAT-001,PHC Bakhtiyarpur,25.29,82.97,25.46,85.53,330.1,6.0,CALIBRATED_HAVERSINE_ROAD_MATRIX
RT-PHC-UP-VAR-004-PHC-BR-PAT-002,PHC-UP-VAR-004,PHC Kashi Vidyapeeth,PHC-BR-PAT-002,PHC Danapur,25.29,82.97,25.63,85.04,270.4,4.92,CALIBRATED_HAVERSINE_ROAD_MATRIX
RT-PHC-UP-VAR-004-PHC-BR-PAT-003,PHC-UP-VAR-004,PHC Kashi Vidyapeeth,PHC-BR-PAT-003,PHC Bihta,25.29,82.97,25.56,84.87,247.2,4.49,CALIBRATED_HAVERSINE_ROAD_MATRIX
RT-PHC-UP-VAR-004-PHC-BR-PAT-004,PHC-UP-VAR-004,PHC Kashi Vidyapeeth,PHC-BR-PAT-004,PHC Fatuha,25.29,82.97,25.5,85.31,302.3,5.5,CALIBRATED_HAVERSINE_ROAD_MATRIX
RT-PHC-UP-VAR-004-PHC-BR-PAT-005,PHC-UP-VAR-004,PHC Kashi Vidyapeeth,PHC-BR-PAT-005,PHC Mokama,25.29,82.97,25.39,85.92,379.7,6.9,CALIBRATED_HAVERSINE_ROAD_MATRIX
RT-PHC-UP-VAR-004-CHC-BR-PAT-001,PHC-UP-VAR-004,PHC Kashi Vidyapeeth,CHC-BR-PAT-001,CHC Phulwari Sharif,25.29,82.97,25.58,85.08,274.3,4.99,CALIBRATED_HAVERSINE_ROAD_MATRIX
RT-PHC-UP-VAR-004-DH-BR-PAT-001,PHC-UP-VAR-004,PHC Kashi Vidyapeeth,DH-BR-PAT-001,District Hospital Gardanibagh,25.29,82.97,25.6,85.12,279.8,5.09,CALIBRATED_HAVERSINE_ROAD_MATRIX
RT-PHC-UP-VAR-004-PHC-BR-GAY-001,PHC-UP-VAR-004,PHC Kashi Vidyapeeth,PHC-BR-GAY-001,PHC Bodh Gaya,25.29,82.97,24.695,84.991,274.1,4.98,CALIBRATED_HAVERSINE_ROAD_MATRIX
RT-PHC-UP-VAR-004-PHC-BR-GAY-002,PHC-UP-VAR-004,PHC Kashi Vidyapeeth,PHC-BR-GAY-002,PHC Sherghati,25.29,82.97,24.56,84.79,256.9,4.67,CALIBRATED_HAVERSINE_ROAD_MATRIX
RT-PHC-UP-VAR-004-PHC-BR-GAY-003,PHC-UP-VAR-004,PHC Kashi Vidyapeeth,PHC-BR-GAY-003,PHC Tekari,25.29,82.97,24.93,84.83,245.1,4.46,CALIBRATED_HAVERSINE_ROAD_MATRIX
RT-PHC-UP-VAR-004-DH-BR-GAY-001,PHC-UP-VAR-004,PHC Kashi Vidyapeeth,DH-BR-GAY-001,Jay Prakash Narayan District Hospital Gaya,25.29,82.97,24.795,85.0,271.1,4.93,CALIBRATED_HAVERSINE_ROAD_MATRIX
RT-PHC-UP-VAR-004-PHC-UP-VAR-001,PHC-UP-VAR-004,PHC Kashi Vidyapeeth,PHC-UP-VAR-001,PHC Cholapur,25.29,82.97,25.44,83.05,23.7,0.59,CALIBRATED_HAVERSINE_ROAD_MATRIX
RT-PHC-UP-VAR-004-PHC-UP-VAR-002,PHC-UP-VAR-004,PHC Kashi Vidyapeeth,PHC-UP-VAR-002,PHC Pindra,25.29,82.97,25.53,82.82,39.2,0.98,CALIBRATED_HAVERSINE_ROAD_MATRIX
RT-PHC-UP-VAR-004-PHC-UP-VAR-003,PHC-UP-VAR-004,PHC Kashi Vidyapeeth,PHC-UP-VAR-003,PHC Sevapuri,25.29,82.97,25.32,82.78,24.8,0.62,CALIBRATED_HAVERSINE_ROAD_MATRIX
RT-PHC-UP-VAR-004-CHC-UP-VAR-001,PHC-UP-VAR-004,PHC Kashi Vidyapeeth,CHC-UP-VAR-001,CHC Misirpur,25.29,82.97,25.34,82.91,10.5,0.26,CALIBRATED_HAVERSINE_ROAD_MATRIX
RT-PHC-UP-VAR-004-DH-UP-VAR-001,PHC-UP-VAR-004,PHC Kashi Vidyapeeth,DH-UP-VAR-001,Pandit Deen Dayal Upadhyay District Hospital,25.29,82.97,25.335,82.985,6.7,0.17,CALIBRATED_HAVERSINE_ROAD_MATRIX
RT-PHC-UP-VAR-004-PHC-UP-LUK-001,PHC-UP-VAR-004,PHC Kashi Vidyapeeth,PHC-UP-LUK-001,PHC Bakshi Ka Talab,25.29,82.97,26.98,80.92,355.6,6.47,CALIBRATED_HAVERSINE_ROAD_MATRIX
RT-PHC-UP-VAR-004-PHC-UP-LUK-002,PHC-UP-VAR-004,PHC Kashi Vidyapeeth,PHC-UP-LUK-002,PHC Malihabad,25.29,82.97,26.92,80.71,370.5,6.74,CALIBRATED_HAVERSINE_ROAD_MATRIX
RT-PHC-UP-VAR-004-PHC-UP-LUK-003,PHC-UP-VAR-004,PHC Kashi Vidyapeeth,PHC-UP-LUK-003,PHC Mohanlalganj,25.29,82.97,26.68,80.99,321.4,5.84,CALIBRATED_HAVERSINE_ROAD_MATRIX
RT-PHC-UP-VAR-004-DH-UP-LUK-001,PHC-UP-VAR-004,PHC Kashi Vidyapeeth,DH-UP-LUK-001,Balrampur District Hospital Lucknow,25.29,82.97,26.865,80.915,345.3,6.28,CALIBRATED_HAVERSINE_ROAD_MATRIX
RT-PHC-UP-VAR-004-PHC-RJ-JAI-001,PHC-UP-VAR-004,PHC Kashi Vidyapeeth,PHC-RJ-JAI-001,PHC Bassi,25.29,82.97,26.83,76.04,912.6,16.59,CALIBRATED_HAVERSINE_ROAD_MATRIX
RT-PHC-UP-VAR-004-PHC-RJ-JAI-002,PHC-UP-VAR-004,PHC Kashi Vidyapeeth,PHC-RJ-JAI-002,PHC Chaksu,25.29,82.97,26.6,75.95,917.5,16.68,CALIBRATED_HAVERSINE_ROAD_MATRIX
RT-PHC-UP-VAR-004-PHC-RJ-JAI-003,PHC-UP-VAR-004,PHC Kashi Vidyapeeth,PHC-RJ-JAI-003,PHC Amer,25.29,82.97,26.99,75.85,941.2,17.11,CALIBRATED_HAVERSINE_ROAD_MATRIX
RT-PHC-UP-VAR-004-DH-RJ-JAI-001,PHC-UP-VAR-004,PHC Kashi Vidyapeeth,DH-RJ-JAI-001,Kanwatia District Hospital Jaipur,25.29,82.97,26.94,75.78,948.2,17.24,CALIBRATED_HAVERSINE_ROAD_MATRIX
RT-PHC-UP-VAR-004-PHC-MH-PUN-001,PHC-UP-VAR-004,PHC Kashi Vidyapeeth,PHC-MH-PUN-001,PHC Mulshi,25.29,82.97,18.52,73.51,1576.7,28.67,CALIBRATED_HAVERSINE_ROAD_MATRIX
RT-PHC-UP-VAR-004-PHC-MH-PUN-002,PHC-UP-VAR-004,PHC Kashi Vidyapeeth,PHC-MH-PUN-002,PHC Haveli,25.29,82.97,18.45,73.88,1544.8,28.09,CALIBRATED_HAVERSINE_ROAD_MATRIX
RT-PHC-UP-VAR-004-PHC-MH-PUN-003,PHC-UP-VAR-004,PHC Kashi Vidyapeeth,PHC-MH-PUN-003,PHC Khed,25.29,82.97,18.84,73.91,1506.1,27.38,CALIBRATED_HAVERSINE_ROAD_MATRIX
RT-PHC-UP-VAR-004-DH-MH-PUN-001,PHC-UP-VAR-004,PHC Kashi Vidyapeeth,DH-MH-PUN-001,Aundh District Hospital Pune,25.29,82.97,18.56,73.805,1542.4,28.04,CALIBRATED_HAVERSINE_ROAD_MATRIX
RT-PHC-UP-VAR-004-PHC-KA-BEN-001,PHC-UP-VAR-004,PHC Kashi Vidyapeeth,PHC-KA-BEN-001,PHC Yelahanka,25.29,82.97,13.1,77.59,1878.9,34.16,CALIBRATED_HAVERSINE_ROAD_MATRIX
RT-PHC-UP-VAR-004-PHC-KA-BEN-002,PHC-UP-VAR-004,PHC Kashi Vidyapeeth,PHC-KA-BEN-002,PHC Anekal,25.29,82.97,12.71,77.69,1925.6,35.01,CALIBRATED_HAVERSINE_ROAD_MATRIX
RT-PHC-UP-VAR-004-PHC-KA-BEN-003,PHC-UP-VAR-004,PHC Kashi Vidyapeeth,PHC-KA-BEN-003,PHC Kengeri,25.29,82.97,12.91,77.48,1909.7,34.72,CALIBRATED_HAVERSINE_ROAD_MATRIX
RT-PHC-UP-VAR-004-DH-KA-BEN-001,PHC-UP-VAR-004,PHC Kashi Vidyapeeth,DH-KA-BEN-001,KC General District Hospital Malleshwaram,25.29,82.97,12.995,77.57,1893.9,34.43,CALIBRATED_HAVERSINE_ROAD_MATRIX
RT-CHC-UP-VAR-001-PHC-BR-PAT-001,CHC-UP-VAR-001,CHC Misirpur,PHC-BR-PAT-001,PHC Bakhtiyarpur,25.34,82.91,25.46,85.53,337.3,6.13,CALIBRATED_HAVERSINE_ROAD_MATRIX
RT-CHC-UP-VAR-001-PHC-BR-PAT-002,CHC-UP-VAR-001,CHC Misirpur,PHC-BR-PAT-002,PHC Danapur,25.34,82.91,25.63,85.04,276.8,5.03,CALIBRATED_HAVERSINE_ROAD_MATRIX
RT-CHC-UP-VAR-001-PHC-BR-PAT-003,CHC-UP-VAR-001,CHC Misirpur,PHC-BR-PAT-003,PHC Bihta,25.34,82.91,25.56,84.87,253.8,4.61,CALIBRATED_HAVERSINE_ROAD_MATRIX
RT-CHC-UP-VAR-001-PHC-BR-PAT-004,CHC-UP-VAR-001,CHC Misirpur,PHC-BR-PAT-004,PHC Fatuha,25.34,82.91,25.5,85.31,309.4,5.63,CALIBRATED_HAVERSINE_ROAD_MATRIX
RT-CHC-UP-VAR-001-PHC-BR-PAT-005,CHC-UP-VAR-001,CHC Misirpur,PHC-BR-PAT-005,PHC Mokama,25.34,82.91,25.39,85.92,387.2,7.04,CALIBRATED_HAVERSINE_ROAD_MATRIX
RT-CHC-UP-VAR-001-CHC-BR-PAT-001,CHC-UP-VAR-001,CHC Misirpur,CHC-BR-PAT-001,CHC Phulwari Sharif,25.34,82.91,25.58,85.08,280.9,5.11,CALIBRATED_HAVERSINE_ROAD_MATRIX
RT-CHC-UP-VAR-001-DH-BR-PAT-001,CHC-UP-VAR-001,CHC Misirpur,DH-BR-PAT-001,District Hospital Gardanibagh,25.34,82.91,25.6,85.12,286.4,5.21,CALIBRATED_HAVERSINE_ROAD_MATRIX
RT-CHC-UP-VAR-001-PHC-BR-GAY-001,CHC-UP-VAR-001,CHC Misirpur,PHC-BR-GAY-001,PHC Bodh Gaya,25.34,82.91,24.695,84.991,283.7,5.16,CALIBRATED_HAVERSINE_ROAD_MATRIX
RT-CHC-UP-VAR-001-PHC-BR-GAY-002,CHC-UP-VAR-001,CHC Misirpur,PHC-BR-GAY-002,PHC Sherghati,25.34,82.91,24.56,84.79,266.8,4.85,CALIBRATED_HAVERSINE_ROAD_MATRIX
RT-CHC-UP-VAR-001-PHC-BR-GAY-003,CHC-UP-VAR-001,CHC Misirpur,PHC-BR-GAY-003,PHC Tekari,25.34,82.91,24.93,84.83,254.2,4.62,CALIBRATED_HAVERSINE_ROAD_MATRIX
RT-CHC-UP-VAR-001-DH-BR-GAY-001,CHC-UP-VAR-001,CHC Misirpur,DH-BR-GAY-001,Jay Prakash Narayan District Hospital Gaya,25.34,82.91,24.795,85.0,280.4,5.1,CALIBRATED_HAVERSINE_ROAD_MATRIX
RT-CHC-UP-VAR-001-PHC-UP-VAR-001,CHC-UP-VAR-001,CHC Misirpur,PHC-UP-VAR-001,PHC Cholapur,25.34,82.91,25.44,83.05,22.9,0.57,CALIBRATED_HAVERSINE_ROAD_MATRIX
RT-CHC-UP-VAR-001-PHC-UP-VAR-002,CHC-UP-VAR-001,CHC Misirpur,PHC-UP-VAR-002,PHC Pindra,25.34,82.91,25.53,82.82,29.4,0.73,CALIBRATED_HAVERSINE_ROAD_MATRIX
RT-CHC-UP-VAR-001-PHC-UP-VAR-003,CHC-UP-VAR-001,CHC Misirpur,PHC-UP-VAR-003,PHC Sevapuri,25.34,82.91,25.32,82.78,17.0,0.42,CALIBRATED_HAVERSINE_ROAD_MATRIX
RT-CHC-UP-VAR-001-PHC-UP-VAR-004,CHC-UP-VAR-001,CHC Misirpur,PHC-UP-VAR-004,PHC Kashi Vidyapeeth,25.34,82.91,25.29,82.97,10.5,0.26,CALIBRATED_HAVERSINE_ROAD_MATRIX
RT-CHC-UP-VAR-001-DH-UP-VAR-001,CHC-UP-VAR-001,CHC Misirpur,DH-UP-VAR-001,Pandit Deen Dayal Upadhyay District Hospital,25.34,82.91,25.335,82.985,9.7,0.24,CALIBRATED_HAVERSINE_ROAD_MATRIX
RT-CHC-UP-VAR-001-PHC-UP-LUK-001,CHC-UP-VAR-001,CHC Misirpur,PHC-UP-LUK-001,PHC Bakshi Ka Talab,25.34,82.91,26.98,80.92,345.1,6.27,CALIBRATED_HAVERSINE_ROAD_MATRIX
RT-CHC-UP-VAR-001-PHC-UP-LUK-002,CHC-UP-VAR-001,CHC Misirpur,PHC-UP-LUK-002,PHC Malihabad,25.34,82.91,26.92,80.71,360.0,6.55,CALIBRATED_HAVERSINE_ROAD_MATRIX
RT-CHC-UP-VAR-001-PHC-UP-LUK-003,CHC-UP-VAR-001,CHC Misirpur,PHC-UP-LUK-003,PHC Mohanlalganj,25.34,82.91,26.68,80.99,310.9,5.65,CALIBRATED_HAVERSINE_ROAD_MATRIX
RT-CHC-UP-VAR-001-DH-UP-LUK-001,CHC-UP-VAR-001,CHC Misirpur,DH-UP-LUK-001,Balrampur District Hospital Lucknow,25.34,82.91,26.865,80.915,334.8,6.09,CALIBRATED_HAVERSINE_ROAD_MATRIX
RT-CHC-UP-VAR-001-PHC-RJ-JAI-001,CHC-UP-VAR-001,CHC Misirpur,PHC-RJ-JAI-001,PHC Bassi,25.34,82.91,26.83,76.04,903.3,16.42,CALIBRATED_HAVERSINE_ROAD_MATRIX
RT-CHC-UP-VAR-001-PHC-RJ-JAI-002,CHC-UP-VAR-001,CHC Misirpur,PHC-RJ-JAI-002,PHC Chaksu,25.34,82.91,26.6,75.95,908.3,16.51,CALIBRATED_HAVERSINE_ROAD_MATRIX
RT-CHC-UP-VAR-001-PHC-RJ-JAI-003,CHC-UP-VAR-001,CHC Misirpur,PHC-RJ-JAI-003,PHC Amer,25.34,82.91,26.99,75.85,931.8,16.94,CALIBRATED_HAVERSINE_ROAD_MATRIX
RT-CHC-UP-VAR-001-DH-RJ-JAI-001,CHC-UP-VAR-001,CHC Misirpur,DH-RJ-JAI-001,Kanwatia District Hospital Jaipur,25.34,82.91,26.94,75.78,938.9,17.07,CALIBRATED_HAVERSINE_ROAD_MATRIX
RT-CHC-UP-VAR-001-PHC-MH-PUN-001,CHC-UP-VAR-001,CHC Misirpur,PHC-MH-PUN-001,PHC Mulshi,25.34,82.91,18.52,73.51,1574.6,28.63,CALIBRATED_HAVERSINE_ROAD_MATRIX
RT-CHC-UP-VAR-001-PHC-MH-PUN-002,CHC-UP-VAR-001,CHC Misirpur,PHC-MH-PUN-002,PHC Haveli,25.34,82.91,18.45,73.88,1543.0,28.05,CALIBRATED_HAVERSINE_ROAD_MATRIX
RT-CHC-UP-VAR-001-PHC-MH-PUN-003,CHC-UP-VAR-001,CHC Misirpur,PHC-MH-PUN-003,PHC Khed,25.34,82.91,18.84,73.91,1504.0,27.35,CALIBRATED_HAVERSINE_ROAD_MATRIX
RT-CHC-UP-VAR-001-DH-MH-PUN-001,CHC-UP-VAR-001,CHC Misirpur,DH-MH-PUN-001,Aundh District Hospital Pune,25.34,82.91,18.56,73.805,1540.5,28.01,CALIBRATED_HAVERSINE_ROAD_MATRIX
RT-CHC-UP-VAR-001-PHC-KA-BEN-001,CHC-UP-VAR-001,CHC Misirpur,PHC-KA-BEN-001,PHC Yelahanka,25.34,82.91,13.1,77.59,1882.4,34.23,CALIBRATED_HAVERSINE_ROAD_MATRIX
RT-CHC-UP-VAR-001-PHC-KA-BEN-002,CHC-UP-VAR-001,CHC Misirpur,PHC-KA-BEN-002,PHC Anekal,25.34,82.91,12.71,77.69,1929.3,35.08,CALIBRATED_HAVERSINE_ROAD_MATRIX
RT-CHC-UP-VAR-001-PHC-KA-BEN-003,CHC-UP-VAR-001,CHC Misirpur,PHC-KA-BEN-003,PHC Kengeri,25.34,82.91,12.91,77.48,1913.2,34.79,CALIBRATED_HAVERSINE_ROAD_MATRIX
RT-CHC-UP-VAR-001-DH-KA-BEN-001,CHC-UP-VAR-001,CHC Misirpur,DH-KA-BEN-001,KC General District Hospital Malleshwaram,25.34,82.91,12.995,77.57,1897.3,34.5,CALIBRATED_HAVERSINE_ROAD_MATRIX
RT-DH-UP-VAR-001-PHC-BR-PAT-001,DH-UP-VAR-001,Pandit Deen Dayal Upadhyay District Hospital,PHC-BR-PAT-001,PHC Bakhtiyarpur,25.335,82.985,25.46,85.53,327.7,5.96,CALIBRATED_HAVERSINE_ROAD_MATRIX
RT-DH-UP-VAR-001-PHC-BR-PAT-002,DH-UP-VAR-001,Pandit Deen Dayal Upadhyay District Hospital,PHC-BR-PAT-002,PHC Danapur,25.335,82.985,25.63,85.04,267.3,4.86,CALIBRATED_HAVERSINE_ROAD_MATRIX
RT-DH-UP-VAR-001-PHC-BR-PAT-003,DH-UP-VAR-001,Pandit Deen Dayal Upadhyay District Hospital,PHC-BR-PAT-003,PHC Bihta,25.335,82.985,25.56,84.87,244.4,4.44,CALIBRATED_HAVERSINE_ROAD_MATRIX
RT-DH-UP-VAR-001-PHC-BR-PAT-004,DH-UP-VAR-001,Pandit Deen Dayal Upadhyay District Hospital,PHC-BR-PAT-004,PHC Fatuha,25.335,82.985,25.5,85.31,299.8,5.45,CALIBRATED_HAVERSINE_ROAD_MATRIX
RT-DH-UP-VAR-001-PHC-BR-PAT-005,DH-UP-VAR-001,Pandit Deen Dayal Upadhyay District Hospital,PHC-BR-PAT-005,PHC Mokama,25.335,82.985,25.39,85.92,377.5,6.86,CALIBRATED_HAVERSINE_ROAD_MATRIX
RT-DH-UP-VAR-001-CHC-BR-PAT-001,DH-UP-VAR-001,Pandit Deen Dayal Upadhyay District Hospital,CHC-BR-PAT-001,CHC Phulwari Sharif,25.335,82.985,25.58,85.08,271.5,4.94,CALIBRATED_HAVERSINE_ROAD_MATRIX
RT-DH-UP-VAR-001-DH-BR-PAT-001,DH-UP-VAR-001,Pandit Deen Dayal Upadhyay District Hospital,DH-BR-PAT-001,District Hospital Gardanibagh,25.335,82.985,25.6,85.12,276.9,5.03,CALIBRATED_HAVERSINE_ROAD_MATRIX
RT-DH-UP-VAR-001-PHC-BR-GAY-001,DH-UP-VAR-001,Pandit Deen Dayal Upadhyay District Hospital,PHC-BR-GAY-001,PHC Bodh Gaya,25.335,82.985,24.695,84.991,274.3,4.99,CALIBRATED_HAVERSINE_ROAD_MATRIX
RT-DH-UP-VAR-001-PHC-BR-GAY-002,DH-UP-VAR-001,Pandit Deen Dayal Upadhyay District Hospital,PHC-BR-GAY-002,PHC Sherghati,25.335,82.985,24.56,84.79,257.7,4.69,CALIBRATED_HAVERSINE_ROAD_MATRIX
RT-DH-UP-VAR-001-PHC-BR-GAY-003,DH-UP-VAR-001,Pandit Deen Dayal Upadhyay District Hospital,PHC-BR-GAY-003,PHC Tekari,25.335,82.985,24.93,84.83,244.6,4.45,CALIBRATED_HAVERSINE_ROAD_MATRIX
RT-DH-UP-VAR-001-DH-BR-GAY-001,DH-UP-VAR-001,Pandit Deen Dayal Upadhyay District Hospital,DH-BR-GAY-001,Jay Prakash Narayan District Hospital Gaya,25.335,82.985,24.795,85.0,270.9,4.93,CALIBRATED_HAVERSINE_ROAD_MATRIX
RT-DH-UP-VAR-001-PHC-UP-VAR-001,DH-UP-VAR-001,Pandit Deen Dayal Upadhyay District Hospital,PHC-UP-VAR-001,PHC Cholapur,25.335,82.985,25.44,83.05,17.1,0.43,CALIBRATED_HAVERSINE_ROAD_MATRIX
RT-DH-UP-VAR-001-PHC-UP-VAR-002,DH-UP-VAR-001,Pandit Deen Dayal Upadhyay District Hospital,PHC-UP-VAR-002,PHC Pindra,25.335,82.985,25.53,82.82,34.9,0.87,CALIBRATED_HAVERSINE_ROAD_MATRIX
RT-DH-UP-VAR-001-PHC-UP-VAR-003,DH-UP-VAR-001,Pandit Deen Dayal Upadhyay District Hospital,PHC-UP-VAR-003,PHC Sevapuri,25.335,82.985,25.32,82.78,26.5,0.66,CALIBRATED_HAVERSINE_ROAD_MATRIX
RT-DH-UP-VAR-001-PHC-UP-VAR-004,DH-UP-VAR-001,Pandit Deen Dayal Upadhyay District Hospital,PHC-UP-VAR-004,PHC Kashi Vidyapeeth,25.335,82.985,25.29,82.97,6.7,0.17,CALIBRATED_HAVERSINE_ROAD_MATRIX
RT-DH-UP-VAR-001-CHC-UP-VAR-001,DH-UP-VAR-001,Pandit Deen Dayal Upadhyay District Hospital,CHC-UP-VAR-001,CHC Misirpur,25.335,82.985,25.34,82.91,9.7,0.24,CALIBRATED_HAVERSINE_ROAD_MATRIX
RT-DH-UP-VAR-001-PHC-UP-LUK-001,DH-UP-VAR-001,Pandit Deen Dayal Upadhyay District Hospital,PHC-UP-LUK-001,PHC Bakshi Ka Talab,25.335,82.985,26.98,80.92,352.7,6.41,CALIBRATED_HAVERSINE_ROAD_MATRIX
RT-DH-UP-VAR-001-PHC-UP-LUK-002,DH-UP-VAR-001,Pandit Deen Dayal Upadhyay District Hospital,PHC-UP-LUK-002,PHC Malihabad,25.335,82.985,26.92,80.71,368.0,6.69,CALIBRATED_HAVERSINE_ROAD_MATRIX
RT-DH-UP-VAR-001-PHC-UP-LUK-003,DH-UP-VAR-001,Pandit Deen Dayal Upadhyay District Hospital,PHC-UP-LUK-003,PHC Mohanlalganj,25.335,82.985,26.68,80.99,319.0,5.8,CALIBRATED_HAVERSINE_ROAD_MATRIX
RT-DH-UP-VAR-001-DH-UP-LUK-001,DH-UP-VAR-001,Pandit Deen Dayal Upadhyay District Hospital,DH-UP-LUK-001,Balrampur District Hospital Lucknow,25.335,82.985,26.865,80.915,342.7,6.23,CALIBRATED_HAVERSINE_ROAD_MATRIX
RT-DH-UP-VAR-001-PHC-RJ-JAI-001,DH-UP-VAR-001,Pandit Deen Dayal Upadhyay District Hospital,PHC-RJ-JAI-001,PHC Bassi,25.335,82.985,26.83,76.04,912.8,16.6,CALIBRATED_HAVERSINE_ROAD_MATRIX
RT-DH-UP-VAR-001-PHC-RJ-JAI-002,DH-UP-VAR-001,Pandit Deen Dayal Upadhyay District Hospital,PHC-RJ-JAI-002,PHC Chaksu,25.335,82.985,26.6,75.95,917.9,16.69,CALIBRATED_HAVERSINE_ROAD_MATRIX
RT-DH-UP-VAR-001-PHC-RJ-JAI-003,DH-UP-VAR-001,Pandit Deen Dayal Upadhyay District Hospital,PHC-RJ-JAI-003,PHC Amer,25.335,82.985,26.99,75.85,941.3,17.11,CALIBRATED_HAVERSINE_ROAD_MATRIX
RT-DH-UP-VAR-001-DH-RJ-JAI-001,DH-UP-VAR-001,Pandit Deen Dayal Upadhyay District Hospital,DH-RJ-JAI-001,Kanwatia District Hospital Jaipur,25.335,82.985,26.94,75.78,948.4,17.24,CALIBRATED_HAVERSINE_ROAD_MATRIX
RT-DH-UP-VAR-001-PHC-MH-PUN-001,DH-UP-VAR-001,Pandit Deen Dayal Upadhyay District Hospital,PHC-MH-PUN-001,PHC Mulshi,25.335,82.985,18.52,73.51,1582.0,28.76,CALIBRATED_HAVERSINE_ROAD_MATRIX
RT-DH-UP-VAR-001-PHC-MH-PUN-002,DH-UP-VAR-001,Pandit Deen Dayal Upadhyay District Hospital,PHC-MH-PUN-002,PHC Haveli,25.335,82.985,18.45,73.88,1550.2,28.19,CALIBRATED_HAVERSINE_ROAD_MATRIX
RT-DH-UP-VAR-001-PHC-MH-PUN-003,DH-UP-VAR-001,Pandit Deen Dayal Upadhyay District Hospital,PHC-MH-PUN-003,PHC Khed,25.335,82.985,18.84,73.91,1511.4,27.48,CALIBRATED_HAVERSINE_ROAD_MATRIX
RT-DH-UP-VAR-001-DH-MH-PUN-001,DH-UP-VAR-001,Pandit Deen Dayal Upadhyay District Hospital,DH-MH-PUN-001,Aundh District Hospital Pune,25.335,82.985,18.56,73.805,1547.8,28.14,CALIBRATED_HAVERSINE_ROAD_MATRIX
RT-DH-UP-VAR-001-PHC-KA-BEN-001,DH-UP-VAR-001,Pandit Deen Dayal Upadhyay District Hospital,PHC-KA-BEN-001,PHC Yelahanka,25.335,82.985,13.1,77.59,1885.6,34.28,CALIBRATED_HAVERSINE_ROAD_MATRIX
RT-DH-UP-VAR-001-PHC-KA-BEN-002,DH-UP-VAR-001,Pandit Deen Dayal Upadhyay District Hospital,PHC-KA-BEN-002,PHC Anekal,25.335,82.985,12.71,77.69,1932.3,35.13,CALIBRATED_HAVERSINE_ROAD_MATRIX
RT-DH-UP-VAR-001-PHC-KA-BEN-003,DH-UP-VAR-001,Pandit Deen Dayal Upadhyay District Hospital,PHC-KA-BEN-003,PHC Kengeri,25.335,82.985,12.91,77.48,1916.4,34.84,CALIBRATED_HAVERSINE_ROAD_MATRIX
RT-DH-UP-VAR-001-DH-KA-BEN-001,DH-UP-VAR-001,Pandit Deen Dayal Upadhyay District Hospital,DH-KA-BEN-001,KC General District Hospital Malleshwaram,25.335,82.985,12.995,77.57,1900.5,34.55,CALIBRATED_HAVERSINE_ROAD_MATRIX
RT-PHC-UP-LUK-001-PHC-BR-PAT-001,PHC-UP-LUK-001,PHC Bakshi Ka Talab,PHC-BR-PAT-001,PHC Bakhtiyarpur,26.98,80.92,25.46,85.53,627.1,11.4,CALIBRATED_HAVERSINE_ROAD_MATRIX
RT-PHC-UP-LUK-001-PHC-BR-PAT-002,PHC-UP-LUK-001,PHC Bakshi Ka Talab,PHC-BR-PAT-002,PHC Danapur,26.98,80.92,25.63,85.04,559.6,10.17,CALIBRATED_HAVERSINE_ROAD_MATRIX
RT-PHC-UP-LUK-001-PHC-BR-PAT-003,PHC-UP-LUK-001,PHC Bakshi Ka Talab,PHC-BR-PAT-003,PHC Bihta,26.98,80.92,25.56,84.87,543.1,9.87,CALIBRATED_HAVERSINE_ROAD_MATRIX
RT-PHC-UP-LUK-001-PHC-BR-PAT-004,PHC-UP-LUK-001,PHC Bakshi Ka Talab,PHC-BR-PAT-004,PHC Fatuha,26.98,80.92,25.5,85.31,598.7,10.89,CALIBRATED_HAVERSINE_ROAD_MATRIX
RT-PHC-UP-LUK-001-PHC-BR-PAT-005,PHC-UP-LUK-001,PHC Bakshi Ka Talab,PHC-BR-PAT-005,PHC Mokama,26.98,80.92,25.39,85.92,677.5,12.32,CALIBRATED_HAVERSINE_ROAD_MATRIX
RT-PHC-UP-LUK-001-CHC-BR-PAT-001,PHC-UP-LUK-001,PHC Bakshi Ka Talab,CHC-BR-PAT-001,CHC Phulwari Sharif,26.98,80.92,25.58,85.08,567.0,10.31,CALIBRATED_HAVERSINE_ROAD_MATRIX
RT-PHC-UP-LUK-001-DH-BR-PAT-001,PHC-UP-LUK-001,PHC Bakshi Ka Talab,DH-BR-PAT-001,District Hospital Gardanibagh,26.98,80.92,25.6,85.12,570.8,10.38,CALIBRATED_HAVERSINE_ROAD_MATRIX
RT-PHC-UP-LUK-001-PHC-BR-GAY-001,PHC-UP-LUK-001,PHC Bakshi Ka Talab,PHC-BR-GAY-001,PHC Bodh Gaya,26.98,80.92,24.695,84.991,614.5,11.17,CALIBRATED_HAVERSINE_ROAD_MATRIX
RT-PHC-UP-LUK-001-PHC-BR-GAY-002,PHC-UP-LUK-001,PHC Bakshi Ka Talab,PHC-BR-GAY-002,PHC Sherghati,26.98,80.92,24.56,84.79,603.8,10.98,CALIBRATED_HAVERSINE_ROAD_MATRIX
RT-PHC-UP-LUK-001-PHC-BR-GAY-003,PHC-UP-LUK-001,PHC Bakshi Ka Talab,PHC-BR-GAY-003,PHC Tekari,26.98,80.92,24.93,84.83,579.2,10.53,CALIBRATED_HAVERSINE_ROAD_MATRIX
RT-PHC-UP-LUK-001-DH-BR-GAY-001,PHC-UP-LUK-001,PHC Bakshi Ka Talab,DH-BR-GAY-001,Jay Prakash Narayan District Hospital Gaya,26.98,80.92,24.795,85.0,607.9,11.05,CALIBRATED_HAVERSINE_ROAD_MATRIX
RT-PHC-UP-LUK-001-PHC-UP-VAR-001,PHC-UP-LUK-001,PHC Bakshi Ka Talab,PHC-UP-VAR-001,PHC Cholapur,26.98,80.92,25.44,83.05,349.3,6.35,CALIBRATED_HAVERSINE_ROAD_MATRIX
RT-PHC-UP-LUK-001-PHC-UP-VAR-002,PHC-UP-LUK-001,PHC Bakshi Ka Talab,PHC-UP-VAR-002,PHC Pindra,26.98,80.92,25.53,82.82,318.4,5.79,CALIBRATED_HAVERSINE_ROAD_MATRIX
RT-PHC-UP-LUK-001-PHC-UP-VAR-003,PHC-UP-LUK-001,PHC Bakshi Ka Talab,PHC-UP-VAR-003,PHC Sevapuri,26.98,80.92,25.32,82.78,335.1,6.09,CALIBRATED_HAVERSINE_ROAD_MATRIX
RT-PHC-UP-LUK-001-PHC-UP-VAR-004,PHC-UP-LUK-001,PHC Bakshi Ka Talab,PHC-UP-VAR-004,PHC Kashi Vidyapeeth,26.98,80.92,25.29,82.97,355.6,6.47,CALIBRATED_HAVERSINE_ROAD_MATRIX
RT-PHC-UP-LUK-001-CHC-UP-VAR-001,PHC-UP-LUK-001,PHC Bakshi Ka Talab,CHC-UP-VAR-001,CHC Misirpur,26.98,80.92,25.34,82.91,345.1,6.27,CALIBRATED_HAVERSINE_ROAD_MATRIX
RT-PHC-UP-LUK-001-DH-UP-VAR-001,PHC-UP-LUK-001,PHC Bakshi Ka Talab,DH-UP-VAR-001,Pandit Deen Dayal Upadhyay District Hospital,26.98,80.92,25.335,82.985,352.7,6.41,CALIBRATED_HAVERSINE_ROAD_MATRIX
RT-PHC-UP-LUK-001-PHC-UP-LUK-002,PHC-UP-LUK-001,PHC Bakshi Ka Talab,PHC-UP-LUK-002,PHC Malihabad,26.98,80.92,26.92,80.71,28.0,0.7,CALIBRATED_HAVERSINE_ROAD_MATRIX
RT-PHC-UP-LUK-001-PHC-UP-LUK-003,PHC-UP-LUK-001,PHC Bakshi Ka Talab,PHC-UP-LUK-003,PHC Mohanlalganj,26.98,80.92,26.68,80.99,43.6,1.09,CALIBRATED_HAVERSINE_ROAD_MATRIX
RT-PHC-UP-LUK-001-DH-UP-LUK-001,PHC-UP-LUK-001,PHC Bakshi Ka Talab,DH-UP-LUK-001,Balrampur District Hospital Lucknow,26.98,80.92,26.865,80.915,16.4,0.41,CALIBRATED_HAVERSINE_ROAD_MATRIX
RT-PHC-UP-LUK-001-PHC-RJ-JAI-001,PHC-UP-LUK-001,PHC Bakshi Ka Talab,PHC-RJ-JAI-001,PHC Bassi,26.98,80.92,26.83,76.04,619.7,11.27,CALIBRATED_HAVERSINE_ROAD_MATRIX
RT-PHC-UP-LUK-001-PHC-RJ-JAI-002,PHC-UP-LUK-001,PHC Bakshi Ka Talab,PHC-RJ-JAI-002,PHC Chaksu,26.98,80.92,26.6,75.95,633.7,11.52,CALIBRATED_HAVERSINE_ROAD_MATRIX
RT-PHC-UP-LUK-001-PHC-RJ-JAI-003,PHC-UP-LUK-001,PHC Bakshi Ka Talab,PHC-RJ-JAI-003,PHC Amer,26.98,80.92,26.99,75.85,643.0,11.69,CALIBRATED_HAVERSINE_ROAD_MATRIX
RT-PHC-UP-LUK-001-DH-RJ-JAI-001,PHC-UP-LUK-001,PHC Bakshi Ka Talab,DH-RJ-JAI-001,Kanwatia District Hospital Jaipur,26.98,80.92,26.94,75.78,652.0,11.85,CALIBRATED_HAVERSINE_ROAD_MATRIX
RT-PHC-UP-LUK-001-PHC-MH-PUN-001,PHC-UP-LUK-001,PHC Bakshi Ka Talab,PHC-MH-PUN-001,PHC Mulshi,26.98,80.92,18.52,73.51,1546.9,28.13,CALIBRATED_HAVERSINE_ROAD_MATRIX
RT-PHC-UP-LUK-001-PHC-MH-PUN-002,PHC-UP-LUK-001,PHC Bakshi Ka Talab,PHC-MH-PUN-002,PHC Haveli,26.98,80.92,18.45,73.88,1525.0,27.73,CALIBRATED_HAVERSINE_ROAD_MATRIX
RT-PHC-UP-LUK-001-PHC-MH-PUN-003,PHC-UP-LUK-001,PHC Bakshi Ka Talab,PHC-MH-PUN-003,PHC Khed,26.98,80.92,18.84,73.91,1478.0,26.87,CALIBRATED_HAVERSINE_ROAD_MATRIX
RT-PHC-UP-LUK-001-DH-MH-PUN-001,PHC-UP-LUK-001,PHC Bakshi Ka Talab,DH-MH-PUN-001,Aundh District Hospital Pune,26.98,80.92,18.56,73.805,1518.4,27.61,CALIBRATED_HAVERSINE_ROAD_MATRIX
RT-PHC-UP-LUK-001-PHC-KA-BEN-001,PHC-UP-LUK-001,PHC Bakshi Ka Talab,PHC-KA-BEN-001,PHC Yelahanka,26.98,80.92,13.1,77.59,2024.8,36.81,CALIBRATED_HAVERSINE_ROAD_MATRIX
RT-PHC-UP-LUK-001-PHC-KA-BEN-002,PHC-UP-LUK-001,PHC Bakshi Ka Talab,PHC-KA-BEN-002,PHC Anekal,26.98,80.92,12.71,77.69,2076.2,37.75,CALIBRATED_HAVERSINE_ROAD_MATRIX
RT-PHC-UP-LUK-001-PHC-KA-BEN-003,PHC-UP-LUK-001,PHC Bakshi Ka Talab,PHC-KA-BEN-003,PHC Kengeri,26.98,80.92,12.91,77.48,2054.4,37.35,CALIBRATED_HAVERSINE_ROAD_MATRIX
RT-PHC-UP-LUK-001-DH-KA-BEN-001,PHC-UP-LUK-001,PHC Bakshi Ka Talab,DH-KA-BEN-001,KC General District Hospital Malleshwaram,26.98,80.92,12.995,77.57,2039.9,37.09,CALIBRATED_HAVERSINE_ROAD_MATRIX
RT-PHC-UP-LUK-002-PHC-BR-PAT-001,PHC-UP-LUK-002,PHC Malihabad,PHC-BR-PAT-001,PHC Bakhtiyarpur,26.92,80.71,25.46,85.53,649.7,11.81,CALIBRATED_HAVERSINE_ROAD_MATRIX
RT-PHC-UP-LUK-002-PHC-BR-PAT-002,PHC-UP-LUK-002,PHC Malihabad,PHC-BR-PAT-002,PHC Danapur,26.92,80.71,25.63,85.04,582.3,10.59,CALIBRATED_HAVERSINE_ROAD_MATRIX
RT-PHC-UP-LUK-002-PHC-BR-PAT-003,PHC-UP-LUK-002,PHC Malihabad,PHC-BR-PAT-003,PHC Bihta,26.92,80.71,25.56,84.87,565.2,10.28,CALIBRATED_HAVERSINE_ROAD_MATRIX
RT-PHC-UP-LUK-002-PHC-BR-PAT-004,PHC-UP-LUK-002,PHC Malihabad,PHC-BR-PAT-004,PHC Fatuha,26.92,80.71,25.5,85.31,621.1,11.29,CALIBRATED_HAVERSINE_ROAD_MATRIX
RT-PHC-UP-LUK-002-PHC-BR-PAT-005,PHC-UP-LUK-002,PHC Malihabad,PHC-BR-PAT-005,PHC Mokama,26.92,80.71,25.39,85.92,700.2,12.73,CALIBRATED_HAVERSINE_ROAD_MATRIX
RT-PHC-UP-LUK-002-CHC-BR-PAT-001,PHC-UP-LUK-002,PHC Malihabad,CHC-BR-PAT-001,CHC Phulwari Sharif,26.92,80.71,25.58,85.08,589.5,10.72,CALIBRATED_HAVERSINE_ROAD_MATRIX
RT-PHC-UP-LUK-002-DH-BR-PAT-001,PHC-UP-LUK-002,PHC Malihabad,DH-BR-PAT-001,District Hospital Gardanibagh,26.92,80.71,25.6,85.12,593.4,10.79,CALIBRATED_HAVERSINE_ROAD_MATRIX
RT-PHC-UP-LUK-002-PHC-BR-GAY-001,PHC-UP-LUK-002,PHC Malihabad,PHC-BR-GAY-001,PHC Bodh Gaya,26.92,80.71,24.695,84.991,633.3,11.51,CALIBRATED_HAVERSINE_ROAD_MATRIX
RT-PHC-UP-LUK-002-PHC-BR-GAY-002,PHC-UP-LUK-002,PHC Malihabad,PHC-BR-GAY-002,PHC Sherghati,26.92,80.71,24.56,84.79,621.6,11.3,CALIBRATED_HAVERSINE_ROAD_MATRIX
RT-PHC-UP-LUK-002-PHC-BR-GAY-003,PHC-UP-LUK-002,PHC Malihabad,PHC-BR-GAY-003,PHC Tekari,26.92,80.71,24.93,84.83,598.6,10.88,CALIBRATED_HAVERSINE_ROAD_MATRIX
RT-PHC-UP-LUK-002-DH-BR-GAY-001,PHC-UP-LUK-002,PHC Malihabad,DH-BR-GAY-001,Jay Prakash Narayan District Hospital Gaya,26.92,80.71,24.795,85.0,627.1,11.4,CALIBRATED_HAVERSINE_ROAD_MATRIX
RT-PHC-UP-LUK-002-PHC-UP-VAR-001,PHC-UP-LUK-002,PHC Malihabad,PHC-UP-VAR-001,PHC Cholapur,26.92,80.71,25.44,83.05,365.6,6.65,CALIBRATED_HAVERSINE_ROAD_MATRIX
RT-PHC-UP-LUK-002-PHC-UP-VAR-002,PHC-UP-LUK-002,PHC Malihabad,PHC-UP-VAR-002,PHC Pindra,26.92,80.71,25.53,82.82,334.2,6.08,CALIBRATED_HAVERSINE_ROAD_MATRIX
RT-PHC-UP-LUK-002-PHC-UP-VAR-003,PHC-UP-LUK-002,PHC Malihabad,PHC-UP-VAR-003,PHC Sevapuri,26.92,80.71,25.32,82.78,349.0,6.35,CALIBRATED_HAVERSINE_ROAD_MATRIX
RT-PHC-UP-LUK-002-PHC-UP-VAR-004,PHC-UP-LUK-002,PHC Malihabad,PHC-UP-VAR-004,PHC Kashi Vidyapeeth,26.92,80.71,25.29,82.97,370.5,6.74,CALIBRATED_HAVERSINE_ROAD_MATRIX
RT-PHC-UP-LUK-002-CHC-UP-VAR-001,PHC-UP-LUK-002,PHC Malihabad,CHC-UP-VAR-001,CHC Misirpur,26.92,80.71,25.34,82.91,360.0,6.55,CALIBRATED_HAVERSINE_ROAD_MATRIX
RT-PHC-UP-LUK-002-DH-UP-VAR-001,PHC-UP-LUK-002,PHC Malihabad,DH-UP-VAR-001,Pandit Deen Dayal Upadhyay District Hospital,26.92,80.71,25.335,82.985,368.0,6.69,CALIBRATED_HAVERSINE_ROAD_MATRIX
RT-PHC-UP-LUK-002-PHC-UP-LUK-001,PHC-UP-LUK-002,PHC Malihabad,PHC-UP-LUK-001,PHC Bakshi Ka Talab,26.92,80.71,26.98,80.92,28.0,0.7,CALIBRATED_HAVERSINE_ROAD_MATRIX
RT-PHC-UP-LUK-002-PHC-UP-LUK-003,PHC-UP-LUK-002,PHC Malihabad,PHC-UP-LUK-003,PHC Mohanlalganj,26.92,80.71,26.68,80.99,49.3,1.23,CALIBRATED_HAVERSINE_ROAD_MATRIX
RT-PHC-UP-LUK-002-DH-UP-LUK-001,PHC-UP-LUK-002,PHC Malihabad,DH-UP-LUK-001,Balrampur District Hospital Lucknow,26.92,80.71,26.865,80.915,27.2,0.68,CALIBRATED_HAVERSINE_ROAD_MATRIX
RT-PHC-UP-LUK-002-PHC-RJ-JAI-001,PHC-UP-LUK-002,PHC Malihabad,PHC-RJ-JAI-001,PHC Bassi,26.92,80.71,26.83,76.04,593.0,10.78,CALIBRATED_HAVERSINE_ROAD_MATRIX
RT-PHC-UP-LUK-002-PHC-RJ-JAI-002,PHC-UP-LUK-002,PHC Malihabad,PHC-RJ-JAI-002,PHC Chaksu,26.92,80.71,26.6,75.95,606.6,11.03,CALIBRATED_HAVERSINE_ROAD_MATRIX
RT-PHC-UP-LUK-002-PHC-RJ-JAI-003,PHC-UP-LUK-002,PHC Malihabad,PHC-RJ-JAI-003,PHC Amer,26.92,80.71,26.99,75.85,616.6,11.21,CALIBRATED_HAVERSINE_ROAD_MATRIX
RT-PHC-UP-LUK-002-DH-RJ-JAI-001,PHC-UP-LUK-002,PHC Malihabad,DH-RJ-JAI-001,Kanwatia District Hospital Jaipur,26.92,80.71,26.94,75.78,625.6,11.37,CALIBRATED_HAVERSINE_ROAD_MATRIX
RT-PHC-UP-LUK-002-PHC-MH-PUN-001,PHC-UP-LUK-002,PHC Malihabad,PHC-MH-PUN-001,PHC Mulshi,26.92,80.71,18.52,73.51,1523.2,27.69,CALIBRATED_HAVERSINE_ROAD_MATRIX
RT-PHC-UP-LUK-002-PHC-MH-PUN-002,PHC-UP-LUK-002,PHC Malihabad,PHC-MH-PUN-002,PHC Haveli,26.92,80.71,18.45,73.88,1501.8,27.31,CALIBRATED_HAVERSINE_ROAD_MATRIX
RT-PHC-UP-LUK-002-PHC-MH-PUN-003,PHC-UP-LUK-002,PHC Malihabad,PHC-MH-PUN-003,PHC Khed,26.92,80.71,18.84,73.91,1454.5,26.45,CALIBRATED_HAVERSINE_ROAD_MATRIX
RT-PHC-UP-LUK-002-DH-MH-PUN-001,PHC-UP-LUK-002,PHC Malihabad,DH-MH-PUN-001,Aundh District Hospital Pune,26.92,80.71,18.56,73.805,1495.0,27.18,CALIBRATED_HAVERSINE_ROAD_MATRIX
RT-PHC-UP-LUK-002-PHC-KA-BEN-001,PHC-UP-LUK-002,PHC Malihabad,PHC-KA-BEN-001,PHC Yelahanka,26.92,80.71,13.1,77.59,2010.5,36.55,CALIBRATED_HAVERSINE_ROAD_MATRIX
RT-PHC-UP-LUK-002-PHC-KA-BEN-002,PHC-UP-LUK-002,PHC Malihabad,PHC-KA-BEN-002,PHC Anekal,26.92,80.71,12.71,77.69,2062.2,37.49,CALIBRATED_HAVERSINE_ROAD_MATRIX
RT-PHC-UP-LUK-002-PHC-KA-BEN-003,PHC-UP-LUK-002,PHC Malihabad,PHC-KA-BEN-003,PHC Kengeri,26.92,80.71,12.91,77.48,2040.0,37.09,CALIBRATED_HAVERSINE_ROAD_MATRIX
RT-PHC-UP-LUK-002-DH-KA-BEN-001,PHC-UP-LUK-002,PHC Malihabad,DH-KA-BEN-001,KC General District Hospital Malleshwaram,26.92,80.71,12.995,77.57,2025.7,36.83,CALIBRATED_HAVERSINE_ROAD_MATRIX
RT-PHC-UP-LUK-003-PHC-BR-PAT-001,PHC-UP-LUK-003,PHC Mohanlalganj,PHC-BR-PAT-001,PHC Bakhtiyarpur,26.68,80.99,25.46,85.53,605.8,11.01,CALIBRATED_HAVERSINE_ROAD_MATRIX
RT-PHC-UP-LUK-003-PHC-BR-PAT-002,PHC-UP-LUK-003,PHC Mohanlalganj,PHC-BR-PAT-002,PHC Danapur,26.68,80.99,25.63,85.04,538.5,9.79,CALIBRATED_HAVERSINE_ROAD_MATRIX
RT-PHC-UP-LUK-003-PHC-BR-PAT-003,PHC-UP-LUK-003,PHC Mohanlalganj,PHC-BR-PAT-003,PHC Bihta,26.68,80.99,25.56,84.87,520.8,9.47,CALIBRATED_HAVERSINE_ROAD_MATRIX
RT-PHC-UP-LUK-003-PHC-BR-PAT-004,PHC-UP-LUK-003,PHC Mohanlalganj,PHC-BR-PAT-004,PHC Fatuha,26.68,80.99,25.5,85.31,577.1,10.49,CALIBRATED_HAVERSINE_ROAD_MATRIX
RT-PHC-UP-LUK-003-PHC-BR-PAT-005,PHC-UP-LUK-003,PHC Mohanlalganj,PHC-BR-PAT-005,PHC Mokama,26.68,80.99,25.39,85.92,656.6,11.94,CALIBRATED_HAVERSINE_ROAD_MATRIX
RT-PHC-UP-LUK-003-CHC-BR-PAT-001,PHC-UP-LUK-003,PHC Mohanlalganj,CHC-BR-PAT-001,CHC Phulwari Sharif,26.68,80.99,25.58,85.08,545.5,9.92,CALIBRATED_HAVERSINE_ROAD_MATRIX
RT-PHC-UP-LUK-003-DH-BR-PAT-001,PHC-UP-LUK-003,PHC Mohanlalganj,DH-BR-PAT-001,District Hospital Gardanibagh,26.68,80.99,25.6,85.12,549.6,9.99,CALIBRATED_HAVERSINE_ROAD_MATRIX
RT-PHC-UP-LUK-003-PHC-BR-GAY-001,PHC-UP-LUK-003,PHC Mohanlalganj,PHC-BR-GAY-001,PHC Bodh Gaya,26.68,80.99,24.695,84.991,585.8,10.65,CALIBRATED_HAVERSINE_ROAD_MATRIX
RT-PHC-UP-LUK-003-PHC-BR-GAY-002,PHC-UP-LUK-003,PHC Mohanlalganj,PHC-BR-GAY-002,PHC Sherghati,26.68,80.99,24.56,84.79,573.4,10.43,CALIBRATED_HAVERSINE_ROAD_MATRIX
RT-PHC-UP-LUK-003-PHC-BR-GAY-003,PHC-UP-LUK-003,PHC Mohanlalganj,PHC-BR-GAY-003,PHC Tekari,26.68,80.99,24.93,84.83,551.5,10.03,CALIBRATED_HAVERSINE_ROAD_MATRIX
RT-PHC-UP-LUK-003-DH-BR-GAY-001,PHC-UP-LUK-003,PHC Mohanlalganj,DH-BR-GAY-001,Jay Prakash Narayan District Hospital Gaya,26.68,80.99,24.795,85.0,579.9,10.54,CALIBRATED_HAVERSINE_ROAD_MATRIX
RT-PHC-UP-LUK-003-PHC-UP-VAR-001,PHC-UP-LUK-003,PHC Mohanlalganj,PHC-UP-VAR-001,PHC Cholapur,26.68,80.99,25.44,83.05,317.0,5.76,CALIBRATED_HAVERSINE_ROAD_MATRIX
RT-PHC-UP-LUK-003-PHC-UP-VAR-002,PHC-UP-LUK-003,PHC Mohanlalganj,PHC-UP-VAR-002,PHC Pindra,26.68,80.99,25.53,82.82,285.5,5.19,CALIBRATED_HAVERSINE_ROAD_MATRIX
RT-PHC-UP-LUK-003-PHC-UP-VAR-003,PHC-UP-LUK-003,PHC Mohanlalganj,PHC-UP-VAR-003,PHC Sevapuri,26.68,80.99,25.32,82.78,299.8,5.45,CALIBRATED_HAVERSINE_ROAD_MATRIX
RT-PHC-UP-LUK-003-PHC-UP-VAR-004,PHC-UP-LUK-003,PHC Mohanlalganj,PHC-UP-VAR-004,PHC Kashi Vidyapeeth,26.68,80.99,25.29,82.97,321.4,5.84,CALIBRATED_HAVERSINE_ROAD_MATRIX
RT-PHC-UP-LUK-003-CHC-UP-VAR-001,PHC-UP-LUK-003,PHC Mohanlalganj,CHC-UP-VAR-001,CHC Misirpur,26.68,80.99,25.34,82.91,310.9,5.65,CALIBRATED_HAVERSINE_ROAD_MATRIX
RT-PHC-UP-LUK-003-DH-UP-VAR-001,PHC-UP-LUK-003,PHC Mohanlalganj,DH-UP-VAR-001,Pandit Deen Dayal Upadhyay District Hospital,26.68,80.99,25.335,82.985,319.0,5.8,CALIBRATED_HAVERSINE_ROAD_MATRIX
RT-PHC-UP-LUK-003-PHC-UP-LUK-001,PHC-UP-LUK-003,PHC Mohanlalganj,PHC-UP-LUK-001,PHC Bakshi Ka Talab,26.68,80.99,26.98,80.92,43.6,1.09,CALIBRATED_HAVERSINE_ROAD_MATRIX
RT-PHC-UP-LUK-003-PHC-UP-LUK-002,PHC-UP-LUK-003,PHC Mohanlalganj,PHC-UP-LUK-002,PHC Malihabad,26.68,80.99,26.92,80.71,49.3,1.23,CALIBRATED_HAVERSINE_ROAD_MATRIX
RT-PHC-UP-LUK-003-DH-UP-LUK-001,PHC-UP-LUK-003,PHC Mohanlalganj,DH-UP-LUK-001,Balrampur District Hospital Lucknow,26.68,80.99,26.865,80.915,28.0,0.7,CALIBRATED_HAVERSINE_ROAD_MATRIX
RT-PHC-UP-LUK-003-PHC-RJ-JAI-001,PHC-UP-LUK-003,PHC Mohanlalganj,PHC-RJ-JAI-001,PHC Bassi,26.68,80.99,26.83,76.04,629.4,11.44,CALIBRATED_HAVERSINE_ROAD_MATRIX
RT-PHC-UP-LUK-003-PHC-RJ-JAI-002,PHC-UP-LUK-003,PHC Mohanlalganj,PHC-RJ-JAI-002,PHC Chaksu,26.68,80.99,26.6,75.95,641.2,11.66,CALIBRATED_HAVERSINE_ROAD_MATRIX
RT-PHC-UP-LUK-003-PHC-RJ-JAI-003,PHC-UP-LUK-003,PHC Mohanlalganj,PHC-RJ-JAI-003,PHC Amer,26.68,80.99,26.99,75.85,654.2,11.89,CALIBRATED_HAVERSINE_ROAD_MATRIX
RT-PHC-UP-LUK-003-DH-RJ-JAI-001,PHC-UP-LUK-003,PHC Mohanlalganj,DH-RJ-JAI-001,Kanwatia District Hospital Jaipur,26.68,80.99,26.94,75.78,662.8,12.05,CALIBRATED_HAVERSINE_ROAD_MATRIX
RT-PHC-UP-LUK-003-PHC-MH-PUN-001,PHC-UP-LUK-003,PHC Mohanlalganj,PHC-MH-PUN-001,PHC Mulshi,26.68,80.99,18.52,73.51,1520.6,27.65,CALIBRATED_HAVERSINE_ROAD_MATRIX
RT-PHC-UP-LUK-003-PHC-MH-PUN-002,PHC-UP-LUK-003,PHC Mohanlalganj,PHC-MH-PUN-002,PHC Haveli,26.68,80.99,18.45,73.88,1497.6,27.23,CALIBRATED_HAVERSINE_ROAD_MATRIX
RT-PHC-UP-LUK-003-PHC-MH-PUN-003,PHC-UP-LUK-003,PHC Mohanlalganj,PHC-MH-PUN-003,PHC Khed,26.68,80.99,18.84,73.91,1451.3,26.39,CALIBRATED_HAVERSINE_ROAD_MATRIX
RT-PHC-UP-LUK-003-DH-MH-PUN-001,PHC-UP-LUK-003,PHC Mohanlalganj,DH-MH-PUN-001,Aundh District Hospital Pune,26.68,80.99,18.56,73.805,1491.4,27.12,CALIBRATED_HAVERSINE_ROAD_MATRIX
RT-PHC-UP-LUK-003-PHC-KA-BEN-001,PHC-UP-LUK-003,PHC Mohanlalganj,PHC-KA-BEN-001,PHC Yelahanka,26.68,80.99,13.1,77.59,1985.3,36.1,CALIBRATED_HAVERSINE_ROAD_MATRIX
RT-PHC-UP-LUK-003-PHC-KA-BEN-002,PHC-UP-LUK-003,PHC Mohanlalganj,PHC-KA-BEN-002,PHC Anekal,26.68,80.99,12.71,77.69,2036.6,37.03,CALIBRATED_HAVERSINE_ROAD_MATRIX
RT-PHC-UP-LUK-003-PHC-KA-BEN-003,PHC-UP-LUK-003,PHC Mohanlalganj,PHC-KA-BEN-003,PHC Kengeri,26.68,80.99,12.91,77.48,2015.1,36.64,CALIBRATED_HAVERSINE_ROAD_MATRIX
RT-PHC-UP-LUK-003-DH-KA-BEN-001,PHC-UP-LUK-003,PHC Mohanlalganj,DH-KA-BEN-001,KC General District Hospital Malleshwaram,26.68,80.99,12.995,77.57,2000.5,36.37,CALIBRATED_HAVERSINE_ROAD_MATRIX
RT-DH-UP-LUK-001-PHC-BR-PAT-001,DH-UP-LUK-001,Balrampur District Hospital Lucknow,PHC-BR-PAT-001,PHC Bakhtiyarpur,26.865,80.915,25.46,85.53,622.5,11.32,CALIBRATED_HAVERSINE_ROAD_MATRIX
RT-DH-UP-LUK-001-PHC-BR-PAT-002,DH-UP-LUK-001,Balrampur District Hospital Lucknow,PHC-BR-PAT-002,PHC Danapur,26.865,80.915,25.63,85.04,555.1,10.09,CALIBRATED_HAVERSINE_ROAD_MATRIX
RT-DH-UP-LUK-001-PHC-BR-PAT-003,DH-UP-LUK-001,Balrampur District Hospital Lucknow,PHC-BR-PAT-003,PHC Bihta,26.865,80.915,25.56,84.87,538.1,9.78,CALIBRATED_HAVERSINE_ROAD_MATRIX
RT-DH-UP-LUK-001-PHC-BR-PAT-004,DH-UP-LUK-001,Balrampur District Hospital Lucknow,PHC-BR-PAT-004,PHC Fatuha,26.865,80.915,25.5,85.31,594.0,10.8,CALIBRATED_HAVERSINE_ROAD_MATRIX
RT-DH-UP-LUK-001-PHC-BR-PAT-005,DH-UP-LUK-001,Balrampur District Hospital Lucknow,PHC-BR-PAT-005,PHC Mokama,26.865,80.915,25.39,85.92,673.1,12.24,CALIBRATED_HAVERSINE_ROAD_MATRIX
RT-DH-UP-LUK-001-CHC-BR-PAT-001,DH-UP-LUK-001,Balrampur District Hospital Lucknow,CHC-BR-PAT-001,CHC Phulwari Sharif,26.865,80.915,25.58,85.08,562.3,10.22,CALIBRATED_HAVERSINE_ROAD_MATRIX
RT-DH-UP-LUK-001-DH-BR-PAT-001,DH-UP-LUK-001,Balrampur District Hospital Lucknow,DH-BR-PAT-001,District Hospital Gardanibagh,26.865,80.915,25.6,85.12,566.2,10.29,CALIBRATED_HAVERSINE_ROAD_MATRIX
RT-DH-UP-LUK-001-PHC-BR-GAY-001,DH-UP-LUK-001,Balrampur District Hospital Lucknow,PHC-BR-GAY-001,PHC Bodh Gaya,26.865,80.915,24.695,84.991,606.8,11.03,CALIBRATED_HAVERSINE_ROAD_MATRIX
RT-DH-UP-LUK-001-PHC-BR-GAY-002,DH-UP-LUK-001,Balrampur District Hospital Lucknow,PHC-BR-GAY-002,PHC Sherghati,26.865,80.915,24.56,84.79,595.4,10.83,CALIBRATED_HAVERSINE_ROAD_MATRIX
RT-DH-UP-LUK-001-PHC-BR-GAY-003,DH-UP-LUK-001,Balrampur District Hospital Lucknow,PHC-BR-GAY-003,PHC Tekari,26.865,80.915,24.93,84.83,571.9,10.4,CALIBRATED_HAVERSINE_ROAD_MATRIX
RT-DH-UP-LUK-001-DH-BR-GAY-001,DH-UP-LUK-001,Balrampur District Hospital Lucknow,DH-BR-GAY-001,Jay Prakash Narayan District Hospital Gaya,26.865,80.915,24.795,85.0,600.5,10.92,CALIBRATED_HAVERSINE_ROAD_MATRIX
RT-DH-UP-LUK-001-PHC-UP-VAR-001,DH-UP-LUK-001,Balrampur District Hospital Lucknow,PHC-UP-VAR-001,PHC Cholapur,26.865,80.915,25.44,83.05,339.9,6.18,CALIBRATED_HAVERSINE_ROAD_MATRIX
RT-DH-UP-LUK-001-PHC-UP-VAR-002,DH-UP-LUK-001,Balrampur District Hospital Lucknow,PHC-UP-VAR-002,PHC Pindra,26.865,80.915,25.53,82.82,308.7,5.61,CALIBRATED_HAVERSINE_ROAD_MATRIX
RT-DH-UP-LUK-001-PHC-UP-VAR-003,DH-UP-LUK-001,Balrampur District Hospital Lucknow,PHC-UP-VAR-003,PHC Sevapuri,26.865,80.915,25.32,82.78,324.3,5.9,CALIBRATED_HAVERSINE_ROAD_MATRIX
RT-DH-UP-LUK-001-PHC-UP-VAR-004,DH-UP-LUK-001,Balrampur District Hospital Lucknow,PHC-UP-VAR-004,PHC Kashi Vidyapeeth,26.865,80.915,25.29,82.97,345.3,6.28,CALIBRATED_HAVERSINE_ROAD_MATRIX
RT-DH-UP-LUK-001-CHC-UP-VAR-001,DH-UP-LUK-001,Balrampur District Hospital Lucknow,CHC-UP-VAR-001,CHC Misirpur,26.865,80.915,25.34,82.91,334.8,6.09,CALIBRATED_HAVERSINE_ROAD_MATRIX
RT-DH-UP-LUK-001-DH-UP-VAR-001,DH-UP-LUK-001,Balrampur District Hospital Lucknow,DH-UP-VAR-001,Pandit Deen Dayal Upadhyay District Hospital,26.865,80.915,25.335,82.985,342.7,6.23,CALIBRATED_HAVERSINE_ROAD_MATRIX
RT-DH-UP-LUK-001-PHC-UP-LUK-001,DH-UP-LUK-001,Balrampur District Hospital Lucknow,PHC-UP-LUK-001,PHC Bakshi Ka Talab,26.865,80.915,26.98,80.92,16.4,0.41,CALIBRATED_HAVERSINE_ROAD_MATRIX
RT-DH-UP-LUK-001-PHC-UP-LUK-002,DH-UP-LUK-001,Balrampur District Hospital Lucknow,PHC-UP-LUK-002,PHC Malihabad,26.865,80.915,26.92,80.71,27.2,0.68,CALIBRATED_HAVERSINE_ROAD_MATRIX
RT-DH-UP-LUK-001-PHC-UP-LUK-003,DH-UP-LUK-001,Balrampur District Hospital Lucknow,PHC-UP-LUK-003,PHC Mohanlalganj,26.865,80.915,26.68,80.99,28.0,0.7,CALIBRATED_HAVERSINE_ROAD_MATRIX
RT-DH-UP-LUK-001-PHC-RJ-JAI-001,DH-UP-LUK-001,Balrampur District Hospital Lucknow,PHC-RJ-JAI-001,PHC Bassi,26.865,80.915,26.83,76.04,619.0,11.25,CALIBRATED_HAVERSINE_ROAD_MATRIX
RT-DH-UP-LUK-001-PHC-RJ-JAI-002,DH-UP-LUK-001,Balrampur District Hospital Lucknow,PHC-RJ-JAI-002,PHC Chaksu,26.865,80.915,26.6,75.95,632.2,11.49,CALIBRATED_HAVERSINE_ROAD_MATRIX
RT-DH-UP-LUK-001-PHC-RJ-JAI-003,DH-UP-LUK-001,Balrampur District Hospital Lucknow,PHC-RJ-JAI-003,PHC Amer,26.865,80.915,26.99,75.85,642.9,11.69,CALIBRATED_HAVERSINE_ROAD_MATRIX
RT-DH-UP-LUK-001-DH-RJ-JAI-001,DH-UP-LUK-001,Balrampur District Hospital Lucknow,DH-RJ-JAI-001,Kanwatia District Hospital Jaipur,26.865,80.915,26.94,75.78,651.8,11.85,CALIBRATED_HAVERSINE_ROAD_MATRIX
RT-DH-UP-LUK-001-PHC-MH-PUN-001,DH-UP-LUK-001,Balrampur District Hospital Lucknow,PHC-MH-PUN-001,PHC Mulshi,26.865,80.915,18.52,73.51,1534.1,27.89,CALIBRATED_HAVERSINE_ROAD_MATRIX
RT-DH-UP-LUK-001-PHC-MH-PUN-002,DH-UP-LUK-001,Balrampur District Hospital Lucknow,PHC-MH-PUN-002,PHC Haveli,26.865,80.915,18.45,73.88,1511.9,27.49,CALIBRATED_HAVERSINE_ROAD_MATRIX
RT-DH-UP-LUK-001-PHC-MH-PUN-003,DH-UP-LUK-001,Balrampur District Hospital Lucknow,PHC-MH-PUN-003,PHC Khed,26.865,80.915,18.84,73.91,1465.1,26.64,CALIBRATED_HAVERSINE_ROAD_MATRIX
RT-DH-UP-LUK-001-DH-MH-PUN-001,DH-UP-LUK-001,Balrampur District Hospital Lucknow,DH-MH-PUN-001,Aundh District Hospital Pune,26.865,80.915,18.56,73.805,1505.4,27.37,CALIBRATED_HAVERSINE_ROAD_MATRIX
RT-DH-UP-LUK-001-PHC-KA-BEN-001,DH-UP-LUK-001,Balrampur District Hospital Lucknow,PHC-KA-BEN-001,PHC Yelahanka,26.865,80.915,13.1,77.59,2008.7,36.52,CALIBRATED_HAVERSINE_ROAD_MATRIX
RT-DH-UP-LUK-001-PHC-KA-BEN-002,DH-UP-LUK-001,Balrampur District Hospital Lucknow,PHC-KA-BEN-002,PHC Anekal,26.865,80.915,12.71,77.69,2060.1,37.46,CALIBRATED_HAVERSINE_ROAD_MATRIX
RT-DH-UP-LUK-001-PHC-KA-BEN-003,DH-UP-LUK-001,Balrampur District Hospital Lucknow,PHC-KA-BEN-003,PHC Kengeri,26.865,80.915,12.91,77.48,2038.4,37.06,CALIBRATED_HAVERSINE_ROAD_MATRIX
RT-DH-UP-LUK-001-DH-KA-BEN-001,DH-UP-LUK-001,Balrampur District Hospital Lucknow,DH-KA-BEN-001,KC General District Hospital Malleshwaram,26.865,80.915,12.995,77.57,2023.9,36.8,CALIBRATED_HAVERSINE_ROAD_MATRIX
RT-PHC-RJ-JAI-001-PHC-BR-PAT-001,PHC-RJ-JAI-001,PHC Bassi,PHC-BR-PAT-001,PHC Bakhtiyarpur,26.83,76.04,25.46,85.53,1227.8,22.32,CALIBRATED_HAVERSINE_ROAD_MATRIX
RT-PHC-RJ-JAI-001-PHC-BR-PAT-002,PHC-RJ-JAI-001,PHC Bassi,PHC-BR-PAT-002,PHC Danapur,26.83,76.04,25.63,85.04,1161.4,21.12,CALIBRATED_HAVERSINE_ROAD_MATRIX
RT-PHC-RJ-JAI-001-PHC-BR-PAT-003,PHC-RJ-JAI-001,PHC Bassi,PHC-BR-PAT-003,PHC Bihta,26.83,76.04,25.56,84.87,1141.8,20.76,CALIBRATED_HAVERSINE_ROAD_MATRIX
RT-PHC-RJ-JAI-001-PHC-BR-PAT-004,PHC-RJ-JAI-001,PHC Bassi,PHC-BR-PAT-004,PHC Fatuha,26.83,76.04,25.5,85.31,1198.9,21.8,CALIBRATED_HAVERSINE_ROAD_MATRIX
RT-PHC-RJ-JAI-001-PHC-BR-PAT-005,PHC-RJ-JAI-001,PHC Bassi,PHC-BR-PAT-005,PHC Mokama,26.83,76.04,25.39,85.92,1278.9,23.25,CALIBRATED_HAVERSINE_ROAD_MATRIX
RT-PHC-RJ-JAI-001-CHC-BR-PAT-001,PHC-RJ-JAI-001,PHC Bassi,CHC-BR-PAT-001,CHC Phulwari Sharif,26.83,76.04,25.58,85.08,1167.8,21.23,CALIBRATED_HAVERSINE_ROAD_MATRIX
RT-PHC-RJ-JAI-001-DH-BR-PAT-001,PHC-RJ-JAI-001,PHC Bassi,DH-BR-PAT-001,District Hospital Gardanibagh,26.83,76.04,25.6,85.12,1172.3,21.31,CALIBRATED_HAVERSINE_ROAD_MATRIX
RT-PHC-RJ-JAI-001-PHC-BR-GAY-001,PHC-RJ-JAI-001,PHC Bassi,PHC-BR-GAY-001,PHC Bodh Gaya,26.83,76.04,24.695,84.991,1186.6,21.57,CALIBRATED_HAVERSINE_ROAD_MATRIX
RT-PHC-RJ-JAI-001-PHC-BR-GAY-002,PHC-RJ-JAI-001,PHC Bassi,PHC-BR-GAY-002,PHC Sherghati,26.83,76.04,24.56,84.79,1167.5,21.23,CALIBRATED_HAVERSINE_ROAD_MATRIX
RT-PHC-RJ-JAI-001-PHC-BR-GAY-003,PHC-RJ-JAI-001,PHC Bassi,PHC-BR-GAY-003,PHC Tekari,26.83,76.04,24.93,84.83,1157.3,21.04,CALIBRATED_HAVERSINE_ROAD_MATRIX
RT-PHC-RJ-JAI-001-DH-BR-GAY-001,PHC-RJ-JAI-001,PHC Bassi,DH-BR-GAY-001,Jay Prakash Narayan District Hospital Gaya,26.83,76.04,24.795,85.0,1183.7,21.52,CALIBRATED_HAVERSINE_ROAD_MATRIX
RT-PHC-RJ-JAI-001-PHC-UP-VAR-001,PHC-RJ-JAI-001,PHC Bassi,PHC-UP-VAR-001,PHC Cholapur,26.83,76.04,25.44,83.05,917.2,16.68,CALIBRATED_HAVERSINE_ROAD_MATRIX
RT-PHC-RJ-JAI-001-PHC-UP-VAR-002,PHC-RJ-JAI-001,PHC Bassi,PHC-UP-VAR-002,PHC Pindra,26.83,76.04,25.53,82.82,885.4,16.1,CALIBRATED_HAVERSINE_ROAD_MATRIX
RT-PHC-RJ-JAI-001-PHC-UP-VAR-003,PHC-RJ-JAI-001,PHC Bassi,PHC-UP-VAR-003,PHC Sevapuri,26.83,76.04,25.32,82.78,887.9,16.14,CALIBRATED_HAVERSINE_ROAD_MATRIX
RT-PHC-RJ-JAI-001-PHC-UP-VAR-004,PHC-RJ-JAI-001,PHC Bassi,PHC-UP-VAR-004,PHC Kashi Vidyapeeth,26.83,76.04,25.29,82.97,912.6,16.59,CALIBRATED_HAVERSINE_ROAD_MATRIX
RT-PHC-RJ-JAI-001-CHC-UP-VAR-001,PHC-RJ-JAI-001,PHC Bassi,CHC-UP-VAR-001,CHC Misirpur,26.83,76.04,25.34,82.91,903.3,16.42,CALIBRATED_HAVERSINE_ROAD_MATRIX
RT-PHC-RJ-JAI-001-DH-UP-VAR-001,PHC-RJ-JAI-001,PHC Bassi,DH-UP-VAR-001,Pandit Deen Dayal Upadhyay District Hospital,26.83,76.04,25.335,82.985,912.8,16.6,CALIBRATED_HAVERSINE_ROAD_MATRIX
RT-PHC-RJ-JAI-001-PHC-UP-LUK-001,PHC-RJ-JAI-001,PHC Bassi,PHC-UP-LUK-001,PHC Bakshi Ka Talab,26.83,76.04,26.98,80.92,619.7,11.27,CALIBRATED_HAVERSINE_ROAD_MATRIX
RT-PHC-RJ-JAI-001-PHC-UP-LUK-002,PHC-RJ-JAI-001,PHC Bassi,PHC-UP-LUK-002,PHC Malihabad,26.83,76.04,26.92,80.71,593.0,10.78,CALIBRATED_HAVERSINE_ROAD_MATRIX
RT-PHC-RJ-JAI-001-PHC-UP-LUK-003,PHC-RJ-JAI-001,PHC Bassi,PHC-UP-LUK-003,PHC Mohanlalganj,26.83,76.04,26.68,80.99,629.4,11.44,CALIBRATED_HAVERSINE_ROAD_MATRIX
RT-PHC-RJ-JAI-001-DH-UP-LUK-001,PHC-RJ-JAI-001,PHC Bassi,DH-UP-LUK-001,Balrampur District Hospital Lucknow,26.83,76.04,26.865,80.915,619.0,11.25,CALIBRATED_HAVERSINE_ROAD_MATRIX
RT-PHC-RJ-JAI-001-PHC-RJ-JAI-002,PHC-RJ-JAI-001,PHC Bassi,PHC-RJ-JAI-002,PHC Chaksu,26.83,76.04,26.6,75.95,34.7,0.87,CALIBRATED_HAVERSINE_ROAD_MATRIX
RT-PHC-RJ-JAI-001-PHC-RJ-JAI-003,PHC-RJ-JAI-001,PHC Bassi,PHC-RJ-JAI-003,PHC Amer,26.83,76.04,26.99,75.85,33.2,0.83,CALIBRATED_HAVERSINE_ROAD_MATRIX
RT-PHC-RJ-JAI-001-DH-RJ-JAI-001,PHC-RJ-JAI-001,PHC Bassi,DH-RJ-JAI-001,Kanwatia District Hospital Jaipur,26.83,76.04,26.94,75.78,36.5,0.91,CALIBRATED_HAVERSINE_ROAD_MATRIX
RT-PHC-RJ-JAI-001-PHC-MH-PUN-001,PHC-RJ-JAI-001,PHC Bassi,PHC-MH-PUN-001,PHC Mulshi,26.83,76.04,18.52,73.51,1228.4,22.33,CALIBRATED_HAVERSINE_ROAD_MATRIX
RT-PHC-RJ-JAI-001-PHC-MH-PUN-002,PHC-RJ-JAI-001,PHC Bassi,PHC-MH-PUN-002,PHC Haveli,26.83,76.04,18.45,73.88,1225.9,22.29,CALIBRATED_HAVERSINE_ROAD_MATRIX
RT-PHC-RJ-JAI-001-PHC-MH-PUN-003,PHC-RJ-JAI-001,PHC Bassi,PHC-MH-PUN-003,PHC Khed,26.83,76.04,18.84,73.91,1170.9,21.29,CALIBRATED_HAVERSINE_ROAD_MATRIX
RT-PHC-RJ-JAI-001-DH-MH-PUN-001,PHC-RJ-JAI-001,PHC Bassi,DH-MH-PUN-001,Aundh District Hospital Pune,26.83,76.04,18.56,73.805,1213.0,22.05,CALIBRATED_HAVERSINE_ROAD_MATRIX
RT-PHC-RJ-JAI-001-PHC-KA-BEN-001,PHC-RJ-JAI-001,PHC Bassi,PHC-KA-BEN-001,PHC Yelahanka,26.83,76.04,13.1,77.59,1965.1,35.73,CALIBRATED_HAVERSINE_ROAD_MATRIX
RT-PHC-RJ-JAI-001-PHC-KA-BEN-002,PHC-RJ-JAI-001,PHC Bassi,PHC-KA-BEN-002,PHC Anekal,26.83,76.04,12.71,77.69,2021.7,36.76,CALIBRATED_HAVERSINE_ROAD_MATRIX
RT-PHC-RJ-JAI-001-PHC-KA-BEN-003,PHC-RJ-JAI-001,PHC Bassi,PHC-KA-BEN-003,PHC Kengeri,26.83,76.04,12.91,77.48,1990.5,36.19,CALIBRATED_HAVERSINE_ROAD_MATRIX
RT-PHC-RJ-JAI-001-DH-KA-BEN-001,PHC-RJ-JAI-001,PHC Bassi,DH-KA-BEN-001,KC General District Hospital Malleshwaram,26.83,76.04,12.995,77.57,1979.7,35.99,CALIBRATED_HAVERSINE_ROAD_MATRIX
RT-PHC-RJ-JAI-002-PHC-BR-PAT-001,PHC-RJ-JAI-002,PHC Chaksu,PHC-BR-PAT-001,PHC Bakhtiyarpur,26.6,75.95,25.46,85.53,1235.6,22.47,CALIBRATED_HAVERSINE_ROAD_MATRIX
RT-PHC-RJ-JAI-002-PHC-BR-PAT-002,PHC-RJ-JAI-002,PHC Chaksu,PHC-BR-PAT-002,PHC Danapur,26.6,75.95,25.63,85.04,1169.6,21.27,CALIBRATED_HAVERSINE_ROAD_MATRIX
RT-PHC-RJ-JAI-002-PHC-BR-PAT-003,PHC-RJ-JAI-002,PHC Chaksu,PHC-BR-PAT-003,PHC Bihta,26.6,75.95,25.56,84.87,1149.6,20.9,CALIBRATED_HAVERSINE_ROAD_MATRIX
RT-PHC-RJ-JAI-002-PHC-BR-PAT-004,PHC-RJ-JAI-002,PHC Chaksu,PHC-BR-PAT-004,PHC Fatuha,26.6,75.95,25.5,85.31,1206.8,21.94,CALIBRATED_HAVERSINE_ROAD_MATRIX
RT-PHC-RJ-JAI-002-PHC-BR-PAT-005,PHC-RJ-JAI-002,PHC Chaksu,PHC-BR-PAT-005,PHC Mokama,26.6,75.95,25.39,85.92,1286.7,23.39,CALIBRATED_HAVERSINE_ROAD_MATRIX
RT-PHC-RJ-JAI-002-CHC-BR-PAT-001,PHC-RJ-JAI-002,PHC Chaksu,CHC-BR-PAT-001,CHC Phulwari Sharif,26.6,75.95,25.58,85.08,1175.8,21.38,CALIBRATED_HAVERSINE_ROAD_MATRIX
RT-PHC-RJ-JAI-002-DH-BR-PAT-001,PHC-RJ-JAI-002,PHC Chaksu,DH-BR-PAT-001,District Hospital Gardanibagh,26.6,75.95,25.6,85.12,1180.4,21.46,CALIBRATED_HAVERSINE_ROAD_MATRIX
RT-PHC-RJ-JAI-002-PHC-BR-GAY-001,PHC-RJ-JAI-002,PHC Chaksu,PHC-BR-GAY-001,PHC Bodh Gaya,26.6,75.95,24.695,84.991,1191.0,21.65,CALIBRATED_HAVERSINE_ROAD_MATRIX
RT-PHC-RJ-JAI-002-PHC-BR-GAY-002,PHC-RJ-JAI-002,PHC Chaksu,PHC-BR-GAY-002,PHC Sherghati,26.6,75.95,24.56,84.79,1171.1,21.29,CALIBRATED_HAVERSINE_ROAD_MATRIX
RT-PHC-RJ-JAI-002-PHC-BR-GAY-003,PHC-RJ-JAI-002,PHC Chaksu,PHC-BR-GAY-003,PHC Tekari,26.6,75.95,24.93,84.83,1162.5,21.14,CALIBRATED_HAVERSINE_ROAD_MATRIX
RT-PHC-RJ-JAI-002-DH-BR-GAY-001,PHC-RJ-JAI-002,PHC Chaksu,DH-BR-GAY-001,Jay Prakash Narayan District Hospital Gaya,26.6,75.95,24.795,85.0,1188.5,21.61,CALIBRATED_HAVERSINE_ROAD_MATRIX
RT-PHC-RJ-JAI-002-PHC-UP-VAR-001,PHC-RJ-JAI-002,PHC Chaksu,PHC-UP-VAR-001,PHC Cholapur,26.6,75.95,25.44,83.05,922.9,16.78,CALIBRATED_HAVERSINE_ROAD_MATRIX
RT-PHC-RJ-JAI-002-PHC-UP-VAR-002,PHC-RJ-JAI-002,PHC Chaksu,PHC-UP-VAR-002,PHC Pindra,26.6,75.95,25.53,82.82,891.3,16.21,CALIBRATED_HAVERSINE_ROAD_MATRIX
RT-PHC-RJ-JAI-002-PHC-UP-VAR-003,PHC-RJ-JAI-002,PHC Chaksu,PHC-UP-VAR-003,PHC Sevapuri,26.6,75.95,25.32,82.78,892.7,16.23,CALIBRATED_HAVERSINE_ROAD_MATRIX
RT-PHC-RJ-JAI-002-PHC-UP-VAR-004,PHC-RJ-JAI-002,PHC Chaksu,PHC-UP-VAR-004,PHC Kashi Vidyapeeth,26.6,75.95,25.29,82.97,917.5,16.68,CALIBRATED_HAVERSINE_ROAD_MATRIX
RT-PHC-RJ-JAI-002-CHC-UP-VAR-001,PHC-RJ-JAI-002,PHC Chaksu,CHC-UP-VAR-001,CHC Misirpur,26.6,75.95,25.34,82.91,908.3,16.51,CALIBRATED_HAVERSINE_ROAD_MATRIX
RT-PHC-RJ-JAI-002-DH-UP-VAR-001,PHC-RJ-JAI-002,PHC Chaksu,DH-UP-VAR-001,Pandit Deen Dayal Upadhyay District Hospital,26.6,75.95,25.335,82.985,917.9,16.69,CALIBRATED_HAVERSINE_ROAD_MATRIX
RT-PHC-RJ-JAI-002-PHC-UP-LUK-001,PHC-RJ-JAI-002,PHC Chaksu,PHC-UP-LUK-001,PHC Bakshi Ka Talab,26.6,75.95,26.98,80.92,633.7,11.52,CALIBRATED_HAVERSINE_ROAD_MATRIX
RT-PHC-RJ-JAI-002-PHC-UP-LUK-002,PHC-RJ-JAI-002,PHC Chaksu,PHC-UP-LUK-002,PHC Malihabad,26.6,75.95,26.92,80.71,606.6,11.03,CALIBRATED_HAVERSINE_ROAD_MATRIX
RT-PHC-RJ-JAI-002-PHC-UP-LUK-003,PHC-RJ-JAI-002,PHC Chaksu,PHC-UP-LUK-003,PHC Mohanlalganj,26.6,75.95,26.68,80.99,641.2,11.66,CALIBRATED_HAVERSINE_ROAD_MATRIX
RT-PHC-RJ-JAI-002-DH-UP-LUK-001,PHC-RJ-JAI-002,PHC Chaksu,DH-UP-LUK-001,Balrampur District Hospital Lucknow,26.6,75.95,26.865,80.915,632.2,11.49,CALIBRATED_HAVERSINE_ROAD_MATRIX
RT-PHC-RJ-JAI-002-PHC-RJ-JAI-001,PHC-RJ-JAI-002,PHC Chaksu,PHC-RJ-JAI-001,PHC Bassi,26.6,75.95,26.83,76.04,34.7,0.87,CALIBRATED_HAVERSINE_ROAD_MATRIX
RT-PHC-RJ-JAI-002-PHC-RJ-JAI-003,PHC-RJ-JAI-002,PHC Chaksu,PHC-RJ-JAI-003,PHC Amer,26.6,75.95,26.99,75.85,56.9,1.42,CALIBRATED_HAVERSINE_ROAD_MATRIX
RT-PHC-RJ-JAI-002-DH-RJ-JAI-001,PHC-RJ-JAI-002,PHC Chaksu,DH-RJ-JAI-001,Kanwatia District Hospital Jaipur,26.6,75.95,26.94,75.78,53.0,1.32,CALIBRATED_HAVERSINE_ROAD_MATRIX
RT-PHC-RJ-JAI-002-PHC-MH-PUN-001,PHC-RJ-JAI-002,PHC Chaksu,PHC-MH-PUN-001,PHC Mulshi,26.6,75.95,18.52,73.51,1193.8,21.71,CALIBRATED_HAVERSINE_ROAD_MATRIX
RT-PHC-RJ-JAI-002-PHC-MH-PUN-002,PHC-RJ-JAI-002,PHC Chaksu,PHC-MH-PUN-002,PHC Haveli,26.6,75.95,18.45,73.88,1191.4,21.66,CALIBRATED_HAVERSINE_ROAD_MATRIX
RT-PHC-RJ-JAI-002-PHC-MH-PUN-003,PHC-RJ-JAI-002,PHC Chaksu,PHC-MH-PUN-003,PHC Khed,26.6,75.95,18.84,73.91,1136.4,20.66,CALIBRATED_HAVERSINE_ROAD_MATRIX
RT-PHC-RJ-JAI-002-DH-MH-PUN-001,PHC-RJ-JAI-002,PHC Chaksu,DH-MH-PUN-001,Aundh District Hospital Pune,26.6,75.95,18.56,73.805,1178.5,21.43,CALIBRATED_HAVERSINE_ROAD_MATRIX
RT-PHC-RJ-JAI-002-PHC-KA-BEN-001,PHC-RJ-JAI-002,PHC Chaksu,PHC-KA-BEN-001,PHC Yelahanka,26.6,75.95,13.1,77.59,1933.9,35.16,CALIBRATED_HAVERSINE_ROAD_MATRIX
RT-PHC-RJ-JAI-002-PHC-KA-BEN-002,PHC-RJ-JAI-002,PHC Chaksu,PHC-KA-BEN-002,PHC Anekal,26.6,75.95,12.71,77.69,1990.6,36.19,CALIBRATED_HAVERSINE_ROAD_MATRIX
RT-PHC-RJ-JAI-002-PHC-KA-BEN-003,PHC-RJ-JAI-002,PHC Chaksu,PHC-KA-BEN-003,PHC Kengeri,26.6,75.95,12.91,77.48,1959.2,35.62,CALIBRATED_HAVERSINE_ROAD_MATRIX
RT-PHC-RJ-JAI-002-DH-KA-BEN-001,PHC-RJ-JAI-002,PHC Chaksu,DH-KA-BEN-001,KC General District Hospital Malleshwaram,26.6,75.95,12.995,77.57,1948.4,35.43,CALIBRATED_HAVERSINE_ROAD_MATRIX
RT-PHC-RJ-JAI-003-PHC-BR-PAT-001,PHC-RJ-JAI-003,PHC Amer,PHC-BR-PAT-001,PHC Bakhtiyarpur,26.99,75.85,25.46,85.53,1254.6,22.81,CALIBRATED_HAVERSINE_ROAD_MATRIX
RT-PHC-RJ-JAI-003-PHC-BR-PAT-002,PHC-RJ-JAI-003,PHC Amer,PHC-BR-PAT-002,PHC Danapur,26.99,75.85,25.63,85.04,1188.1,21.6,CALIBRATED_HAVERSINE_ROAD_MATRIX
RT-PHC-RJ-JAI-003-PHC-BR-PAT-003,PHC-RJ-JAI-003,PHC Amer,PHC-BR-PAT-003,PHC Bihta,26.99,75.85,25.56,84.87,1168.7,21.25,CALIBRATED_HAVERSINE_ROAD_MATRIX
RT-PHC-RJ-JAI-003-PHC-BR-PAT-004,PHC-RJ-JAI-003,PHC Amer,PHC-BR-PAT-004,PHC Fatuha,26.99,75.85,25.5,85.31,1225.8,22.29,CALIBRATED_HAVERSINE_ROAD_MATRIX
RT-PHC-RJ-JAI-003-PHC-BR-PAT-005,PHC-RJ-JAI-003,PHC Amer,PHC-BR-PAT-005,PHC Mokama,26.99,75.85,25.39,85.92,1305.7,23.74,CALIBRATED_HAVERSINE_ROAD_MATRIX
RT-PHC-RJ-JAI-003-CHC-BR-PAT-001,PHC-RJ-JAI-003,PHC Amer,CHC-BR-PAT-001,CHC Phulwari Sharif,26.99,75.85,25.58,85.08,1194.5,21.72,CALIBRATED_HAVERSINE_ROAD_MATRIX
RT-PHC-RJ-JAI-003-DH-BR-PAT-001,PHC-RJ-JAI-003,PHC Amer,DH-BR-PAT-001,District Hospital Gardanibagh,26.99,75.85,25.6,85.12,1199.0,21.8,CALIBRATED_HAVERSINE_ROAD_MATRIX
RT-PHC-RJ-JAI-003-PHC-BR-GAY-001,PHC-RJ-JAI-003,PHC Amer,PHC-BR-GAY-001,PHC Bodh Gaya,26.99,75.85,24.695,84.991,1215.3,22.1,CALIBRATED_HAVERSINE_ROAD_MATRIX
RT-PHC-RJ-JAI-003-PHC-BR-GAY-002,PHC-RJ-JAI-003,PHC Amer,PHC-BR-GAY-002,PHC Sherghati,26.99,75.85,24.56,84.79,1196.5,21.75,CALIBRATED_HAVERSINE_ROAD_MATRIX
RT-PHC-RJ-JAI-003-PHC-BR-GAY-003,PHC-RJ-JAI-003,PHC Amer,PHC-BR-GAY-003,PHC Tekari,26.99,75.85,24.93,84.83,1185.6,21.56,CALIBRATED_HAVERSINE_ROAD_MATRIX
RT-PHC-RJ-JAI-003-DH-BR-GAY-001,PHC-RJ-JAI-003,PHC Amer,DH-BR-GAY-001,Jay Prakash Narayan District Hospital Gaya,26.99,75.85,24.795,85.0,1212.2,22.04,CALIBRATED_HAVERSINE_ROAD_MATRIX
RT-PHC-RJ-JAI-003-PHC-UP-VAR-001,PHC-RJ-JAI-003,PHC Amer,PHC-UP-VAR-001,PHC Cholapur,26.99,75.85,25.44,83.05,945.3,17.19,CALIBRATED_HAVERSINE_ROAD_MATRIX
RT-PHC-RJ-JAI-003-PHC-UP-VAR-002,PHC-RJ-JAI-003,PHC Amer,PHC-UP-VAR-002,PHC Pindra,26.99,75.85,25.53,82.82,913.5,16.61,CALIBRATED_HAVERSINE_ROAD_MATRIX
RT-PHC-RJ-JAI-003-PHC-UP-VAR-003,PHC-RJ-JAI-003,PHC Amer,PHC-UP-VAR-003,PHC Sevapuri,26.99,75.85,25.32,82.78,916.5,16.66,CALIBRATED_HAVERSINE_ROAD_MATRIX
RT-PHC-RJ-JAI-003-PHC-UP-VAR-004,PHC-RJ-JAI-003,PHC Amer,PHC-UP-VAR-004,PHC Kashi Vidyapeeth,26.99,75.85,25.29,82.97,941.2,17.11,CALIBRATED_HAVERSINE_ROAD_MATRIX
RT-PHC-RJ-JAI-003-CHC-UP-VAR-001,PHC-RJ-JAI-003,PHC Amer,CHC-UP-VAR-001,CHC Misirpur,26.99,75.85,25.34,82.91,931.8,16.94,CALIBRATED_HAVERSINE_ROAD_MATRIX
RT-PHC-RJ-JAI-003-DH-UP-VAR-001,PHC-RJ-JAI-003,PHC Amer,DH-UP-VAR-001,Pandit Deen Dayal Upadhyay District Hospital,26.99,75.85,25.335,82.985,941.3,17.11,CALIBRATED_HAVERSINE_ROAD_MATRIX
RT-PHC-RJ-JAI-003-PHC-UP-LUK-001,PHC-RJ-JAI-003,PHC Amer,PHC-UP-LUK-001,PHC Bakshi Ka Talab,26.99,75.85,26.98,80.92,643.0,11.69,CALIBRATED_HAVERSINE_ROAD_MATRIX
RT-PHC-RJ-JAI-003-PHC-UP-LUK-002,PHC-RJ-JAI-003,PHC Amer,PHC-UP-LUK-002,PHC Malihabad,26.99,75.85,26.92,80.71,616.6,11.21,CALIBRATED_HAVERSINE_ROAD_MATRIX
RT-PHC-RJ-JAI-003-PHC-UP-LUK-003,PHC-RJ-JAI-003,PHC Amer,PHC-UP-LUK-003,PHC Mohanlalganj,26.99,75.85,26.68,80.99,654.2,11.89,CALIBRATED_HAVERSINE_ROAD_MATRIX
RT-PHC-RJ-JAI-003-DH-UP-LUK-001,PHC-RJ-JAI-003,PHC Amer,DH-UP-LUK-001,Balrampur District Hospital Lucknow,26.99,75.85,26.865,80.915,642.9,11.69,CALIBRATED_HAVERSINE_ROAD_MATRIX
RT-PHC-RJ-JAI-003-PHC-RJ-JAI-001,PHC-RJ-JAI-003,PHC Amer,PHC-RJ-JAI-001,PHC Bassi,26.99,75.85,26.83,76.04,33.2,0.83,CALIBRATED_HAVERSINE_ROAD_MATRIX
RT-PHC-RJ-JAI-003-PHC-RJ-JAI-002,PHC-RJ-JAI-003,PHC Amer,PHC-RJ-JAI-002,PHC Chaksu,26.99,75.85,26.6,75.95,56.9,1.42,CALIBRATED_HAVERSINE_ROAD_MATRIX
RT-PHC-RJ-JAI-003-DH-RJ-JAI-001,PHC-RJ-JAI-003,PHC Amer,DH-RJ-JAI-001,Kanwatia District Hospital Jaipur,26.99,75.85,26.94,75.78,11.4,0.29,CALIBRATED_HAVERSINE_ROAD_MATRIX
RT-PHC-RJ-JAI-003-PHC-MH-PUN-001,PHC-RJ-JAI-003,PHC Amer,PHC-MH-PUN-001,PHC Mulshi,26.99,75.85,18.52,73.51,1243.9,22.62,CALIBRATED_HAVERSINE_ROAD_MATRIX
RT-PHC-RJ-JAI-003-PHC-MH-PUN-002,PHC-RJ-JAI-003,PHC Amer,PHC-MH-PUN-002,PHC Haveli,26.99,75.85,18.45,73.88,1242.6,22.59,CALIBRATED_HAVERSINE_ROAD_MATRIX
RT-PHC-RJ-JAI-003-PHC-MH-PUN-003,PHC-RJ-JAI-003,PHC Amer,PHC-MH-PUN-003,PHC Khed,26.99,75.85,18.84,73.91,1187.5,21.59,CALIBRATED_HAVERSINE_ROAD_MATRIX
RT-PHC-RJ-JAI-003-DH-MH-PUN-001,PHC-RJ-JAI-003,PHC Amer,DH-MH-PUN-001,Aundh District Hospital Pune,26.99,75.85,18.56,73.805,1229.4,22.35,CALIBRATED_HAVERSINE_ROAD_MATRIX
RT-PHC-RJ-JAI-003-PHC-KA-BEN-001,PHC-RJ-JAI-003,PHC Amer,PHC-KA-BEN-001,PHC Yelahanka,26.99,75.85,13.1,77.59,1990.5,36.19,CALIBRATED_HAVERSINE_ROAD_MATRIX
RT-PHC-RJ-JAI-003-PHC-KA-BEN-002,PHC-RJ-JAI-003,PHC Amer,PHC-KA-BEN-002,PHC Anekal,26.99,75.85,12.71,77.69,2047.2,37.22,CALIBRATED_HAVERSINE_ROAD_MATRIX
RT-PHC-RJ-JAI-003-PHC-KA-BEN-003,PHC-RJ-JAI-003,PHC Amer,PHC-KA-BEN-003,PHC Kengeri,26.99,75.85,12.91,77.48,2015.7,36.65,CALIBRATED_HAVERSINE_ROAD_MATRIX
RT-PHC-RJ-JAI-003-DH-KA-BEN-001,PHC-RJ-JAI-003,PHC Amer,DH-KA-BEN-001,KC General District Hospital Malleshwaram,26.99,75.85,12.995,77.57,2005.1,36.46,CALIBRATED_HAVERSINE_ROAD_MATRIX
RT-DH-RJ-JAI-001-PHC-BR-PAT-001,DH-RJ-JAI-001,Kanwatia District Hospital Jaipur,PHC-BR-PAT-001,PHC Bakhtiyarpur,26.94,75.78,25.46,85.53,1262.5,22.95,CALIBRATED_HAVERSINE_ROAD_MATRIX
RT-DH-RJ-JAI-001-PHC-BR-PAT-002,DH-RJ-JAI-001,Kanwatia District Hospital Jaipur,PHC-BR-PAT-002,PHC Danapur,26.94,75.78,25.63,85.04,1196.0,21.75,CALIBRATED_HAVERSINE_ROAD_MATRIX
RT-DH-RJ-JAI-001-PHC-BR-PAT-003,DH-RJ-JAI-001,Kanwatia District Hospital Jaipur,PHC-BR-PAT-003,PHC Bihta,26.94,75.78,25.56,84.87,1176.6,21.39,CALIBRATED_HAVERSINE_ROAD_MATRIX
RT-DH-RJ-JAI-001-PHC-BR-PAT-004,DH-RJ-JAI-001,Kanwatia District Hospital Jaipur,PHC-BR-PAT-004,PHC Fatuha,26.94,75.78,25.5,85.31,1233.6,22.43,CALIBRATED_HAVERSINE_ROAD_MATRIX
RT-DH-RJ-JAI-001-PHC-BR-PAT-005,DH-RJ-JAI-001,Kanwatia District Hospital Jaipur,PHC-BR-PAT-005,PHC Mokama,26.94,75.78,25.39,85.92,1313.6,23.88,CALIBRATED_HAVERSINE_ROAD_MATRIX
RT-DH-RJ-JAI-001-CHC-BR-PAT-001,DH-RJ-JAI-001,Kanwatia District Hospital Jaipur,CHC-BR-PAT-001,CHC Phulwari Sharif,26.94,75.78,25.58,85.08,1202.4,21.86,CALIBRATED_HAVERSINE_ROAD_MATRIX
RT-DH-RJ-JAI-001-DH-BR-PAT-001,DH-RJ-JAI-001,Kanwatia District Hospital Jaipur,DH-BR-PAT-001,District Hospital Gardanibagh,26.94,75.78,25.6,85.12,1206.9,21.94,CALIBRATED_HAVERSINE_ROAD_MATRIX
RT-DH-RJ-JAI-001-PHC-BR-GAY-001,DH-RJ-JAI-001,Kanwatia District Hospital Jaipur,PHC-BR-GAY-001,PHC Bodh Gaya,26.94,75.78,24.695,84.991,1222.3,22.22,CALIBRATED_HAVERSINE_ROAD_MATRIX
RT-DH-RJ-JAI-001-PHC-BR-GAY-002,DH-RJ-JAI-001,Kanwatia District Hospital Jaipur,PHC-BR-GAY-002,PHC Sherghati,26.94,75.78,24.56,84.79,1203.3,21.88,CALIBRATED_HAVERSINE_ROAD_MATRIX
RT-DH-RJ-JAI-001-PHC-BR-GAY-003,DH-RJ-JAI-001,Kanwatia District Hospital Jaipur,PHC-BR-GAY-003,PHC Tekari,26.94,75.78,24.93,84.83,1192.8,21.69,CALIBRATED_HAVERSINE_ROAD_MATRIX
RT-DH-RJ-JAI-001-DH-BR-GAY-001,DH-RJ-JAI-001,Kanwatia District Hospital Jaipur,DH-BR-GAY-001,Jay Prakash Narayan District Hospital Gaya,26.94,75.78,24.795,85.0,1219.3,22.17,CALIBRATED_HAVERSINE_ROAD_MATRIX
RT-DH-RJ-JAI-001-PHC-UP-VAR-001,DH-RJ-JAI-001,Kanwatia District Hospital Jaipur,PHC-UP-VAR-001,PHC Cholapur,26.94,75.78,25.44,83.05,952.6,17.32,CALIBRATED_HAVERSINE_ROAD_MATRIX
RT-DH-RJ-JAI-001-PHC-UP-VAR-002,DH-RJ-JAI-001,Kanwatia District Hospital Jaipur,PHC-UP-VAR-002,PHC Pindra,26.94,75.78,25.53,82.82,920.8,16.74,CALIBRATED_HAVERSINE_ROAD_MATRIX
RT-DH-RJ-JAI-001-PHC-UP-VAR-003,DH-RJ-JAI-001,Kanwatia District Hospital Jaipur,PHC-UP-VAR-003,PHC Sevapuri,26.94,75.78,25.32,82.78,923.6,16.79,CALIBRATED_HAVERSINE_ROAD_MATRIX
RT-DH-RJ-JAI-001-PHC-UP-VAR-004,DH-RJ-JAI-001,Kanwatia District Hospital Jaipur,PHC-UP-VAR-004,PHC Kashi Vidyapeeth,26.94,75.78,25.29,82.97,948.2,17.24,CALIBRATED_HAVERSINE_ROAD_MATRIX
RT-DH-RJ-JAI-001-CHC-UP-VAR-001,DH-RJ-JAI-001,Kanwatia District Hospital Jaipur,CHC-UP-VAR-001,CHC Misirpur,26.94,75.78,25.34,82.91,938.9,17.07,CALIBRATED_HAVERSINE_ROAD_MATRIX
RT-DH-RJ-JAI-001-DH-UP-VAR-001,DH-RJ-JAI-001,Kanwatia District Hospital Jaipur,DH-UP-VAR-001,Pandit Deen Dayal Upadhyay District Hospital,26.94,75.78,25.335,82.985,948.4,17.24,CALIBRATED_HAVERSINE_ROAD_MATRIX
RT-DH-RJ-JAI-001-PHC-UP-LUK-001,DH-RJ-JAI-001,Kanwatia District Hospital Jaipur,PHC-UP-LUK-001,PHC Bakshi Ka Talab,26.94,75.78,26.98,80.92,652.0,11.85,CALIBRATED_HAVERSINE_ROAD_MATRIX
RT-DH-RJ-JAI-001-PHC-UP-LUK-002,DH-RJ-JAI-001,Kanwatia District Hospital Jaipur,PHC-UP-LUK-002,PHC Malihabad,26.94,75.78,26.92,80.71,625.6,11.37,CALIBRATED_HAVERSINE_ROAD_MATRIX
RT-DH-RJ-JAI-001-PHC-UP-LUK-003,DH-RJ-JAI-001,Kanwatia District Hospital Jaipur,PHC-UP-LUK-003,PHC Mohanlalganj,26.94,75.78,26.68,80.99,662.8,12.05,CALIBRATED_HAVERSINE_ROAD_MATRIX
RT-DH-RJ-JAI-001-DH-UP-LUK-001,DH-RJ-JAI-001,Kanwatia District Hospital Jaipur,DH-UP-LUK-001,Balrampur District Hospital Lucknow,26.94,75.78,26.865,80.915,651.8,11.85,CALIBRATED_HAVERSINE_ROAD_MATRIX
RT-DH-RJ-JAI-001-PHC-RJ-JAI-001,DH-RJ-JAI-001,Kanwatia District Hospital Jaipur,PHC-RJ-JAI-001,PHC Bassi,26.94,75.78,26.83,76.04,36.5,0.91,CALIBRATED_HAVERSINE_ROAD_MATRIX
RT-DH-RJ-JAI-001-PHC-RJ-JAI-002,DH-RJ-JAI-001,Kanwatia District Hospital Jaipur,PHC-RJ-JAI-002,PHC Chaksu,26.94,75.78,26.6,75.95,53.0,1.32,CALIBRATED_HAVERSINE_ROAD_MATRIX
RT-DH-RJ-JAI-001-PHC-RJ-JAI-003,DH-RJ-JAI-001,Kanwatia District Hospital Jaipur,PHC-RJ-JAI-003,PHC Amer,26.94,75.78,26.99,75.85,11.4,0.29,CALIBRATED_HAVERSINE_ROAD_MATRIX
RT-DH-RJ-JAI-001-PHC-MH-PUN-001,DH-RJ-JAI-001,Kanwatia District Hospital Jaipur,PHC-MH-PUN-001,PHC Mulshi,26.94,75.78,18.52,73.51,1234.8,22.45,CALIBRATED_HAVERSINE_ROAD_MATRIX
RT-DH-RJ-JAI-001-PHC-MH-PUN-002,DH-RJ-JAI-001,Kanwatia District Hospital Jaipur,PHC-MH-PUN-002,PHC Haveli,26.94,75.78,18.45,73.88,1233.8,22.43,CALIBRATED_HAVERSINE_ROAD_MATRIX
RT-DH-RJ-JAI-001-PHC-MH-PUN-003,DH-RJ-JAI-001,Kanwatia District Hospital Jaipur,PHC-MH-PUN-003,PHC Khed,26.94,75.78,18.84,73.91,1178.6,21.43,CALIBRATED_HAVERSINE_ROAD_MATRIX
RT-DH-RJ-JAI-001-DH-MH-PUN-001,DH-RJ-JAI-001,Kanwatia District Hospital Jaipur,DH-MH-PUN-001,Aundh District Hospital Pune,26.94,75.78,18.56,73.805,1220.5,22.19,CALIBRATED_HAVERSINE_ROAD_MATRIX
RT-DH-RJ-JAI-001-PHC-KA-BEN-001,DH-RJ-JAI-001,Kanwatia District Hospital Jaipur,PHC-KA-BEN-001,PHC Yelahanka,26.94,75.78,13.1,77.59,1984.6,36.08,CALIBRATED_HAVERSINE_ROAD_MATRIX
RT-DH-RJ-JAI-001-PHC-KA-BEN-002,DH-RJ-JAI-001,Kanwatia District Hospital Jaipur,PHC-KA-BEN-002,PHC Anekal,26.94,75.78,12.71,77.69,2041.3,37.11,CALIBRATED_HAVERSINE_ROAD_MATRIX
RT-DH-RJ-JAI-001-PHC-KA-BEN-003,DH-RJ-JAI-001,Kanwatia District Hospital Jaipur,PHC-KA-BEN-003,PHC Kengeri,26.94,75.78,12.91,77.48,2009.7,36.54,CALIBRATED_HAVERSINE_ROAD_MATRIX
RT-DH-RJ-JAI-001-DH-KA-BEN-001,DH-RJ-JAI-001,Kanwatia District Hospital Jaipur,DH-KA-BEN-001,KC General District Hospital Malleshwaram,26.94,75.78,12.995,77.57,1999.1,36.35,CALIBRATED_HAVERSINE_ROAD_MATRIX
RT-PHC-MH-PUN-001-PHC-BR-PAT-001,PHC-MH-PUN-001,PHC Mulshi,PHC-BR-PAT-001,PHC Bakhtiyarpur,18.52,73.51,25.46,85.53,1867.2,33.95,CALIBRATED_HAVERSINE_ROAD_MATRIX
RT-PHC-MH-PUN-001-PHC-BR-PAT-002,PHC-MH-PUN-001,PHC Mulshi,PHC-BR-PAT-002,PHC Danapur,18.52,73.51,25.63,85.04,1825.2,33.19,CALIBRATED_HAVERSINE_ROAD_MATRIX
RT-PHC-MH-PUN-001-PHC-BR-PAT-003,PHC-MH-PUN-001,PHC Mulshi,PHC-BR-PAT-003,PHC Bihta,18.52,73.51,25.56,84.87,1801.4,32.75,CALIBRATED_HAVERSINE_ROAD_MATRIX
RT-PHC-MH-PUN-001-PHC-BR-PAT-004,PHC-MH-PUN-001,PHC Mulshi,PHC-BR-PAT-004,PHC Fatuha,18.52,73.51,25.5,85.31,1845.5,33.55,CALIBRATED_HAVERSINE_ROAD_MATRIX
RT-PHC-MH-PUN-001-PHC-BR-PAT-005,PHC-MH-PUN-001,PHC Mulshi,PHC-BR-PAT-005,PHC Mokama,18.52,73.51,25.39,85.92,1906.2,34.66,CALIBRATED_HAVERSINE_ROAD_MATRIX
RT-PHC-MH-PUN-001-CHC-BR-PAT-001,PHC-MH-PUN-001,PHC Mulshi,CHC-BR-PAT-001,CHC Phulwari Sharif,18.52,73.51,25.58,85.08,1825.9,33.2,CALIBRATED_HAVERSINE_ROAD_MATRIX
RT-PHC-MH-PUN-001-DH-BR-PAT-001,PHC-MH-PUN-001,PHC Mulshi,DH-BR-PAT-001,District Hospital Gardanibagh,18.52,73.51,25.6,85.12,1831.7,33.3,CALIBRATED_HAVERSINE_ROAD_MATRIX
RT-PHC-MH-PUN-001-PHC-BR-GAY-001,PHC-MH-PUN-001,PHC Mulshi,PHC-BR-GAY-001,PHC Bodh Gaya,18.52,73.51,24.695,84.991,1753.9,31.89,CALIBRATED_HAVERSINE_ROAD_MATRIX
RT-PHC-MH-PUN-001-PHC-BR-GAY-002,PHC-MH-PUN-001,PHC Mulshi,PHC-BR-GAY-002,PHC Sherghati,18.52,73.51,24.56,84.79,1722.0,31.31,CALIBRATED_HAVERSINE_ROAD_MATRIX
RT-PHC-MH-PUN-001-PHC-BR-GAY-003,PHC-MH-PUN-001,PHC Mulshi,PHC-BR-GAY-003,PHC Tekari,18.52,73.51,24.93,84.83,1751.6,31.85,CALIBRATED_HAVERSINE_ROAD_MATRIX
RT-PHC-MH-PUN-001-DH-BR-GAY-001,PHC-MH-PUN-001,PHC Mulshi,DH-BR-GAY-001,Jay Prakash Narayan District Hospital Gaya,18.52,73.51,24.795,85.0,1761.6,32.03,CALIBRATED_HAVERSINE_ROAD_MATRIX
RT-PHC-MH-PUN-001-PHC-UP-VAR-001,PHC-MH-PUN-001,PHC Mulshi,PHC-UP-VAR-001,PHC Cholapur,18.52,73.51,25.44,83.05,1597.5,29.05,CALIBRATED_HAVERSINE_ROAD_MATRIX
RT-PHC-MH-PUN-001-PHC-UP-VAR-002,PHC-MH-PUN-001,PHC Mulshi,PHC-UP-VAR-002,PHC Pindra,18.52,73.51,25.53,82.82,1581.5,28.75,CALIBRATED_HAVERSINE_ROAD_MATRIX
RT-PHC-MH-PUN-001-PHC-UP-VAR-003,PHC-MH-PUN-001,PHC Mulshi,PHC-UP-VAR-003,PHC Sevapuri,18.52,73.51,25.32,82.78,1559.4,28.35,CALIBRATED_HAVERSINE_ROAD_MATRIX
RT-PHC-MH-PUN-001-PHC-UP-VAR-004,PHC-MH-PUN-001,PHC Mulshi,PHC-UP-VAR-004,PHC Kashi Vidyapeeth,18.52,73.51,25.29,82.97,1576.7,28.67,CALIBRATED_HAVERSINE_ROAD_MATRIX
RT-PHC-MH-PUN-001-CHC-UP-VAR-001,PHC-MH-PUN-001,PHC Mulshi,CHC-UP-VAR-001,CHC Misirpur,18.52,73.51,25.34,82.91,1574.6,28.63,CALIBRATED_HAVERSINE_ROAD_MATRIX
RT-PHC-MH-PUN-001-DH-UP-VAR-001,PHC-MH-PUN-001,PHC Mulshi,DH-UP-VAR-001,Pandit Deen Dayal Upadhyay District Hospital,18.52,73.51,25.335,82.985,1582.0,28.76,CALIBRATED_HAVERSINE_ROAD_MATRIX
RT-PHC-MH-PUN-001-PHC-UP-LUK-001,PHC-MH-PUN-001,PHC Mulshi,PHC-UP-LUK-001,PHC Bakshi Ka Talab,18.52,73.51,26.98,80.92,1546.9,28.13,CALIBRATED_HAVERSINE_ROAD_MATRIX
RT-PHC-MH-PUN-001-PHC-UP-LUK-002,PHC-MH-PUN-001,PHC Mulshi,PHC-UP-LUK-002,PHC Malihabad,18.52,73.51,26.92,80.71,1523.2,27.69,CALIBRATED_HAVERSINE_ROAD_MATRIX
RT-PHC-MH-PUN-001-PHC-UP-LUK-003,PHC-MH-PUN-001,PHC Mulshi,PHC-UP-LUK-003,PHC Mohanlalganj,18.52,73.51,26.68,80.99,1520.6,27.65,CALIBRATED_HAVERSINE_ROAD_MATRIX
RT-PHC-MH-PUN-001-DH-UP-LUK-001,PHC-MH-PUN-001,PHC Mulshi,DH-UP-LUK-001,Balrampur District Hospital Lucknow,18.52,73.51,26.865,80.915,1534.1,27.89,CALIBRATED_HAVERSINE_ROAD_MATRIX
RT-PHC-MH-PUN-001-PHC-RJ-JAI-001,PHC-MH-PUN-001,PHC Mulshi,PHC-RJ-JAI-001,PHC Bassi,18.52,73.51,26.83,76.04,1228.4,22.33,CALIBRATED_HAVERSINE_ROAD_MATRIX
RT-PHC-MH-PUN-001-PHC-RJ-JAI-002,PHC-MH-PUN-001,PHC Mulshi,PHC-RJ-JAI-002,PHC Chaksu,18.52,73.51,26.6,75.95,1193.8,21.71,CALIBRATED_HAVERSINE_ROAD_MATRIX
RT-PHC-MH-PUN-001-PHC-RJ-JAI-003,PHC-MH-PUN-001,PHC Mulshi,PHC-RJ-JAI-003,PHC Amer,18.52,73.51,26.99,75.85,1243.9,22.62,CALIBRATED_HAVERSINE_ROAD_MATRIX
RT-PHC-MH-PUN-001-DH-RJ-JAI-001,PHC-MH-PUN-001,PHC Mulshi,DH-RJ-JAI-001,Kanwatia District Hospital Jaipur,18.52,73.51,26.94,75.78,1234.8,22.45,CALIBRATED_HAVERSINE_ROAD_MATRIX
RT-PHC-MH-PUN-001-PHC-MH-PUN-002,PHC-MH-PUN-001,PHC Mulshi,PHC-MH-PUN-002,PHC Haveli,18.52,73.51,18.45,73.88,50.9,1.27,CALIBRATED_HAVERSINE_ROAD_MATRIX
RT-PHC-MH-PUN-001-PHC-MH-PUN-003,PHC-MH-PUN-001,PHC Mulshi,PHC-MH-PUN-003,PHC Khed,18.52,73.51,18.84,73.91,70.6,1.76,CALIBRATED_HAVERSINE_ROAD_MATRIX
RT-PHC-MH-PUN-001-DH-MH-PUN-001,PHC-MH-PUN-001,PHC Mulshi,DH-MH-PUN-001,Aundh District Hospital Pune,18.52,73.51,18.56,73.805,40.2,1.01,CALIBRATED_HAVERSINE_ROAD_MATRIX
RT-PHC-MH-PUN-001-PHC-KA-BEN-001,PHC-MH-PUN-001,PHC Mulshi,PHC-KA-BEN-001,PHC Yelahanka,18.52,73.51,13.1,77.59,952.4,17.32,CALIBRATED_HAVERSINE_ROAD_MATRIX
RT-PHC-MH-PUN-001-PHC-KA-BEN-002,PHC-MH-PUN-001,PHC Mulshi,PHC-KA-BEN-002,PHC Anekal,18.52,73.51,12.71,77.69,1005.9,18.29,CALIBRATED_HAVERSINE_ROAD_MATRIX
RT-PHC-MH-PUN-001-PHC-KA-BEN-003,PHC-MH-PUN-001,PHC Mulshi,PHC-KA-BEN-003,PHC Kengeri,18.52,73.51,12.91,77.48,966.0,17.56,CALIBRATED_HAVERSINE_ROAD_MATRIX
RT-PHC-MH-PUN-001-DH-KA-BEN-001,PHC-MH-PUN-001,PHC Mulshi,DH-KA-BEN-001,KC General District Hospital Malleshwaram,18.52,73.51,12.995,77.57,963.0,17.51,CALIBRATED_HAVERSINE_ROAD_MATRIX
RT-PHC-MH-PUN-002-PHC-BR-PAT-001,PHC-MH-PUN-002,PHC Haveli,PHC-BR-PAT-001,PHC Bakhtiyarpur,18.45,73.88,25.46,85.53,1831.7,33.3,CALIBRATED_HAVERSINE_ROAD_MATRIX
RT-PHC-MH-PUN-002-PHC-BR-PAT-002,PHC-MH-PUN-002,PHC Haveli,PHC-BR-PAT-002,PHC Danapur,18.45,73.88,25.63,85.04,1790.8,32.56,CALIBRATED_HAVERSINE_ROAD_MATRIX
RT-PHC-MH-PUN-002-PHC-BR-PAT-003,PHC-MH-PUN-002,PHC Haveli,PHC-BR-PAT-003,PHC Bihta,18.45,73.88,25.56,84.87,1767.0,32.13,CALIBRATED_HAVERSINE_ROAD_MATRIX
RT-PHC-MH-PUN-002-PHC-BR-PAT-004,PHC-MH-PUN-002,PHC Haveli,PHC-BR-PAT-004,PHC Fatuha,18.45,73.88,25.5,85.31,1810.4,32.92,CALIBRATED_HAVERSINE_ROAD_MATRIX
RT-PHC-MH-PUN-002-PHC-BR-PAT-005,PHC-MH-PUN-002,PHC Haveli,PHC-BR-PAT-005,PHC Mokama,18.45,73.88,25.39,85.92,1870.1,34.0,CALIBRATED_HAVERSINE_ROAD_MATRIX
RT-PHC-MH-PUN-002-CHC-BR-PAT-001,PHC-MH-PUN-002,PHC Haveli,CHC-BR-PAT-001,CHC Phulwari Sharif,18.45,73.88,25.58,85.08,1791.3,32.57,CALIBRATED_HAVERSINE_ROAD_MATRIX
RT-PHC-MH-PUN-002-DH-BR-PAT-001,PHC-MH-PUN-002,PHC Haveli,DH-BR-PAT-001,District Hospital Gardanibagh,18.45,73.88,25.6,85.12,1797.2,32.68,CALIBRATED_HAVERSINE_ROAD_MATRIX
RT-PHC-MH-PUN-002-PHC-BR-GAY-001,PHC-MH-PUN-002,PHC Haveli,PHC-BR-GAY-001,PHC Bodh Gaya,18.45,73.88,24.695,84.991,1717.2,31.22,CALIBRATED_HAVERSINE_ROAD_MATRIX
RT-PHC-MH-PUN-002-PHC-BR-GAY-002,PHC-MH-PUN-002,PHC Haveli,PHC-BR-GAY-002,PHC Sherghati,18.45,73.88,24.56,84.79,1685.1,30.64,CALIBRATED_HAVERSINE_ROAD_MATRIX
RT-PHC-MH-PUN-002-PHC-BR-GAY-003,PHC-MH-PUN-002,PHC Haveli,PHC-BR-GAY-003,PHC Tekari,18.45,73.88,24.93,84.83,1715.7,31.19,CALIBRATED_HAVERSINE_ROAD_MATRIX
RT-PHC-MH-PUN-002-DH-BR-GAY-001,PHC-MH-PUN-002,PHC Haveli,DH-BR-GAY-001,Jay Prakash Narayan District Hospital Gaya,18.45,73.88,24.795,85.0,1725.2,31.37,CALIBRATED_HAVERSINE_ROAD_MATRIX
RT-PHC-MH-PUN-002-PHC-UP-VAR-001,PHC-MH-PUN-002,PHC Haveli,PHC-UP-VAR-001,PHC Cholapur,18.45,73.88,25.44,83.05,1565.9,28.47,CALIBRATED_HAVERSINE_ROAD_MATRIX
RT-PHC-MH-PUN-002-PHC-UP-VAR-002,PHC-MH-PUN-002,PHC Haveli,PHC-UP-VAR-002,PHC Pindra,18.45,73.88,25.53,82.82,1550.6,28.19,CALIBRATED_HAVERSINE_ROAD_MATRIX
RT-PHC-MH-PUN-002-PHC-UP-VAR-003,PHC-MH-PUN-002,PHC Haveli,PHC-UP-VAR-003,PHC Sevapuri,18.45,73.88,25.32,82.78,1528.0,27.78,CALIBRATED_HAVERSINE_ROAD_MATRIX
RT-PHC-MH-PUN-002-PHC-UP-VAR-004,PHC-MH-PUN-002,PHC Haveli,PHC-UP-VAR-004,PHC Kashi Vidyapeeth,18.45,73.88,25.29,82.97,1544.8,28.09,CALIBRATED_HAVERSINE_ROAD_MATRIX
RT-PHC-MH-PUN-002-CHC-UP-VAR-001,PHC-MH-PUN-002,PHC Haveli,CHC-UP-VAR-001,CHC Misirpur,18.45,73.88,25.34,82.91,1543.0,28.05,CALIBRATED_HAVERSINE_ROAD_MATRIX
RT-PHC-MH-PUN-002-DH-UP-VAR-001,PHC-MH-PUN-002,PHC Haveli,DH-UP-VAR-001,Pandit Deen Dayal Upadhyay District Hospital,18.45,73.88,25.335,82.985,1550.2,28.19,CALIBRATED_HAVERSINE_ROAD_MATRIX
RT-PHC-MH-PUN-002-PHC-UP-LUK-001,PHC-MH-PUN-002,PHC Haveli,PHC-UP-LUK-001,PHC Bakshi Ka Talab,18.45,73.88,26.98,80.92,1525.0,27.73,CALIBRATED_HAVERSINE_ROAD_MATRIX
RT-PHC-MH-PUN-002-PHC-UP-LUK-002,PHC-MH-PUN-002,PHC Haveli,PHC-UP-LUK-002,PHC Malihabad,18.45,73.88,26.92,80.71,1501.8,27.31,CALIBRATED_HAVERSINE_ROAD_MATRIX
RT-PHC-MH-PUN-002-PHC-UP-LUK-003,PHC-MH-PUN-002,PHC Haveli,PHC-UP-LUK-003,PHC Mohanlalganj,18.45,73.88,26.68,80.99,1497.6,27.23,CALIBRATED_HAVERSINE_ROAD_MATRIX
RT-PHC-MH-PUN-002-DH-UP-LUK-001,PHC-MH-PUN-002,PHC Haveli,DH-UP-LUK-001,Balrampur District Hospital Lucknow,18.45,73.88,26.865,80.915,1511.9,27.49,CALIBRATED_HAVERSINE_ROAD_MATRIX
RT-PHC-MH-PUN-002-PHC-RJ-JAI-001,PHC-MH-PUN-002,PHC Haveli,PHC-RJ-JAI-001,PHC Bassi,18.45,73.88,26.83,76.04,1225.9,22.29,CALIBRATED_HAVERSINE_ROAD_MATRIX
RT-PHC-MH-PUN-002-PHC-RJ-JAI-002,PHC-MH-PUN-002,PHC Haveli,PHC-RJ-JAI-002,PHC Chaksu,18.45,73.88,26.6,75.95,1191.4,21.66,CALIBRATED_HAVERSINE_ROAD_MATRIX
RT-PHC-MH-PUN-002-PHC-RJ-JAI-003,PHC-MH-PUN-002,PHC Haveli,PHC-RJ-JAI-003,PHC Amer,18.45,73.88,26.99,75.85,1242.6,22.59,CALIBRATED_HAVERSINE_ROAD_MATRIX
RT-PHC-MH-PUN-002-DH-RJ-JAI-001,PHC-MH-PUN-002,PHC Haveli,DH-RJ-JAI-001,Kanwatia District Hospital Jaipur,18.45,73.88,26.94,75.78,1233.8,22.43,CALIBRATED_HAVERSINE_ROAD_MATRIX
RT-PHC-MH-PUN-002-PHC-MH-PUN-001,PHC-MH-PUN-002,PHC Haveli,PHC-MH-PUN-001,PHC Mulshi,18.45,73.88,18.52,73.51,50.9,1.27,CALIBRATED_HAVERSINE_ROAD_MATRIX
RT-PHC-MH-PUN-002-PHC-MH-PUN-003,PHC-MH-PUN-002,PHC Haveli,PHC-MH-PUN-003,PHC Khed,18.45,73.88,18.84,73.91,55.7,1.39,CALIBRATED_HAVERSINE_ROAD_MATRIX
RT-PHC-MH-PUN-002-DH-MH-PUN-001,PHC-MH-PUN-002,PHC Haveli,DH-MH-PUN-001,Aundh District Hospital Pune,18.45,73.88,18.56,73.805,18.6,0.47,CALIBRATED_HAVERSINE_ROAD_MATRIX
RT-PHC-MH-PUN-002-PHC-KA-BEN-001,PHC-MH-PUN-002,PHC Haveli,PHC-KA-BEN-001,PHC Yelahanka,18.45,73.88,13.1,77.59,915.3,16.64,CALIBRATED_HAVERSINE_ROAD_MATRIX
RT-PHC-MH-PUN-002-PHC-KA-BEN-002,PHC-MH-PUN-002,PHC Haveli,PHC-KA-BEN-002,PHC Anekal,18.45,73.88,12.71,77.69,969.5,17.63,CALIBRATED_HAVERSINE_ROAD_MATRIX
RT-PHC-MH-PUN-002-PHC-KA-BEN-003,PHC-MH-PUN-002,PHC Haveli,PHC-KA-BEN-003,PHC Kengeri,18.45,73.88,12.91,77.48,930.0,16.91,CALIBRATED_HAVERSINE_ROAD_MATRIX
RT-PHC-MH-PUN-002-DH-KA-BEN-001,PHC-MH-PUN-002,PHC Haveli,DH-KA-BEN-001,KC General District Hospital Malleshwaram,18.45,73.88,12.995,77.57,926.4,16.84,CALIBRATED_HAVERSINE_ROAD_MATRIX
RT-PHC-MH-PUN-003-PHC-BR-PAT-001,PHC-MH-PUN-003,PHC Khed,PHC-BR-PAT-001,PHC Bakhtiyarpur,18.84,73.91,25.46,85.53,1797.0,32.67,CALIBRATED_HAVERSINE_ROAD_MATRIX
RT-PHC-MH-PUN-003-PHC-BR-PAT-002,PHC-MH-PUN-003,PHC Khed,PHC-BR-PAT-002,PHC Danapur,18.84,73.91,25.63,85.04,1754.8,31.91,CALIBRATED_HAVERSINE_ROAD_MATRIX
RT-PHC-MH-PUN-003-PHC-BR-PAT-003,PHC-MH-PUN-003,PHC Khed,PHC-BR-PAT-003,PHC Bihta,18.84,73.91,25.56,84.87,1731.0,31.47,CALIBRATED_HAVERSINE_ROAD_MATRIX
RT-PHC-MH-PUN-003-PHC-BR-PAT-004,PHC-MH-PUN-003,PHC Khed,PHC-BR-PAT-004,PHC Fatuha,18.84,73.91,25.5,85.31,1775.2,32.28,CALIBRATED_HAVERSINE_ROAD_MATRIX
RT-PHC-MH-PUN-003-PHC-BR-PAT-005,PHC-MH-PUN-003,PHC Khed,PHC-BR-PAT-005,PHC Mokama,18.84,73.91,25.39,85.92,1836.2,33.39,CALIBRATED_HAVERSINE_ROAD_MATRIX
RT-PHC-MH-PUN-003-CHC-BR-PAT-001,PHC-MH-PUN-003,PHC Khed,CHC-BR-PAT-001,CHC Phulwari Sharif,18.84,73.91,25.58,85.08,1755.5,31.92,CALIBRATED_HAVERSINE_ROAD_MATRIX
RT-PHC-MH-PUN-003-DH-BR-PAT-001,PHC-MH-PUN-003,PHC Khed,DH-BR-PAT-001,District Hospital Gardanibagh,18.84,73.91,25.6,85.12,1761.4,32.03,CALIBRATED_HAVERSINE_ROAD_MATRIX
RT-PHC-MH-PUN-003-PHC-BR-GAY-001,PHC-MH-PUN-003,PHC Khed,PHC-BR-GAY-001,PHC Bodh Gaya,18.84,73.91,24.695,84.991,1684.1,30.62,CALIBRATED_HAVERSINE_ROAD_MATRIX
RT-PHC-MH-PUN-003-PHC-BR-GAY-002,PHC-MH-PUN-003,PHC Khed,PHC-BR-GAY-002,PHC Sherghati,18.84,73.91,24.56,84.79,1652.1,30.04,CALIBRATED_HAVERSINE_ROAD_MATRIX
RT-PHC-MH-PUN-003-PHC-BR-GAY-003,PHC-MH-PUN-003,PHC Khed,PHC-BR-GAY-003,PHC Tekari,18.84,73.91,24.93,84.83,1681.5,30.57,CALIBRATED_HAVERSINE_ROAD_MATRIX
RT-PHC-MH-PUN-003-DH-BR-GAY-001,PHC-MH-PUN-003,PHC Khed,DH-BR-GAY-001,Jay Prakash Narayan District Hospital Gaya,18.84,73.91,24.795,85.0,1691.7,30.76,CALIBRATED_HAVERSINE_ROAD_MATRIX
RT-PHC-MH-PUN-003-PHC-UP-VAR-001,PHC-MH-PUN-003,PHC Khed,PHC-UP-VAR-001,PHC Cholapur,18.84,73.91,25.44,83.05,1526.9,27.76,CALIBRATED_HAVERSINE_ROAD_MATRIX
RT-PHC-MH-PUN-003-PHC-UP-VAR-002,PHC-MH-PUN-003,PHC Khed,PHC-UP-VAR-002,PHC Pindra,18.84,73.91,25.53,82.82,1510.9,27.47,CALIBRATED_HAVERSINE_ROAD_MATRIX
RT-PHC-MH-PUN-003-PHC-UP-VAR-003,PHC-MH-PUN-003,PHC Khed,PHC-UP-VAR-003,PHC Sevapuri,18.84,73.91,25.32,82.78,1488.8,27.07,CALIBRATED_HAVERSINE_ROAD_MATRIX
RT-PHC-MH-PUN-003-PHC-UP-VAR-004,PHC-MH-PUN-003,PHC Khed,PHC-UP-VAR-004,PHC Kashi Vidyapeeth,18.84,73.91,25.29,82.97,1506.1,27.38,CALIBRATED_HAVERSINE_ROAD_MATRIX
RT-PHC-MH-PUN-003-CHC-UP-VAR-001,PHC-MH-PUN-003,PHC Khed,CHC-UP-VAR-001,CHC Misirpur,18.84,73.91,25.34,82.91,1504.0,27.35,CALIBRATED_HAVERSINE_ROAD_MATRIX
RT-PHC-MH-PUN-003-DH-UP-VAR-001,PHC-MH-PUN-003,PHC Khed,DH-UP-VAR-001,Pandit Deen Dayal Upadhyay District Hospital,18.84,73.91,25.335,82.985,1511.4,27.48,CALIBRATED_HAVERSINE_ROAD_MATRIX
RT-PHC-MH-PUN-003-PHC-UP-LUK-001,PHC-MH-PUN-003,PHC Khed,PHC-UP-LUK-001,PHC Bakshi Ka Talab,18.84,73.91,26.98,80.92,1478.0,26.87,CALIBRATED_HAVERSINE_ROAD_MATRIX
RT-PHC-MH-PUN-003-PHC-UP-LUK-002,PHC-MH-PUN-003,PHC Khed,PHC-UP-LUK-002,PHC Malihabad,18.84,73.91,26.92,80.71,1454.5,26.45,CALIBRATED_HAVERSINE_ROAD_MATRIX
RT-PHC-MH-PUN-003-PHC-UP-LUK-003,PHC-MH-PUN-003,PHC Khed,PHC-UP-LUK-003,PHC Mohanlalganj,18.84,73.91,26.68,80.99,1451.3,26.39,CALIBRATED_HAVERSINE_ROAD_MATRIX
RT-PHC-MH-PUN-003-DH-UP-LUK-001,PHC-MH-PUN-003,PHC Khed,DH-UP-LUK-001,Balrampur District Hospital Lucknow,18.84,73.91,26.865,80.915,1465.1,26.64,CALIBRATED_HAVERSINE_ROAD_MATRIX
RT-PHC-MH-PUN-003-PHC-RJ-JAI-001,PHC-MH-PUN-003,PHC Khed,PHC-RJ-JAI-001,PHC Bassi,18.84,73.91,26.83,76.04,1170.9,21.29,CALIBRATED_HAVERSINE_ROAD_MATRIX
RT-PHC-MH-PUN-003-PHC-RJ-JAI-002,PHC-MH-PUN-003,PHC Khed,PHC-RJ-JAI-002,PHC Chaksu,18.84,73.91,26.6,75.95,1136.4,20.66,CALIBRATED_HAVERSINE_ROAD_MATRIX
RT-PHC-MH-PUN-003-PHC-RJ-JAI-003,PHC-MH-PUN-003,PHC Khed,PHC-RJ-JAI-003,PHC Amer,18.84,73.91,26.99,75.85,1187.5,21.59,CALIBRATED_HAVERSINE_ROAD_MATRIX
RT-PHC-MH-PUN-003-DH-RJ-JAI-001,PHC-MH-PUN-003,PHC Khed,DH-RJ-JAI-001,Kanwatia District Hospital Jaipur,18.84,73.91,26.94,75.78,1178.6,21.43,CALIBRATED_HAVERSINE_ROAD_MATRIX
RT-PHC-MH-PUN-003-PHC-MH-PUN-001,PHC-MH-PUN-003,PHC Khed,PHC-MH-PUN-001,PHC Mulshi,18.84,73.91,18.52,73.51,70.6,1.76,CALIBRATED_HAVERSINE_ROAD_MATRIX
RT-PHC-MH-PUN-003-PHC-MH-PUN-002,PHC-MH-PUN-003,PHC Khed,PHC-MH-PUN-002,PHC Haveli,18.84,73.91,18.45,73.88,55.7,1.39,CALIBRATED_HAVERSINE_ROAD_MATRIX
RT-PHC-MH-PUN-003-DH-MH-PUN-001,PHC-MH-PUN-003,PHC Khed,DH-MH-PUN-001,Aundh District Hospital Pune,18.84,73.91,18.56,73.805,42.3,1.06,CALIBRATED_HAVERSINE_ROAD_MATRIX
RT-PHC-MH-PUN-003-PHC-KA-BEN-001,PHC-MH-PUN-003,PHC Khed,PHC-KA-BEN-001,PHC Yelahanka,18.84,73.91,13.1,77.59,959.6,17.45,CALIBRATED_HAVERSINE_ROAD_MATRIX
RT-PHC-MH-PUN-003-PHC-KA-BEN-002,PHC-MH-PUN-003,PHC Khed,PHC-KA-BEN-002,PHC Anekal,18.84,73.91,12.71,77.69,1014.4,18.44,CALIBRATED_HAVERSINE_ROAD_MATRIX
RT-PHC-MH-PUN-003-PHC-KA-BEN-003,PHC-MH-PUN-003,PHC Khed,PHC-KA-BEN-003,PHC Kengeri,18.84,73.91,12.91,77.48,975.2,17.73,CALIBRATED_HAVERSINE_ROAD_MATRIX
RT-PHC-MH-PUN-003-DH-KA-BEN-001,PHC-MH-PUN-003,PHC Khed,DH-KA-BEN-001,KC General District Hospital Malleshwaram,18.84,73.91,12.995,77.57,971.0,17.65,CALIBRATED_HAVERSINE_ROAD_MATRIX
RT-DH-MH-PUN-001-PHC-BR-PAT-001,DH-MH-PUN-001,Aundh District Hospital Pune,PHC-BR-PAT-001,PHC Bakhtiyarpur,18.56,73.805,25.46,85.53,1831.1,33.29,CALIBRATED_HAVERSINE_ROAD_MATRIX
RT-DH-MH-PUN-001-PHC-BR-PAT-002,DH-MH-PUN-001,Aundh District Hospital Pune,PHC-BR-PAT-002,PHC Danapur,18.56,73.805,25.63,85.04,1789.6,32.54,CALIBRATED_HAVERSINE_ROAD_MATRIX
RT-DH-MH-PUN-001-PHC-BR-PAT-003,DH-MH-PUN-001,Aundh District Hospital Pune,PHC-BR-PAT-003,PHC Bihta,18.56,73.805,25.56,84.87,1765.8,32.11,CALIBRATED_HAVERSINE_ROAD_MATRIX
RT-DH-MH-PUN-001-PHC-BR-PAT-004,DH-MH-PUN-001,Aundh District Hospital Pune,PHC-BR-PAT-004,PHC Fatuha,18.56,73.805,25.5,85.31,1809.6,32.9,CALIBRATED_HAVERSINE_ROAD_MATRIX
RT-DH-MH-PUN-001-PHC-BR-PAT-005,DH-MH-PUN-001,Aundh District Hospital Pune,PHC-BR-PAT-005,PHC Mokama,18.56,73.805,25.39,85.92,1869.8,34.0,CALIBRATED_HAVERSINE_ROAD_MATRIX
RT-DH-MH-PUN-001-CHC-BR-PAT-001,DH-MH-PUN-001,Aundh District Hospital Pune,CHC-BR-PAT-001,CHC Phulwari Sharif,18.56,73.805,25.58,85.08,1790.2,32.55,CALIBRATED_HAVERSINE_ROAD_MATRIX
RT-DH-MH-PUN-001-DH-BR-PAT-001,DH-MH-PUN-001,Aundh District Hospital Pune,DH-BR-PAT-001,District Hospital Gardanibagh,18.56,73.805,25.6,85.12,1796.1,32.66,CALIBRATED_HAVERSINE_ROAD_MATRIX
RT-DH-MH-PUN-001-PHC-BR-GAY-001,DH-MH-PUN-001,Aundh District Hospital Pune,PHC-BR-GAY-001,PHC Bodh Gaya,18.56,73.805,24.695,84.991,1717.2,31.22,CALIBRATED_HAVERSINE_ROAD_MATRIX
RT-DH-MH-PUN-001-PHC-BR-GAY-002,DH-MH-PUN-001,Aundh District Hospital Pune,PHC-BR-GAY-002,PHC Sherghati,18.56,73.805,24.56,84.79,1685.2,30.64,CALIBRATED_HAVERSINE_ROAD_MATRIX
RT-DH-MH-PUN-001-PHC-BR-GAY-003,DH-MH-PUN-001,Aundh District Hospital Pune,PHC-BR-GAY-003,PHC Tekari,18.56,73.805,24.93,84.83,1715.3,31.19,CALIBRATED_HAVERSINE_ROAD_MATRIX
RT-DH-MH-PUN-001-DH-BR-GAY-001,DH-MH-PUN-001,Aundh District Hospital Pune,DH-BR-GAY-001,Jay Prakash Narayan District Hospital Gaya,18.56,73.805,24.795,85.0,1725.1,31.37,CALIBRATED_HAVERSINE_ROAD_MATRIX
RT-DH-MH-PUN-001-PHC-UP-VAR-001,DH-MH-PUN-001,Aundh District Hospital Pune,PHC-UP-VAR-001,PHC Cholapur,18.56,73.805,25.44,83.05,1563.4,28.43,CALIBRATED_HAVERSINE_ROAD_MATRIX
RT-DH-MH-PUN-001-PHC-UP-VAR-002,DH-MH-PUN-001,Aundh District Hospital Pune,PHC-UP-VAR-002,PHC Pindra,18.56,73.805,25.53,82.82,1547.8,28.14,CALIBRATED_HAVERSINE_ROAD_MATRIX
RT-DH-MH-PUN-001-PHC-UP-VAR-003,DH-MH-PUN-001,Aundh District Hospital Pune,PHC-UP-VAR-003,PHC Sevapuri,18.56,73.805,25.32,82.78,1525.4,27.73,CALIBRATED_HAVERSINE_ROAD_MATRIX
RT-DH-MH-PUN-001-PHC-UP-VAR-004,DH-MH-PUN-001,Aundh District Hospital Pune,PHC-UP-VAR-004,PHC Kashi Vidyapeeth,18.56,73.805,25.29,82.97,1542.4,28.04,CALIBRATED_HAVERSINE_ROAD_MATRIX
RT-DH-MH-PUN-001-CHC-UP-VAR-001,DH-MH-PUN-001,Aundh District Hospital Pune,CHC-UP-VAR-001,CHC Misirpur,18.56,73.805,25.34,82.91,1540.5,28.01,CALIBRATED_HAVERSINE_ROAD_MATRIX
RT-DH-MH-PUN-001-DH-UP-VAR-001,DH-MH-PUN-001,Aundh District Hospital Pune,DH-UP-VAR-001,Pandit Deen Dayal Upadhyay District Hospital,18.56,73.805,25.335,82.985,1547.8,28.14,CALIBRATED_HAVERSINE_ROAD_MATRIX
RT-DH-MH-PUN-001-PHC-UP-LUK-001,DH-MH-PUN-001,Aundh District Hospital Pune,PHC-UP-LUK-001,PHC Bakshi Ka Talab,18.56,73.805,26.98,80.92,1518.4,27.61,CALIBRATED_HAVERSINE_ROAD_MATRIX
RT-DH-MH-PUN-001-PHC-UP-LUK-002,DH-MH-PUN-001,Aundh District Hospital Pune,PHC-UP-LUK-002,PHC Malihabad,18.56,73.805,26.92,80.71,1495.0,27.18,CALIBRATED_HAVERSINE_ROAD_MATRIX
RT-DH-MH-PUN-001-PHC-UP-LUK-003,DH-MH-PUN-001,Aundh District Hospital Pune,PHC-UP-LUK-003,PHC Mohanlalganj,18.56,73.805,26.68,80.99,1491.4,27.12,CALIBRATED_HAVERSINE_ROAD_MATRIX
RT-DH-MH-PUN-001-DH-UP-LUK-001,DH-MH-PUN-001,Aundh District Hospital Pune,DH-UP-LUK-001,Balrampur District Hospital Lucknow,18.56,73.805,26.865,80.915,1505.4,27.37,CALIBRATED_HAVERSINE_ROAD_MATRIX
RT-DH-MH-PUN-001-PHC-RJ-JAI-001,DH-MH-PUN-001,Aundh District Hospital Pune,PHC-RJ-JAI-001,PHC Bassi,18.56,73.805,26.83,76.04,1213.0,22.05,CALIBRATED_HAVERSINE_ROAD_MATRIX
RT-DH-MH-PUN-001-PHC-RJ-JAI-002,DH-MH-PUN-001,Aundh District Hospital Pune,PHC-RJ-JAI-002,PHC Chaksu,18.56,73.805,26.6,75.95,1178.5,21.43,CALIBRATED_HAVERSINE_ROAD_MATRIX
RT-DH-MH-PUN-001-PHC-RJ-JAI-003,DH-MH-PUN-001,Aundh District Hospital Pune,PHC-RJ-JAI-003,PHC Amer,18.56,73.805,26.99,75.85,1229.4,22.35,CALIBRATED_HAVERSINE_ROAD_MATRIX
RT-DH-MH-PUN-001-DH-RJ-JAI-001,DH-MH-PUN-001,Aundh District Hospital Pune,DH-RJ-JAI-001,Kanwatia District Hospital Jaipur,18.56,73.805,26.94,75.78,1220.5,22.19,CALIBRATED_HAVERSINE_ROAD_MATRIX
RT-DH-MH-PUN-001-PHC-MH-PUN-001,DH-MH-PUN-001,Aundh District Hospital Pune,PHC-MH-PUN-001,PHC Mulshi,18.56,73.805,18.52,73.51,40.2,1.01,CALIBRATED_HAVERSINE_ROAD_MATRIX
RT-DH-MH-PUN-001-PHC-MH-PUN-002,DH-MH-PUN-001,Aundh District Hospital Pune,PHC-MH-PUN-002,PHC Haveli,18.56,73.805,18.45,73.88,18.6,0.47,CALIBRATED_HAVERSINE_ROAD_MATRIX
RT-DH-MH-PUN-001-PHC-MH-PUN-003,DH-MH-PUN-001,Aundh District Hospital Pune,PHC-MH-PUN-003,PHC Khed,18.56,73.805,18.84,73.91,42.3,1.06,CALIBRATED_HAVERSINE_ROAD_MATRIX
RT-DH-MH-PUN-001-PHC-KA-BEN-001,DH-MH-PUN-001,Aundh District Hospital Pune,PHC-KA-BEN-001,PHC Yelahanka,18.56,73.805,13.1,77.59,934.0,16.98,CALIBRATED_HAVERSINE_ROAD_MATRIX
RT-DH-MH-PUN-001-PHC-KA-BEN-002,DH-MH-PUN-001,Aundh District Hospital Pune,PHC-KA-BEN-002,PHC Anekal,18.56,73.805,12.71,77.69,988.2,17.97,CALIBRATED_HAVERSINE_ROAD_MATRIX
RT-DH-MH-PUN-001-PHC-KA-BEN-003,DH-MH-PUN-001,Aundh District Hospital Pune,PHC-KA-BEN-003,PHC Kengeri,18.56,73.805,12.91,77.48,948.6,17.25,CALIBRATED_HAVERSINE_ROAD_MATRIX
RT-DH-MH-PUN-001-DH-KA-BEN-001,DH-MH-PUN-001,Aundh District Hospital Pune,DH-KA-BEN-001,KC General District Hospital Malleshwaram,18.56,73.805,12.995,77.57,945.0,17.18,CALIBRATED_HAVERSINE_ROAD_MATRIX
RT-PHC-KA-BEN-001-PHC-BR-PAT-001,PHC-KA-BEN-001,PHC Yelahanka,PHC-BR-PAT-001,PHC Bakhtiyarpur,13.1,77.59,25.46,85.53,2055.8,37.38,CALIBRATED_HAVERSINE_ROAD_MATRIX
RT-PHC-KA-BEN-001-PHC-BR-PAT-002,PHC-KA-BEN-001,PHC Yelahanka,PHC-BR-PAT-002,PHC Danapur,13.1,77.59,25.63,85.04,2043.4,37.15,CALIBRATED_HAVERSINE_ROAD_MATRIX
RT-PHC-KA-BEN-001-PHC-BR-PAT-003,PHC-KA-BEN-001,PHC Yelahanka,PHC-BR-PAT-003,PHC Bihta,13.1,77.59,25.56,84.87,2023.8,36.8,CALIBRATED_HAVERSINE_ROAD_MATRIX
RT-PHC-KA-BEN-001-PHC-BR-PAT-004,PHC-KA-BEN-001,PHC Yelahanka,PHC-BR-PAT-004,PHC Fatuha,13.1,77.59,25.5,85.31,2045.6,37.19,CALIBRATED_HAVERSINE_ROAD_MATRIX
RT-PHC-KA-BEN-001-PHC-BR-PAT-005,PHC-KA-BEN-001,PHC Yelahanka,PHC-BR-PAT-005,PHC Mokama,13.1,77.59,25.39,85.92,2075.1,37.73,CALIBRATED_HAVERSINE_ROAD_MATRIX
RT-PHC-KA-BEN-001-CHC-BR-PAT-001,PHC-KA-BEN-001,PHC Yelahanka,CHC-BR-PAT-001,CHC Phulwari Sharif,13.1,77.59,25.58,85.08,2039.9,37.09,CALIBRATED_HAVERSINE_ROAD_MATRIX
RT-PHC-KA-BEN-001-DH-BR-PAT-001,PHC-KA-BEN-001,PHC Yelahanka,DH-BR-PAT-001,District Hospital Gardanibagh,13.1,77.59,25.6,85.12,2045.0,37.18,CALIBRATED_HAVERSINE_ROAD_MATRIX
RT-PHC-KA-BEN-001-PHC-BR-GAY-001,PHC-KA-BEN-001,PHC Yelahanka,PHC-BR-GAY-001,PHC Bodh Gaya,13.1,77.59,24.695,84.991,1926.7,35.03,CALIBRATED_HAVERSINE_ROAD_MATRIX
RT-PHC-KA-BEN-001-PHC-BR-GAY-002,PHC-KA-BEN-001,PHC Yelahanka,PHC-BR-GAY-002,PHC Sherghati,13.1,77.59,24.56,84.79,1896.5,34.48,CALIBRATED_HAVERSINE_ROAD_MATRIX
RT-PHC-KA-BEN-001-PHC-BR-GAY-003,PHC-KA-BEN-001,PHC Yelahanka,PHC-BR-GAY-003,PHC Tekari,13.1,77.59,24.93,84.83,1944.1,35.35,CALIBRATED_HAVERSINE_ROAD_MATRIX
RT-PHC-KA-BEN-001-DH-BR-GAY-001,PHC-KA-BEN-001,PHC Yelahanka,DH-BR-GAY-001,Jay Prakash Narayan District Hospital Gaya,13.1,77.59,24.795,85.0,1939.3,35.26,CALIBRATED_HAVERSINE_ROAD_MATRIX
RT-PHC-KA-BEN-001-PHC-UP-VAR-001,PHC-KA-BEN-001,PHC Yelahanka,PHC-UP-VAR-001,PHC Cholapur,13.1,77.59,25.44,83.05,1902.6,34.59,CALIBRATED_HAVERSINE_ROAD_MATRIX
RT-PHC-KA-BEN-001-PHC-UP-VAR-002,PHC-KA-BEN-001,PHC Yelahanka,PHC-UP-VAR-002,PHC Pindra,13.1,77.59,25.53,82.82,1902.8,34.6,CALIBRATED_HAVERSINE_ROAD_MATRIX
RT-PHC-KA-BEN-001-PHC-UP-VAR-003,PHC-KA-BEN-001,PHC Yelahanka,PHC-UP-VAR-003,PHC Sevapuri,13.1,77.59,25.32,82.78,1873.3,34.06,CALIBRATED_HAVERSINE_ROAD_MATRIX
RT-PHC-KA-BEN-001-PHC-UP-VAR-004,PHC-KA-BEN-001,PHC Yelahanka,PHC-UP-VAR-004,PHC Kashi Vidyapeeth,13.1,77.59,25.29,82.97,1878.9,34.16,CALIBRATED_HAVERSINE_ROAD_MATRIX
RT-PHC-KA-BEN-001-CHC-UP-VAR-001,PHC-KA-BEN-001,PHC Yelahanka,CHC-UP-VAR-001,CHC Misirpur,13.1,77.59,25.34,82.91,1882.4,34.23,CALIBRATED_HAVERSINE_ROAD_MATRIX
RT-PHC-KA-BEN-001-DH-UP-VAR-001,PHC-KA-BEN-001,PHC Yelahanka,DH-UP-VAR-001,Pandit Deen Dayal Upadhyay District Hospital,13.1,77.59,25.335,82.985,1885.6,34.28,CALIBRATED_HAVERSINE_ROAD_MATRIX
RT-PHC-KA-BEN-001-PHC-UP-LUK-001,PHC-KA-BEN-001,PHC Yelahanka,PHC-UP-LUK-001,PHC Bakshi Ka Talab,13.1,77.59,26.98,80.92,2024.8,36.81,CALIBRATED_HAVERSINE_ROAD_MATRIX
RT-PHC-KA-BEN-001-PHC-UP-LUK-002,PHC-KA-BEN-001,PHC Yelahanka,PHC-UP-LUK-002,PHC Malihabad,13.1,77.59,26.92,80.71,2010.5,36.55,CALIBRATED_HAVERSINE_ROAD_MATRIX
RT-PHC-KA-BEN-001-PHC-UP-LUK-003,PHC-KA-BEN-001,PHC Yelahanka,PHC-UP-LUK-003,PHC Mohanlalganj,13.1,77.59,26.68,80.99,1985.3,36.1,CALIBRATED_HAVERSINE_ROAD_MATRIX
RT-PHC-KA-BEN-001-DH-UP-LUK-001,PHC-KA-BEN-001,PHC Yelahanka,DH-UP-LUK-001,Balrampur District Hospital Lucknow,13.1,77.59,26.865,80.915,2008.7,36.52,CALIBRATED_HAVERSINE_ROAD_MATRIX
RT-PHC-KA-BEN-001-PHC-RJ-JAI-001,PHC-KA-BEN-001,PHC Yelahanka,PHC-RJ-JAI-001,PHC Bassi,13.1,77.59,26.83,76.04,1965.1,35.73,CALIBRATED_HAVERSINE_ROAD_MATRIX
RT-PHC-KA-BEN-001-PHC-RJ-JAI-002,PHC-KA-BEN-001,PHC Yelahanka,PHC-RJ-JAI-002,PHC Chaksu,13.1,77.59,26.6,75.95,1933.9,35.16,CALIBRATED_HAVERSINE_ROAD_MATRIX
RT-PHC-KA-BEN-001-PHC-RJ-JAI-003,PHC-KA-BEN-001,PHC Yelahanka,PHC-RJ-JAI-003,PHC Amer,13.1,77.59,26.99,75.85,1990.5,36.19,CALIBRATED_HAVERSINE_ROAD_MATRIX
RT-PHC-KA-BEN-001-DH-RJ-JAI-001,PHC-KA-BEN-001,PHC Yelahanka,DH-RJ-JAI-001,Kanwatia District Hospital Jaipur,13.1,77.59,26.94,75.78,1984.6,36.08,CALIBRATED_HAVERSINE_ROAD_MATRIX
RT-PHC-KA-BEN-001-PHC-MH-PUN-001,PHC-KA-BEN-001,PHC Yelahanka,PHC-MH-PUN-001,PHC Mulshi,13.1,77.59,18.52,73.51,952.4,17.32,CALIBRATED_HAVERSINE_ROAD_MATRIX
RT-PHC-KA-BEN-001-PHC-MH-PUN-002,PHC-KA-BEN-001,PHC Yelahanka,PHC-MH-PUN-002,PHC Haveli,13.1,77.59,18.45,73.88,915.3,16.64,CALIBRATED_HAVERSINE_ROAD_MATRIX
RT-PHC-KA-BEN-001-PHC-MH-PUN-003,PHC-KA-BEN-001,PHC Yelahanka,PHC-MH-PUN-003,PHC Khed,13.1,77.59,18.84,73.91,959.6,17.45,CALIBRATED_HAVERSINE_ROAD_MATRIX
RT-PHC-KA-BEN-001-DH-MH-PUN-001,PHC-KA-BEN-001,PHC Yelahanka,DH-MH-PUN-001,Aundh District Hospital Pune,13.1,77.59,18.56,73.805,934.0,16.98,CALIBRATED_HAVERSINE_ROAD_MATRIX
RT-PHC-KA-BEN-001-PHC-KA-BEN-002,PHC-KA-BEN-001,PHC Yelahanka,PHC-KA-BEN-002,PHC Anekal,13.1,77.59,12.71,77.69,57.2,1.43,CALIBRATED_HAVERSINE_ROAD_MATRIX
RT-PHC-KA-BEN-001-PHC-KA-BEN-003,PHC-KA-BEN-001,PHC Yelahanka,PHC-KA-BEN-003,PHC Kengeri,13.1,77.59,12.91,77.48,31.0,0.78,CALIBRATED_HAVERSINE_ROAD_MATRIX
RT-PHC-KA-BEN-001-DH-KA-BEN-001,PHC-KA-BEN-001,PHC Yelahanka,DH-KA-BEN-001,KC General District Hospital Malleshwaram,13.1,77.59,12.995,77.57,15.2,0.38,CALIBRATED_HAVERSINE_ROAD_MATRIX
RT-PHC-KA-BEN-002-PHC-BR-PAT-001,PHC-KA-BEN-002,PHC Anekal,PHC-BR-PAT-001,PHC Bakhtiyarpur,12.71,77.69,25.46,85.53,2097.3,38.13,CALIBRATED_HAVERSINE_ROAD_MATRIX
RT-PHC-KA-BEN-002-PHC-BR-PAT-002,PHC-KA-BEN-002,PHC Anekal,PHC-BR-PAT-002,PHC Danapur,12.71,77.69,25.63,85.04,2086.2,37.93,CALIBRATED_HAVERSINE_ROAD_MATRIX
RT-PHC-KA-BEN-002-PHC-BR-PAT-003,PHC-KA-BEN-002,PHC Anekal,PHC-BR-PAT-003,PHC Bihta,12.71,77.69,25.56,84.87,2066.8,37.58,CALIBRATED_HAVERSINE_ROAD_MATRIX
RT-PHC-KA-BEN-002-PHC-BR-PAT-004,PHC-KA-BEN-002,PHC Anekal,PHC-BR-PAT-004,PHC Fatuha,12.71,77.69,25.5,85.31,2087.6,37.96,CALIBRATED_HAVERSINE_ROAD_MATRIX
RT-PHC-KA-BEN-002-PHC-BR-PAT-005,PHC-KA-BEN-002,PHC Anekal,PHC-BR-PAT-005,PHC Mokama,12.71,77.69,25.39,85.92,2115.7,38.47,CALIBRATED_HAVERSINE_ROAD_MATRIX
RT-PHC-KA-BEN-002-CHC-BR-PAT-001,PHC-KA-BEN-002,PHC Anekal,CHC-BR-PAT-001,CHC Phulwari Sharif,12.71,77.69,25.58,85.08,2082.5,37.86,CALIBRATED_HAVERSINE_ROAD_MATRIX
RT-PHC-KA-BEN-002-DH-BR-PAT-001,PHC-KA-BEN-002,PHC Anekal,DH-BR-PAT-001,District Hospital Gardanibagh,12.71,77.69,25.6,85.12,2087.6,37.96,CALIBRATED_HAVERSINE_ROAD_MATRIX
RT-PHC-KA-BEN-002-PHC-BR-GAY-001,PHC-KA-BEN-002,PHC Anekal,PHC-BR-GAY-001,PHC Bodh Gaya,12.71,77.69,24.695,84.991,1968.2,35.79,CALIBRATED_HAVERSINE_ROAD_MATRIX
RT-PHC-KA-BEN-002-PHC-BR-GAY-002,PHC-KA-BEN-002,PHC Anekal,PHC-BR-GAY-002,PHC Sherghati,12.71,77.69,24.56,84.79,1938.3,35.24,CALIBRATED_HAVERSINE_ROAD_MATRIX
RT-PHC-KA-BEN-002-PHC-BR-GAY-003,PHC-KA-BEN-002,PHC Anekal,PHC-BR-GAY-003,PHC Tekari,12.71,77.69,24.93,84.83,1986.3,36.11,CALIBRATED_HAVERSINE_ROAD_MATRIX
RT-PHC-KA-BEN-002-DH-BR-GAY-001,PHC-KA-BEN-002,PHC Anekal,DH-BR-GAY-001,Jay Prakash Narayan District Hospital Gaya,12.71,77.69,24.795,85.0,1981.0,36.02,CALIBRATED_HAVERSINE_ROAD_MATRIX
RT-PHC-KA-BEN-002-PHC-UP-VAR-001,PHC-KA-BEN-002,PHC Anekal,PHC-UP-VAR-001,PHC Cholapur,12.71,77.69,25.44,83.05,1949.3,35.44,CALIBRATED_HAVERSINE_ROAD_MATRIX
RT-PHC-KA-BEN-002-PHC-UP-VAR-002,PHC-KA-BEN-002,PHC Anekal,PHC-UP-VAR-002,PHC Pindra,12.71,77.69,25.53,82.82,1950.0,35.45,CALIBRATED_HAVERSINE_ROAD_MATRIX
RT-PHC-KA-BEN-002-PHC-UP-VAR-003,PHC-KA-BEN-002,PHC Anekal,PHC-UP-VAR-003,PHC Sevapuri,12.71,77.69,25.32,82.78,1920.3,34.91,CALIBRATED_HAVERSINE_ROAD_MATRIX
RT-PHC-KA-BEN-002-PHC-UP-VAR-004,PHC-KA-BEN-002,PHC Anekal,PHC-UP-VAR-004,PHC Kashi Vidyapeeth,12.71,77.69,25.29,82.97,1925.6,35.01,CALIBRATED_HAVERSINE_ROAD_MATRIX
RT-PHC-KA-BEN-002-CHC-UP-VAR-001,PHC-KA-BEN-002,PHC Anekal,CHC-UP-VAR-001,CHC Misirpur,12.71,77.69,25.34,82.91,1929.3,35.08,CALIBRATED_HAVERSINE_ROAD_MATRIX
RT-PHC-KA-BEN-002-DH-UP-VAR-001,PHC-KA-BEN-002,PHC Anekal,DH-UP-VAR-001,Pandit Deen Dayal Upadhyay District Hospital,12.71,77.69,25.335,82.985,1932.3,35.13,CALIBRATED_HAVERSINE_ROAD_MATRIX
RT-PHC-KA-BEN-002-PHC-UP-LUK-001,PHC-KA-BEN-002,PHC Anekal,PHC-UP-LUK-001,PHC Bakshi Ka Talab,12.71,77.69,26.98,80.92,2076.2,37.75,CALIBRATED_HAVERSINE_ROAD_MATRIX
RT-PHC-KA-BEN-002-PHC-UP-LUK-002,PHC-KA-BEN-002,PHC Anekal,PHC-UP-LUK-002,PHC Malihabad,12.71,77.69,26.92,80.71,2062.2,37.49,CALIBRATED_HAVERSINE_ROAD_MATRIX
RT-PHC-KA-BEN-002-PHC-UP-LUK-003,PHC-KA-BEN-002,PHC Anekal,PHC-UP-LUK-003,PHC Mohanlalganj,12.71,77.69,26.68,80.99,2036.6,37.03,CALIBRATED_HAVERSINE_ROAD_MATRIX
RT-PHC-KA-BEN-002-DH-UP-LUK-001,PHC-KA-BEN-002,PHC Anekal,DH-UP-LUK-001,Balrampur District Hospital Lucknow,12.71,77.69,26.865,80.915,2060.1,37.46,CALIBRATED_HAVERSINE_ROAD_MATRIX
RT-PHC-KA-BEN-002-PHC-RJ-JAI-001,PHC-KA-BEN-002,PHC Anekal,PHC-RJ-JAI-001,PHC Bassi,12.71,77.69,26.83,76.04,2021.7,36.76,CALIBRATED_HAVERSINE_ROAD_MATRIX
RT-PHC-KA-BEN-002-PHC-RJ-JAI-002,PHC-KA-BEN-002,PHC Anekal,PHC-RJ-JAI-002,PHC Chaksu,12.71,77.69,26.6,75.95,1990.6,36.19,CALIBRATED_HAVERSINE_ROAD_MATRIX
RT-PHC-KA-BEN-002-PHC-RJ-JAI-003,PHC-KA-BEN-002,PHC Anekal,PHC-RJ-JAI-003,PHC Amer,12.71,77.69,26.99,75.85,2047.2,37.22,CALIBRATED_HAVERSINE_ROAD_MATRIX
RT-PHC-KA-BEN-002-DH-RJ-JAI-001,PHC-KA-BEN-002,PHC Anekal,DH-RJ-JAI-001,Kanwatia District Hospital Jaipur,12.71,77.69,26.94,75.78,2041.3,37.11,CALIBRATED_HAVERSINE_ROAD_MATRIX
RT-PHC-KA-BEN-002-PHC-MH-PUN-001,PHC-KA-BEN-002,PHC Anekal,PHC-MH-PUN-001,PHC Mulshi,12.71,77.69,18.52,73.51,1005.9,18.29,CALIBRATED_HAVERSINE_ROAD_MATRIX
RT-PHC-KA-BEN-002-PHC-MH-PUN-002,PHC-KA-BEN-002,PHC Anekal,PHC-MH-PUN-002,PHC Haveli,12.71,77.69,18.45,73.88,969.5,17.63,CALIBRATED_HAVERSINE_ROAD_MATRIX
RT-PHC-KA-BEN-002-PHC-MH-PUN-003,PHC-KA-BEN-002,PHC Anekal,PHC-MH-PUN-003,PHC Khed,12.71,77.69,18.84,73.91,1014.4,18.44,CALIBRATED_HAVERSINE_ROAD_MATRIX
RT-PHC-KA-BEN-002-DH-MH-PUN-001,PHC-KA-BEN-002,PHC Anekal,DH-MH-PUN-001,Aundh District Hospital Pune,12.71,77.69,18.56,73.805,988.2,17.97,CALIBRATED_HAVERSINE_ROAD_MATRIX
RT-PHC-KA-BEN-002-PHC-KA-BEN-001,PHC-KA-BEN-002,PHC Anekal,PHC-KA-BEN-001,PHC Yelahanka,12.71,77.69,13.1,77.59,57.2,1.43,CALIBRATED_HAVERSINE_ROAD_MATRIX
RT-PHC-KA-BEN-002-PHC-KA-BEN-003,PHC-KA-BEN-002,PHC Anekal,PHC-KA-BEN-003,PHC Kengeri,12.71,77.69,12.91,77.48,40.7,1.02,CALIBRATED_HAVERSINE_ROAD_MATRIX
RT-PHC-KA-BEN-002-DH-KA-BEN-001,PHC-KA-BEN-002,PHC Anekal,DH-KA-BEN-001,KC General District Hospital Malleshwaram,12.71,77.69,12.995,77.57,43.8,1.09,CALIBRATED_HAVERSINE_ROAD_MATRIX
RT-PHC-KA-BEN-003-PHC-BR-PAT-001,PHC-KA-BEN-003,PHC Kengeri,PHC-BR-PAT-001,PHC Bakhtiyarpur,12.91,77.48,25.46,85.53,2086.9,37.94,CALIBRATED_HAVERSINE_ROAD_MATRIX
RT-PHC-KA-BEN-003-PHC-BR-PAT-002,PHC-KA-BEN-003,PHC Kengeri,PHC-BR-PAT-002,PHC Danapur,12.91,77.48,25.63,85.04,2074.5,37.72,CALIBRATED_HAVERSINE_ROAD_MATRIX
RT-PHC-KA-BEN-003-PHC-BR-PAT-003,PHC-KA-BEN-003,PHC Kengeri,PHC-BR-PAT-003,PHC Bihta,12.91,77.48,25.56,84.87,2054.8,37.36,CALIBRATED_HAVERSINE_ROAD_MATRIX
RT-PHC-KA-BEN-003-PHC-BR-PAT-004,PHC-KA-BEN-003,PHC Kengeri,PHC-BR-PAT-004,PHC Fatuha,12.91,77.48,25.5,85.31,2076.6,37.76,CALIBRATED_HAVERSINE_ROAD_MATRIX
RT-PHC-KA-BEN-003-PHC-BR-PAT-005,PHC-KA-BEN-003,PHC Kengeri,PHC-BR-PAT-005,PHC Mokama,12.91,77.48,25.39,85.92,2106.1,38.29,CALIBRATED_HAVERSINE_ROAD_MATRIX
RT-PHC-KA-BEN-003-CHC-BR-PAT-001,PHC-KA-BEN-003,PHC Kengeri,CHC-BR-PAT-001,CHC Phulwari Sharif,12.91,77.48,25.58,85.08,2071.0,37.65,CALIBRATED_HAVERSINE_ROAD_MATRIX
RT-PHC-KA-BEN-003-DH-BR-PAT-001,PHC-KA-BEN-003,PHC Kengeri,DH-BR-PAT-001,District Hospital Gardanibagh,12.91,77.48,25.6,85.12,2076.1,37.75,CALIBRATED_HAVERSINE_ROAD_MATRIX
RT-PHC-KA-BEN-003-PHC-BR-GAY-001,PHC-KA-BEN-003,PHC Kengeri,PHC-BR-GAY-001,PHC Bodh Gaya,12.91,77.48,24.695,84.991,1957.7,35.59,CALIBRATED_HAVERSINE_ROAD_MATRIX
RT-PHC-KA-BEN-003-PHC-BR-GAY-002,PHC-KA-BEN-003,PHC Kengeri,PHC-BR-GAY-002,PHC Sherghati,12.91,77.48,24.56,84.79,1927.6,35.05,CALIBRATED_HAVERSINE_ROAD_MATRIX
RT-PHC-KA-BEN-003-PHC-BR-GAY-003,PHC-KA-BEN-003,PHC Kengeri,PHC-BR-GAY-003,PHC Tekari,12.91,77.48,24.93,84.83,1975.1,35.91,CALIBRATED_HAVERSINE_ROAD_MATRIX
RT-PHC-KA-BEN-003-DH-BR-GAY-001,PHC-KA-BEN-003,PHC Kengeri,DH-BR-GAY-001,Jay Prakash Narayan District Hospital Gaya,12.91,77.48,24.795,85.0,1970.4,35.83,CALIBRATED_HAVERSINE_ROAD_MATRIX
RT-PHC-KA-BEN-003-PHC-UP-VAR-001,PHC-KA-BEN-003,PHC Kengeri,PHC-UP-VAR-001,PHC Cholapur,12.91,77.48,25.44,83.05,1933.4,35.15,CALIBRATED_HAVERSINE_ROAD_MATRIX
RT-PHC-KA-BEN-003-PHC-UP-VAR-002,PHC-KA-BEN-003,PHC Kengeri,PHC-UP-VAR-002,PHC Pindra,12.91,77.48,25.53,82.82,1933.5,35.15,CALIBRATED_HAVERSINE_ROAD_MATRIX
RT-PHC-KA-BEN-003-PHC-UP-VAR-003,PHC-KA-BEN-003,PHC Kengeri,PHC-UP-VAR-003,PHC Sevapuri,12.91,77.48,25.32,82.78,1904.0,34.62,CALIBRATED_HAVERSINE_ROAD_MATRIX
RT-PHC-KA-BEN-003-PHC-UP-VAR-004,PHC-KA-BEN-003,PHC Kengeri,PHC-UP-VAR-004,PHC Kashi Vidyapeeth,12.91,77.48,25.29,82.97,1909.7,34.72,CALIBRATED_HAVERSINE_ROAD_MATRIX
RT-PHC-KA-BEN-003-CHC-UP-VAR-001,PHC-KA-BEN-003,PHC Kengeri,CHC-UP-VAR-001,CHC Misirpur,12.91,77.48,25.34,82.91,1913.2,34.79,CALIBRATED_HAVERSINE_ROAD_MATRIX
RT-PHC-KA-BEN-003-DH-UP-VAR-001,PHC-KA-BEN-003,PHC Kengeri,DH-UP-VAR-001,Pandit Deen Dayal Upadhyay District Hospital,12.91,77.48,25.335,82.985,1916.4,34.84,CALIBRATED_HAVERSINE_ROAD_MATRIX
RT-PHC-KA-BEN-003-PHC-UP-LUK-001,PHC-KA-BEN-003,PHC Kengeri,PHC-UP-LUK-001,PHC Bakshi Ka Talab,12.91,77.48,26.98,80.92,2054.4,37.35,CALIBRATED_HAVERSINE_ROAD_MATRIX
RT-PHC-KA-BEN-003-PHC-UP-LUK-002,PHC-KA-BEN-003,PHC Kengeri,PHC-UP-LUK-002,PHC Malihabad,12.91,77.48,26.92,80.71,2040.0,37.09,CALIBRATED_HAVERSINE_ROAD_MATRIX
RT-PHC-KA-BEN-003-PHC-UP-LUK-003,PHC-KA-BEN-003,PHC Kengeri,PHC-UP-LUK-003,PHC Mohanlalganj,12.91,77.48,26.68,80.99,2015.1,36.64,CALIBRATED_HAVERSINE_ROAD_MATRIX
RT-PHC-KA-BEN-003-DH-UP-LUK-001,PHC-KA-BEN-003,PHC Kengeri,DH-UP-LUK-001,Balrampur District Hospital Lucknow,12.91,77.48,26.865,80.915,2038.4,37.06,CALIBRATED_HAVERSINE_ROAD_MATRIX
RT-PHC-KA-BEN-003-PHC-RJ-JAI-001,PHC-KA-BEN-003,PHC Kengeri,PHC-RJ-JAI-001,PHC Bassi,12.91,77.48,26.83,76.04,1990.5,36.19,CALIBRATED_HAVERSINE_ROAD_MATRIX
RT-PHC-KA-BEN-003-PHC-RJ-JAI-002,PHC-KA-BEN-003,PHC Kengeri,PHC-RJ-JAI-002,PHC Chaksu,12.91,77.48,26.6,75.95,1959.2,35.62,CALIBRATED_HAVERSINE_ROAD_MATRIX
RT-PHC-KA-BEN-003-PHC-RJ-JAI-003,PHC-KA-BEN-003,PHC Kengeri,PHC-RJ-JAI-003,PHC Amer,12.91,77.48,26.99,75.85,2015.7,36.65,CALIBRATED_HAVERSINE_ROAD_MATRIX
RT-PHC-KA-BEN-003-DH-RJ-JAI-001,PHC-KA-BEN-003,PHC Kengeri,DH-RJ-JAI-001,Kanwatia District Hospital Jaipur,12.91,77.48,26.94,75.78,2009.7,36.54,CALIBRATED_HAVERSINE_ROAD_MATRIX
RT-PHC-KA-BEN-003-PHC-MH-PUN-001,PHC-KA-BEN-003,PHC Kengeri,PHC-MH-PUN-001,PHC Mulshi,12.91,77.48,18.52,73.51,966.0,17.56,CALIBRATED_HAVERSINE_ROAD_MATRIX
RT-PHC-KA-BEN-003-PHC-MH-PUN-002,PHC-KA-BEN-003,PHC Kengeri,PHC-MH-PUN-002,PHC Haveli,12.91,77.48,18.45,73.88,930.0,16.91,CALIBRATED_HAVERSINE_ROAD_MATRIX
RT-PHC-KA-BEN-003-PHC-MH-PUN-003,PHC-KA-BEN-003,PHC Kengeri,PHC-MH-PUN-003,PHC Khed,12.91,77.48,18.84,73.91,975.2,17.73,CALIBRATED_HAVERSINE_ROAD_MATRIX
RT-PHC-KA-BEN-003-DH-MH-PUN-001,PHC-KA-BEN-003,PHC Kengeri,DH-MH-PUN-001,Aundh District Hospital Pune,12.91,77.48,18.56,73.805,948.6,17.25,CALIBRATED_HAVERSINE_ROAD_MATRIX
RT-PHC-KA-BEN-003-PHC-KA-BEN-001,PHC-KA-BEN-003,PHC Kengeri,PHC-KA-BEN-001,PHC Yelahanka,12.91,77.48,13.1,77.59,31.0,0.78,CALIBRATED_HAVERSINE_ROAD_MATRIX
RT-PHC-KA-BEN-003-PHC-KA-BEN-002,PHC-KA-BEN-003,PHC Kengeri,PHC-KA-BEN-002,PHC Anekal,12.91,77.48,12.71,77.69,40.7,1.02,CALIBRATED_HAVERSINE_ROAD_MATRIX
RT-PHC-KA-BEN-003-DH-KA-BEN-001,PHC-KA-BEN-003,PHC Kengeri,DH-KA-BEN-001,KC General District Hospital Malleshwaram,12.91,77.48,12.995,77.57,17.4,0.43,CALIBRATED_HAVERSINE_ROAD_MATRIX
RT-DH-KA-BEN-001-PHC-BR-PAT-001,DH-KA-BEN-001,KC General District Hospital Malleshwaram,PHC-BR-PAT-001,PHC Bakhtiyarpur,12.995,77.57,25.46,85.53,2070.2,37.64,CALIBRATED_HAVERSINE_ROAD_MATRIX
RT-DH-KA-BEN-001-PHC-BR-PAT-002,DH-KA-BEN-001,KC General District Hospital Malleshwaram,PHC-BR-PAT-002,PHC Danapur,12.995,77.57,25.63,85.04,2057.9,37.42,CALIBRATED_HAVERSINE_ROAD_MATRIX
RT-DH-KA-BEN-001-PHC-BR-PAT-003,DH-KA-BEN-001,KC General District Hospital Malleshwaram,PHC-BR-PAT-003,PHC Bihta,12.995,77.57,25.56,84.87,2038.3,37.06,CALIBRATED_HAVERSINE_ROAD_MATRIX
RT-DH-KA-BEN-001-PHC-BR-PAT-004,DH-KA-BEN-001,KC General District Hospital Malleshwaram,PHC-BR-PAT-004,PHC Fatuha,12.995,77.57,25.5,85.31,2060.0,37.45,CALIBRATED_HAVERSINE_ROAD_MATRIX
RT-DH-KA-BEN-001-PHC-BR-PAT-005,DH-KA-BEN-001,KC General District Hospital Malleshwaram,PHC-BR-PAT-005,PHC Mokama,12.995,77.57,25.39,85.92,2089.3,37.99,CALIBRATED_HAVERSINE_ROAD_MATRIX
RT-DH-KA-BEN-001-CHC-BR-PAT-001,DH-KA-BEN-001,KC General District Hospital Malleshwaram,CHC-BR-PAT-001,CHC Phulwari Sharif,12.995,77.57,25.58,85.08,2054.4,37.35,CALIBRATED_HAVERSINE_ROAD_MATRIX
RT-DH-KA-BEN-001-DH-BR-PAT-001,DH-KA-BEN-001,KC General District Hospital Malleshwaram,DH-BR-PAT-001,District Hospital Gardanibagh,12.995,77.57,25.6,85.12,2059.5,37.45,CALIBRATED_HAVERSINE_ROAD_MATRIX
RT-DH-KA-BEN-001-PHC-BR-GAY-001,DH-KA-BEN-001,KC General District Hospital Malleshwaram,PHC-BR-GAY-001,PHC Bodh Gaya,12.995,77.57,24.695,84.991,1941.0,35.29,CALIBRATED_HAVERSINE_ROAD_MATRIX
RT-DH-KA-BEN-001-PHC-BR-GAY-002,DH-KA-BEN-001,KC General District Hospital Malleshwaram,PHC-BR-GAY-002,PHC Sherghati,12.995,77.57,24.56,84.79,1910.9,34.74,CALIBRATED_HAVERSINE_ROAD_MATRIX
RT-DH-KA-BEN-001-PHC-BR-GAY-003,DH-KA-BEN-001,KC General District Hospital Malleshwaram,PHC-BR-GAY-003,PHC Tekari,12.995,77.57,24.93,84.83,1958.5,35.61,CALIBRATED_HAVERSINE_ROAD_MATRIX
RT-DH-KA-BEN-001-DH-BR-GAY-001,DH-KA-BEN-001,KC General District Hospital Malleshwaram,DH-BR-GAY-001,Jay Prakash Narayan District Hospital Gaya,12.995,77.57,24.795,85.0,1953.7,35.52,CALIBRATED_HAVERSINE_ROAD_MATRIX
RT-DH-KA-BEN-001-PHC-UP-VAR-001,DH-KA-BEN-001,KC General District Hospital Malleshwaram,PHC-UP-VAR-001,PHC Cholapur,12.995,77.57,25.44,83.05,1917.5,34.86,CALIBRATED_HAVERSINE_ROAD_MATRIX
RT-DH-KA-BEN-001-PHC-UP-VAR-002,DH-KA-BEN-001,KC General District Hospital Malleshwaram,PHC-UP-VAR-002,PHC Pindra,12.995,77.57,25.53,82.82,1917.8,34.87,CALIBRATED_HAVERSINE_ROAD_MATRIX
RT-DH-KA-BEN-001-PHC-UP-VAR-003,DH-KA-BEN-001,KC General District Hospital Malleshwaram,PHC-UP-VAR-003,PHC Sevapuri,12.995,77.57,25.32,82.78,1888.2,34.33,CALIBRATED_HAVERSINE_ROAD_MATRIX
RT-DH-KA-BEN-001-PHC-UP-VAR-004,DH-KA-BEN-001,KC General District Hospital Malleshwaram,PHC-UP-VAR-004,PHC Kashi Vidyapeeth,12.995,77.57,25.29,82.97,1893.9,34.43,CALIBRATED_HAVERSINE_ROAD_MATRIX
RT-DH-KA-BEN-001-CHC-UP-VAR-001,DH-KA-BEN-001,KC General District Hospital Malleshwaram,CHC-UP-VAR-001,CHC Misirpur,12.995,77.57,25.34,82.91,1897.3,34.5,CALIBRATED_HAVERSINE_ROAD_MATRIX
RT-DH-KA-BEN-001-DH-UP-VAR-001,DH-KA-BEN-001,KC General District Hospital Malleshwaram,DH-UP-VAR-001,Pandit Deen Dayal Upadhyay District Hospital,12.995,77.57,25.335,82.985,1900.5,34.55,CALIBRATED_HAVERSINE_ROAD_MATRIX
RT-DH-KA-BEN-001-PHC-UP-LUK-001,DH-KA-BEN-001,KC General District Hospital Malleshwaram,PHC-UP-LUK-001,PHC Bakshi Ka Talab,12.995,77.57,26.98,80.92,2039.9,37.09,CALIBRATED_HAVERSINE_ROAD_MATRIX
RT-DH-KA-BEN-001-PHC-UP-LUK-002,DH-KA-BEN-001,KC General District Hospital Malleshwaram,PHC-UP-LUK-002,PHC Malihabad,12.995,77.57,26.92,80.71,2025.7,36.83,CALIBRATED_HAVERSINE_ROAD_MATRIX
RT-DH-KA-BEN-001-PHC-UP-LUK-003,DH-KA-BEN-001,KC General District Hospital Malleshwaram,PHC-UP-LUK-003,PHC Mohanlalganj,12.995,77.57,26.68,80.99,2000.5,36.37,CALIBRATED_HAVERSINE_ROAD_MATRIX
RT-DH-KA-BEN-001-DH-UP-LUK-001,DH-KA-BEN-001,KC General District Hospital Malleshwaram,DH-UP-LUK-001,Balrampur District Hospital Lucknow,12.995,77.57,26.865,80.915,2023.9,36.8,CALIBRATED_HAVERSINE_ROAD_MATRIX
RT-DH-KA-BEN-001-PHC-RJ-JAI-001,DH-KA-BEN-001,KC General District Hospital Malleshwaram,PHC-RJ-JAI-001,PHC Bassi,12.995,77.57,26.83,76.04,1979.7,35.99,CALIBRATED_HAVERSINE_ROAD_MATRIX
RT-DH-KA-BEN-001-PHC-RJ-JAI-002,DH-KA-BEN-001,KC General District Hospital Malleshwaram,PHC-RJ-JAI-002,PHC Chaksu,12.995,77.57,26.6,75.95,1948.4,35.43,CALIBRATED_HAVERSINE_ROAD_MATRIX
RT-DH-KA-BEN-001-PHC-RJ-JAI-003,DH-KA-BEN-001,KC General District Hospital Malleshwaram,PHC-RJ-JAI-003,PHC Amer,12.995,77.57,26.99,75.85,2005.1,36.46,CALIBRATED_HAVERSINE_ROAD_MATRIX
RT-DH-KA-BEN-001-DH-RJ-JAI-001,DH-KA-BEN-001,KC General District Hospital Malleshwaram,DH-RJ-JAI-001,Kanwatia District Hospital Jaipur,12.995,77.57,26.94,75.78,1999.1,36.35,CALIBRATED_HAVERSINE_ROAD_MATRIX
RT-DH-KA-BEN-001-PHC-MH-PUN-001,DH-KA-BEN-001,KC General District Hospital Malleshwaram,PHC-MH-PUN-001,PHC Mulshi,12.995,77.57,18.52,73.51,963.0,17.51,CALIBRATED_HAVERSINE_ROAD_MATRIX
RT-DH-KA-BEN-001-PHC-MH-PUN-002,DH-KA-BEN-001,KC General District Hospital Malleshwaram,PHC-MH-PUN-002,PHC Haveli,12.995,77.57,18.45,73.88,926.4,16.84,CALIBRATED_HAVERSINE_ROAD_MATRIX
RT-DH-KA-BEN-001-PHC-MH-PUN-003,DH-KA-BEN-001,KC General District Hospital Malleshwaram,PHC-MH-PUN-003,PHC Khed,12.995,77.57,18.84,73.91,971.0,17.65,CALIBRATED_HAVERSINE_ROAD_MATRIX
RT-DH-KA-BEN-001-DH-MH-PUN-001,DH-KA-BEN-001,KC General District Hospital Malleshwaram,DH-MH-PUN-001,Aundh District Hospital Pune,12.995,77.57,18.56,73.805,945.0,17.18,CALIBRATED_HAVERSINE_ROAD_MATRIX
RT-DH-KA-BEN-001-PHC-KA-BEN-001,DH-KA-BEN-001,KC General District Hospital Malleshwaram,PHC-KA-BEN-001,PHC Yelahanka,12.995,77.57,13.1,77.59,15.2,0.38,CALIBRATED_HAVERSINE_ROAD_MATRIX
RT-DH-KA-BEN-001-PHC-KA-BEN-002,DH-KA-BEN-001,KC General District Hospital Malleshwaram,PHC-KA-BEN-002,PHC Anekal,12.995,77.57,12.71,77.69,43.8,1.09,CALIBRATED_HAVERSINE_ROAD_MATRIX
RT-DH-KA-BEN-001-PHC-KA-BEN-003,DH-KA-BEN-001,KC General District Hospital Malleshwaram,PHC-KA-BEN-003,PHC Kengeri,12.995,77.57,12.91,77.48,17.4,0.43,CALIBRATED_HAVERSINE_ROAD_MATRIX
