phc_id,medicine_code,target_date,predicted_consumption,incoming_deliveries,projected_closing_stock,model_version
PHC-BR-PAT-001,MED-PCM-500,2026-08-28,71.5,0,0.0,swasthya-demand-v1.0
PHC-BR-PAT-001,MED-PCM-500,2026-08-29,33.4,0,0.0,swasthya-demand-v1.0
PHC-BR-PAT-001,MED-PCM-500,2026-08-30,1.0,784,678.1,swasthya-demand-v1.0
PHC-BR-PAT-001,MED-PCM-500,2026-08-31,37.5,0,640.6,swasthya-demand-v1.0
PHC-BR-PAT-001,MED-PCM-500,2026-09-01,1.7,0,638.9,swasthya-demand-v1.0
PHC-BR-PAT-001,MED-PCM-500,2026-09-02,1.0,0,637.9,swasthya-demand-v1.0
PHC-BR-PAT-001,MED-PCM-500,2026-09-03,1.0,0,636.9,swasthya-demand-v1.0
PHC-BR-PAT-001,MED-PCM-500,2026-09-04,1.0,0,635.9,swasthya-demand-v1.0
PHC-BR-PAT-001,MED-PCM-500,2026-09-05,1.0,0,634.9,swasthya-demand-v1.0
PHC-BR-PAT-001,MED-PCM-500,2026-09-06,1.0,0,633.9,swasthya-demand-v1.0
PHC-BR-PAT-001,MED-PCM-500,2026-09-07,6.6,0,627.3,swasthya-demand-v1.0
PHC-BR-PAT-001,MED-PCM-500,2026-09-08,1.0,0,626.3,swasthya-demand-v1.0
PHC-BR-PAT-001,MED-PCM-500,2026-09-09,1.0,0,625.3,swasthya-demand-v1.0
PHC-BR-PAT-001,MED-PCM-500,2026-09-10,1.0,0,624.3,swasthya-demand-v1.0
PHC-BR-PAT-001,MED-PCM-SYR,2026-08-28,1.0,0,0.0,swasthya-demand-v1.0
PHC-BR-PAT-001,MED-PCM-SYR,2026-08-29,1.0,0,0.0,swasthya-demand-v1.0
PHC-BR-PAT-001,MED-PCM-SYR,2026-08-30,1.0,308,305.0,swasthya-demand-v1.0
PHC-BR-PAT-001,MED-PCM-SYR,2026-08-31,7.4,0,297.6,swasthya-demand-v1.0
PHC-BR-PAT-001,MED-PCM-SYR,2026-09-01,1.0,0,296.6,swasthya-demand-v1.0
PHC-BR-PAT-001,MED-PCM-SYR,2026-09-02,1.0,0,295.6,swasthya-demand-v1.0
PHC-BR-PAT-001,MED-PCM-SYR,2026-09-03,1.0,0,294.6,swasthya-demand-v1.0
PHC-BR-PAT-001,MED-PCM-SYR,2026-09-04,1.0,0,293.6,swasthya-demand-v1.0
PHC-BR-PAT-001,MED-PCM-SYR,2026-09-05,1.0,0,292.6,swasthya-demand-v1.0
PHC-BR-PAT-001,MED-PCM-SYR,2026-09-06,1.0,0,291.6,swasthya-demand-v1.0
PHC-BR-PAT-001,MED-PCM-SYR,2026-09-07,8.4,0,283.2,swasthya-demand-v1.0
PHC-BR-PAT-001,MED-PCM-SYR,2026-09-08,1.0,0,282.2,swasthya-demand-v1.0
PHC-BR-PAT-001,MED-PCM-SYR,2026-09-09,1.0,0,281.2,swasthya-demand-v1.0
PHC-BR-PAT-001,MED-PCM-SYR,2026-09-10,1.0,0,280.2,swasthya-demand-v1.0
PHC-BR-PAT-001,MED-AMX-500,2026-08-28,5.4,0,0.0,swasthya-demand-v1.0
PHC-BR-PAT-001,MED-AMX-500,2026-08-29,1.0,0,0.0,swasthya-demand-v1.0
PHC-BR-PAT-001,MED-AMX-500,2026-08-30,1.0,378,370.6,swasthya-demand-v1.0
PHC-BR-PAT-001,MED-AMX-500,2026-08-31,8.4,0,362.2,swasthya-demand-v1.0
PHC-BR-PAT-001,MED-AMX-500,2026-09-01,1.0,0,361.2,swasthya-demand-v1.0
PHC-BR-PAT-001,MED-AMX-500,2026-09-02,1.0,0,360.2,swasthya-demand-v1.0
PHC-BR-PAT-001,MED-AMX-500,2026-09-03,1.0,0,359.2,swasthya-demand-v1.0
PHC-BR-PAT-001,MED-AMX-500,2026-09-04,1.0,0,358.2,swasthya-demand-v1.0
PHC-BR-PAT-001,MED-AMX-500,2026-09-05,1.0,0,357.2,swasthya-demand-v1.0
PHC-BR-PAT-001,MED-AMX-500,2026-09-06,1.0,0,356.2,swasthya-demand-v1.0
PHC-BR-PAT-001,MED-AMX-500,2026-09-07,8.3,0,347.9,swasthya-demand-v1.0
PHC-BR-PAT-001,MED-AMX-500,2026-09-08,1.0,0,346.9,swasthya-demand-v1.0
PHC-BR-PAT-001,MED-AMX-500,2026-09-09,1.0,0,345.9,swasthya-demand-v1.0
PHC-BR-PAT-001,MED-AMX-500,2026-09-10,1.0,0,344.9,swasthya-demand-v1.0
PHC-BR-PAT-001,MED-AMC-625,2026-08-28,1.0,0,0.0,swasthya-demand-v1.0
PHC-BR-PAT-001,MED-AMC-625,2026-08-29,1.0,238,236.0,swasthya-demand-v1.0
PHC-BR-PAT-001,MED-AMC-625,2026-08-30,1.0,0,235.0,swasthya-demand-v1.0
PHC-BR-PAT-001,MED-AMC-625,2026-08-31,8.2,0,226.8,swasthya-demand-v1.0
PHC-BR-PAT-001,MED-AMC-625,2026-09-01,1.0,0,225.8,swasthya-demand-v1.0
PHC-BR-PAT-001,MED-AMC-625,2026-09-02,1.0,0,224.8,swasthya-demand-v1.0
PHC-BR-PAT-001,MED-AMC-625,2026-09-03,1.0,0,223.8,swasthya-demand-v1.0
PHC-BR-PAT-001,MED-AMC-625,2026-09-04,1.0,0,222.8,swasthya-demand-v1.0
PHC-BR-PAT-001,MED-AMC-625,2026-09-05,1.0,0,221.8,swasthya-demand-v1.0
PHC-BR-PAT-001,MED-AMC-625,2026-09-06,1.0,0,220.8,swasthya-demand-v1.0
PHC-BR-PAT-001,MED-AMC-625,2026-09-07,8.8,0,212.0,swasthya-demand-v1.0
PHC-BR-PAT-001,MED-AMC-625,2026-09-08,1.0,0,211.0,swasthya-demand-v1.0
PHC-BR-PAT-001,MED-AMC-625,2026-09-09,1.0,0,210.0,swasthya-demand-v1.0
PHC-BR-PAT-001,MED-AMC-625,2026-09-10,1.0,0,209.0,swasthya-demand-v1.0
PHC-BR-PAT-001,MED-ORS-SFT,2026-08-28,42.0,0,0.0,swasthya-demand-v1.0
PHC-BR-PAT-001,MED-ORS-SFT,2026-08-29,8.9,0,0.0,swasthya-demand-v1.0
PHC-BR-PAT-001,MED-ORS-SFT,2026-08-30,1.0,0,0.0,swasthya-demand-v1.0
PHC-BR-PAT-001,MED-ORS-SFT,2026-08-31,21.5,560,486.6,swasthya-demand-v1.0
PHC-BR-PAT-001,MED-ORS-SFT,2026-09-01,1.0,0,485.6,swasthya-demand-v1.0
PHC-BR-PAT-001,MED-ORS-SFT,2026-09-02,1.0,0,484.6,swasthya-demand-v1.0
PHC-BR-PAT-001,MED-ORS-SFT,2026-09-03,1.0,0,483.6,swasthya-demand-v1.0
PHC-BR-PAT-001,MED-ORS-SFT,2026-09-04,1.0,0,482.6,swasthya-demand-v1.0
PHC-BR-PAT-001,MED-ORS-SFT,2026-09-05,1.0,0,481.6,swasthya-demand-v1.0
PHC-BR-PAT-001,MED-ORS-SFT,2026-09-06,1.0,0,480.6,swasthya-demand-v1.0
PHC-BR-PAT-001,MED-ORS-SFT,2026-09-07,7.4,0,473.2,swasthya-demand-v1.0
PHC-BR-PAT-001,MED-ORS-SFT,2026-09-08,1.0,0,472.2,swasthya-demand-v1.0
PHC-BR-PAT-001,MED-ORS-SFT,2026-09-09,1.0,0,471.2,swasthya-demand-v1.0
PHC-BR-PAT-001,MED-ORS-SFT,2026-09-10,1.0,0,470.2,swasthya-demand-v1.0
PHC-BR-PAT-001,MED-ZNC-20,2026-08-28,1.0,0,0.0,swasthya-demand-v1.0
PHC-BR-PAT-001,MED-ZNC-20,2026-08-29,1.0,0,0.0,swasthya-demand-v1.0
PHC-BR-PAT-001,MED-ZNC-20,2026-08-30,1.0,280,277.0,swasthya-demand-v1.0
PHC-BR-PAT-001,MED-ZNC-20,2026-08-31,8.2,0,268.8,swasthya-demand-v1.0
PHC-BR-PAT-001,MED-ZNC-20,2026-09-01,1.0,0,267.8,swasthya-demand-v1.0
PHC-BR-PAT-001,MED-ZNC-20,2026-09-02,1.0,0,266.8,swasthya-demand-v1.0
PHC-BR-PAT-001,MED-ZNC-20,2026-09-03,1.0,0,265.8,swasthya-demand-v1.0
PHC-BR-PAT-001,MED-ZNC-20,2026-09-04,1.0,0,264.8,swasthya-demand-v1.0
PHC-BR-PAT-001,MED-ZNC-20,2026-09-05,1.0,0,263.8,swasthya-demand-v1.0
PHC-BR-PAT-001,MED-ZNC-20,2026-09-06,1.0,0,262.8,swasthya-demand-v1.0
PHC-BR-PAT-001,MED-ZNC-20,2026-09-07,8.7,0,254.1,swasthya-demand-v1.0
PHC-BR-PAT-001,MED-ZNC-20,2026-09-08,1.0,0,253.1,swasthya-demand-v1.0
PHC-BR-PAT-001,MED-ZNC-20,2026-09-09,1.0,0,252.1,swasthya-demand-v1.0
PHC-BR-PAT-001,MED-ZNC-20,2026-09-10,1.0,0,251.1,swasthya-demand-v1.0
PHC-BR-PAT-001,MED-AZI-500,2026-08-28,1.0,210,209.0,swasthya-demand-v1.0
PHC-BR-PAT-001,MED-AZI-500,2026-08-29,1.0,0,208.0,swasthya-demand-v1.0
PHC-BR-PAT-001,MED-AZI-500,2026-08-30,1.0,0,207.0,swasthya-demand-v1.0
PHC-BR-PAT-001,MED-AZI-500,2026-08-31,8.6,0,198.4,swasthya-demand-v1.0
PHC-BR-PAT-001,MED-AZI-500,2026-09-01,1.0,0,197.4,swasthya-demand-v1.0
PHC-BR-PAT-001,MED-AZI-500,2026-09-02,1.0,0,196.4,swasthya-demand-v1.0
PHC-BR-PAT-001,MED-AZI-500,2026-09-03,1.0,0,195.4,swasthya-demand-v1.0
PHC-BR-PAT-001,MED-AZI-500,2026-09-04,1.0,0,194.4,swasthya-demand-v1.0
PHC-BR-PAT-001,MED-AZI-500,2026-09-05,1.0,0,193.4,swasthya-demand-v1.0
PHC-BR-PAT-001,MED-AZI-500,2026-09-06,1.0,0,192.4,swasthya-demand-v1.0
PHC-BR-PAT-001,MED-AZI-500,2026-09-07,8.9,0,183.5,swasthya-demand-v1.0
PHC-BR-PAT-001,MED-AZI-500,2026-09-08,1.0,0,182.5,swasthya-demand-v1.0
PHC-BR-PAT-001,MED-AZI-500,2026-09-09,1.0,0,181.5,swasthya-demand-v1.0
PHC-BR-PAT-001,MED-AZI-500,2026-09-10,1.0,0,180.5,swasthya-demand-v1.0
PHC-BR-PAT-001,MED-CTX-1G,2026-08-28,1.0,0,15.0,swasthya-demand-v1.0
PHC-BR-PAT-001,MED-CTX-1G,2026-08-29,1.0,0,14.0,swasthya-demand-v1.0
PHC-BR-PAT-001,MED-CTX-1G,2026-08-30,1.0,0,13.0,swasthya-demand-v1.0
PHC-BR-PAT-001,MED-CTX-1G,2026-08-31,8.8,0,4.2,swasthya-demand-v1.0
PHC-BR-PAT-001,MED-CTX-1G,2026-09-01,1.0,0,3.2,swasthya-demand-v1.0
PHC-BR-PAT-001,MED-CTX-1G,2026-09-02,1.0,98,100.2,swasthya-demand-v1.0
PHC-BR-PAT-001,MED-CTX-1G,2026-09-03,1.0,0,99.2,swasthya-demand-v1.0
PHC-BR-PAT-001,MED-CTX-1G,2026-09-04,1.0,0,98.2,swasthya-demand-v1.0
PHC-BR-PAT-001,MED-CTX-1G,2026-09-05,1.0,0,97.2,swasthya-demand-v1.0
PHC-BR-PAT-001,MED-CTX-1G,2026-09-06,1.0,0,96.2,swasthya-demand-v1.0
PHC-BR-PAT-001,MED-CTX-1G,2026-09-07,9.0,0,87.2,swasthya-demand-v1.0
PHC-BR-PAT-001,MED-CTX-1G,2026-09-08,1.0,0,86.2,swasthya-demand-v1.0
PHC-BR-PAT-001,MED-CTX-1G,2026-09-09,1.0,0,85.2,swasthya-demand-v1.0
PHC-BR-PAT-001,MED-CTX-1G,2026-09-10,1.0,0,84.2,swasthya-demand-v1.0
PHC-BR-PAT-001,MED-RAB-VAC,2026-08-28,1.0,0,60.0,swasthya-demand-v1.0
PHC-BR-PAT-001,MED-RAB-VAC,2026-08-29,1.0,0,59.0,swasthya-demand-v1.0
PHC-BR-PAT-001,MED-RAB-VAC,2026-08-30,1.0,0,58.0,swasthya-demand-v1.0
PHC-BR-PAT-001,MED-RAB-VAC,2026-08-31,9.2,0,48.8,swasthya-demand-v1.0
PHC-BR-PAT-001,MED-RAB-VAC,2026-09-01,1.0,0,47.8,swasthya-demand-v1.0
PHC-BR-PAT-001,MED-RAB-VAC,2026-09-02,1.0,0,46.8,swasthya-demand-v1.0
PHC-BR-PAT-001,MED-RAB-VAC,2026-09-03,1.0,0,45.8,swasthya-demand-v1.0
PHC-BR-PAT-001,MED-RAB-VAC,2026-09-04,1.0,0,44.8,swasthya-demand-v1.0
PHC-BR-PAT-001,MED-RAB-VAC,2026-09-05,1.0,0,43.8,swasthya-demand-v1.0
PHC-BR-PAT-001,MED-RAB-VAC,2026-09-06,1.0,0,42.8,swasthya-demand-v1.0
PHC-BR-PAT-001,MED-RAB-VAC,2026-09-07,9.2,0,33.6,swasthya-demand-v1.0
PHC-BR-PAT-001,MED-RAB-VAC,2026-09-08,1.0,0,32.6,swasthya-demand-v1.0
PHC-BR-PAT-001,MED-RAB-VAC,2026-09-09,1.0,0,31.6,swasthya-demand-v1.0
PHC-BR-PAT-001,MED-RAB-VAC,2026-09-10,1.0,0,30.6,swasthya-demand-v1.0
PHC-BR-PAT-001,MED-ASV-VIAL,2026-08-28,1.0,0,87.0,swasthya-demand-v1.0
PHC-BR-PAT-001,MED-ASV-VIAL,2026-08-29,1.0,0,86.0,swasthya-demand-v1.0
PHC-BR-PAT-001,MED-ASV-VIAL,2026-08-30,1.0,0,85.0,swasthya-demand-v1.0
PHC-BR-PAT-001,MED-ASV-VIAL,2026-08-31,9.4,0,75.6,swasthya-demand-v1.0
PHC-BR-PAT-001,MED-ASV-VIAL,2026-09-01,1.0,0,74.6,swasthya-demand-v1.0
PHC-BR-PAT-001,MED-ASV-VIAL,2026-09-02,1.0,0,73.6,swasthya-demand-v1.0
PHC-BR-PAT-001,MED-ASV-VIAL,2026-09-03,1.0,0,72.6,swasthya-demand-v1.0
PHC-BR-PAT-001,MED-ASV-VIAL,2026-09-04,1.0,0,71.6,swasthya-demand-v1.0
PHC-BR-PAT-001,MED-ASV-VIAL,2026-09-05,1.0,0,70.6,swasthya-demand-v1.0
PHC-BR-PAT-001,MED-ASV-VIAL,2026-09-06,1.0,0,69.6,swasthya-demand-v1.0
PHC-BR-PAT-001,MED-ASV-VIAL,2026-09-07,9.3,0,60.3,swasthya-demand-v1.0
PHC-BR-PAT-001,MED-ASV-VIAL,2026-09-08,1.0,0,59.3,swasthya-demand-v1.0
PHC-BR-PAT-001,MED-ASV-VIAL,2026-09-09,1.0,0,58.3,swasthya-demand-v1.0
PHC-BR-PAT-001,MED-ASV-VIAL,2026-09-10,1.0,0,57.3,swasthya-demand-v1.0
PHC-BR-PAT-001,MED-INS-REG,2026-08-28,1.0,0,53.0,swasthya-demand-v1.0
PHC-BR-PAT-001,MED-INS-REG,2026-08-29,1.0,0,52.0,swasthya-demand-v1.0
PHC-BR-PAT-001,MED-INS-REG,2026-08-30,1.0,0,51.0,swasthya-demand-v1.0
PHC-BR-PAT-001,MED-INS-REG,2026-08-31,9.1,0,41.9,swasthya-demand-v1.0
PHC-BR-PAT-001,MED-INS-REG,2026-09-01,1.0,0,40.9,swasthya-demand-v1.0
PHC-BR-PAT-001,MED-INS-REG,2026-09-02,1.0,0,39.9,swasthya-demand-v1.0
PHC-BR-PAT-001,MED-INS-REG,2026-09-03,1.0,0,38.9,swasthya-demand-v1.0
PHC-BR-PAT-001,MED-INS-REG,2026-09-04,1.0,0,37.9,swasthya-demand-v1.0
PHC-BR-PAT-001,MED-INS-REG,2026-09-05,1.0,0,36.9,swasthya-demand-v1.0
PHC-BR-PAT-001,MED-INS-REG,2026-09-06,1.0,0,35.9,swasthya-demand-v1.0
PHC-BR-PAT-001,MED-INS-REG,2026-09-07,9.2,0,26.7,swasthya-demand-v1.0
PHC-BR-PAT-001,MED-INS-REG,2026-09-08,1.0,0,25.7,swasthya-demand-v1.0
PHC-BR-PAT-001,MED-INS-REG,2026-09-09,1.0,0,24.7,swasthya-demand-v1.0
PHC-BR-PAT-001,MED-INS-REG,2026-09-10,1.0,0,23.7,swasthya-demand-v1.0
PHC-BR-PAT-001,MED-MET-500,2026-08-28,1.0,0,0.0,swasthya-demand-v1.0
PHC-BR-PAT-001,MED-MET-500,2026-08-29,1.0,0,0.0,swasthya-demand-v1.0
PHC-BR-PAT-001,MED-MET-500,2026-08-30,1.0,434,431.0,swasthya-demand-v1.0
PHC-BR-PAT-001,MED-MET-500,2026-08-31,7.2,0,423.8,swasthya-demand-v1.0
PHC-BR-PAT-001,MED-MET-500,2026-09-01,1.0,0,422.8,swasthya-demand-v1.0
PHC-BR-PAT-001,MED-MET-500,2026-09-02,1.0,0,421.8,swasthya-demand-v1.0
PHC-BR-PAT-001,MED-MET-500,2026-09-03,1.0,0,420.8,swasthya-demand-v1.0
PHC-BR-PAT-001,MED-MET-500,2026-09-04,1.0,0,419.8,swasthya-demand-v1.0
PHC-BR-PAT-001,MED-MET-500,2026-09-05,1.0,0,418.8,swasthya-demand-v1.0
PHC-BR-PAT-001,MED-MET-500,2026-09-06,1.0,0,417.8,swasthya-demand-v1.0
PHC-BR-PAT-001,MED-MET-500,2026-09-07,8.4,0,409.4,swasthya-demand-v1.0
PHC-BR-PAT-001,MED-MET-500,2026-09-08,1.0,0,408.4,swasthya-demand-v1.0
PHC-BR-PAT-001,MED-MET-500,2026-09-09,1.0,0,407.4,swasthya-demand-v1.0
PHC-BR-PAT-001,MED-MET-500,2026-09-10,1.0,0,406.4,swasthya-demand-v1.0
PHC-BR-PAT-001,MED-OXY-AMP,2026-08-28,1.0,0,44.0,swasthya-demand-v1.0
PHC-BR-PAT-001,MED-OXY-AMP,2026-08-29,1.0,0,43.0,swasthya-demand-v1.0
PHC-BR-PAT-001,MED-OXY-AMP,2026-08-30,1.0,0,42.0,swasthya-demand-v1.0
PHC-BR-PAT-001,MED-OXY-AMP,2026-08-31,9.0,0,33.0,swasthya-demand-v1.0
PHC-BR-PAT-001,MED-OXY-AMP,2026-09-01,1.0,0,32.0,swasthya-demand-v1.0
PHC-BR-PAT-001,MED-OXY-AMP,2026-09-02,1.0,0,31.0,swasthya-demand-v1.0
PHC-BR-PAT-001,MED-OXY-AMP,2026-09-03,1.0,0,30.0,swasthya-demand-v1.0
PHC-BR-PAT-001,MED-OXY-AMP,2026-09-04,1.0,0,29.0,swasthya-demand-v1.0
PHC-BR-PAT-001,MED-OXY-AMP,2026-09-05,1.0,0,28.0,swasthya-demand-v1.0
PHC-BR-PAT-001,MED-OXY-AMP,2026-09-06,1.0,0,27.0,swasthya-demand-v1.0
PHC-BR-PAT-001,MED-OXY-AMP,2026-09-07,9.1,0,17.9,swasthya-demand-v1.0
PHC-BR-PAT-001,MED-OXY-AMP,2026-09-08,1.0,0,16.9,swasthya-demand-v1.0
PHC-BR-PAT-001,MED-OXY-AMP,2026-09-09,1.0,0,15.9,swasthya-demand-v1.0
PHC-BR-PAT-001,MED-OXY-AMP,2026-09-10,1.0,0,14.9,swasthya-demand-v1.0
PHC-BR-PAT-001,MED-MGS-50,2026-08-28,1.0,0,73.0,swasthya-demand-v1.0
PHC-BR-PAT-001,MED-MGS-50,2026-08-29,1.0,0,72.0,swasthya-demand-v1.0
PHC-BR-PAT-001,MED-MGS-50,2026-08-30,1.0,0,71.0,swasthya-demand-v1.0
PHC-BR-PAT-001,MED-MGS-50,2026-08-31,9.2,0,61.8,swasthya-demand-v1.0
PHC-BR-PAT-001,MED-MGS-50,2026-09-01,1.0,0,60.8,swasthya-demand-v1.0
PHC-BR-PAT-001,MED-MGS-50,2026-09-02,1.0,0,59.8,swasthya-demand-v1.0
PHC-BR-PAT-001,MED-MGS-50,2026-09-03,1.0,0,58.8,swasthya-demand-v1.0
PHC-BR-PAT-001,MED-MGS-50,2026-09-04,1.0,0,57.8,swasthya-demand-v1.0
PHC-BR-PAT-001,MED-MGS-50,2026-09-05,1.0,0,56.8,swasthya-demand-v1.0
PHC-BR-PAT-001,MED-MGS-50,2026-09-06,1.0,0,55.8,swasthya-demand-v1.0
PHC-BR-PAT-001,MED-MGS-50,2026-09-07,9.2,0,46.6,swasthya-demand-v1.0
PHC-BR-PAT-001,MED-MGS-50,2026-09-08,1.0,0,45.6,swasthya-demand-v1.0
PHC-BR-PAT-001,MED-MGS-50,2026-09-09,1.0,0,44.6,swasthya-demand-v1.0
PHC-BR-PAT-001,MED-MGS-50,2026-09-10,1.0,0,43.6,swasthya-demand-v1.0
PHC-BR-PAT-001,MED-IVF-NS500,2026-08-28,1.0,252,251.0,swasthya-demand-v1.0
PHC-BR-PAT-001,MED-IVF-NS500,2026-08-29,1.0,0,250.0,swasthya-demand-v1.0
PHC-BR-PAT-001,MED-IVF-NS500,2026-08-30,1.0,0,249.0,swasthya-demand-v1.0
PHC-BR-PAT-001,MED-IVF-NS500,2026-08-31,8.0,0,241.0,swasthya-demand-v1.0
PHC-BR-PAT-001,MED-IVF-NS500,2026-09-01,1.0,0,240.0,swasthya-demand-v1.0
PHC-BR-PAT-001,MED-IVF-NS500,2026-09-02,1.0,0,239.0,swasthya-demand-v1.0
PHC-BR-PAT-001,MED-IVF-NS500,2026-09-03,1.0,0,238.0,swasthya-demand-v1.0
PHC-BR-PAT-001,MED-IVF-NS500,2026-09-04,1.0,0,237.0,swasthya-demand-v1.0
PHC-BR-PAT-001,MED-IVF-NS500,2026-09-05,1.0,0,236.0,swasthya-demand-v1.0
PHC-BR-PAT-001,MED-IVF-NS500,2026-09-06,1.0,0,235.0,swasthya-demand-v1.0
PHC-BR-PAT-001,MED-IVF-NS500,2026-09-07,8.7,0,226.3,swasthya-demand-v1.0
PHC-BR-PAT-001,MED-IVF-NS500,2026-09-08,1.0,0,225.3,swasthya-demand-v1.0
PHC-BR-PAT-001,MED-IVF-NS500,2026-09-09,1.0,0,224.3,swasthya-demand-v1.0
PHC-BR-PAT-001,MED-IVF-NS500,2026-09-10,1.0,0,223.3,swasthya-demand-v1.0
PHC-BR-PAT-001,MED-IVF-RL500,2026-08-28,1.0,0,0.0,swasthya-demand-v1.0
PHC-BR-PAT-001,MED-IVF-RL500,2026-08-29,1.0,0,0.0,swasthya-demand-v1.0
PHC-BR-PAT-001,MED-IVF-RL500,2026-08-30,1.0,0,0.0,swasthya-demand-v1.0
PHC-BR-PAT-001,MED-IVF-RL500,2026-08-31,8.6,210,198.4,swasthya-demand-v1.0
PHC-BR-PAT-001,MED-IVF-RL500,2026-09-01,1.0,0,197.4,swasthya-demand-v1.0
PHC-BR-PAT-001,MED-IVF-RL500,2026-09-02,1.0,0,196.4,swasthya-demand-v1.0
PHC-BR-PAT-001,MED-IVF-RL500,2026-09-03,1.0,0,195.4,swasthya-demand-v1.0
PHC-BR-PAT-001,MED-IVF-RL500,2026-09-04,1.0,0,194.4,swasthya-demand-v1.0
PHC-BR-PAT-001,MED-IVF-RL500,2026-09-05,1.0,0,193.4,swasthya-demand-v1.0
PHC-BR-PAT-001,MED-IVF-RL500,2026-09-06,1.0,0,192.4,swasthya-demand-v1.0
PHC-BR-PAT-001,MED-IVF-RL500,2026-09-07,8.9,0,183.5,swasthya-demand-v1.0
PHC-BR-PAT-001,MED-IVF-RL500,2026-09-08,1.0,0,182.5,swasthya-demand-v1.0
PHC-BR-PAT-001,MED-IVF-RL500,2026-09-09,1.0,0,181.5,swasthya-demand-v1.0
PHC-BR-PAT-001,MED-IVF-RL500,2026-09-10,1.0,0,180.5,swasthya-demand-v1.0
PHC-BR-PAT-001,MED-IVF-D5500,2026-08-28,1.0,0,14.0,swasthya-demand-v1.0
PHC-BR-PAT-001,MED-IVF-D5500,2026-08-29,1.0,0,13.0,swasthya-demand-v1.0
PHC-BR-PAT-001,MED-IVF-D5500,2026-08-30,1.0,0,12.0,swasthya-demand-v1.0
PHC-BR-PAT-001,MED-IVF-D5500,2026-08-31,8.8,140,143.2,swasthya-demand-v1.0
PHC-BR-PAT-001,MED-IVF-D5500,2026-09-01,1.0,0,142.2,swasthya-demand-v1.0
PHC-BR-PAT-001,MED-IVF-D5500,2026-09-02,1.0,0,141.2,swasthya-demand-v1.0
PHC-BR-PAT-001,MED-IVF-D5500,2026-09-03,1.0,0,140.2,swasthya-demand-v1.0
PHC-BR-PAT-001,MED-IVF-D5500,2026-09-04,1.0,0,139.2,swasthya-demand-v1.0
PHC-BR-PAT-001,MED-IVF-D5500,2026-09-05,1.0,0,138.2,swasthya-demand-v1.0
PHC-BR-PAT-001,MED-IVF-D5500,2026-09-06,1.0,0,137.2,swasthya-demand-v1.0
PHC-BR-PAT-001,MED-IVF-D5500,2026-09-07,9.0,0,128.2,swasthya-demand-v1.0
PHC-BR-PAT-001,MED-IVF-D5500,2026-09-08,1.0,0,127.2,swasthya-demand-v1.0
PHC-BR-PAT-001,MED-IVF-D5500,2026-09-09,1.0,0,126.2,swasthya-demand-v1.0
PHC-BR-PAT-001,MED-IVF-D5500,2026-09-10,1.0,0,125.2,swasthya-demand-v1.0
PHC-BR-PAT-001,MED-ART-60,2026-08-28,1.0,0,67.0,swasthya-demand-v1.0
PHC-BR-PAT-001,MED-ART-60,2026-08-29,1.0,0,66.0,swasthya-demand-v1.0
PHC-BR-PAT-001,MED-ART-60,2026-08-30,1.0,0,65.0,swasthya-demand-v1.0
PHC-BR-PAT-001,MED-ART-60,2026-08-31,9.2,0,55.8,swasthya-demand-v1.0
PHC-BR-PAT-001,MED-ART-60,2026-09-01,1.0,0,54.8,swasthya-demand-v1.0
PHC-BR-PAT-001,MED-ART-60,2026-09-02,1.0,0,53.8,swasthya-demand-v1.0
PHC-BR-PAT-001,MED-ART-60,2026-09-03,1.0,0,52.8,swasthya-demand-v1.0
PHC-BR-PAT-001,MED-ART-60,2026-09-04,1.0,0,51.8,swasthya-demand-v1.0
PHC-BR-PAT-001,MED-ART-60,2026-09-05,1.0,0,50.8,swasthya-demand-v1.0
PHC-BR-PAT-001,MED-ART-60,2026-09-06,1.0,0,49.8,swasthya-demand-v1.0
PHC-BR-PAT-001,MED-ART-60,2026-09-07,9.2,0,40.6,swasthya-demand-v1.0
PHC-BR-PAT-001,MED-ART-60,2026-09-08,1.0,0,39.6,swasthya-demand-v1.0
PHC-BR-PAT-001,MED-ART-60,2026-09-09,1.0,0,38.6,swasthya-demand-v1.0
PHC-BR-PAT-001,MED-ART-60,2026-09-10,1.0,0,37.6,swasthya-demand-v1.0
PHC-BR-PAT-001,MED-ALB-400,2026-08-28,1.0,0,16.0,swasthya-demand-v1.0
PHC-BR-PAT-001,MED-ALB-400,2026-08-29,1.0,0,15.0,swasthya-demand-v1.0
PHC-BR-PAT-001,MED-ALB-400,2026-08-30,1.0,0,14.0,swasthya-demand-v1.0
PHC-BR-PAT-001,MED-ALB-400,2026-08-31,8.9,140,145.1,swasthya-demand-v1.0
PHC-BR-PAT-001,MED-ALB-400,2026-09-01,1.0,0,144.1,swasthya-demand-v1.0
PHC-BR-PAT-001,MED-ALB-400,2026-09-02,1.0,0,143.1,swasthya-demand-v1.0
PHC-BR-PAT-001,MED-ALB-400,2026-09-03,1.0,0,142.1,swasthya-demand-v1.0
PHC-BR-PAT-001,MED-ALB-400,2026-09-04,1.0,0,141.1,swasthya-demand-v1.0
PHC-BR-PAT-001,MED-ALB-400,2026-09-05,1.0,0,140.1,swasthya-demand-v1.0
PHC-BR-PAT-001,MED-ALB-400,2026-09-06,1.0,0,139.1,swasthya-demand-v1.0
PHC-BR-PAT-001,MED-ALB-400,2026-09-07,9.0,0,130.1,swasthya-demand-v1.0
PHC-BR-PAT-001,MED-ALB-400,2026-09-08,1.0,0,129.1,swasthya-demand-v1.0
PHC-BR-PAT-001,MED-ALB-400,2026-09-09,1.0,0,128.1,swasthya-demand-v1.0
PHC-BR-PAT-001,MED-ALB-400,2026-09-10,1.0,0,127.1,swasthya-demand-v1.0
PHC-BR-PAT-001,MED-IFA-TAB,2026-08-28,11.3,0,0.0,swasthya-demand-v1.0
PHC-BR-PAT-001,MED-IFA-TAB,2026-08-29,1.0,0,0.0,swasthya-demand-v1.0
PHC-BR-PAT-001,MED-IFA-TAB,2026-08-30,1.0,0,0.0,swasthya-demand-v1.0
PHC-BR-PAT-001,MED-IFA-TAB,2026-08-31,10.4,490,466.3,swasthya-demand-v1.0
PHC-BR-PAT-001,MED-IFA-TAB,2026-09-01,1.0,0,465.3,swasthya-demand-v1.0
PHC-BR-PAT-001,MED-IFA-TAB,2026-09-02,1.0,0,464.3,swasthya-demand-v1.0
PHC-BR-PAT-001,MED-IFA-TAB,2026-09-03,1.0,0,463.3,swasthya-demand-v1.0
PHC-BR-PAT-001,MED-IFA-TAB,2026-09-04,1.0,0,462.3,swasthya-demand-v1.0
PHC-BR-PAT-001,MED-IFA-TAB,2026-09-05,1.0,0,461.3,swasthya-demand-v1.0
PHC-BR-PAT-001,MED-IFA-TAB,2026-09-06,1.0,0,460.3,swasthya-demand-v1.0
PHC-BR-PAT-001,MED-IFA-TAB,2026-09-07,8.2,0,452.1,swasthya-demand-v1.0
PHC-BR-PAT-001,MED-IFA-TAB,2026-09-08,1.0,0,451.1,swasthya-demand-v1.0
PHC-BR-PAT-001,MED-IFA-TAB,2026-09-09,1.0,0,450.1,swasthya-demand-v1.0
PHC-BR-PAT-001,MED-IFA-TAB,2026-09-10,1.0,0,449.1,swasthya-demand-v1.0
PHC-BR-PAT-002,MED-PCM-500,2026-08-28,119.3,1134,1014.7,swasthya-demand-v1.0
PHC-BR-PAT-002,MED-PCM-500,2026-08-29,69.8,0,944.9,swasthya-demand-v1.0
PHC-BR-PAT-002,MED-PCM-500,2026-08-30,29.9,0,915.0,swasthya-demand-v1.0
PHC-BR-PAT-002,MED-PCM-500,2026-08-31,70.4,0,844.6,swasthya-demand-v1.0
PHC-BR-PAT-002,MED-PCM-500,2026-09-01,30.0,0,814.6,swasthya-demand-v1.0
PHC-BR-PAT-002,MED-PCM-500,2026-09-02,5.0,0,809.6,swasthya-demand-v1.0
PHC-BR-PAT-002,MED-PCM-500,2026-09-03,1.0,0,808.6,swasthya-demand-v1.0
PHC-BR-PAT-002,MED-PCM-500,2026-09-04,1.0,0,807.6,swasthya-demand-v1.0
PHC-BR-PAT-002,MED-PCM-500,2026-09-05,1.0,0,806.6,swasthya-demand-v1.0
PHC-BR-PAT-002,MED-PCM-500,2026-09-06,1.0,0,805.6,swasthya-demand-v1.0
PHC-BR-PAT-002,MED-PCM-500,2026-09-07,5.1,0,800.5,swasthya-demand-v1.0
PHC-BR-PAT-002,MED-PCM-500,2026-09-08,1.0,0,799.5,swasthya-demand-v1.0
PHC-BR-PAT-002,MED-PCM-500,2026-09-09,1.0,0,798.5,swasthya-demand-v1.0
PHC-BR-PAT-002,MED-PCM-500,2026-09-10,1.0,0,797.5,swasthya-demand-v1.0
PHC-BR-PAT-002,MED-PCM-SYR,2026-08-28,16.2,0,0.0,swasthya-demand-v1.0
PHC-BR-PAT-002,MED-PCM-SYR,2026-08-29,1.0,448,430.8,swasthya-demand-v1.0
PHC-BR-PAT-002,MED-PCM-SYR,2026-08-30,1.0,0,429.8,swasthya-demand-v1.0
PHC-BR-PAT-002,MED-PCM-SYR,2026-08-31,11.2,0,418.6,swasthya-demand-v1.0
PHC-BR-PAT-002,MED-PCM-SYR,2026-09-01,1.0,0,417.6,swasthya-demand-v1.0
PHC-BR-PAT-002,MED-PCM-SYR,2026-09-02,1.0,0,416.6,swasthya-demand-v1.0
PHC-BR-PAT-002,MED-PCM-SYR,2026-09-03,1.0,0,415.6,swasthya-demand-v1.0
PHC-BR-PAT-002,MED-PCM-SYR,2026-09-04,1.0,0,414.6,swasthya-demand-v1.0
PHC-BR-PAT-002,MED-PCM-SYR,2026-09-05,1.0,0,413.6,swasthya-demand-v1.0
PHC-BR-PAT-002,MED-PCM-SYR,2026-09-06,1.0,0,412.6,swasthya-demand-v1.0
PHC-BR-PAT-002,MED-PCM-SYR,2026-09-07,8.0,0,404.6,swasthya-demand-v1.0
PHC-BR-PAT-002,MED-PCM-SYR,2026-09-08,1.0,0,403.6,swasthya-demand-v1.0
PHC-BR-PAT-002,MED-PCM-SYR,2026-09-09,1.0,0,402.6,swasthya-demand-v1.0
PHC-BR-PAT-002,MED-PCM-SYR,2026-09-10,1.0,0,401.6,swasthya-demand-v1.0
PHC-BR-PAT-002,MED-AMX-500,2026-08-28,36.0,546,510.0,swasthya-demand-v1.0
PHC-BR-PAT-002,MED-AMX-500,2026-08-29,1.0,0,509.0,swasthya-demand-v1.0
PHC-BR-PAT-002,MED-AMX-500,2026-08-30,1.0,0,508.0,swasthya-demand-v1.0
PHC-BR-PAT-002,MED-AMX-500,2026-08-31,16.9,0,491.1,swasthya-demand-v1.0
PHC-BR-PAT-002,MED-AMX-500,2026-09-01,1.0,0,490.1,swasthya-demand-v1.0
PHC-BR-PAT-002,MED-AMX-500,2026-09-02,1.0,0,489.1,swasthya-demand-v1.0
PHC-BR-PAT-002,MED-AMX-500,2026-09-03,1.0,0,488.1,swasthya-demand-v1.0
PHC-BR-PAT-002,MED-AMX-500,2026-09-04,1.0,0,487.1,swasthya-demand-v1.0
PHC-BR-PAT-002,MED-AMX-500,2026-09-05,1.0,0,486.1,swasthya-demand-v1.0
PHC-BR-PAT-002,MED-AMX-500,2026-09-06,1.0,0,485.1,swasthya-demand-v1.0
PHC-BR-PAT-002,MED-AMX-500,2026-09-07,7.6,0,477.5,swasthya-demand-v1.0
PHC-BR-PAT-002,MED-AMX-500,2026-09-08,1.0,0,476.5,swasthya-demand-v1.0
PHC-BR-PAT-002,MED-AMX-500,2026-09-09,1.0,0,475.5,swasthya-demand-v1.0
PHC-BR-PAT-002,MED-AMX-500,2026-09-10,1.0,0,474.5,swasthya-demand-v1.0
PHC-BR-PAT-002,MED-AMC-625,2026-08-28,1.0,0,0.0,swasthya-demand-v1.0
PHC-BR-PAT-002,MED-AMC-625,2026-08-29,1.0,0,0.0,swasthya-demand-v1.0
PHC-BR-PAT-002,MED-AMC-625,2026-08-30,1.0,350,347.0,swasthya-demand-v1.0
PHC-BR-PAT-002,MED-AMC-625,2026-08-31,7.7,0,339.3,swasthya-demand-v1.0
PHC-BR-PAT-002,MED-AMC-625,2026-09-01,1.0,0,338.3,swasthya-demand-v1.0
PHC-BR-PAT-002,MED-AMC-625,2026-09-02,1.0,0,337.3,swasthya-demand-v1.0
PHC-BR-PAT-002,MED-AMC-625,2026-09-03,1.0,0,336.3,swasthya-demand-v1.0
PHC-BR-PAT-002,MED-AMC-625,2026-09-04,1.0,0,335.3,swasthya-demand-v1.0
PHC-BR-PAT-002,MED-AMC-625,2026-09-05,1.0,0,334.3,swasthya-demand-v1.0
PHC-BR-PAT-002,MED-AMC-625,2026-09-06,1.0,0,333.3,swasthya-demand-v1.0
PHC-BR-PAT-002,MED-AMC-625,2026-09-07,8.6,0,324.7,swasthya-demand-v1.0
PHC-BR-PAT-002,MED-AMC-625,2026-09-08,1.0,0,323.7,swasthya-demand-v1.0
PHC-BR-PAT-002,MED-AMC-625,2026-09-09,1.0,0,322.7,swasthya-demand-v1.0
PHC-BR-PAT-002,MED-AMC-625,2026-09-10,1.0,0,321.7,swasthya-demand-v1.0
PHC-BR-PAT-002,MED-ORS-SFT,2026-08-28,64.7,0,0.0,swasthya-demand-v1.0
PHC-BR-PAT-002,MED-ORS-SFT,2026-08-29,23.0,798,710.3,swasthya-demand-v1.0
PHC-BR-PAT-002,MED-ORS-SFT,2026-08-30,1.0,0,709.3,swasthya-demand-v1.0
PHC-BR-PAT-002,MED-ORS-SFT,2026-08-31,30.8,0,678.5,swasthya-demand-v1.0
PHC-BR-PAT-002,MED-ORS-SFT,2026-09-01,1.0,0,677.5,swasthya-demand-v1.0
PHC-BR-PAT-002,MED-ORS-SFT,2026-09-02,1.0,0,676.5,swasthya-demand-v1.0
PHC-BR-PAT-002,MED-ORS-SFT,2026-09-03,1.0,0,675.5,swasthya-demand-v1.0
PHC-BR-PAT-002,MED-ORS-SFT,2026-09-04,1.0,0,674.5,swasthya-demand-v1.0
PHC-BR-PAT-002,MED-ORS-SFT,2026-09-05,1.0,0,673.5,swasthya-demand-v1.0
PHC-BR-PAT-002,MED-ORS-SFT,2026-09-06,1.0,0,672.5,swasthya-demand-v1.0
PHC-BR-PAT-002,MED-ORS-SFT,2026-09-07,6.7,0,665.8,swasthya-demand-v1.0
PHC-BR-PAT-002,MED-ORS-SFT,2026-09-08,1.0,0,664.8,swasthya-demand-v1.0
PHC-BR-PAT-002,MED-ORS-SFT,2026-09-09,1.0,0,663.8,swasthya-demand-v1.0
PHC-BR-PAT-002,MED-ORS-SFT,2026-09-10,1.0,0,662.8,swasthya-demand-v1.0
PHC-BR-PAT-002,MED-ZNC-20,2026-08-28,1.0,0,0.0,swasthya-demand-v1.0
PHC-BR-PAT-002,MED-ZNC-20,2026-08-29,1.0,0,0.0,swasthya-demand-v1.0
PHC-BR-PAT-002,MED-ZNC-20,2026-08-30,1.0,0,0.0,swasthya-demand-v1.0
PHC-BR-PAT-002,MED-ZNC-20,2026-08-31,7.2,392,381.8,swasthya-demand-v1.0
PHC-BR-PAT-002,MED-ZNC-20,2026-09-01,1.0,0,380.8,swasthya-demand-v1.0
PHC-BR-PAT-002,MED-ZNC-20,2026-09-02,1.0,0,379.8,swasthya-demand-v1.0
PHC-BR-PAT-002,MED-ZNC-20,2026-09-03,1.0,0,378.8,swasthya-demand-v1.0
PHC-BR-PAT-002,MED-ZNC-20,2026-09-04,1.0,0,377.8,swasthya-demand-v1.0
PHC-BR-PAT-002,MED-ZNC-20,2026-09-05,1.0,0,376.8,swasthya-demand-v1.0
PHC-BR-PAT-002,MED-ZNC-20,2026-09-06,1.0,0,375.8,swasthya-demand-v1.0
PHC-BR-PAT-002,MED-ZNC-20,2026-09-07,8.5,0,367.3,swasthya-demand-v1.0
PHC-BR-PAT-002,MED-ZNC-20,2026-09-08,1.0,0,366.3,swasthya-demand-v1.0
PHC-BR-PAT-002,MED-ZNC-20,2026-09-09,1.0,0,365.3,swasthya-demand-v1.0
PHC-BR-PAT-002,MED-ZNC-20,2026-09-10,1.0,0,364.3,swasthya-demand-v1.0
PHC-BR-PAT-002,MED-AZI-500,2026-08-28,1.0,294,293.0,swasthya-demand-v1.0
PHC-BR-PAT-002,MED-AZI-500,2026-08-29,1.0,0,292.0,swasthya-demand-v1.0
PHC-BR-PAT-002,MED-AZI-500,2026-08-30,1.0,0,291.0,swasthya-demand-v1.0
PHC-BR-PAT-002,MED-AZI-500,2026-08-31,7.9,0,283.1,swasthya-demand-v1.0
PHC-BR-PAT-002,MED-AZI-500,2026-09-01,1.0,0,282.1,swasthya-demand-v1.0
PHC-BR-PAT-002,MED-AZI-500,2026-09-02,1.0,0,281.1,swasthya-demand-v1.0
PHC-BR-PAT-002,MED-AZI-500,2026-09-03,1.0,0,280.1,swasthya-demand-v1.0
PHC-BR-PAT-002,MED-AZI-500,2026-09-04,1.0,0,279.1,swasthya-demand-v1.0
PHC-BR-PAT-002,MED-AZI-500,2026-09-05,1.0,0,278.1,swasthya-demand-v1.0
PHC-BR-PAT-002,MED-AZI-500,2026-09-06,1.0,0,277.1,swasthya-demand-v1.0
PHC-BR-PAT-002,MED-AZI-500,2026-09-07,8.7,0,268.4,swasthya-demand-v1.0
PHC-BR-PAT-002,MED-AZI-500,2026-09-08,1.0,0,267.4,swasthya-demand-v1.0
PHC-BR-PAT-002,MED-AZI-500,2026-09-09,1.0,0,266.4,swasthya-demand-v1.0
PHC-BR-PAT-002,MED-AZI-500,2026-09-10,1.0,0,265.4,swasthya-demand-v1.0
PHC-BR-PAT-002,MED-CTX-1G,2026-08-28,1.0,0,0.0,swasthya-demand-v1.0
PHC-BR-PAT-002,MED-CTX-1G,2026-08-29,1.0,0,0.0,swasthya-demand-v1.0
PHC-BR-PAT-002,MED-CTX-1G,2026-08-30,1.0,140,137.0,swasthya-demand-v1.0
PHC-BR-PAT-002,MED-CTX-1G,2026-08-31,8.5,0,128.5,swasthya-demand-v1.0
PHC-BR-PAT-002,MED-CTX-1G,2026-09-01,1.0,0,127.5,swasthya-demand-v1.0
PHC-BR-PAT-002,MED-CTX-1G,2026-09-02,1.0,0,126.5,swasthya-demand-v1.0
PHC-BR-PAT-002,MED-CTX-1G,2026-09-03,1.0,0,125.5,swasthya-demand-v1.0
PHC-BR-PAT-002,MED-CTX-1G,2026-09-04,1.0,0,124.5,swasthya-demand-v1.0
PHC-BR-PAT-002,MED-CTX-1G,2026-09-05,1.0,0,123.5,swasthya-demand-v1.0
PHC-BR-PAT-002,MED-CTX-1G,2026-09-06,1.0,0,122.5,swasthya-demand-v1.0
PHC-BR-PAT-002,MED-CTX-1G,2026-09-07,8.9,0,113.6,swasthya-demand-v1.0
PHC-BR-PAT-002,MED-CTX-1G,2026-09-08,1.0,0,112.6,swasthya-demand-v1.0
PHC-BR-PAT-002,MED-CTX-1G,2026-09-09,1.0,0,111.6,swasthya-demand-v1.0
PHC-BR-PAT-002,MED-CTX-1G,2026-09-10,1.0,0,110.6,swasthya-demand-v1.0
PHC-BR-PAT-002,MED-RAB-VAC,2026-08-28,1.0,0,51.0,swasthya-demand-v1.0
PHC-BR-PAT-002,MED-RAB-VAC,2026-08-29,1.0,0,50.0,swasthya-demand-v1.0
PHC-BR-PAT-002,MED-RAB-VAC,2026-08-30,1.0,0,49.0,swasthya-demand-v1.0
PHC-BR-PAT-002,MED-RAB-VAC,2026-08-31,9.1,0,39.9,swasthya-demand-v1.0
PHC-BR-PAT-002,MED-RAB-VAC,2026-09-01,1.0,0,38.9,swasthya-demand-v1.0
PHC-BR-PAT-002,MED-RAB-VAC,2026-09-02,1.0,0,37.9,swasthya-demand-v1.0
PHC-BR-PAT-002,MED-RAB-VAC,2026-09-03,1.0,0,36.9,swasthya-demand-v1.0
PHC-BR-PAT-002,MED-RAB-VAC,2026-09-04,1.0,0,35.9,swasthya-demand-v1.0
PHC-BR-PAT-002,MED-RAB-VAC,2026-09-05,1.0,0,34.9,swasthya-demand-v1.0
PHC-BR-PAT-002,MED-RAB-VAC,2026-09-06,1.0,0,33.9,swasthya-demand-v1.0
PHC-BR-PAT-002,MED-RAB-VAC,2026-09-07,9.2,0,24.7,swasthya-demand-v1.0
PHC-BR-PAT-002,MED-RAB-VAC,2026-09-08,1.0,0,23.7,swasthya-demand-v1.0
PHC-BR-PAT-002,MED-RAB-VAC,2026-09-09,1.0,0,22.7,swasthya-demand-v1.0
PHC-BR-PAT-002,MED-RAB-VAC,2026-09-10,1.0,0,21.7,swasthya-demand-v1.0
PHC-BR-PAT-002,MED-ASV-VIAL,2026-08-28,1.0,0,83.0,swasthya-demand-v1.0
PHC-BR-PAT-002,MED-ASV-VIAL,2026-08-29,1.0,0,82.0,swasthya-demand-v1.0
PHC-BR-PAT-002,MED-ASV-VIAL,2026-08-30,1.0,0,81.0,swasthya-demand-v1.0
PHC-BR-PAT-002,MED-ASV-VIAL,2026-08-31,9.3,0,71.7,swasthya-demand-v1.0
PHC-BR-PAT-002,MED-ASV-VIAL,2026-09-01,1.0,0,70.7,swasthya-demand-v1.0
PHC-BR-PAT-002,MED-ASV-VIAL,2026-09-02,1.0,0,69.7,swasthya-demand-v1.0
PHC-BR-PAT-002,MED-ASV-VIAL,2026-09-03,1.0,0,68.7,swasthya-demand-v1.0
PHC-BR-PAT-002,MED-ASV-VIAL,2026-09-04,1.0,0,67.7,swasthya-demand-v1.0
PHC-BR-PAT-002,MED-ASV-VIAL,2026-09-05,1.0,0,66.7,swasthya-demand-v1.0
PHC-BR-PAT-002,MED-ASV-VIAL,2026-09-06,1.0,0,65.7,swasthya-demand-v1.0
PHC-BR-PAT-002,MED-ASV-VIAL,2026-09-07,9.3,0,56.4,swasthya-demand-v1.0
PHC-BR-PAT-002,MED-ASV-VIAL,2026-09-08,1.0,0,55.4,swasthya-demand-v1.0
PHC-BR-PAT-002,MED-ASV-VIAL,2026-09-09,1.0,0,54.4,swasthya-demand-v1.0
PHC-BR-PAT-002,MED-ASV-VIAL,2026-09-10,1.0,0,53.4,swasthya-demand-v1.0
PHC-BR-PAT-002,MED-INS-REG,2026-08-28,1.0,0,38.0,swasthya-demand-v1.0
PHC-BR-PAT-002,MED-INS-REG,2026-08-29,1.0,0,37.0,swasthya-demand-v1.0
PHC-BR-PAT-002,MED-INS-REG,2026-08-30,1.0,0,36.0,swasthya-demand-v1.0
PHC-BR-PAT-002,MED-INS-REG,2026-08-31,8.9,0,27.1,swasthya-demand-v1.0
PHC-BR-PAT-002,MED-INS-REG,2026-09-01,1.0,0,26.1,swasthya-demand-v1.0
PHC-BR-PAT-002,MED-INS-REG,2026-09-02,1.0,98,123.1,swasthya-demand-v1.0
PHC-BR-PAT-002,MED-INS-REG,2026-09-03,1.0,0,122.1,swasthya-demand-v1.0
PHC-BR-PAT-002,MED-INS-REG,2026-09-04,1.0,0,121.1,swasthya-demand-v1.0
PHC-BR-PAT-002,MED-INS-REG,2026-09-05,1.0,0,120.1,swasthya-demand-v1.0
PHC-BR-PAT-002,MED-INS-REG,2026-09-06,1.0,0,119.1,swasthya-demand-v1.0
PHC-BR-PAT-002,MED-INS-REG,2026-09-07,9.1,0,110.0,swasthya-demand-v1.0
PHC-BR-PAT-002,MED-INS-REG,2026-09-08,1.0,0,109.0,swasthya-demand-v1.0
PHC-BR-PAT-002,MED-INS-REG,2026-09-09,1.0,0,108.0,swasthya-demand-v1.0
PHC-BR-PAT-002,MED-INS-REG,2026-09-10,1.0,0,107.0,swasthya-demand-v1.0
PHC-BR-PAT-002,MED-MET-500,2026-08-28,21.8,0,0.0,swasthya-demand-v1.0
PHC-BR-PAT-002,MED-MET-500,2026-08-29,1.0,0,0.0,swasthya-demand-v1.0
PHC-BR-PAT-002,MED-MET-500,2026-08-30,1.0,630,606.2,swasthya-demand-v1.0
PHC-BR-PAT-002,MED-MET-500,2026-08-31,12.9,0,593.3,swasthya-demand-v1.0
PHC-BR-PAT-002,MED-MET-500,2026-09-01,1.0,0,592.3,swasthya-demand-v1.0
PHC-BR-PAT-002,MED-MET-500,2026-09-02,1.0,0,591.3,swasthya-demand-v1.0
PHC-BR-PAT-002,MED-MET-500,2026-09-03,1.0,0,590.3,swasthya-demand-v1.0
PHC-BR-PAT-002,MED-MET-500,2026-09-04,1.0,0,589.3,swasthya-demand-v1.0
PHC-BR-PAT-002,MED-MET-500,2026-09-05,1.0,0,588.3,swasthya-demand-v1.0
PHC-BR-PAT-002,MED-MET-500,2026-09-06,1.0,0,587.3,swasthya-demand-v1.0
PHC-BR-PAT-002,MED-MET-500,2026-09-07,7.9,0,579.4,swasthya-demand-v1.0
PHC-BR-PAT-002,MED-MET-500,2026-09-08,1.0,0,578.4,swasthya-demand-v1.0
PHC-BR-PAT-002,MED-MET-500,2026-09-09,1.0,0,577.4,swasthya-demand-v1.0
PHC-BR-PAT-002,MED-MET-500,2026-09-10,1.0,0,576.4,swasthya-demand-v1.0
PHC-BR-PAT-002,MED-OXY-AMP,2026-08-28,1.0,0,25.0,swasthya-demand-v1.0
PHC-BR-PAT-002,MED-OXY-AMP,2026-08-29,1.0,126,150.0,swasthya-demand-v1.0
PHC-BR-PAT-002,MED-OXY-AMP,2026-08-30,1.0,0,149.0,swasthya-demand-v1.0
PHC-BR-PAT-002,MED-OXY-AMP,2026-08-31,8.8,0,140.2,swasthya-demand-v1.0
PHC-BR-PAT-002,MED-OXY-AMP,2026-09-01,1.0,0,139.2,swasthya-demand-v1.0
PHC-BR-PAT-002,MED-OXY-AMP,2026-09-02,1.0,0,138.2,swasthya-demand-v1.0
PHC-BR-PAT-002,MED-OXY-AMP,2026-09-03,1.0,0,137.2,swasthya-demand-v1.0
PHC-BR-PAT-002,MED-OXY-AMP,2026-09-04,1.0,0,136.2,swasthya-demand-v1.0
PHC-BR-PAT-002,MED-OXY-AMP,2026-09-05,1.0,0,135.2,swasthya-demand-v1.0
PHC-BR-PAT-002,MED-OXY-AMP,2026-09-06,1.0,0,134.2,swasthya-demand-v1.0
PHC-BR-PAT-002,MED-OXY-AMP,2026-09-07,9.1,0,125.1,swasthya-demand-v1.0
PHC-BR-PAT-002,MED-OXY-AMP,2026-09-08,1.0,0,124.1,swasthya-demand-v1.0
PHC-BR-PAT-002,MED-OXY-AMP,2026-09-09,1.0,0,123.1,swasthya-demand-v1.0
PHC-BR-PAT-002,MED-OXY-AMP,2026-09-10,1.0,0,122.1,swasthya-demand-v1.0
PHC-BR-PAT-002,MED-MGS-50,2026-08-28,1.0,0,62.0,swasthya-demand-v1.0
PHC-BR-PAT-002,MED-MGS-50,2026-08-29,1.0,0,61.0,swasthya-demand-v1.0
PHC-BR-PAT-002,MED-MGS-50,2026-08-30,1.0,0,60.0,swasthya-demand-v1.0
PHC-BR-PAT-002,MED-MGS-50,2026-08-31,9.2,0,50.8,swasthya-demand-v1.0
PHC-BR-PAT-002,MED-MGS-50,2026-09-01,1.0,0,49.8,swasthya-demand-v1.0
PHC-BR-PAT-002,MED-MGS-50,2026-09-02,1.0,0,48.8,swasthya-demand-v1.0
PHC-BR-PAT-002,MED-MGS-50,2026-09-03,1.0,0,47.8,swasthya-demand-v1.0
PHC-BR-PAT-002,MED-MGS-50,2026-09-04,1.0,0,46.8,swasthya-demand-v1.0
PHC-BR-PAT-002,MED-MGS-50,2026-09-05,1.0,0,45.8,swasthya-demand-v1.0
PHC-BR-PAT-002,MED-MGS-50,2026-09-06,1.0,0,44.8,swasthya-demand-v1.0
PHC-BR-PAT-002,MED-MGS-50,2026-09-07,9.2,0,35.6,swasthya-demand-v1.0
PHC-BR-PAT-002,MED-MGS-50,2026-09-08,1.0,0,34.6,swasthya-demand-v1.0
PHC-BR-PAT-002,MED-MGS-50,2026-09-09,1.0,0,33.6,swasthya-demand-v1.0
PHC-BR-PAT-002,MED-MGS-50,2026-09-10,1.0,0,32.6,swasthya-demand-v1.0
PHC-BR-PAT-002,MED-IVF-NS500,2026-08-28,6.1,378,371.9,swasthya-demand-v1.0
PHC-BR-PAT-002,MED-IVF-NS500,2026-08-29,1.0,0,370.9,swasthya-demand-v1.0
PHC-BR-PAT-002,MED-IVF-NS500,2026-08-30,1.0,0,369.9,swasthya-demand-v1.0
PHC-BR-PAT-002,MED-IVF-NS500,2026-08-31,9.0,0,360.9,swasthya-demand-v1.0
PHC-BR-PAT-002,MED-IVF-NS500,2026-09-01,1.0,0,359.9,swasthya-demand-v1.0
PHC-BR-PAT-002,MED-IVF-NS500,2026-09-02,1.0,0,358.9,swasthya-demand-v1.0
PHC-BR-PAT-002,MED-IVF-NS500,2026-09-03,1.0,0,357.9,swasthya-demand-v1.0
PHC-BR-PAT-002,MED-IVF-NS500,2026-09-04,1.0,0,356.9,swasthya-demand-v1.0
PHC-BR-PAT-002,MED-IVF-NS500,2026-09-05,1.0,0,355.9,swasthya-demand-v1.0
PHC-BR-PAT-002,MED-IVF-NS500,2026-09-06,1.0,0,354.9,swasthya-demand-v1.0
PHC-BR-PAT-002,MED-IVF-NS500,2026-09-07,8.3,0,346.6,swasthya-demand-v1.0
PHC-BR-PAT-002,MED-IVF-NS500,2026-09-08,1.0,0,345.6,swasthya-demand-v1.0
PHC-BR-PAT-002,MED-IVF-NS500,2026-09-09,1.0,0,344.6,swasthya-demand-v1.0
PHC-BR-PAT-002,MED-IVF-NS500,2026-09-10,1.0,0,343.6,swasthya-demand-v1.0
PHC-BR-PAT-002,MED-IVF-RL500,2026-08-28,1.0,0,0.0,swasthya-demand-v1.0
PHC-BR-PAT-002,MED-IVF-RL500,2026-08-29,1.0,0,0.0,swasthya-demand-v1.0
PHC-BR-PAT-002,MED-IVF-RL500,2026-08-30,1.0,294,291.0,swasthya-demand-v1.0
PHC-BR-PAT-002,MED-IVF-RL500,2026-08-31,8.1,0,282.9,swasthya-demand-v1.0
PHC-BR-PAT-002,MED-IVF-RL500,2026-09-01,1.0,0,281.9,swasthya-demand-v1.0
PHC-BR-PAT-002,MED-IVF-RL500,2026-09-02,1.0,0,280.9,swasthya-demand-v1.0
PHC-BR-PAT-002,MED-IVF-RL500,2026-09-03,1.0,0,279.9,swasthya-demand-v1.0
PHC-BR-PAT-002,MED-IVF-RL500,2026-09-04,1.0,0,278.9,swasthya-demand-v1.0
PHC-BR-PAT-002,MED-IVF-RL500,2026-09-05,1.0,0,277.9,swasthya-demand-v1.0
PHC-BR-PAT-002,MED-IVF-RL500,2026-09-06,1.0,0,276.9,swasthya-demand-v1.0
PHC-BR-PAT-002,MED-IVF-RL500,2026-09-07,8.7,0,268.2,swasthya-demand-v1.0
PHC-BR-PAT-002,MED-IVF-RL500,2026-09-08,1.0,0,267.2,swasthya-demand-v1.0
PHC-BR-PAT-002,MED-IVF-RL500,2026-09-09,1.0,0,266.2,swasthya-demand-v1.0
PHC-BR-PAT-002,MED-IVF-RL500,2026-09-10,1.0,0,265.2,swasthya-demand-v1.0
PHC-BR-PAT-002,MED-IVF-D5500,2026-08-28,1.0,196,195.0,swasthya-demand-v1.0
PHC-BR-PAT-002,MED-IVF-D5500,2026-08-29,1.0,0,194.0,swasthya-demand-v1.0
PHC-BR-PAT-002,MED-IVF-D5500,2026-08-30,1.0,0,193.0,swasthya-demand-v1.0
PHC-BR-PAT-002,MED-IVF-D5500,2026-08-31,8.6,0,184.4,swasthya-demand-v1.0
PHC-BR-PAT-002,MED-IVF-D5500,2026-09-01,1.0,0,183.4,swasthya-demand-v1.0
PHC-BR-PAT-002,MED-IVF-D5500,2026-09-02,1.0,0,182.4,swasthya-demand-v1.0
PHC-BR-PAT-002,MED-IVF-D5500,2026-09-03,1.0,0,181.4,swasthya-demand-v1.0
PHC-BR-PAT-002,MED-IVF-D5500,2026-09-04,1.0,0,180.4,swasthya-demand-v1.0
PHC-BR-PAT-002,MED-IVF-D5500,2026-09-05,1.0,0,179.4,swasthya-demand-v1.0
PHC-BR-PAT-002,MED-IVF-D5500,2026-09-06,1.0,0,178.4,swasthya-demand-v1.0
PHC-BR-PAT-002,MED-IVF-D5500,2026-09-07,8.9,0,169.5,swasthya-demand-v1.0
PHC-BR-PAT-002,MED-IVF-D5500,2026-09-08,1.0,0,168.5,swasthya-demand-v1.0
PHC-BR-PAT-002,MED-IVF-D5500,2026-09-09,1.0,0,167.5,swasthya-demand-v1.0
PHC-BR-PAT-002,MED-IVF-D5500,2026-09-10,1.0,0,166.5,swasthya-demand-v1.0
PHC-BR-PAT-002,MED-ART-60,2026-08-28,1.0,0,53.0,swasthya-demand-v1.0
PHC-BR-PAT-002,MED-ART-60,2026-08-29,1.0,0,52.0,swasthya-demand-v1.0
PHC-BR-PAT-002,MED-ART-60,2026-08-30,1.0,0,51.0,swasthya-demand-v1.0
PHC-BR-PAT-002,MED-ART-60,2026-08-31,9.1,0,41.9,swasthya-demand-v1.0
PHC-BR-PAT-002,MED-ART-60,2026-09-01,1.0,0,40.9,swasthya-demand-v1.0
PHC-BR-PAT-002,MED-ART-60,2026-09-02,1.0,0,39.9,swasthya-demand-v1.0
PHC-BR-PAT-002,MED-ART-60,2026-09-03,1.0,0,38.9,swasthya-demand-v1.0
PHC-BR-PAT-002,MED-ART-60,2026-09-04,1.0,0,37.9,swasthya-demand-v1.0
PHC-BR-PAT-002,MED-ART-60,2026-09-05,1.0,0,36.9,swasthya-demand-v1.0
PHC-BR-PAT-002,MED-ART-60,2026-09-06,1.0,0,35.9,swasthya-demand-v1.0
PHC-BR-PAT-002,MED-ART-60,2026-09-07,9.2,0,26.7,swasthya-demand-v1.0
PHC-BR-PAT-002,MED-ART-60,2026-09-08,1.0,0,25.7,swasthya-demand-v1.0
PHC-BR-PAT-002,MED-ART-60,2026-09-09,1.0,0,24.7,swasthya-demand-v1.0
PHC-BR-PAT-002,MED-ART-60,2026-09-10,1.0,0,23.7,swasthya-demand-v1.0
PHC-BR-PAT-002,MED-ALB-400,2026-08-28,1.0,0,0.0,swasthya-demand-v1.0
PHC-BR-PAT-002,MED-ALB-400,2026-08-29,1.0,196,194.0,swasthya-demand-v1.0
PHC-BR-PAT-002,MED-ALB-400,2026-08-30,1.0,0,193.0,swasthya-demand-v1.0
PHC-BR-PAT-002,MED-ALB-400,2026-08-31,8.4,0,184.6,swasthya-demand-v1.0
PHC-BR-PAT-002,MED-ALB-400,2026-09-01,1.0,0,183.6,swasthya-demand-v1.0
PHC-BR-PAT-002,MED-ALB-400,2026-09-02,1.0,0,182.6,swasthya-demand-v1.0
PHC-BR-PAT-002,MED-ALB-400,2026-09-03,1.0,0,181.6,swasthya-demand-v1.0
PHC-BR-PAT-002,MED-ALB-400,2026-09-04,1.0,0,180.6,swasthya-demand-v1.0
PHC-BR-PAT-002,MED-ALB-400,2026-09-05,1.0,0,179.6,swasthya-demand-v1.0
PHC-BR-PAT-002,MED-ALB-400,2026-09-06,1.0,0,178.6,swasthya-demand-v1.0
PHC-BR-PAT-002,MED-ALB-400,2026-09-07,8.9,0,169.7,swasthya-demand-v1.0
PHC-BR-PAT-002,MED-ALB-400,2026-09-08,1.0,0,168.7,swasthya-demand-v1.0
PHC-BR-PAT-002,MED-ALB-400,2026-09-09,1.0,0,167.7,swasthya-demand-v1.0
PHC-BR-PAT-002,MED-ALB-400,2026-09-10,1.0,0,166.7,swasthya-demand-v1.0
PHC-BR-PAT-002,MED-IFA-TAB,2026-08-28,29.3,700,670.7,swasthya-demand-v1.0
PHC-BR-PAT-002,MED-IFA-TAB,2026-08-29,1.0,0,669.7,swasthya-demand-v1.0
PHC-BR-PAT-002,MED-IFA-TAB,2026-08-30,1.0,0,668.7,swasthya-demand-v1.0
PHC-BR-PAT-002,MED-IFA-TAB,2026-08-31,15.3,0,653.4,swasthya-demand-v1.0
PHC-BR-PAT-002,MED-IFA-TAB,2026-09-01,1.0,0,652.4,swasthya-demand-v1.0
PHC-BR-PAT-002,MED-IFA-TAB,2026-09-02,1.0,0,651.4,swasthya-demand-v1.0
PHC-BR-PAT-002,MED-IFA-TAB,2026-09-03,1.0,0,650.4,swasthya-demand-v1.0
PHC-BR-PAT-002,MED-IFA-TAB,2026-09-04,1.0,0,649.4,swasthya-demand-v1.0
PHC-BR-PAT-002,MED-IFA-TAB,2026-09-05,1.0,0,648.4,swasthya-demand-v1.0
PHC-BR-PAT-002,MED-IFA-TAB,2026-09-06,1.0,0,647.4,swasthya-demand-v1.0
PHC-BR-PAT-002,MED-IFA-TAB,2026-09-07,7.8,0,639.6,swasthya-demand-v1.0
PHC-BR-PAT-002,MED-IFA-TAB,2026-09-08,1.0,0,638.6,swasthya-demand-v1.0
PHC-BR-PAT-002,MED-IFA-TAB,2026-09-09,1.0,0,637.6,swasthya-demand-v1.0
PHC-BR-PAT-002,MED-IFA-TAB,2026-09-10,1.0,0,636.6,swasthya-demand-v1.0
PHC-BR-PAT-003,MED-PCM-500,2026-08-28,93.0,868,775.0,swasthya-demand-v1.0
PHC-BR-PAT-003,MED-PCM-500,2026-08-29,65.4,0,709.6,swasthya-demand-v1.0
PHC-BR-PAT-003,MED-PCM-500,2026-08-30,15.9,0,693.7,swasthya-demand-v1.0
PHC-BR-PAT-003,MED-PCM-500,2026-08-31,56.8,0,636.9,swasthya-demand-v1.0
PHC-BR-PAT-003,MED-PCM-500,2026-09-01,20.4,0,616.5,swasthya-demand-v1.0
PHC-BR-PAT-003,MED-PCM-500,2026-09-02,1.0,0,615.5,swasthya-demand-v1.0
PHC-BR-PAT-003,MED-PCM-500,2026-09-03,1.0,0,614.5,swasthya-demand-v1.0
PHC-BR-PAT-003,MED-PCM-500,2026-09-04,1.0,0,613.5,swasthya-demand-v1.0
PHC-BR-PAT-003,MED-PCM-500,2026-09-05,1.0,0,612.5,swasthya-demand-v1.0
PHC-BR-PAT-003,MED-PCM-500,2026-09-06,1.0,0,611.5,swasthya-demand-v1.0
PHC-BR-PAT-003,MED-PCM-500,2026-09-07,5.7,0,605.8,swasthya-demand-v1.0
PHC-BR-PAT-003,MED-PCM-500,2026-09-08,1.0,0,604.8,swasthya-demand-v1.0
PHC-BR-PAT-003,MED-PCM-500,2026-09-09,1.0,0,603.8,swasthya-demand-v1.0
PHC-BR-PAT-003,MED-PCM-500,2026-09-10,1.0,0,602.8,swasthya-demand-v1.0
PHC-BR-PAT-003,MED-PCM-SYR,2026-08-28,6.0,0,0.0,swasthya-demand-v1.0
PHC-BR-PAT-003,MED-PCM-SYR,2026-08-29,1.0,0,0.0,swasthya-demand-v1.0
PHC-BR-PAT-003,MED-PCM-SYR,2026-08-30,1.0,350,342.0,swasthya-demand-v1.0
PHC-BR-PAT-003,MED-PCM-SYR,2026-08-31,8.8,0,333.2,swasthya-demand-v1.0
PHC-BR-PAT-003,MED-PCM-SYR,2026-09-01,1.0,0,332.2,swasthya-demand-v1.0
PHC-BR-PAT-003,MED-PCM-SYR,2026-09-02,1.0,0,331.2,swasthya-demand-v1.0
PHC-BR-PAT-003,MED-PCM-SYR,2026-09-03,1.0,0,330.2,swasthya-demand-v1.0
PHC-BR-PAT-003,MED-PCM-SYR,2026-09-04,1.0,0,329.2,swasthya-demand-v1.0
PHC-BR-PAT-003,MED-PCM-SYR,2026-09-05,1.0,0,328.2,swasthya-demand-v1.0
PHC-BR-PAT-003,MED-PCM-SYR,2026-09-06,1.0,0,327.2,swasthya-demand-v1.0
PHC-BR-PAT-003,MED-PCM-SYR,2026-09-07,8.3,0,318.9,swasthya-demand-v1.0
PHC-BR-PAT-003,MED-PCM-SYR,2026-09-08,1.0,0,317.9,swasthya-demand-v1.0
PHC-BR-PAT-003,MED-PCM-SYR,2026-09-09,1.0,0,316.9,swasthya-demand-v1.0
PHC-BR-PAT-003,MED-PCM-SYR,2026-09-10,1.0,0,315.9,swasthya-demand-v1.0
PHC-BR-PAT-003,MED-AMX-500,2026-08-28,12.4,420,407.6,swasthya-demand-v1.0
PHC-BR-PAT-003,MED-AMX-500,2026-08-29,1.0,0,406.6,swasthya-demand-v1.0
PHC-BR-PAT-003,MED-AMX-500,2026-08-30,1.0,0,405.6,swasthya-demand-v1.0
PHC-BR-PAT-003,MED-AMX-500,2026-08-31,10.3,0,395.3,swasthya-demand-v1.0
PHC-BR-PAT-003,MED-AMX-500,2026-09-01,1.0,0,394.3,swasthya-demand-v1.0
PHC-BR-PAT-003,MED-AMX-500,2026-09-02,1.0,0,393.3,swasthya-demand-v1.0
PHC-BR-PAT-003,MED-AMX-500,2026-09-03,1.0,0,392.3,swasthya-demand-v1.0
PHC-BR-PAT-003,MED-AMX-500,2026-09-04,1.0,0,391.3,swasthya-demand-v1.0
PHC-BR-PAT-003,MED-AMX-500,2026-09-05,1.0,0,390.3,swasthya-demand-v1.0
PHC-BR-PAT-003,MED-AMX-500,2026-09-06,1.0,0,389.3,swasthya-demand-v1.0
PHC-BR-PAT-003,MED-AMX-500,2026-09-07,8.2,0,381.1,swasthya-demand-v1.0
PHC-BR-PAT-003,MED-AMX-500,2026-09-08,1.0,0,380.1,swasthya-demand-v1.0
PHC-BR-PAT-003,MED-AMX-500,2026-09-09,1.0,0,379.1,swasthya-demand-v1.0
PHC-BR-PAT-003,MED-AMX-500,2026-09-10,1.0,0,378.1,swasthya-demand-v1.0
PHC-BR-PAT-003,MED-AMC-625,2026-08-28,1.0,0,0.0,swasthya-demand-v1.0
PHC-BR-PAT-003,MED-AMC-625,2026-08-29,1.0,0,0.0,swasthya-demand-v1.0
PHC-BR-PAT-003,MED-AMC-625,2026-08-30,1.0,266,263.0,swasthya-demand-v1.0
PHC-BR-PAT-003,MED-AMC-625,2026-08-31,7.9,0,255.1,swasthya-demand-v1.0
PHC-BR-PAT-003,MED-AMC-625,2026-09-01,1.0,0,254.1,swasthya-demand-v1.0
PHC-BR-PAT-003,MED-AMC-625,2026-09-02,1.0,0,253.1,swasthya-demand-v1.0
PHC-BR-PAT-003,MED-AMC-625,2026-09-03,1.0,0,252.1,swasthya-demand-v1.0
PHC-BR-PAT-003,MED-AMC-625,2026-09-04,1.0,0,251.1,swasthya-demand-v1.0
PHC-BR-PAT-003,MED-AMC-625,2026-09-05,1.0,0,250.1,swasthya-demand-v1.0
PHC-BR-PAT-003,MED-AMC-625,2026-09-06,1.0,0,249.1,swasthya-demand-v1.0
PHC-BR-PAT-003,MED-AMC-625,2026-09-07,8.7,0,240.4,swasthya-demand-v1.0
PHC-BR-PAT-003,MED-AMC-625,2026-09-08,1.0,0,239.4,swasthya-demand-v1.0
PHC-BR-PAT-003,MED-AMC-625,2026-09-09,1.0,0,238.4,swasthya-demand-v1.0
PHC-BR-PAT-003,MED-AMC-625,2026-09-10,1.0,0,237.4,swasthya-demand-v1.0
PHC-BR-PAT-003,MED-ORS-SFT,2026-08-28,52.0,616,564.0,swasthya-demand-v1.0
PHC-BR-PAT-003,MED-ORS-SFT,2026-08-29,23.1,0,540.9,swasthya-demand-v1.0
PHC-BR-PAT-003,MED-ORS-SFT,2026-08-30,1.0,0,539.9,swasthya-demand-v1.0
PHC-BR-PAT-003,MED-ORS-SFT,2026-08-31,28.1,0,511.8,swasthya-demand-v1.0
PHC-BR-PAT-003,MED-ORS-SFT,2026-09-01,1.0,0,510.8,swasthya-demand-v1.0
PHC-BR-PAT-003,MED-ORS-SFT,2026-09-02,1.0,0,509.8,swasthya-demand-v1.0
PHC-BR-PAT-003,MED-ORS-SFT,2026-09-03,1.0,0,508.8,swasthya-demand-v1.0
PHC-BR-PAT-003,MED-ORS-SFT,2026-09-04,1.0,0,507.8,swasthya-demand-v1.0
PHC-BR-PAT-003,MED-ORS-SFT,2026-09-05,1.0,0,506.8,swasthya-demand-v1.0
PHC-BR-PAT-003,MED-ORS-SFT,2026-09-06,1.0,0,505.8,swasthya-demand-v1.0
PHC-BR-PAT-003,MED-ORS-SFT,2026-09-07,7.0,0,498.8,swasthya-demand-v1.0
PHC-BR-PAT-003,MED-ORS-SFT,2026-09-08,1.0,0,497.8,swasthya-demand-v1.0
PHC-BR-PAT-003,MED-ORS-SFT,2026-09-09,1.0,0,496.8,swasthya-demand-v1.0
PHC-BR-PAT-003,MED-ORS-SFT,2026-09-10,1.0,0,495.8,swasthya-demand-v1.0
PHC-BR-PAT-003,MED-ZNC-20,2026-08-28,1.0,0,0.0,swasthya-demand-v1.0
PHC-BR-PAT-003,MED-ZNC-20,2026-08-29,1.0,308,306.0,swasthya-demand-v1.0
PHC-BR-PAT-003,MED-ZNC-20,2026-08-30,1.0,0,305.0,swasthya-demand-v1.0
PHC-BR-PAT-003,MED-ZNC-20,2026-08-31,7.8,0,297.2,swasthya-demand-v1.0
PHC-BR-PAT-003,MED-ZNC-20,2026-09-01,1.0,0,296.2,swasthya-demand-v1.0
PHC-BR-PAT-003,MED-ZNC-20,2026-09-02,1.0,0,295.2,swasthya-demand-v1.0
PHC-BR-PAT-003,MED-ZNC-20,2026-09-03,1.0,0,294.2,swasthya-demand-v1.0
PHC-BR-PAT-003,MED-ZNC-20,2026-09-04,1.0,0,293.2,swasthya-demand-v1.0
PHC-BR-PAT-003,MED-ZNC-20,2026-09-05,1.0,0,292.2,swasthya-demand-v1.0
PHC-BR-PAT-003,MED-ZNC-20,2026-09-06,1.0,0,291.2,swasthya-demand-v1.0
PHC-BR-PAT-003,MED-ZNC-20,2026-09-07,8.6,0,282.6,swasthya-demand-v1.0
PHC-BR-PAT-003,MED-ZNC-20,2026-09-08,1.0,0,281.6,swasthya-demand-v1.0
PHC-BR-PAT-003,MED-ZNC-20,2026-09-09,1.0,0,280.6,swasthya-demand-v1.0
PHC-BR-PAT-003,MED-ZNC-20,2026-09-10,1.0,0,279.6,swasthya-demand-v1.0
PHC-BR-PAT-003,MED-AZI-500,2026-08-28,1.0,0,0.0,swasthya-demand-v1.0
PHC-BR-PAT-003,MED-AZI-500,2026-08-29,1.0,0,0.0,swasthya-demand-v1.0
PHC-BR-PAT-003,MED-AZI-500,2026-08-30,1.0,0,0.0,swasthya-demand-v1.0
PHC-BR-PAT-003,MED-AZI-500,2026-08-31,8.2,224,212.8,swasthya-demand-v1.0
PHC-BR-PAT-003,MED-AZI-500,2026-09-01,1.0,0,211.8,swasthya-demand-v1.0
PHC-BR-PAT-003,MED-AZI-500,2026-09-02,1.0,0,210.8,swasthya-demand-v1.0
PHC-BR-PAT-003,MED-AZI-500,2026-09-03,1.0,0,209.8,swasthya-demand-v1.0
PHC-BR-PAT-003,MED-AZI-500,2026-09-04,1.0,0,208.8,swasthya-demand-v1.0
PHC-BR-PAT-003,MED-AZI-500,2026-09-05,1.0,0,207.8,swasthya-demand-v1.0
PHC-BR-PAT-003,MED-AZI-500,2026-09-06,1.0,0,206.8,swasthya-demand-v1.0
PHC-BR-PAT-003,MED-AZI-500,2026-09-07,8.8,0,198.0,swasthya-demand-v1.0
PHC-BR-PAT-003,MED-AZI-500,2026-09-08,1.0,0,197.0,swasthya-demand-v1.0
PHC-BR-PAT-003,MED-AZI-500,2026-09-09,1.0,0,196.0,swasthya-demand-v1.0
PHC-BR-PAT-003,MED-AZI-500,2026-09-10,1.0,0,195.0,swasthya-demand-v1.0
PHC-BR-PAT-003,MED-CTX-1G,2026-08-28,1.0,0,9.0,swasthya-demand-v1.0
PHC-BR-PAT-003,MED-CTX-1G,2026-08-29,1.0,0,8.0,swasthya-demand-v1.0
PHC-BR-PAT-003,MED-CTX-1G,2026-08-30,1.0,0,7.0,swasthya-demand-v1.0
PHC-BR-PAT-003,MED-CTX-1G,2026-08-31,8.7,112,110.3,swasthya-demand-v1.0
PHC-BR-PAT-003,MED-CTX-1G,2026-09-01,1.0,0,109.3,swasthya-demand-v1.0
PHC-BR-PAT-003,MED-CTX-1G,2026-09-02,1.0,0,108.3,swasthya-demand-v1.0
PHC-BR-PAT-003,MED-CTX-1G,2026-09-03,1.0,0,107.3,swasthya-demand-v1.0
PHC-BR-PAT-003,MED-CTX-1G,2026-09-04,1.0,0,106.3,swasthya-demand-v1.0
PHC-BR-PAT-003,MED-CTX-1G,2026-09-05,1.0,0,105.3,swasthya-demand-v1.0
PHC-BR-PAT-003,MED-CTX-1G,2026-09-06,1.0,0,104.3,swasthya-demand-v1.0
PHC-BR-PAT-003,MED-CTX-1G,2026-09-07,9.0,0,95.3,swasthya-demand-v1.0
PHC-BR-PAT-003,MED-CTX-1G,2026-09-08,1.0,0,94.3,swasthya-demand-v1.0
PHC-BR-PAT-003,MED-CTX-1G,2026-09-09,1.0,0,93.3,swasthya-demand-v1.0
PHC-BR-PAT-003,MED-CTX-1G,2026-09-10,1.0,0,92.3,swasthya-demand-v1.0
PHC-BR-PAT-003,MED-RAB-VAC,2026-08-28,1.0,0,56.0,swasthya-demand-v1.0
PHC-BR-PAT-003,MED-RAB-VAC,2026-08-29,1.0,0,55.0,swasthya-demand-v1.0
PHC-BR-PAT-003,MED-RAB-VAC,2026-08-30,1.0,0,54.0,swasthya-demand-v1.0
PHC-BR-PAT-003,MED-RAB-VAC,2026-08-31,9.1,0,44.9,swasthya-demand-v1.0
PHC-BR-PAT-003,MED-RAB-VAC,2026-09-01,1.0,0,43.9,swasthya-demand-v1.0
PHC-BR-PAT-003,MED-RAB-VAC,2026-09-02,1.0,0,42.9,swasthya-demand-v1.0
PHC-BR-PAT-003,MED-RAB-VAC,2026-09-03,1.0,0,41.9,swasthya-demand-v1.0
PHC-BR-PAT-003,MED-RAB-VAC,2026-09-04,1.0,0,40.9,swasthya-demand-v1.0
PHC-BR-PAT-003,MED-RAB-VAC,2026-09-05,1.0,0,39.9,swasthya-demand-v1.0
PHC-BR-PAT-003,MED-RAB-VAC,2026-09-06,1.0,0,38.9,swasthya-demand-v1.0
PHC-BR-PAT-003,MED-RAB-VAC,2026-09-07,9.2,0,29.7,swasthya-demand-v1.0
PHC-BR-PAT-003,MED-RAB-VAC,2026-09-08,1.0,0,28.7,swasthya-demand-v1.0
PHC-BR-PAT-003,MED-RAB-VAC,2026-09-09,1.0,0,27.7,swasthya-demand-v1.0
PHC-BR-PAT-003,MED-RAB-VAC,2026-09-10,1.0,0,26.7,swasthya-demand-v1.0
PHC-BR-PAT-003,MED-ASV-VIAL,2026-08-28,1.0,0,83.0,swasthya-demand-v1.0
PHC-BR-PAT-003,MED-ASV-VIAL,2026-08-29,1.0,0,82.0,swasthya-demand-v1.0
PHC-BR-PAT-003,MED-ASV-VIAL,2026-08-30,1.0,0,81.0,swasthya-demand-v1.0
PHC-BR-PAT-003,MED-ASV-VIAL,2026-08-31,9.3,0,71.7,swasthya-demand-v1.0
PHC-BR-PAT-003,MED-ASV-VIAL,2026-09-01,1.0,0,70.7,swasthya-demand-v1.0
PHC-BR-PAT-003,MED-ASV-VIAL,2026-09-02,1.0,0,69.7,swasthya-demand-v1.0
PHC-BR-PAT-003,MED-ASV-VIAL,2026-09-03,1.0,0,68.7,swasthya-demand-v1.0
PHC-BR-PAT-003,MED-ASV-VIAL,2026-09-04,1.0,0,67.7,swasthya-demand-v1.0
PHC-BR-PAT-003,MED-ASV-VIAL,2026-09-05,1.0,0,66.7,swasthya-demand-v1.0
PHC-BR-PAT-003,MED-ASV-VIAL,2026-09-06,1.0,0,65.7,swasthya-demand-v1.0
PHC-BR-PAT-003,MED-ASV-VIAL,2026-09-07,9.3,0,56.4,swasthya-demand-v1.0
PHC-BR-PAT-003,MED-ASV-VIAL,2026-09-08,1.0,0,55.4,swasthya-demand-v1.0
PHC-BR-PAT-003,MED-ASV-VIAL,2026-09-09,1.0,0,54.4,swasthya-demand-v1.0
PHC-BR-PAT-003,MED-ASV-VIAL,2026-09-10,1.0,0,53.4,swasthya-demand-v1.0
PHC-BR-PAT-003,MED-INS-REG,2026-08-28,1.0,0,48.0,swasthya-demand-v1.0
PHC-BR-PAT-003,MED-INS-REG,2026-08-29,1.0,0,47.0,swasthya-demand-v1.0
PHC-BR-PAT-003,MED-INS-REG,2026-08-30,1.0,0,46.0,swasthya-demand-v1.0
PHC-BR-PAT-003,MED-INS-REG,2026-08-31,9.0,0,37.0,swasthya-demand-v1.0
PHC-BR-PAT-003,MED-INS-REG,2026-09-01,1.0,0,36.0,swasthya-demand-v1.0
PHC-BR-PAT-003,MED-INS-REG,2026-09-02,1.0,0,35.0,swasthya-demand-v1.0
PHC-BR-PAT-003,MED-INS-REG,2026-09-03,1.0,0,34.0,swasthya-demand-v1.0
PHC-BR-PAT-003,MED-INS-REG,2026-09-04,1.0,0,33.0,swasthya-demand-v1.0
PHC-BR-PAT-003,MED-INS-REG,2026-09-05,1.0,0,32.0,swasthya-demand-v1.0
PHC-BR-PAT-003,MED-INS-REG,2026-09-06,1.0,0,31.0,swasthya-demand-v1.0
PHC-BR-PAT-003,MED-INS-REG,2026-09-07,9.1,0,21.9,swasthya-demand-v1.0
PHC-BR-PAT-003,MED-INS-REG,2026-09-08,1.0,0,20.9,swasthya-demand-v1.0
PHC-BR-PAT-003,MED-INS-REG,2026-09-09,1.0,0,19.9,swasthya-demand-v1.0
PHC-BR-PAT-003,MED-INS-REG,2026-09-10,1.0,0,18.9,swasthya-demand-v1.0
PHC-BR-PAT-003,MED-MET-500,2026-08-28,11.9,0,0.0,swasthya-demand-v1.0
PHC-BR-PAT-003,MED-MET-500,2026-08-29,1.0,0,0.0,swasthya-demand-v1.0
PHC-BR-PAT-003,MED-MET-500,2026-08-30,1.0,0,0.0,swasthya-demand-v1.0
PHC-BR-PAT-003,MED-MET-500,2026-08-31,10.7,490,465.4,swasthya-demand-v1.0
PHC-BR-PAT-003,MED-MET-500,2026-09-01,1.0,0,464.4,swasthya-demand-v1.0
PHC-BR-PAT-003,MED-MET-500,2026-09-02,1.0,0,463.4,swasthya-demand-v1.0
PHC-BR-PAT-003,MED-MET-500,2026-09-03,1.0,0,462.4,swasthya-demand-v1.0
PHC-BR-PAT-003,MED-MET-500,2026-09-04,1.0,0,461.4,swasthya-demand-v1.0
PHC-BR-PAT-003,MED-MET-500,2026-09-05,1.0,0,460.4,swasthya-demand-v1.0
PHC-BR-PAT-003,MED-MET-500,2026-09-06,1.0,0,459.4,swasthya-demand-v1.0
PHC-BR-PAT-003,MED-MET-500,2026-09-07,8.2,0,451.2,swasthya-demand-v1.0
PHC-BR-PAT-003,MED-MET-500,2026-09-08,1.0,0,450.2,swasthya-demand-v1.0
PHC-BR-PAT-003,MED-MET-500,2026-09-09,1.0,0,449.2,swasthya-demand-v1.0
PHC-BR-PAT-003,MED-MET-500,2026-09-10,1.0,0,448.2,swasthya-demand-v1.0
PHC-BR-PAT-003,MED-OXY-AMP,2026-08-28,1.0,0,37.0,swasthya-demand-v1.0
PHC-BR-PAT-003,MED-OXY-AMP,2026-08-29,1.0,0,36.0,swasthya-demand-v1.0
PHC-BR-PAT-003,MED-OXY-AMP,2026-08-30,1.0,0,35.0,swasthya-demand-v1.0
PHC-BR-PAT-003,MED-OXY-AMP,2026-08-31,8.9,98,124.1,swasthya-demand-v1.0
PHC-BR-PAT-003,MED-OXY-AMP,2026-09-01,1.0,0,123.1,swasthya-demand-v1.0
PHC-BR-PAT-003,MED-OXY-AMP,2026-09-02,1.0,0,122.1,swasthya-demand-v1.0
PHC-BR-PAT-003,MED-OXY-AMP,2026-09-03,1.0,0,121.1,swasthya-demand-v1.0
PHC-BR-PAT-003,MED-OXY-AMP,2026-09-04,1.0,0,120.1,swasthya-demand-v1.0
PHC-BR-PAT-003,MED-OXY-AMP,2026-09-05,1.0,0,119.1,swasthya-demand-v1.0
PHC-BR-PAT-003,MED-OXY-AMP,2026-09-06,1.0,0,118.1,swasthya-demand-v1.0
PHC-BR-PAT-003,MED-OXY-AMP,2026-09-07,9.1,0,109.0,swasthya-demand-v1.0
PHC-BR-PAT-003,MED-OXY-AMP,2026-09-08,1.0,0,108.0,swasthya-demand-v1.0
PHC-BR-PAT-003,MED-OXY-AMP,2026-09-09,1.0,0,107.0,swasthya-demand-v1.0
PHC-BR-PAT-003,MED-OXY-AMP,2026-09-10,1.0,0,106.0,swasthya-demand-v1.0
PHC-BR-PAT-003,MED-MGS-50,2026-08-28,1.0,0,70.0,swasthya-demand-v1.0
PHC-BR-PAT-003,MED-MGS-50,2026-08-29,1.0,0,69.0,swasthya-demand-v1.0
PHC-BR-PAT-003,MED-MGS-50,2026-08-30,1.0,0,68.0,swasthya-demand-v1.0
PHC-BR-PAT-003,MED-MGS-50,2026-08-31,9.2,0,58.8,swasthya-demand-v1.0
PHC-BR-PAT-003,MED-MGS-50,2026-09-01,1.0,0,57.8,swasthya-demand-v1.0
PHC-BR-PAT-003,MED-MGS-50,2026-09-02,1.0,0,56.8,swasthya-demand-v1.0
PHC-BR-PAT-003,MED-MGS-50,2026-09-03,1.0,0,55.8,swasthya-demand-v1.0
PHC-BR-PAT-003,MED-MGS-50,2026-09-04,1.0,0,54.8,swasthya-demand-v1.0
PHC-BR-PAT-003,MED-MGS-50,2026-09-05,1.0,0,53.8,swasthya-demand-v1.0
PHC-BR-PAT-003,MED-MGS-50,2026-09-06,1.0,0,52.8,swasthya-demand-v1.0
PHC-BR-PAT-003,MED-MGS-50,2026-09-07,9.2,0,43.6,swasthya-demand-v1.0
PHC-BR-PAT-003,MED-MGS-50,2026-09-08,1.0,0,42.6,swasthya-demand-v1.0
PHC-BR-PAT-003,MED-MGS-50,2026-09-09,1.0,0,41.6,swasthya-demand-v1.0
PHC-BR-PAT-003,MED-MGS-50,2026-09-10,1.0,0,40.6,swasthya-demand-v1.0
PHC-BR-PAT-003,MED-IVF-NS500,2026-08-28,1.0,0,0.0,swasthya-demand-v1.0
PHC-BR-PAT-003,MED-IVF-NS500,2026-08-29,1.0,0,0.0,swasthya-demand-v1.0
PHC-BR-PAT-003,MED-IVF-NS500,2026-08-30,1.0,294,291.0,swasthya-demand-v1.0
PHC-BR-PAT-003,MED-IVF-NS500,2026-08-31,7.4,0,283.6,swasthya-demand-v1.0
PHC-BR-PAT-003,MED-IVF-NS500,2026-09-01,1.0,0,282.6,swasthya-demand-v1.0
PHC-BR-PAT-003,MED-IVF-NS500,2026-09-02,1.0,0,281.6,swasthya-demand-v1.0
PHC-BR-PAT-003,MED-IVF-NS500,2026-09-03,1.0,0,280.6,swasthya-demand-v1.0
PHC-BR-PAT-003,MED-IVF-NS500,2026-09-04,1.0,0,279.6,swasthya-demand-v1.0
PHC-BR-PAT-003,MED-IVF-NS500,2026-09-05,1.0,0,278.6,swasthya-demand-v1.0
PHC-BR-PAT-003,MED-IVF-NS500,2026-09-06,1.0,0,277.6,swasthya-demand-v1.0
PHC-BR-PAT-003,MED-IVF-NS500,2026-09-07,8.5,0,269.1,swasthya-demand-v1.0
PHC-BR-PAT-003,MED-IVF-NS500,2026-09-08,1.0,0,268.1,swasthya-demand-v1.0
PHC-BR-PAT-003,MED-IVF-NS500,2026-09-09,1.0,0,267.1,swasthya-demand-v1.0
PHC-BR-PAT-003,MED-IVF-NS500,2026-09-10,1.0,0,266.1,swasthya-demand-v1.0
PHC-BR-PAT-003,MED-IVF-RL500,2026-08-28,1.0,0,0.0,swasthya-demand-v1.0
PHC-BR-PAT-003,MED-IVF-RL500,2026-08-29,1.0,224,222.0,swasthya-demand-v1.0
PHC-BR-PAT-003,MED-IVF-RL500,2026-08-30,1.0,0,221.0,swasthya-demand-v1.0
PHC-BR-PAT-003,MED-IVF-RL500,2026-08-31,8.4,0,212.6,swasthya-demand-v1.0
PHC-BR-PAT-003,MED-IVF-RL500,2026-09-01,1.0,0,211.6,swasthya-demand-v1.0
PHC-BR-PAT-003,MED-IVF-RL500,2026-09-02,1.0,0,210.6,swasthya-demand-v1.0
PHC-BR-PAT-003,MED-IVF-RL500,2026-09-03,1.0,0,209.6,swasthya-demand-v1.0
PHC-BR-PAT-003,MED-IVF-RL500,2026-09-04,1.0,0,208.6,swasthya-demand-v1.0
PHC-BR-PAT-003,MED-IVF-RL500,2026-09-05,1.0,0,207.6,swasthya-demand-v1.0
PHC-BR-PAT-003,MED-IVF-RL500,2026-09-06,1.0,0,206.6,swasthya-demand-v1.0
PHC-BR-PAT-003,MED-IVF-RL500,2026-09-07,8.8,0,197.8,swasthya-demand-v1.0
PHC-BR-PAT-003,MED-IVF-RL500,2026-09-08,1.0,0,196.8,swasthya-demand-v1.0
PHC-BR-PAT-003,MED-IVF-RL500,2026-09-09,1.0,0,195.8,swasthya-demand-v1.0
PHC-BR-PAT-003,MED-IVF-RL500,2026-09-10,1.0,0,194.8,swasthya-demand-v1.0
PHC-BR-PAT-003,MED-IVF-D5500,2026-08-28,1.0,0,7.0,swasthya-demand-v1.0
PHC-BR-PAT-003,MED-IVF-D5500,2026-08-29,1.0,0,6.0,swasthya-demand-v1.0
PHC-BR-PAT-003,MED-IVF-D5500,2026-08-30,1.0,0,5.0,swasthya-demand-v1.0
PHC-BR-PAT-003,MED-IVF-D5500,2026-08-31,8.7,154,150.3,swasthya-demand-v1.0
PHC-BR-PAT-003,MED-IVF-D5500,2026-09-01,1.0,0,149.3,swasthya-demand-v1.0
PHC-BR-PAT-003,MED-IVF-D5500,2026-09-02,1.0,0,148.3,swasthya-demand-v1.0
PHC-BR-PAT-003,MED-IVF-D5500,2026-09-03,1.0,0,147.3,swasthya-demand-v1.0
PHC-BR-PAT-003,MED-IVF-D5500,2026-09-04,1.0,0,146.3,swasthya-demand-v1.0
PHC-BR-PAT-003,MED-IVF-D5500,2026-09-05,1.0,0,145.3,swasthya-demand-v1.0
PHC-BR-PAT-003,MED-IVF-D5500,2026-09-06,1.0,0,144.3,swasthya-demand-v1.0
PHC-BR-PAT-003,MED-IVF-D5500,2026-09-07,9.0,0,135.3,swasthya-demand-v1.0
PHC-BR-PAT-003,MED-IVF-D5500,2026-09-08,1.0,0,134.3,swasthya-demand-v1.0
PHC-BR-PAT-003,MED-IVF-D5500,2026-09-09,1.0,0,133.3,swasthya-demand-v1.0
PHC-BR-PAT-003,MED-IVF-D5500,2026-09-10,1.0,0,132.3,swasthya-demand-v1.0
PHC-BR-PAT-003,MED-ART-60,2026-08-28,1.0,0,61.0,swasthya-demand-v1.0
PHC-BR-PAT-003,MED-ART-60,2026-08-29,1.0,0,60.0,swasthya-demand-v1.0
PHC-BR-PAT-003,MED-ART-60,2026-08-30,1.0,0,59.0,swasthya-demand-v1.0
PHC-BR-PAT-003,MED-ART-60,2026-08-31,9.1,0,49.9,swasthya-demand-v1.0
PHC-BR-PAT-003,MED-ART-60,2026-09-01,1.0,0,48.9,swasthya-demand-v1.0
PHC-BR-PAT-003,MED-ART-60,2026-09-02,1.0,0,47.9,swasthya-demand-v1.0
PHC-BR-PAT-003,MED-ART-60,2026-09-03,1.0,0,46.9,swasthya-demand-v1.0
PHC-BR-PAT-003,MED-ART-60,2026-09-04,1.0,0,45.9,swasthya-demand-v1.0
PHC-BR-PAT-003,MED-ART-60,2026-09-05,1.0,0,44.9,swasthya-demand-v1.0
PHC-BR-PAT-003,MED-ART-60,2026-09-06,1.0,0,43.9,swasthya-demand-v1.0
PHC-BR-PAT-003,MED-ART-60,2026-09-07,9.2,0,34.7,swasthya-demand-v1.0
PHC-BR-PAT-003,MED-ART-60,2026-09-08,1.0,0,33.7,swasthya-demand-v1.0
PHC-BR-PAT-003,MED-ART-60,2026-09-09,1.0,0,32.7,swasthya-demand-v1.0
PHC-BR-PAT-003,MED-ART-60,2026-09-10,1.0,0,31.7,swasthya-demand-v1.0
PHC-BR-PAT-003,MED-ALB-400,2026-08-28,1.0,0,8.0,swasthya-demand-v1.0
PHC-BR-PAT-003,MED-ALB-400,2026-08-29,1.0,154,161.0,swasthya-demand-v1.0
PHC-BR-PAT-003,MED-ALB-400,2026-08-30,1.0,0,160.0,swasthya-demand-v1.0
PHC-BR-PAT-003,MED-ALB-400,2026-08-31,8.7,0,151.3,swasthya-demand-v1.0
PHC-BR-PAT-003,MED-ALB-400,2026-09-01,1.0,0,150.3,swasthya-demand-v1.0
PHC-BR-PAT-003,MED-ALB-400,2026-09-02,1.0,0,149.3,swasthya-demand-v1.0
PHC-BR-PAT-003,MED-ALB-400,2026-09-03,1.0,0,148.3,swasthya-demand-v1.0
PHC-BR-PAT-003,MED-ALB-400,2026-09-04,1.0,0,147.3,swasthya-demand-v1.0
PHC-BR-PAT-003,MED-ALB-400,2026-09-05,1.0,0,146.3,swasthya-demand-v1.0
PHC-BR-PAT-003,MED-ALB-400,2026-09-06,1.0,0,145.3,swasthya-demand-v1.0
PHC-BR-PAT-003,MED-ALB-400,2026-09-07,9.0,0,136.3,swasthya-demand-v1.0
PHC-BR-PAT-003,MED-ALB-400,2026-09-08,1.0,0,135.3,swasthya-demand-v1.0
PHC-BR-PAT-003,MED-ALB-400,2026-09-09,1.0,0,134.3,swasthya-demand-v1.0
PHC-BR-PAT-003,MED-ALB-400,2026-09-10,1.0,0,133.3,swasthya-demand-v1.0
PHC-BR-PAT-003,MED-IFA-TAB,2026-08-28,13.6,0,0.0,swasthya-demand-v1.0
PHC-BR-PAT-003,MED-IFA-TAB,2026-08-29,1.0,0,0.0,swasthya-demand-v1.0
PHC-BR-PAT-003,MED-IFA-TAB,2026-08-30,1.0,0,0.0,swasthya-demand-v1.0
PHC-BR-PAT-003,MED-IFA-TAB,2026-08-31,10.6,546,519.8,swasthya-demand-v1.0
PHC-BR-PAT-003,MED-IFA-TAB,2026-09-01,1.0,0,518.8,swasthya-demand-v1.0
PHC-BR-PAT-003,MED-IFA-TAB,2026-09-02,1.0,0,517.8,swasthya-demand-v1.0
PHC-BR-PAT-003,MED-IFA-TAB,2026-09-03,1.0,0,516.8,swasthya-demand-v1.0
PHC-BR-PAT-003,MED-IFA-TAB,2026-09-04,1.0,0,515.8,swasthya-demand-v1.0
PHC-BR-PAT-003,MED-IFA-TAB,2026-09-05,1.0,0,514.8,swasthya-demand-v1.0
PHC-BR-PAT-003,MED-IFA-TAB,2026-09-06,1.0,0,513.8,swasthya-demand-v1.0
PHC-BR-PAT-003,MED-IFA-TAB,2026-09-07,8.1,0,505.7,swasthya-demand-v1.0
PHC-BR-PAT-003,MED-IFA-TAB,2026-09-08,1.0,0,504.7,swasthya-demand-v1.0
PHC-BR-PAT-003,MED-IFA-TAB,2026-09-09,1.0,0,503.7,swasthya-demand-v1.0
PHC-BR-PAT-003,MED-IFA-TAB,2026-09-10,1.0,0,502.7,swasthya-demand-v1.0
PHC-BR-PAT-004,MED-PCM-500,2026-08-28,58.3,0,0.0,swasthya-demand-v1.0
PHC-BR-PAT-004,MED-PCM-500,2026-08-29,23.7,0,0.0,swasthya-demand-v1.0
PHC-BR-PAT-004,MED-PCM-500,2026-08-30,1.0,0,0.0,swasthya-demand-v1.0
PHC-BR-PAT-004,MED-PCM-500,2026-08-31,29.9,714,601.1,swasthya-demand-v1.0
PHC-BR-PAT-004,MED-PCM-500,2026-09-01,1.0,0,600.1,swasthya-demand-v1.0
PHC-BR-PAT-004,MED-PCM-500,2026-09-02,1.0,0,599.1,swasthya-demand-v1.0
PHC-BR-PAT-004,MED-PCM-500,2026-09-03,1.0,0,598.1,swasthya-demand-v1.0
PHC-BR-PAT-004,MED-PCM-500,2026-09-04,1.0,0,597.1,swasthya-demand-v1.0
PHC-BR-PAT-004,MED-PCM-500,2026-09-05,1.0,0,596.1,swasthya-demand-v1.0
PHC-BR-PAT-004,MED-PCM-500,2026-09-06,1.0,0,595.1,swasthya-demand-v1.0
PHC-BR-PAT-004,MED-PCM-500,2026-09-07,6.9,0,588.2,swasthya-demand-v1.0
PHC-BR-PAT-004,MED-PCM-500,2026-09-08,1.0,0,587.2,swasthya-demand-v1.0
PHC-BR-PAT-004,MED-PCM-500,2026-09-09,1.0,0,586.2,swasthya-demand-v1.0
PHC-BR-PAT-004,MED-PCM-500,2026-09-10,1.0,0,585.2,swasthya-demand-v1.0
PHC-BR-PAT-004,MED-PCM-SYR,2026-08-28,1.0,0,0.0,swasthya-demand-v1.0
PHC-BR-PAT-004,MED-PCM-SYR,2026-08-29,1.0,0,0.0,swasthya-demand-v1.0
PHC-BR-PAT-004,MED-PCM-SYR,2026-08-30,1.0,280,277.0,swasthya-demand-v1.0
PHC-BR-PAT-004,MED-PCM-SYR,2026-08-31,7.9,0,269.1,swasthya-demand-v1.0
PHC-BR-PAT-004,MED-PCM-SYR,2026-09-01,1.0,0,268.1,swasthya-demand-v1.0
PHC-BR-PAT-004,MED-PCM-SYR,2026-09-02,1.0,0,267.1,swasthya-demand-v1.0
PHC-BR-PAT-004,MED-PCM-SYR,2026-09-03,1.0,0,266.1,swasthya-demand-v1.0
PHC-BR-PAT-004,MED-PCM-SYR,2026-09-04,1.0,0,265.1,swasthya-demand-v1.0
PHC-BR-PAT-004,MED-PCM-SYR,2026-09-05,1.0,0,264.1,swasthya-demand-v1.0
PHC-BR-PAT-004,MED-PCM-SYR,2026-09-06,1.0,0,263.1,swasthya-demand-v1.0
PHC-BR-PAT-004,MED-PCM-SYR,2026-09-07,8.6,0,254.5,swasthya-demand-v1.0
PHC-BR-PAT-004,MED-PCM-SYR,2026-09-08,1.0,0,253.5,swasthya-demand-v1.0
PHC-BR-PAT-004,MED-PCM-SYR,2026-09-09,1.0,0,252.5,swasthya-demand-v1.0
PHC-BR-PAT-004,MED-PCM-SYR,2026-09-10,1.0,0,251.5,swasthya-demand-v1.0
PHC-BR-PAT-004,MED-AMX-500,2026-08-28,3.4,0,0.0,swasthya-demand-v1.0
PHC-BR-PAT-004,MED-AMX-500,2026-08-29,1.0,0,0.0,swasthya-demand-v1.0
PHC-BR-PAT-004,MED-AMX-500,2026-08-30,1.0,350,344.6,swasthya-demand-v1.0
PHC-BR-PAT-004,MED-AMX-500,2026-08-31,8.3,0,336.3,swasthya-demand-v1.0
PHC-BR-PAT-004,MED-AMX-500,2026-09-01,1.0,0,335.3,swasthya-demand-v1.0
PHC-BR-PAT-004,MED-AMX-500,2026-09-02,1.0,0,334.3,swasthya-demand-v1.0
PHC-BR-PAT-004,MED-AMX-500,2026-09-03,1.0,0,333.3,swasthya-demand-v1.0
PHC-BR-PAT-004,MED-AMX-500,2026-09-04,1.0,0,332.3,swasthya-demand-v1.0
PHC-BR-PAT-004,MED-AMX-500,2026-09-05,1.0,0,331.3,swasthya-demand-v1.0
PHC-BR-PAT-004,MED-AMX-500,2026-09-06,1.0,0,330.3,swasthya-demand-v1.0
PHC-BR-PAT-004,MED-AMX-500,2026-09-07,8.4,0,321.9,swasthya-demand-v1.0
PHC-BR-PAT-004,MED-AMX-500,2026-09-08,1.0,0,320.9,swasthya-demand-v1.0
PHC-BR-PAT-004,MED-AMX-500,2026-09-09,1.0,0,319.9,swasthya-demand-v1.0
PHC-BR-PAT-004,MED-AMX-500,2026-09-10,1.0,0,318.9,swasthya-demand-v1.0
PHC-BR-PAT-004,MED-AMC-625,2026-08-28,1.0,0,0.0,swasthya-demand-v1.0
PHC-BR-PAT-004,MED-AMC-625,2026-08-29,1.0,0,0.0,swasthya-demand-v1.0
PHC-BR-PAT-004,MED-AMC-625,2026-08-30,1.0,224,221.0,swasthya-demand-v1.0
PHC-BR-PAT-004,MED-AMC-625,2026-08-31,8.5,0,212.5,swasthya-demand-v1.0
PHC-BR-PAT-004,MED-AMC-625,2026-09-01,1.0,0,211.5,swasthya-demand-v1.0
PHC-BR-PAT-004,MED-AMC-625,2026-09-02,1.0,0,210.5,swasthya-demand-v1.0
PHC-BR-PAT-004,MED-AMC-625,2026-09-03,1.0,0,209.5,swasthya-demand-v1.0
PHC-BR-PAT-004,MED-AMC-625,2026-09-04,1.0,0,208.5,swasthya-demand-v1.0
PHC-BR-PAT-004,MED-AMC-625,2026-09-05,1.0,0,207.5,swasthya-demand-v1.0
PHC-BR-PAT-004,MED-AMC-625,2026-09-06,1.0,0,206.5,swasthya-demand-v1.0
PHC-BR-PAT-004,MED-AMC-625,2026-09-07,8.9,0,197.6,swasthya-demand-v1.0
PHC-BR-PAT-004,MED-AMC-625,2026-09-08,1.0,0,196.6,swasthya-demand-v1.0
PHC-BR-PAT-004,MED-AMC-625,2026-09-09,1.0,0,195.6,swasthya-demand-v1.0
PHC-BR-PAT-004,MED-AMC-625,2026-09-10,1.0,0,194.6,swasthya-demand-v1.0
PHC-BR-PAT-004,MED-ORS-SFT,2026-08-28,22.8,504,481.2,swasthya-demand-v1.0
PHC-BR-PAT-004,MED-ORS-SFT,2026-08-29,1.0,0,480.2,swasthya-demand-v1.0
PHC-BR-PAT-004,MED-ORS-SFT,2026-08-30,1.0,0,479.2,swasthya-demand-v1.0
PHC-BR-PAT-004,MED-ORS-SFT,2026-08-31,13.3,0,465.9,swasthya-demand-v1.0
PHC-BR-PAT-004,MED-ORS-SFT,2026-09-01,1.0,0,464.9,swasthya-demand-v1.0
PHC-BR-PAT-004,MED-ORS-SFT,2026-09-02,1.0,0,463.9,swasthya-demand-v1.0
PHC-BR-PAT-004,MED-ORS-SFT,2026-09-03,1.0,0,462.9,swasthya-demand-v1.0
PHC-BR-PAT-004,MED-ORS-SFT,2026-09-04,1.0,0,461.9,swasthya-demand-v1.0
PHC-BR-PAT-004,MED-ORS-SFT,2026-09-05,1.0,0,460.9,swasthya-demand-v1.0
PHC-BR-PAT-004,MED-ORS-SFT,2026-09-06,1.0,0,459.9,swasthya-demand-v1.0
PHC-BR-PAT-004,MED-ORS-SFT,2026-09-07,7.9,0,452.0,swasthya-demand-v1.0
PHC-BR-PAT-004,MED-ORS-SFT,2026-09-08,1.0,0,451.0,swasthya-demand-v1.0
PHC-BR-PAT-004,MED-ORS-SFT,2026-09-09,1.0,0,450.0,swasthya-demand-v1.0
PHC-BR-PAT-004,MED-ORS-SFT,2026-09-10,1.0,0,449.0,swasthya-demand-v1.0
PHC-BR-PAT-004,MED-ZNC-20,2026-08-28,1.0,0,0.0,swasthya-demand-v1.0
PHC-BR-PAT-004,MED-ZNC-20,2026-08-29,1.0,252,250.0,swasthya-demand-v1.0
PHC-BR-PAT-004,MED-ZNC-20,2026-08-30,1.0,0,249.0,swasthya-demand-v1.0
PHC-BR-PAT-004,MED-ZNC-20,2026-08-31,8.4,0,240.6,swasthya-demand-v1.0
PHC-BR-PAT-004,MED-ZNC-20,2026-09-01,1.0,0,239.6,swasthya-demand-v1.0
PHC-BR-PAT-004,MED-ZNC-20,2026-09-02,1.0,0,238.6,swasthya-demand-v1.0
PHC-BR-PAT-004,MED-ZNC-20,2026-09-03,1.0,0,237.6,swasthya-demand-v1.0
PHC-BR-PAT-004,MED-ZNC-20,2026-09-04,1.0,0,236.6,swasthya-demand-v1.0
PHC-BR-PAT-004,MED-ZNC-20,2026-09-05,1.0,0,235.6,swasthya-demand-v1.0
PHC-BR-PAT-004,MED-ZNC-20,2026-09-06,1.0,0,234.6,swasthya-demand-v1.0
PHC-BR-PAT-004,MED-ZNC-20,2026-09-07,8.9,0,225.7,swasthya-demand-v1.0
PHC-BR-PAT-004,MED-ZNC-20,2026-09-08,1.0,0,224.7,swasthya-demand-v1.0
PHC-BR-PAT-004,MED-ZNC-20,2026-09-09,1.0,0,223.7,swasthya-demand-v1.0
PHC-BR-PAT-004,MED-ZNC-20,2026-09-10,1.0,0,222.7,swasthya-demand-v1.0
PHC-BR-PAT-004,MED-AZI-500,2026-08-28,1.0,0,0.0,swasthya-demand-v1.0
PHC-BR-PAT-004,MED-AZI-500,2026-08-29,1.0,0,0.0,swasthya-demand-v1.0
PHC-BR-PAT-004,MED-AZI-500,2026-08-30,1.0,182,179.0,swasthya-demand-v1.0
PHC-BR-PAT-004,MED-AZI-500,2026-08-31,8.6,0,170.4,swasthya-demand-v1.0
PHC-BR-PAT-004,MED-AZI-500,2026-09-01,1.0,0,169.4,swasthya-demand-v1.0
PHC-BR-PAT-004,MED-AZI-500,2026-09-02,1.0,0,168.4,swasthya-demand-v1.0
PHC-BR-PAT-004,MED-AZI-500,2026-09-03,1.0,0,167.4,swasthya-demand-v1.0
PHC-BR-PAT-004,MED-AZI-500,2026-09-04,1.0,0,166.4,swasthya-demand-v1.0
PHC-BR-PAT-004,MED-AZI-500,2026-09-05,1.0,0,165.4,swasthya-demand-v1.0
PHC-BR-PAT-004,MED-AZI-500,2026-09-06,1.0,0,164.4,swasthya-demand-v1.0
PHC-BR-PAT-004,MED-AZI-500,2026-09-07,8.9,0,155.5,swasthya-demand-v1.0
PHC-BR-PAT-004,MED-AZI-500,2026-09-08,1.0,0,154.5,swasthya-demand-v1.0
PHC-BR-PAT-004,MED-AZI-500,2026-09-09,1.0,0,153.5,swasthya-demand-v1.0
PHC-BR-PAT-004,MED-AZI-500,2026-09-10,1.0,0,152.5,swasthya-demand-v1.0
PHC-BR-PAT-004,MED-CTX-1G,2026-08-28,1.0,0,27.0,swasthya-demand-v1.0
PHC-BR-PAT-004,MED-CTX-1G,2026-08-29,1.0,0,26.0,swasthya-demand-v1.0
PHC-BR-PAT-004,MED-CTX-1G,2026-08-30,1.0,0,25.0,swasthya-demand-v1.0
PHC-BR-PAT-004,MED-CTX-1G,2026-08-31,8.9,0,16.1,swasthya-demand-v1.0
PHC-BR-PAT-004,MED-CTX-1G,2026-09-01,1.0,0,15.1,swasthya-demand-v1.0
PHC-BR-PAT-004,MED-CTX-1G,2026-09-02,1.0,0,14.1,swasthya-demand-v1.0
PHC-BR-PAT-004,MED-CTX-1G,2026-09-03,1.0,84,97.1,swasthya-demand-v1.0
PHC-BR-PAT-004,MED-CTX-1G,2026-09-04,1.0,0,96.1,swasthya-demand-v1.0
PHC-BR-PAT-004,MED-CTX-1G,2026-09-05,1.0,0,95.1,swasthya-demand-v1.0
PHC-BR-PAT-004,MED-CTX-1G,2026-09-06,1.0,0,94.1,swasthya-demand-v1.0
PHC-BR-PAT-004,MED-CTX-1G,2026-09-07,9.1,0,85.0,swasthya-demand-v1.0
PHC-BR-PAT-004,MED-CTX-1G,2026-09-08,1.0,0,84.0,swasthya-demand-v1.0
PHC-BR-PAT-004,MED-CTX-1G,2026-09-09,1.0,0,83.0,swasthya-demand-v1.0
PHC-BR-PAT-004,MED-CTX-1G,2026-09-10,1.0,0,82.0,swasthya-demand-v1.0
PHC-BR-PAT-004,MED-RAB-VAC,2026-08-28,1.0,0,66.0,swasthya-demand-v1.0
PHC-BR-PAT-004,MED-RAB-VAC,2026-08-29,1.0,0,65.0,swasthya-demand-v1.0
PHC-BR-PAT-004,MED-RAB-VAC,2026-08-30,1.0,0,64.0,swasthya-demand-v1.0
PHC-BR-PAT-004,MED-RAB-VAC,2026-08-31,9.2,0,54.8,swasthya-demand-v1.0
PHC-BR-PAT-004,MED-RAB-VAC,2026-09-01,1.0,0,53.8,swasthya-demand-v1.0
PHC-BR-PAT-004,MED-RAB-VAC,2026-09-02,1.0,0,52.8,swasthya-demand-v1.0
PHC-BR-PAT-004,MED-RAB-VAC,2026-09-03,1.0,0,51.8,swasthya-demand-v1.0
PHC-BR-PAT-004,MED-RAB-VAC,2026-09-04,1.0,0,50.8,swasthya-demand-v1.0
PHC-BR-PAT-004,MED-RAB-VAC,2026-09-05,1.0,0,49.8,swasthya-demand-v1.0
PHC-BR-PAT-004,MED-RAB-VAC,2026-09-06,1.0,0,48.8,swasthya-demand-v1.0
PHC-BR-PAT-004,MED-RAB-VAC,2026-09-07,9.2,0,39.6,swasthya-demand-v1.0
PHC-BR-PAT-004,MED-RAB-VAC,2026-09-08,1.0,0,38.6,swasthya-demand-v1.0
PHC-BR-PAT-004,MED-RAB-VAC,2026-09-09,1.0,0,37.6,swasthya-demand-v1.0
PHC-BR-PAT-004,MED-RAB-VAC,2026-09-10,1.0,0,36.6,swasthya-demand-v1.0
PHC-BR-PAT-004,MED-ASV-VIAL,2026-08-28,1.0,0,88.0,swasthya-demand-v1.0
PHC-BR-PAT-004,MED-ASV-VIAL,2026-08-29,1.0,0,87.0,swasthya-demand-v1.0
PHC-BR-PAT-004,MED-ASV-VIAL,2026-08-30,1.0,0,86.0,swasthya-demand-v1.0
PHC-BR-PAT-004,MED-ASV-VIAL,2026-08-31,9.4,0,76.6,swasthya-demand-v1.0
PHC-BR-PAT-004,MED-ASV-VIAL,2026-09-01,1.0,0,75.6,swasthya-demand-v1.0
PHC-BR-PAT-004,MED-ASV-VIAL,2026-09-02,1.0,0,74.6,swasthya-demand-v1.0
PHC-BR-PAT-004,MED-ASV-VIAL,2026-09-03,1.0,0,73.6,swasthya-demand-v1.0
PHC-BR-PAT-004,MED-ASV-VIAL,2026-09-04,1.0,0,72.6,swasthya-demand-v1.0
PHC-BR-PAT-004,MED-ASV-VIAL,2026-09-05,1.0,0,71.6,swasthya-demand-v1.0
PHC-BR-PAT-004,MED-ASV-VIAL,2026-09-06,1.0,0,70.6,swasthya-demand-v1.0
PHC-BR-PAT-004,MED-ASV-VIAL,2026-09-07,9.3,0,61.3,swasthya-demand-v1.0
PHC-BR-PAT-004,MED-ASV-VIAL,2026-09-08,1.0,0,60.3,swasthya-demand-v1.0
PHC-BR-PAT-004,MED-ASV-VIAL,2026-09-09,1.0,0,59.3,swasthya-demand-v1.0
PHC-BR-PAT-004,MED-ASV-VIAL,2026-09-10,1.0,0,58.3,swasthya-demand-v1.0
PHC-BR-PAT-004,MED-INS-REG,2026-08-28,1.0,0,60.0,swasthya-demand-v1.0
PHC-BR-PAT-004,MED-INS-REG,2026-08-29,1.0,0,59.0,swasthya-demand-v1.0
PHC-BR-PAT-004,MED-INS-REG,2026-08-30,1.0,0,58.0,swasthya-demand-v1.0
PHC-BR-PAT-004,MED-INS-REG,2026-08-31,9.2,0,48.8,swasthya-demand-v1.0
PHC-BR-PAT-004,MED-INS-REG,2026-09-01,1.0,0,47.8,swasthya-demand-v1.0
PHC-BR-PAT-004,MED-INS-REG,2026-09-02,1.0,0,46.8,swasthya-demand-v1.0
PHC-BR-PAT-004,MED-INS-REG,2026-09-03,1.0,0,45.8,swasthya-demand-v1.0
PHC-BR-PAT-004,MED-INS-REG,2026-09-04,1.0,0,44.8,swasthya-demand-v1.0
PHC-BR-PAT-004,MED-INS-REG,2026-09-05,1.0,0,43.8,swasthya-demand-v1.0
PHC-BR-PAT-004,MED-INS-REG,2026-09-06,1.0,0,42.8,swasthya-demand-v1.0
PHC-BR-PAT-004,MED-INS-REG,2026-09-07,9.2,0,33.6,swasthya-demand-v1.0
PHC-BR-PAT-004,MED-INS-REG,2026-09-08,1.0,0,32.6,swasthya-demand-v1.0
PHC-BR-PAT-004,MED-INS-REG,2026-09-09,1.0,0,31.6,swasthya-demand-v1.0
PHC-BR-PAT-004,MED-INS-REG,2026-09-10,1.0,0,30.6,swasthya-demand-v1.0
PHC-BR-PAT-004,MED-MET-500,2026-08-28,1.0,0,0.0,swasthya-demand-v1.0
PHC-BR-PAT-004,MED-MET-500,2026-08-29,1.0,392,390.0,swasthya-demand-v1.0
PHC-BR-PAT-004,MED-MET-500,2026-08-30,1.0,0,389.0,swasthya-demand-v1.0
PHC-BR-PAT-004,MED-MET-500,2026-08-31,7.4,0,381.6,swasthya-demand-v1.0
PHC-BR-PAT-004,MED-MET-500,2026-09-01,1.0,0,380.6,swasthya-demand-v1.0
PHC-BR-PAT-004,MED-MET-500,2026-09-02,1.0,0,379.6,swasthya-demand-v1.0
PHC-BR-PAT-004,MED-MET-500,2026-09-03,1.0,0,378.6,swasthya-demand-v1.0
PHC-BR-PAT-004,MED-MET-500,2026-09-04,1.0,0,377.6,swasthya-demand-v1.0
PHC-BR-PAT-004,MED-MET-500,2026-09-05,1.0,0,376.6,swasthya-demand-v1.0
PHC-BR-PAT-004,MED-MET-500,2026-09-06,1.0,0,375.6,swasthya-demand-v1.0
PHC-BR-PAT-004,MED-MET-500,2026-09-07,8.5,0,367.1,swasthya-demand-v1.0
PHC-BR-PAT-004,MED-MET-500,2026-09-08,1.0,0,366.1,swasthya-demand-v1.0
PHC-BR-PAT-004,MED-MET-500,2026-09-09,1.0,0,365.1,swasthya-demand-v1.0
PHC-BR-PAT-004,MED-MET-500,2026-09-10,1.0,0,364.1,swasthya-demand-v1.0
PHC-BR-PAT-004,MED-OXY-AMP,2026-08-28,1.0,0,57.0,swasthya-demand-v1.0
PHC-BR-PAT-004,MED-OXY-AMP,2026-08-29,1.0,0,56.0,swasthya-demand-v1.0
PHC-BR-PAT-004,MED-OXY-AMP,2026-08-30,1.0,0,55.0,swasthya-demand-v1.0
PHC-BR-PAT-004,MED-OXY-AMP,2026-08-31,9.1,0,45.9,swasthya-demand-v1.0
PHC-BR-PAT-004,MED-OXY-AMP,2026-09-01,1.0,0,44.9,swasthya-demand-v1.0
PHC-BR-PAT-004,MED-OXY-AMP,2026-09-02,1.0,0,43.9,swasthya-demand-v1.0
PHC-BR-PAT-004,MED-OXY-AMP,2026-09-03,1.0,0,42.9,swasthya-demand-v1.0
PHC-BR-PAT-004,MED-OXY-AMP,2026-09-04,1.0,0,41.9,swasthya-demand-v1.0
PHC-BR-PAT-004,MED-OXY-AMP,2026-09-05,1.0,0,40.9,swasthya-demand-v1.0
PHC-BR-PAT-004,MED-OXY-AMP,2026-09-06,1.0,0,39.9,swasthya-demand-v1.0
PHC-BR-PAT-004,MED-OXY-AMP,2026-09-07,9.2,0,30.7,swasthya-demand-v1.0
PHC-BR-PAT-004,MED-OXY-AMP,2026-09-08,1.0,0,29.7,swasthya-demand-v1.0
PHC-BR-PAT-004,MED-OXY-AMP,2026-09-09,1.0,0,28.7,swasthya-demand-v1.0
PHC-BR-PAT-004,MED-OXY-AMP,2026-09-10,1.0,0,27.7,swasthya-demand-v1.0
PHC-BR-PAT-004,MED-MGS-50,2026-08-28,1.0,0,75.0,swasthya-demand-v1.0
PHC-BR-PAT-004,MED-MGS-50,2026-08-29,1.0,0,74.0,swasthya-demand-v1.0
PHC-BR-PAT-004,MED-MGS-50,2026-08-30,1.0,0,73.0,swasthya-demand-v1.0
PHC-BR-PAT-004,MED-MGS-50,2026-08-31,9.3,0,63.7,swasthya-demand-v1.0
PHC-BR-PAT-004,MED-MGS-50,2026-09-01,1.0,0,62.7,swasthya-demand-v1.0
PHC-BR-PAT-004,MED-MGS-50,2026-09-02,1.0,0,61.7,swasthya-demand-v1.0
PHC-BR-PAT-004,MED-MGS-50,2026-09-03,1.0,0,60.7,swasthya-demand-v1.0
PHC-BR-PAT-004,MED-MGS-50,2026-09-04,1.0,0,59.7,swasthya-demand-v1.0
PHC-BR-PAT-004,MED-MGS-50,2026-09-05,1.0,0,58.7,swasthya-demand-v1.0
PHC-BR-PAT-004,MED-MGS-50,2026-09-06,1.0,0,57.7,swasthya-demand-v1.0
PHC-BR-PAT-004,MED-MGS-50,2026-09-07,9.2,0,48.5,swasthya-demand-v1.0
PHC-BR-PAT-004,MED-MGS-50,2026-09-08,1.0,0,47.5,swasthya-demand-v1.0
PHC-BR-PAT-004,MED-MGS-50,2026-09-09,1.0,0,46.5,swasthya-demand-v1.0
PHC-BR-PAT-004,MED-MGS-50,2026-09-10,1.0,0,45.5,swasthya-demand-v1.0
PHC-BR-PAT-004,MED-IVF-NS500,2026-08-28,1.0,0,0.0,swasthya-demand-v1.0
PHC-BR-PAT-004,MED-IVF-NS500,2026-08-29,1.0,0,0.0,swasthya-demand-v1.0
PHC-BR-PAT-004,MED-IVF-NS500,2026-08-30,1.0,0,0.0,swasthya-demand-v1.0
PHC-BR-PAT-004,MED-IVF-NS500,2026-08-31,7.9,238,227.1,swasthya-demand-v1.0
PHC-BR-PAT-004,MED-IVF-NS500,2026-09-01,1.0,0,226.1,swasthya-demand-v1.0
PHC-BR-PAT-004,MED-IVF-NS500,2026-09-02,1.0,0,225.1,swasthya-demand-v1.0
PHC-BR-PAT-004,MED-IVF-NS500,2026-09-03,1.0,0,224.1,swasthya-demand-v1.0
PHC-BR-PAT-004,MED-IVF-NS500,2026-09-04,1.0,0,223.1,swasthya-demand-v1.0
PHC-BR-PAT-004,MED-IVF-NS500,2026-09-05,1.0,0,222.1,swasthya-demand-v1.0
PHC-BR-PAT-004,MED-IVF-NS500,2026-09-06,1.0,0,221.1,swasthya-demand-v1.0
PHC-BR-PAT-004,MED-IVF-NS500,2026-09-07,8.7,0,212.4,swasthya-demand-v1.0
PHC-BR-PAT-004,MED-IVF-NS500,2026-09-08,1.0,0,211.4,swasthya-demand-v1.0
PHC-BR-PAT-004,MED-IVF-NS500,2026-09-09,1.0,0,210.4,swasthya-demand-v1.0
PHC-BR-PAT-004,MED-IVF-NS500,2026-09-10,1.0,0,209.4,swasthya-demand-v1.0
PHC-BR-PAT-004,MED-IVF-RL500,2026-08-28,1.0,0,0.0,swasthya-demand-v1.0
PHC-BR-PAT-004,MED-IVF-RL500,2026-08-29,1.0,0,0.0,swasthya-demand-v1.0
PHC-BR-PAT-004,MED-IVF-RL500,2026-08-30,1.0,0,0.0,swasthya-demand-v1.0
PHC-BR-PAT-004,MED-IVF-RL500,2026-08-31,8.6,182,170.4,swasthya-demand-v1.0
PHC-BR-PAT-004,MED-IVF-RL500,2026-09-01,1.0,0,169.4,swasthya-demand-v1.0
PHC-BR-PAT-004,MED-IVF-RL500,2026-09-02,1.0,0,168.4,swasthya-demand-v1.0
PHC-BR-PAT-004,MED-IVF-RL500,2026-09-03,1.0,0,167.4,swasthya-demand-v1.0
PHC-BR-PAT-004,MED-IVF-RL500,2026-09-04,1.0,0,166.4,swasthya-demand-v1.0
PHC-BR-PAT-004,MED-IVF-RL500,2026-09-05,1.0,0,165.4,swasthya-demand-v1.0
PHC-BR-PAT-004,MED-IVF-RL500,2026-09-06,1.0,0,164.4,swasthya-demand-v1.0
PHC-BR-PAT-004,MED-IVF-RL500,2026-09-07,9.0,0,155.4,swasthya-demand-v1.0
PHC-BR-PAT-004,MED-IVF-RL500,2026-09-08,1.0,0,154.4,swasthya-demand-v1.0
PHC-BR-PAT-004,MED-IVF-RL500,2026-09-09,1.0,0,153.4,swasthya-demand-v1.0
PHC-BR-PAT-004,MED-IVF-RL500,2026-09-10,1.0,0,152.4,swasthya-demand-v1.0
PHC-BR-PAT-004,MED-IVF-D5500,2026-08-28,1.0,0,32.0,swasthya-demand-v1.0
PHC-BR-PAT-004,MED-IVF-D5500,2026-08-29,1.0,0,31.0,swasthya-demand-v1.0
PHC-BR-PAT-004,MED-IVF-D5500,2026-08-30,1.0,0,30.0,swasthya-demand-v1.0
PHC-BR-PAT-004,MED-IVF-D5500,2026-08-31,8.9,0,21.1,swasthya-demand-v1.0
PHC-BR-PAT-004,MED-IVF-D5500,2026-09-01,1.0,126,146.1,swasthya-demand-v1.0
PHC-BR-PAT-004,MED-IVF-D5500,2026-09-02,1.0,0,145.1,swasthya-demand-v1.0
PHC-BR-PAT-004,MED-IVF-D5500,2026-09-03,1.0,0,144.1,swasthya-demand-v1.0
PHC-BR-PAT-004,MED-IVF-D5500,2026-09-04,1.0,0,143.1,swasthya-demand-v1.0
PHC-BR-PAT-004,MED-IVF-D5500,2026-09-05,1.0,0,142.1,swasthya-demand-v1.0
PHC-BR-PAT-004,MED-IVF-D5500,2026-09-06,1.0,0,141.1,swasthya-demand-v1.0
PHC-BR-PAT-004,MED-IVF-D5500,2026-09-07,9.1,0,132.0,swasthya-demand-v1.0
PHC-BR-PAT-004,MED-IVF-D5500,2026-09-08,1.0,0,131.0,swasthya-demand-v1.0
PHC-BR-PAT-004,MED-IVF-D5500,2026-09-09,1.0,0,130.0,swasthya-demand-v1.0
PHC-BR-PAT-004,MED-IVF-D5500,2026-09-10,1.0,0,129.0,swasthya-demand-v1.0
PHC-BR-PAT-004,MED-ART-60,2026-08-28,1.0,0,72.0,swasthya-demand-v1.0
PHC-BR-PAT-004,MED-ART-60,2026-08-29,1.0,0,71.0,swasthya-demand-v1.0
PHC-BR-PAT-004,MED-ART-60,2026-08-30,1.0,0,70.0,swasthya-demand-v1.0
PHC-BR-PAT-004,MED-ART-60,2026-08-31,9.2,0,60.8,swasthya-demand-v1.0
PHC-BR-PAT-004,MED-ART-60,2026-09-01,1.0,0,59.8,swasthya-demand-v1.0
PHC-BR-PAT-004,MED-ART-60,2026-09-02,1.0,0,58.8,swasthya-demand-v1.0
PHC-BR-PAT-004,MED-ART-60,2026-09-03,1.0,0,57.8,swasthya-demand-v1.0
PHC-BR-PAT-004,MED-ART-60,2026-09-04,1.0,0,56.8,swasthya-demand-v1.0
PHC-BR-PAT-004,MED-ART-60,2026-09-05,1.0,0,55.8,swasthya-demand-v1.0
PHC-BR-PAT-004,MED-ART-60,2026-09-06,1.0,0,54.8,swasthya-demand-v1.0
PHC-BR-PAT-004,MED-ART-60,2026-09-07,9.2,0,45.6,swasthya-demand-v1.0
PHC-BR-PAT-004,MED-ART-60,2026-09-08,1.0,0,44.6,swasthya-demand-v1.0
PHC-BR-PAT-004,MED-ART-60,2026-09-09,1.0,0,43.6,swasthya-demand-v1.0
PHC-BR-PAT-004,MED-ART-60,2026-09-10,1.0,0,42.6,swasthya-demand-v1.0
PHC-BR-PAT-004,MED-ALB-400,2026-08-28,1.0,0,28.0,swasthya-demand-v1.0
PHC-BR-PAT-004,MED-ALB-400,2026-08-29,1.0,126,153.0,swasthya-demand-v1.0
PHC-BR-PAT-004,MED-ALB-400,2026-08-30,1.0,0,152.0,swasthya-demand-v1.0
PHC-BR-PAT-004,MED-ALB-400,2026-08-31,8.9,0,143.1,swasthya-demand-v1.0
PHC-BR-PAT-004,MED-ALB-400,2026-09-01,1.0,0,142.1,swasthya-demand-v1.0
PHC-BR-PAT-004,MED-ALB-400,2026-09-02,1.0,0,141.1,swasthya-demand-v1.0
PHC-BR-PAT-004,MED-ALB-400,2026-09-03,1.0,0,140.1,swasthya-demand-v1.0
PHC-BR-PAT-004,MED-ALB-400,2026-09-04,1.0,0,139.1,swasthya-demand-v1.0
PHC-BR-PAT-004,MED-ALB-400,2026-09-05,1.0,0,138.1,swasthya-demand-v1.0
PHC-BR-PAT-004,MED-ALB-400,2026-09-06,1.0,0,137.1,swasthya-demand-v1.0
PHC-BR-PAT-004,MED-ALB-400,2026-09-07,9.1,0,128.0,swasthya-demand-v1.0
PHC-BR-PAT-004,MED-ALB-400,2026-09-08,1.0,0,127.0,swasthya-demand-v1.0
PHC-BR-PAT-004,MED-ALB-400,2026-09-09,1.0,0,126.0,swasthya-demand-v1.0
PHC-BR-PAT-004,MED-ALB-400,2026-09-10,1.0,0,125.0,swasthya-demand-v1.0
PHC-BR-PAT-004,MED-IFA-TAB,2026-08-28,1.0,0,0.0,swasthya-demand-v1.0
PHC-BR-PAT-004,MED-IFA-TAB,2026-08-29,1.0,0,0.0,swasthya-demand-v1.0
PHC-BR-PAT-004,MED-IFA-TAB,2026-08-30,1.0,0,0.0,swasthya-demand-v1.0
PHC-BR-PAT-004,MED-IFA-TAB,2026-08-31,7.6,448,437.4,swasthya-demand-v1.0
PHC-BR-PAT-004,MED-IFA-TAB,2026-09-01,1.0,0,436.4,swasthya-demand-v1.0
PHC-BR-PAT-004,MED-IFA-TAB,2026-09-02,1.0,0,435.4,swasthya-demand-v1.0
PHC-BR-PAT-004,MED-IFA-TAB,2026-09-03,1.0,0,434.4,swasthya-demand-v1.0
PHC-BR-PAT-004,MED-IFA-TAB,2026-09-04,1.0,0,433.4,swasthya-demand-v1.0
PHC-BR-PAT-004,MED-IFA-TAB,2026-09-05,1.0,0,432.4,swasthya-demand-v1.0
PHC-BR-PAT-004,MED-IFA-TAB,2026-09-06,1.0,0,431.4,swasthya-demand-v1.0
PHC-BR-PAT-004,MED-IFA-TAB,2026-09-07,8.5,0,422.9,swasthya-demand-v1.0
PHC-BR-PAT-004,MED-IFA-TAB,2026-09-08,1.0,0,421.9,swasthya-demand-v1.0
PHC-BR-PAT-004,MED-IFA-TAB,2026-09-09,1.0,0,420.9,swasthya-demand-v1.0
PHC-BR-PAT-004,MED-IFA-TAB,2026-09-10,1.0,0,419.9,swasthya-demand-v1.0
PHC-BR-PAT-005,MED-PCM-500,2026-08-28,66.4,840,773.6,swasthya-demand-v1.0
PHC-BR-PAT-005,MED-PCM-500,2026-08-29,35.7,0,737.9,swasthya-demand-v1.0
PHC-BR-PAT-005,MED-PCM-500,2026-08-30,1.0,0,736.9,swasthya-demand-v1.0
PHC-BR-PAT-005,MED-PCM-500,2026-08-31,35.8,0,701.1,swasthya-demand-v1.0
PHC-BR-PAT-005,MED-PCM-500,2026-09-01,1.2,0,699.9,swasthya-demand-v1.0
PHC-BR-PAT-005,MED-PCM-500,2026-09-02,1.0,0,698.9,swasthya-demand-v1.0
PHC-BR-PAT-005,MED-PCM-500,2026-09-03,1.0,0,697.9,swasthya-demand-v1.0
PHC-BR-PAT-005,MED-PCM-500,2026-09-04,1.0,0,696.9,swasthya-demand-v1.0
PHC-BR-PAT-005,MED-PCM-500,2026-09-05,1.0,0,695.9,swasthya-demand-v1.0
PHC-BR-PAT-005,MED-PCM-500,2026-09-06,1.0,0,694.9,swasthya-demand-v1.0
PHC-BR-PAT-005,MED-PCM-500,2026-09-07,6.6,0,688.3,swasthya-demand-v1.0
PHC-BR-PAT-005,MED-PCM-500,2026-09-08,1.0,0,687.3,swasthya-demand-v1.0
PHC-BR-PAT-005,MED-PCM-500,2026-09-09,1.0,0,686.3,swasthya-demand-v1.0
PHC-BR-PAT-005,MED-PCM-500,2026-09-10,1.0,0,685.3,swasthya-demand-v1.0
PHC-BR-PAT-005,MED-PCM-SYR,2026-08-28,1.0,0,0.0,swasthya-demand-v1.0
PHC-BR-PAT-005,MED-PCM-SYR,2026-08-29,1.0,0,0.0,swasthya-demand-v1.0
PHC-BR-PAT-005,MED-PCM-SYR,2026-08-30,1.0,336,333.0,swasthya-demand-v1.0
PHC-BR-PAT-005,MED-PCM-SYR,2026-08-31,7.0,0,326.0,swasthya-demand-v1.0
PHC-BR-PAT-005,MED-PCM-SYR,2026-09-01,1.0,0,325.0,swasthya-demand-v1.0
PHC-BR-PAT-005,MED-PCM-SYR,2026-09-02,1.0,0,324.0,swasthya-demand-v1.0
PHC-BR-PAT-005,MED-PCM-SYR,2026-09-03,1.0,0,323.0,swasthya-demand-v1.0
PHC-BR-PAT-005,MED-PCM-SYR,2026-09-04,1.0,0,322.0,swasthya-demand-v1.0
PHC-BR-PAT-005,MED-PCM-SYR,2026-09-05,1.0,0,321.0,swasthya-demand-v1.0
PHC-BR-PAT-005,MED-PCM-SYR,2026-09-06,1.0,0,320.0,swasthya-demand-v1.0
PHC-BR-PAT-005,MED-PCM-SYR,2026-09-07,8.5,0,311.5,swasthya-demand-v1.0
PHC-BR-PAT-005,MED-PCM-SYR,2026-09-08,1.0,0,310.5,swasthya-demand-v1.0
PHC-BR-PAT-005,MED-PCM-SYR,2026-09-09,1.0,0,309.5,swasthya-demand-v1.0
PHC-BR-PAT-005,MED-PCM-SYR,2026-09-10,1.0,0,308.5,swasthya-demand-v1.0
PHC-BR-PAT-005,MED-AMX-500,2026-08-28,7.1,406,398.9,swasthya-demand-v1.0
PHC-BR-PAT-005,MED-AMX-500,2026-08-29,1.0,0,397.9,swasthya-demand-v1.0
PHC-BR-PAT-005,MED-AMX-500,2026-08-30,1.0,0,396.9,swasthya-demand-v1.0
PHC-BR-PAT-005,MED-AMX-500,2026-08-31,8.7,0,388.2,swasthya-demand-v1.0
PHC-BR-PAT-005,MED-AMX-500,2026-09-01,1.0,0,387.2,swasthya-demand-v1.0
PHC-BR-PAT-005,MED-AMX-500,2026-09-02,1.0,0,386.2,swasthya-demand-v1.0
PHC-BR-PAT-005,MED-AMX-500,2026-09-03,1.0,0,385.2,swasthya-demand-v1.0
PHC-BR-PAT-005,MED-AMX-500,2026-09-04,1.0,0,384.2,swasthya-demand-v1.0
PHC-BR-PAT-005,MED-AMX-500,2026-09-05,1.0,0,383.2,swasthya-demand-v1.0
PHC-BR-PAT-005,MED-AMX-500,2026-09-06,1.0,0,382.2,swasthya-demand-v1.0
PHC-BR-PAT-005,MED-AMX-500,2026-09-07,8.3,0,373.9,swasthya-demand-v1.0
PHC-BR-PAT-005,MED-AMX-500,2026-09-08,1.0,0,372.9,swasthya-demand-v1.0
PHC-BR-PAT-005,MED-AMX-500,2026-09-09,1.0,0,371.9,swasthya-demand-v1.0
PHC-BR-PAT-005,MED-AMX-500,2026-09-10,1.0,0,370.9,swasthya-demand-v1.0
PHC-BR-PAT-005,MED-AMC-625,2026-08-28,1.0,0,0.0,swasthya-demand-v1.0
PHC-BR-PAT-005,MED-AMC-625,2026-08-29,1.0,252,250.0,swasthya-demand-v1.0
PHC-BR-PAT-005,MED-AMC-625,2026-08-30,1.0,0,249.0,swasthya-demand-v1.0
PHC-BR-PAT-005,MED-AMC-625,2026-08-31,8.1,0,240.9,swasthya-demand-v1.0
PHC-BR-PAT-005,MED-AMC-625,2026-09-01,1.0,0,239.9,swasthya-demand-v1.0
PHC-BR-PAT-005,MED-AMC-625,2026-09-02,1.0,0,238.9,swasthya-demand-v1.0
PHC-BR-PAT-005,MED-AMC-625,2026-09-03,1.0,0,237.9,swasthya-demand-v1.0
PHC-BR-PAT-005,MED-AMC-625,2026-09-04,1.0,0,236.9,swasthya-demand-v1.0
PHC-BR-PAT-005,MED-AMC-625,2026-09-05,1.0,0,235.9,swasthya-demand-v1.0
PHC-BR-PAT-005,MED-AMC-625,2026-09-06,1.0,0,234.9,swasthya-demand-v1.0
PHC-BR-PAT-005,MED-AMC-625,2026-09-07,8.8,0,226.1,swasthya-demand-v1.0
PHC-BR-PAT-005,MED-AMC-625,2026-09-08,1.0,0,225.1,swasthya-demand-v1.0
PHC-BR-PAT-005,MED-AMC-625,2026-09-09,1.0,0,224.1,swasthya-demand-v1.0
PHC-BR-PAT-005,MED-AMC-625,2026-09-10,1.0,0,223.1,swasthya-demand-v1.0
PHC-BR-PAT-005,MED-ORS-SFT,2026-08-28,35.1,0,0.0,swasthya-demand-v1.0
PHC-BR-PAT-005,MED-ORS-SFT,2026-08-29,3.6,602,563.3,swasthya-demand-v1.0
PHC-BR-PAT-005,MED-ORS-SFT,2026-08-30,1.0,0,562.3,swasthya-demand-v1.0
PHC-BR-PAT-005,MED-ORS-SFT,2026-08-31,17.4,0,544.9,swasthya-demand-v1.0
PHC-BR-PAT-005,MED-ORS-SFT,2026-09-01,1.0,0,543.9,swasthya-demand-v1.0
PHC-BR-PAT-005,MED-ORS-SFT,2026-09-02,1.0,0,542.9,swasthya-demand-v1.0
PHC-BR-PAT-005,MED-ORS-SFT,2026-09-03,1.0,0,541.9,swasthya-demand-v1.0
PHC-BR-PAT-005,MED-ORS-SFT,2026-09-04,1.0,0,540.9,swasthya-demand-v1.0
PHC-BR-PAT-005,MED-ORS-SFT,2026-09-05,1.0,0,539.9,swasthya-demand-v1.0
PHC-BR-PAT-005,MED-ORS-SFT,2026-09-06,1.0,0,538.9,swasthya-demand-v1.0
PHC-BR-PAT-005,MED-ORS-SFT,2026-09-07,7.6,0,531.3,swasthya-demand-v1.0
PHC-BR-PAT-005,MED-ORS-SFT,2026-09-08,1.0,0,530.3,swasthya-demand-v1.0
PHC-BR-PAT-005,MED-ORS-SFT,2026-09-09,1.0,0,529.3,swasthya-demand-v1.0
PHC-BR-PAT-005,MED-ORS-SFT,2026-09-10,1.0,0,528.3,swasthya-demand-v1.0
PHC-BR-PAT-005,MED-ZNC-20,2026-08-28,1.0,0,0.0,swasthya-demand-v1.0
PHC-BR-PAT-005,MED-ZNC-20,2026-08-29,1.0,0,0.0,swasthya-demand-v1.0
PHC-BR-PAT-005,MED-ZNC-20,2026-08-30,1.0,294,291.0,swasthya-demand-v1.0
PHC-BR-PAT-005,MED-ZNC-20,2026-08-31,7.5,0,283.5,swasthya-demand-v1.0
PHC-BR-PAT-005,MED-ZNC-20,2026-09-01,1.0,0,282.5,swasthya-demand-v1.0
PHC-BR-PAT-005,MED-ZNC-20,2026-09-02,1.0,0,281.5,swasthya-demand-v1.0
PHC-BR-PAT-005,MED-ZNC-20,2026-09-03,1.0,0,280.5,swasthya-demand-v1.0
PHC-BR-PAT-005,MED-ZNC-20,2026-09-04,1.0,0,279.5,swasthya-demand-v1.0
PHC-BR-PAT-005,MED-ZNC-20,2026-09-05,1.0,0,278.5,swasthya-demand-v1.0
PHC-BR-PAT-005,MED-ZNC-20,2026-09-06,1.0,0,277.5,swasthya-demand-v1.0
PHC-BR-PAT-005,MED-ZNC-20,2026-09-07,8.7,0,268.8,swasthya-demand-v1.0
PHC-BR-PAT-005,MED-ZNC-20,2026-09-08,1.0,0,267.8,swasthya-demand-v1.0
PHC-BR-PAT-005,MED-ZNC-20,2026-09-09,1.0,0,266.8,swasthya-demand-v1.0
PHC-BR-PAT-005,MED-ZNC-20,2026-09-10,1.0,0,265.8,swasthya-demand-v1.0
PHC-BR-PAT-005,MED-AZI-500,2026-08-28,1.0,0,0.0,swasthya-demand-v1.0
PHC-BR-PAT-005,MED-AZI-500,2026-08-29,1.0,0,0.0,swasthya-demand-v1.0
PHC-BR-PAT-005,MED-AZI-500,2026-08-30,1.0,0,0.0,swasthya-demand-v1.0
PHC-BR-PAT-005,MED-AZI-500,2026-08-31,8.2,224,212.8,swasthya-demand-v1.0
PHC-BR-PAT-005,MED-AZI-500,2026-09-01,1.0,0,211.8,swasthya-demand-v1.0
PHC-BR-PAT-005,MED-AZI-500,2026-09-02,1.0,0,210.8,swasthya-demand-v1.0
PHC-BR-PAT-005,MED-AZI-500,2026-09-03,1.0,0,209.8,swasthya-demand-v1.0
PHC-BR-PAT-005,MED-AZI-500,2026-09-04,1.0,0,208.8,swasthya-demand-v1.0
PHC-BR-PAT-005,MED-AZI-500,2026-09-05,1.0,0,207.8,swasthya-demand-v1.0
PHC-BR-PAT-005,MED-AZI-500,2026-09-06,1.0,0,206.8,swasthya-demand-v1.0
PHC-BR-PAT-005,MED-AZI-500,2026-09-07,8.9,0,197.9,swasthya-demand-v1.0
PHC-BR-PAT-005,MED-AZI-500,2026-09-08,1.0,0,196.9,swasthya-demand-v1.0
PHC-BR-PAT-005,MED-AZI-500,2026-09-09,1.0,0,195.9,swasthya-demand-v1.0
PHC-BR-PAT-005,MED-AZI-500,2026-09-10,1.0,0,194.9,swasthya-demand-v1.0
PHC-BR-PAT-005,MED-CTX-1G,2026-08-28,1.0,0,15.0,swasthya-demand-v1.0
PHC-BR-PAT-005,MED-CTX-1G,2026-08-29,1.0,0,14.0,swasthya-demand-v1.0
PHC-BR-PAT-005,MED-CTX-1G,2026-08-30,1.0,0,13.0,swasthya-demand-v1.0
PHC-BR-PAT-005,MED-CTX-1G,2026-08-31,8.6,0,4.4,swasthya-demand-v1.0
PHC-BR-PAT-005,MED-CTX-1G,2026-09-01,1.0,112,115.4,swasthya-demand-v1.0
PHC-BR-PAT-005,MED-CTX-1G,2026-09-02,1.0,0,114.4,swasthya-demand-v1.0
PHC-BR-PAT-005,MED-CTX-1G,2026-09-03,1.0,0,113.4,swasthya-demand-v1.0
PHC-BR-PAT-005,MED-CTX-1G,2026-09-04,1.0,0,112.4,swasthya-demand-v1.0
PHC-BR-PAT-005,MED-CTX-1G,2026-09-05,1.0,0,111.4,swasthya-demand-v1.0
PHC-BR-PAT-005,MED-CTX-1G,2026-09-06,1.0,0,110.4,swasthya-demand-v1.0
PHC-BR-PAT-005,MED-CTX-1G,2026-09-07,9.0,0,101.4,swasthya-demand-v1.0
PHC-BR-PAT-005,MED-CTX-1G,2026-09-08,1.0,0,100.4,swasthya-demand-v1.0
PHC-BR-PAT-005,MED-CTX-1G,2026-09-09,1.0,0,99.4,swasthya-demand-v1.0
PHC-BR-PAT-005,MED-CTX-1G,2026-09-10,1.0,0,98.4,swasthya-demand-v1.0
PHC-BR-PAT-005,MED-RAB-VAC,2026-08-28,1.0,0,62.0,swasthya-demand-v1.0
PHC-BR-PAT-005,MED-RAB-VAC,2026-08-29,1.0,0,61.0,swasthya-demand-v1.0
PHC-BR-PAT-005,MED-RAB-VAC,2026-08-30,1.0,0,60.0,swasthya-demand-v1.0
PHC-BR-PAT-005,MED-RAB-VAC,2026-08-31,9.2,0,50.8,swasthya-demand-v1.0
PHC-BR-PAT-005,MED-RAB-VAC,2026-09-01,1.0,0,49.8,swasthya-demand-v1.0
PHC-BR-PAT-005,MED-RAB-VAC,2026-09-02,1.0,0,48.8,swasthya-demand-v1.0
PHC-BR-PAT-005,MED-RAB-VAC,2026-09-03,1.0,0,47.8,swasthya-demand-v1.0
PHC-BR-PAT-005,MED-RAB-VAC,2026-09-04,1.0,0,46.8,swasthya-demand-v1.0
PHC-BR-PAT-005,MED-RAB-VAC,2026-09-05,1.0,0,45.8,swasthya-demand-v1.0
PHC-BR-PAT-005,MED-RAB-VAC,2026-09-06,1.0,0,44.8,swasthya-demand-v1.0
PHC-BR-PAT-005,MED-RAB-VAC,2026-09-07,9.2,0,35.6,swasthya-demand-v1.0
PHC-BR-PAT-005,MED-RAB-VAC,2026-09-08,1.0,0,34.6,swasthya-demand-v1.0
PHC-BR-PAT-005,MED-RAB-VAC,2026-09-09,1.0,0,33.6,swasthya-demand-v1.0
PHC-BR-PAT-005,MED-RAB-VAC,2026-09-10,1.0,0,32.6,swasthya-demand-v1.0
PHC-BR-PAT-005,MED-ASV-VIAL,2026-08-28,1.0,0,86.0,swasthya-demand-v1.0
PHC-BR-PAT-005,MED-ASV-VIAL,2026-08-29,1.0,0,85.0,swasthya-demand-v1.0
PHC-BR-PAT-005,MED-ASV-VIAL,2026-08-30,1.0,0,84.0,swasthya-demand-v1.0
PHC-BR-PAT-005,MED-ASV-VIAL,2026-08-31,9.4,0,74.6,swasthya-demand-v1.0
PHC-BR-PAT-005,MED-ASV-VIAL,2026-09-01,1.0,0,73.6,swasthya-demand-v1.0
PHC-BR-PAT-005,MED-ASV-VIAL,2026-09-02,1.0,0,72.6,swasthya-demand-v1.0
PHC-BR-PAT-005,MED-ASV-VIAL,2026-09-03,1.0,0,71.6,swasthya-demand-v1.0
PHC-BR-PAT-005,MED-ASV-VIAL,2026-09-04,1.0,0,70.6,swasthya-demand-v1.0
PHC-BR-PAT-005,MED-ASV-VIAL,2026-09-05,1.0,0,69.6,swasthya-demand-v1.0
PHC-BR-PAT-005,MED-ASV-VIAL,2026-09-06,1.0,0,68.6,swasthya-demand-v1.0
PHC-BR-PAT-005,MED-ASV-VIAL,2026-09-07,9.3,0,59.3,swasthya-demand-v1.0
PHC-BR-PAT-005,MED-ASV-VIAL,2026-09-08,1.0,0,58.3,swasthya-demand-v1.0
PHC-BR-PAT-005,MED-ASV-VIAL,2026-09-09,1.0,0,57.3,swasthya-demand-v1.0
PHC-BR-PAT-005,MED-ASV-VIAL,2026-09-10,1.0,0,56.3,swasthya-demand-v1.0
PHC-BR-PAT-005,MED-INS-REG,2026-08-28,1.0,0,50.0,swasthya-demand-v1.0
PHC-BR-PAT-005,MED-INS-REG,2026-08-29,1.0,0,49.0,swasthya-demand-v1.0
PHC-BR-PAT-005,MED-INS-REG,2026-08-30,1.0,0,48.0,swasthya-demand-v1.0
PHC-BR-PAT-005,MED-INS-REG,2026-08-31,9.0,0,39.0,swasthya-demand-v1.0
PHC-BR-PAT-005,MED-INS-REG,2026-09-01,1.0,0,38.0,swasthya-demand-v1.0
PHC-BR-PAT-005,MED-INS-REG,2026-09-02,1.0,0,37.0,swasthya-demand-v1.0
PHC-BR-PAT-005,MED-INS-REG,2026-09-03,1.0,0,36.0,swasthya-demand-v1.0
PHC-BR-PAT-005,MED-INS-REG,2026-09-04,1.0,0,35.0,swasthya-demand-v1.0
PHC-BR-PAT-005,MED-INS-REG,2026-09-05,1.0,0,34.0,swasthya-demand-v1.0
PHC-BR-PAT-005,MED-INS-REG,2026-09-06,1.0,0,33.0,swasthya-demand-v1.0
PHC-BR-PAT-005,MED-INS-REG,2026-09-07,9.2,0,23.8,swasthya-demand-v1.0
PHC-BR-PAT-005,MED-INS-REG,2026-09-08,1.0,0,22.8,swasthya-demand-v1.0
PHC-BR-PAT-005,MED-INS-REG,2026-09-09,1.0,0,21.8,swasthya-demand-v1.0
PHC-BR-PAT-005,MED-INS-REG,2026-09-10,1.0,0,20.8,swasthya-demand-v1.0
PHC-BR-PAT-005,MED-MET-500,2026-08-28,5.2,0,0.0,swasthya-demand-v1.0
PHC-BR-PAT-005,MED-MET-500,2026-08-29,1.0,0,0.0,swasthya-demand-v1.0
PHC-BR-PAT-005,MED-MET-500,2026-08-30,1.0,462,454.8,swasthya-demand-v1.0
PHC-BR-PAT-005,MED-MET-500,2026-08-31,8.4,0,446.4,swasthya-demand-v1.0
PHC-BR-PAT-005,MED-MET-500,2026-09-01,1.0,0,445.4,swasthya-demand-v1.0
PHC-BR-PAT-005,MED-MET-500,2026-09-02,1.0,0,444.4,swasthya-demand-v1.0
PHC-BR-PAT-005,MED-MET-500,2026-09-03,1.0,0,443.4,swasthya-demand-v1.0
PHC-BR-PAT-005,MED-MET-500,2026-09-04,1.0,0,442.4,swasthya-demand-v1.0
PHC-BR-PAT-005,MED-MET-500,2026-09-05,1.0,0,441.4,swasthya-demand-v1.0
PHC-BR-PAT-005,MED-MET-500,2026-09-06,1.0,0,440.4,swasthya-demand-v1.0
PHC-BR-PAT-005,MED-MET-500,2026-09-07,8.3,0,432.1,swasthya-demand-v1.0
PHC-BR-PAT-005,MED-MET-500,2026-09-08,1.0,0,431.1,swasthya-demand-v1.0
PHC-BR-PAT-005,MED-MET-500,2026-09-09,1.0,0,430.1,swasthya-demand-v1.0
PHC-BR-PAT-005,MED-MET-500,2026-09-10,1.0,0,429.1,swasthya-demand-v1.0
PHC-BR-PAT-005,MED-OXY-AMP,2026-08-28,1.0,0,44.0,swasthya-demand-v1.0
PHC-BR-PAT-005,MED-OXY-AMP,2026-08-29,1.0,0,43.0,swasthya-demand-v1.0
PHC-BR-PAT-005,MED-OXY-AMP,2026-08-30,1.0,0,42.0,swasthya-demand-v1.0
PHC-BR-PAT-005,MED-OXY-AMP,2026-08-31,9.0,0,33.0,swasthya-demand-v1.0
PHC-BR-PAT-005,MED-OXY-AMP,2026-09-01,1.0,0,32.0,swasthya-demand-v1.0
PHC-BR-PAT-005,MED-OXY-AMP,2026-09-02,1.0,0,31.0,swasthya-demand-v1.0
PHC-BR-PAT-005,MED-OXY-AMP,2026-09-03,1.0,0,30.0,swasthya-demand-v1.0
PHC-BR-PAT-005,MED-OXY-AMP,2026-09-04,1.0,0,29.0,swasthya-demand-v1.0
PHC-BR-PAT-005,MED-OXY-AMP,2026-09-05,1.0,0,28.0,swasthya-demand-v1.0
PHC-BR-PAT-005,MED-OXY-AMP,2026-09-06,1.0,0,27.0,swasthya-demand-v1.0
PHC-BR-PAT-005,MED-OXY-AMP,2026-09-07,9.1,0,17.9,swasthya-demand-v1.0
PHC-BR-PAT-005,MED-OXY-AMP,2026-09-08,1.0,0,16.9,swasthya-demand-v1.0
PHC-BR-PAT-005,MED-OXY-AMP,2026-09-09,1.0,0,15.9,swasthya-demand-v1.0
PHC-BR-PAT-005,MED-OXY-AMP,2026-09-10,1.0,0,14.9,swasthya-demand-v1.0
PHC-BR-PAT-005,MED-MGS-50,2026-08-28,1.0,0,71.0,swasthya-demand-v1.0
PHC-BR-PAT-005,MED-MGS-50,2026-08-29,1.0,0,70.0,swasthya-demand-v1.0
PHC-BR-PAT-005,MED-MGS-50,2026-08-30,1.0,0,69.0,swasthya-demand-v1.0
PHC-BR-PAT-005,MED-MGS-50,2026-08-31,9.2,0,59.8,swasthya-demand-v1.0
PHC-BR-PAT-005,MED-MGS-50,2026-09-01,1.0,0,58.8,swasthya-demand-v1.0
PHC-BR-PAT-005,MED-MGS-50,2026-09-02,1.0,0,57.8,swasthya-demand-v1.0
PHC-BR-PAT-005,MED-MGS-50,2026-09-03,1.0,0,56.8,swasthya-demand-v1.0
PHC-BR-PAT-005,MED-MGS-50,2026-09-04,1.0,0,55.8,swasthya-demand-v1.0
PHC-BR-PAT-005,MED-MGS-50,2026-09-05,1.0,0,54.8,swasthya-demand-v1.0
PHC-BR-PAT-005,MED-MGS-50,2026-09-06,1.0,0,53.8,swasthya-demand-v1.0
PHC-BR-PAT-005,MED-MGS-50,2026-09-07,9.2,0,44.6,swasthya-demand-v1.0
PHC-BR-PAT-005,MED-MGS-50,2026-09-08,1.0,0,43.6,swasthya-demand-v1.0
PHC-BR-PAT-005,MED-MGS-50,2026-09-09,1.0,0,42.6,swasthya-demand-v1.0
PHC-BR-PAT-005,MED-MGS-50,2026-09-10,1.0,0,41.6,swasthya-demand-v1.0
PHC-BR-PAT-005,MED-IVF-NS500,2026-08-28,1.0,0,0.0,swasthya-demand-v1.0
PHC-BR-PAT-005,MED-IVF-NS500,2026-08-29,1.0,0,0.0,swasthya-demand-v1.0
PHC-BR-PAT-005,MED-IVF-NS500,2026-08-30,1.0,280,277.0,swasthya-demand-v1.0
PHC-BR-PAT-005,MED-IVF-NS500,2026-08-31,7.3,0,269.7,swasthya-demand-v1.0
PHC-BR-PAT-005,MED-IVF-NS500,2026-09-01,1.0,0,268.7,swasthya-demand-v1.0
PHC-BR-PAT-005,MED-IVF-NS500,2026-09-02,1.0,0,267.7,swasthya-demand-v1.0
PHC-BR-PAT-005,MED-IVF-NS500,2026-09-03,1.0,0,266.7,swasthya-demand-v1.0
PHC-BR-PAT-005,MED-IVF-NS500,2026-09-04,1.0,0,265.7,swasthya-demand-v1.0
PHC-BR-PAT-005,MED-IVF-NS500,2026-09-05,1.0,0,264.7,swasthya-demand-v1.0
PHC-BR-PAT-005,MED-IVF-NS500,2026-09-06,1.0,0,263.7,swasthya-demand-v1.0
PHC-BR-PAT-005,MED-IVF-NS500,2026-09-07,8.6,0,255.1,swasthya-demand-v1.0
PHC-BR-PAT-005,MED-IVF-NS500,2026-09-08,1.0,0,254.1,swasthya-demand-v1.0
PHC-BR-PAT-005,MED-IVF-NS500,2026-09-09,1.0,0,253.1,swasthya-demand-v1.0
PHC-BR-PAT-005,MED-IVF-NS500,2026-09-10,1.0,0,252.1,swasthya-demand-v1.0
PHC-BR-PAT-005,MED-IVF-RL500,2026-08-28,1.0,0,0.0,swasthya-demand-v1.0
PHC-BR-PAT-005,MED-IVF-RL500,2026-08-29,1.0,0,0.0,swasthya-demand-v1.0
PHC-BR-PAT-005,MED-IVF-RL500,2026-08-30,1.0,0,0.0,swasthya-demand-v1.0
PHC-BR-PAT-005,MED-IVF-RL500,2026-08-31,8.4,224,212.6,swasthya-demand-v1.0
PHC-BR-PAT-005,MED-IVF-RL500,2026-09-01,1.0,0,211.6,swasthya-demand-v1.0
PHC-BR-PAT-005,MED-IVF-RL500,2026-09-02,1.0,0,210.6,swasthya-demand-v1.0
PHC-BR-PAT-005,MED-IVF-RL500,2026-09-03,1.0,0,209.6,swasthya-demand-v1.0
PHC-BR-PAT-005,MED-IVF-RL500,2026-09-04,1.0,0,208.6,swasthya-demand-v1.0
PHC-BR-PAT-005,MED-IVF-RL500,2026-09-05,1.0,0,207.6,swasthya-demand-v1.0
PHC-BR-PAT-005,MED-IVF-RL500,2026-09-06,1.0,0,206.6,swasthya-demand-v1.0
PHC-BR-PAT-005,MED-IVF-RL500,2026-09-07,8.9,0,197.7,swasthya-demand-v1.0
PHC-BR-PAT-005,MED-IVF-RL500,2026-09-08,1.0,0,196.7,swasthya-demand-v1.0
PHC-BR-PAT-005,MED-IVF-RL500,2026-09-09,1.0,0,195.7,swasthya-demand-v1.0
PHC-BR-PAT-005,MED-IVF-RL500,2026-09-10,1.0,0,194.7,swasthya-demand-v1.0
PHC-BR-PAT-005,MED-IVF-D5500,2026-08-28,1.0,0,11.0,swasthya-demand-v1.0
PHC-BR-PAT-005,MED-IVF-D5500,2026-08-29,1.0,0,10.0,swasthya-demand-v1.0
PHC-BR-PAT-005,MED-IVF-D5500,2026-08-30,1.0,0,9.0,swasthya-demand-v1.0
PHC-BR-PAT-005,MED-IVF-D5500,2026-08-31,8.7,0,0.3,swasthya-demand-v1.0
PHC-BR-PAT-005,MED-IVF-D5500,2026-09-01,1.0,140,139.3,swasthya-demand-v1.0
PHC-BR-PAT-005,MED-IVF-D5500,2026-09-02,1.0,0,138.3,swasthya-demand-v1.0
PHC-BR-PAT-005,MED-IVF-D5500,2026-09-03,1.0,0,137.3,swasthya-demand-v1.0
PHC-BR-PAT-005,MED-IVF-D5500,2026-09-04,1.0,0,136.3,swasthya-demand-v1.0
PHC-BR-PAT-005,MED-IVF-D5500,2026-09-05,1.0,0,135.3,swasthya-demand-v1.0
PHC-BR-PAT-005,MED-IVF-D5500,2026-09-06,1.0,0,134.3,swasthya-demand-v1.0
PHC-BR-PAT-005,MED-IVF-D5500,2026-09-07,9.0,0,125.3,swasthya-demand-v1.0
PHC-BR-PAT-005,MED-IVF-D5500,2026-09-08,1.0,0,124.3,swasthya-demand-v1.0
PHC-BR-PAT-005,MED-IVF-D5500,2026-09-09,1.0,0,123.3,swasthya-demand-v1.0
PHC-BR-PAT-005,MED-IVF-D5500,2026-09-10,1.0,0,122.3,swasthya-demand-v1.0
PHC-BR-PAT-005,MED-ART-60,2026-08-28,1.0,0,69.0,swasthya-demand-v1.0
PHC-BR-PAT-005,MED-ART-60,2026-08-29,1.0,0,68.0,swasthya-demand-v1.0
PHC-BR-PAT-005,MED-ART-60,2026-08-30,1.0,0,67.0,swasthya-demand-v1.0
PHC-BR-PAT-005,MED-ART-60,2026-08-31,9.2,0,57.8,swasthya-demand-v1.0
PHC-BR-PAT-005,MED-ART-60,2026-09-01,1.0,0,56.8,swasthya-demand-v1.0
PHC-BR-PAT-005,MED-ART-60,2026-09-02,1.0,0,55.8,swasthya-demand-v1.0
PHC-BR-PAT-005,MED-ART-60,2026-09-03,1.0,0,54.8,swasthya-demand-v1.0
PHC-BR-PAT-005,MED-ART-60,2026-09-04,1.0,0,53.8,swasthya-demand-v1.0
PHC-BR-PAT-005,MED-ART-60,2026-09-05,1.0,0,52.8,swasthya-demand-v1.0
PHC-BR-PAT-005,MED-ART-60,2026-09-06,1.0,0,51.8,swasthya-demand-v1.0
PHC-BR-PAT-005,MED-ART-60,2026-09-07,9.2,0,42.6,swasthya-demand-v1.0
PHC-BR-PAT-005,MED-ART-60,2026-09-08,1.0,0,41.6,swasthya-demand-v1.0
PHC-BR-PAT-005,MED-ART-60,2026-09-09,1.0,0,40.6,swasthya-demand-v1.0
PHC-BR-PAT-005,MED-ART-60,2026-09-10,1.0,0,39.6,swasthya-demand-v1.0
PHC-BR-PAT-005,MED-ALB-400,2026-08-28,1.0,0,11.0,swasthya-demand-v1.0
PHC-BR-PAT-005,MED-ALB-400,2026-08-29,1.0,0,10.0,swasthya-demand-v1.0
PHC-BR-PAT-005,MED-ALB-400,2026-08-30,1.0,0,9.0,swasthya-demand-v1.0
PHC-BR-PAT-005,MED-ALB-400,2026-08-31,8.6,0,0.4,swasthya-demand-v1.0
PHC-BR-PAT-005,MED-ALB-400,2026-09-01,1.0,140,139.4,swasthya-demand-v1.0
PHC-BR-PAT-005,MED-ALB-400,2026-09-02,1.0,0,138.4,swasthya-demand-v1.0
PHC-BR-PAT-005,MED-ALB-400,2026-09-03,1.0,0,137.4,swasthya-demand-v1.0
PHC-BR-PAT-005,MED-ALB-400,2026-09-04,1.0,0,136.4,swasthya-demand-v1.0
PHC-BR-PAT-005,MED-ALB-400,2026-09-05,1.0,0,135.4,swasthya-demand-v1.0
PHC-BR-PAT-005,MED-ALB-400,2026-09-06,1.0,0,134.4,swasthya-demand-v1.0
PHC-BR-PAT-005,MED-ALB-400,2026-09-07,9.0,0,125.4,swasthya-demand-v1.0
PHC-BR-PAT-005,MED-ALB-400,2026-09-08,1.0,0,124.4,swasthya-demand-v1.0
PHC-BR-PAT-005,MED-ALB-400,2026-09-09,1.0,0,123.4,swasthya-demand-v1.0
PHC-BR-PAT-005,MED-ALB-400,2026-09-10,1.0,0,122.4,swasthya-demand-v1.0
PHC-BR-PAT-005,MED-IFA-TAB,2026-08-28,3.2,518,514.8,swasthya-demand-v1.0
PHC-BR-PAT-005,MED-IFA-TAB,2026-08-29,1.0,0,513.8,swasthya-demand-v1.0
PHC-BR-PAT-005,MED-IFA-TAB,2026-08-30,1.0,0,512.8,swasthya-demand-v1.0
PHC-BR-PAT-005,MED-IFA-TAB,2026-08-31,7.7,0,505.1,swasthya-demand-v1.0
PHC-BR-PAT-005,MED-IFA-TAB,2026-09-01,1.0,0,504.1,swasthya-demand-v1.0
PHC-BR-PAT-005,MED-IFA-TAB,2026-09-02,1.0,0,503.1,swasthya-demand-v1.0
PHC-BR-PAT-005,MED-IFA-TAB,2026-09-03,1.0,0,502.1,swasthya-demand-v1.0
PHC-BR-PAT-005,MED-IFA-TAB,2026-09-04,1.0,0,501.1,swasthya-demand-v1.0
PHC-BR-PAT-005,MED-IFA-TAB,2026-09-05,1.0,0,500.1,swasthya-demand-v1.0
PHC-BR-PAT-005,MED-IFA-TAB,2026-09-06,1.0,0,499.1,swasthya-demand-v1.0
PHC-BR-PAT-005,MED-IFA-TAB,2026-09-07,8.3,0,490.8,swasthya-demand-v1.0
PHC-BR-PAT-005,MED-IFA-TAB,2026-09-08,1.0,0,489.8,swasthya-demand-v1.0
PHC-BR-PAT-005,MED-IFA-TAB,2026-09-09,1.0,0,488.8,swasthya-demand-v1.0
PHC-BR-PAT-005,MED-IFA-TAB,2026-09-10,1.0,0,487.8,swasthya-demand-v1.0
CHC-BR-PAT-001,MED-PCM-500,2026-08-28,363.5,0,0.0,swasthya-demand-v1.0
CHC-BR-PAT-001,MED-PCM-500,2026-08-29,322.7,0,0.0,swasthya-demand-v1.0
CHC-BR-PAT-001,MED-PCM-500,2026-08-30,268.3,2534,1579.5,swasthya-demand-v1.0
CHC-BR-PAT-001,MED-PCM-500,2026-08-31,291.5,0,1288.0,swasthya-demand-v1.0
CHC-BR-PAT-001,MED-PCM-500,2026-09-01,244.4,0,1043.6,swasthya-demand-v1.0
CHC-BR-PAT-001,MED-PCM-500,2026-09-02,207.4,0,836.2,swasthya-demand-v1.0
CHC-BR-PAT-001,MED-PCM-500,2026-09-03,175.7,0,660.5,swasthya-demand-v1.0
CHC-BR-PAT-001,MED-PCM-500,2026-09-04,128.4,0,532.1,swasthya-demand-v1.0
CHC-BR-PAT-001,MED-PCM-500,2026-09-05,80.5,0,451.6,swasthya-demand-v1.0
CHC-BR-PAT-001,MED-PCM-500,2026-09-06,29.1,0,422.5,swasthya-demand-v1.0
CHC-BR-PAT-001,MED-PCM-500,2026-09-07,71.7,0,350.8,swasthya-demand-v1.0
CHC-BR-PAT-001,MED-PCM-500,2026-09-08,30.1,0,320.7,swasthya-demand-v1.0
CHC-BR-PAT-001,MED-PCM-500,2026-09-09,2.4,0,318.3,swasthya-demand-v1.0
CHC-BR-PAT-001,MED-PCM-500,2026-09-10,1.0,0,317.3,swasthya-demand-v1.0
CHC-BR-PAT-001,MED-PCM-SYR,2026-08-28,103.0,0,0.0,swasthya-demand-v1.0
CHC-BR-PAT-001,MED-PCM-SYR,2026-08-29,64.7,0,0.0,swasthya-demand-v1.0
CHC-BR-PAT-001,MED-PCM-SYR,2026-08-30,18.4,0,0.0,swasthya-demand-v1.0
CHC-BR-PAT-001,MED-PCM-SYR,2026-08-31,60.7,1008,761.2,swasthya-demand-v1.0
CHC-BR-PAT-001,MED-PCM-SYR,2026-09-01,22.5,0,738.7,swasthya-demand-v1.0
CHC-BR-PAT-001,MED-PCM-SYR,2026-09-02,1.0,0,737.7,swasthya-demand-v1.0
CHC-BR-PAT-001,MED-PCM-SYR,2026-09-03,1.0,0,736.7,swasthya-demand-v1.0
CHC-BR-PAT-001,MED-PCM-SYR,2026-09-04,1.0,0,735.7,swasthya-demand-v1.0
CHC-BR-PAT-001,MED-PCM-SYR,2026-09-05,1.0,0,734.7,swasthya-demand-v1.0
CHC-BR-PAT-001,MED-PCM-SYR,2026-09-06,1.0,0,733.7,swasthya-demand-v1.0
CHC-BR-PAT-001,MED-PCM-SYR,2026-09-07,5.5,0,728.2,swasthya-demand-v1.0
CHC-BR-PAT-001,MED-PCM-SYR,2026-09-08,1.0,0,727.2,swasthya-demand-v1.0
CHC-BR-PAT-001,MED-PCM-SYR,2026-09-09,1.0,0,726.2,swasthya-demand-v1.0
CHC-BR-PAT-001,MED-PCM-SYR,2026-09-10,1.0,0,725.2,swasthya-demand-v1.0
CHC-BR-PAT-001,MED-AMX-500,2026-08-28,151.6,0,0.0,swasthya-demand-v1.0
CHC-BR-PAT-001,MED-AMX-500,2026-08-29,114.9,0,0.0,swasthya-demand-v1.0
CHC-BR-PAT-001,MED-AMX-500,2026-08-30,67.3,1232,898.2,swasthya-demand-v1.0
CHC-BR-PAT-001,MED-AMX-500,2026-08-31,104.0,0,794.2,swasthya-demand-v1.0
CHC-BR-PAT-001,MED-AMX-500,2026-09-01,64.4,0,729.8,swasthya-demand-v1.0
CHC-BR-PAT-001,MED-AMX-500,2026-09-02,36.0,0,693.8,swasthya-demand-v1.0
CHC-BR-PAT-001,MED-AMX-500,2026-09-03,13.5,0,680.3,swasthya-demand-v1.0
CHC-BR-PAT-001,MED-AMX-500,2026-09-04,1.0,0,679.3,swasthya-demand-v1.0
CHC-BR-PAT-001,MED-AMX-500,2026-09-05,1.0,0,678.3,swasthya-demand-v1.0
CHC-BR-PAT-001,MED-AMX-500,2026-09-06,1.0,0,677.3,swasthya-demand-v1.0
CHC-BR-PAT-001,MED-AMX-500,2026-09-07,4.0,0,673.3,swasthya-demand-v1.0
CHC-BR-PAT-001,MED-AMX-500,2026-09-08,1.0,0,672.3,swasthya-demand-v1.0
CHC-BR-PAT-001,MED-AMX-500,2026-09-09,1.0,0,671.3,swasthya-demand-v1.0
CHC-BR-PAT-001,MED-AMX-500,2026-09-10,1.0,0,670.3,swasthya-demand-v1.0
CHC-BR-PAT-001,MED-AMC-625,2026-08-28,42.1,0,0.0,swasthya-demand-v1.0
CHC-BR-PAT-001,MED-AMC-625,2026-08-29,10.3,784,731.6,swasthya-demand-v1.0
CHC-BR-PAT-001,MED-AMC-625,2026-08-30,1.0,0,730.6,swasthya-demand-v1.0
CHC-BR-PAT-001,MED-AMC-625,2026-08-31,22.3,0,708.3,swasthya-demand-v1.0
CHC-BR-PAT-001,MED-AMC-625,2026-09-01,1.0,0,707.3,swasthya-demand-v1.0
CHC-BR-PAT-001,MED-AMC-625,2026-09-02,1.0,0,706.3,swasthya-demand-v1.0
CHC-BR-PAT-001,MED-AMC-625,2026-09-03,1.0,0,705.3,swasthya-demand-v1.0
CHC-BR-PAT-001,MED-AMC-625,2026-09-04,1.0,0,704.3,swasthya-demand-v1.0
CHC-BR-PAT-001,MED-AMC-625,2026-09-05,1.0,0,703.3,swasthya-demand-v1.0
CHC-BR-PAT-001,MED-AMC-625,2026-09-06,1.0,0,702.3,swasthya-demand-v1.0
CHC-BR-PAT-001,MED-AMC-625,2026-09-07,7.5,0,694.8,swasthya-demand-v1.0
CHC-BR-PAT-001,MED-AMC-625,2026-09-08,1.0,0,693.8,swasthya-demand-v1.0
CHC-BR-PAT-001,MED-AMC-625,2026-09-09,1.0,0,692.8,swasthya-demand-v1.0
CHC-BR-PAT-001,MED-AMC-625,2026-09-10,1.0,0,691.8,swasthya-demand-v1.0
CHC-BR-PAT-001,MED-ORS-SFT,2026-08-28,243.3,0,0.0,swasthya-demand-v1.0
CHC-BR-PAT-001,MED-ORS-SFT,2026-08-29,206.8,1792,1341.9,swasthya-demand-v1.0
CHC-BR-PAT-001,MED-ORS-SFT,2026-08-30,145.9,0,1196.0,swasthya-demand-v1.0
CHC-BR-PAT-001,MED-ORS-SFT,2026-08-31,184.0,0,1012.0,swasthya-demand-v1.0
CHC-BR-PAT-001,MED-ORS-SFT,2026-09-01,140.5,0,871.5,swasthya-demand-v1.0
CHC-BR-PAT-001,MED-ORS-SFT,2026-09-02,107.2,0,764.3,swasthya-demand-v1.0
CHC-BR-PAT-001,MED-ORS-SFT,2026-09-03,82.5,0,681.8,swasthya-demand-v1.0
CHC-BR-PAT-001,MED-ORS-SFT,2026-09-04,39.3,0,642.5,swasthya-demand-v1.0
CHC-BR-PAT-001,MED-ORS-SFT,2026-09-05,1.0,0,641.5,swasthya-demand-v1.0
CHC-BR-PAT-001,MED-ORS-SFT,2026-09-06,1.0,0,640.5,swasthya-demand-v1.0
CHC-BR-PAT-001,MED-ORS-SFT,2026-09-07,13.6,0,626.9,swasthya-demand-v1.0
CHC-BR-PAT-001,MED-ORS-SFT,2026-09-08,1.0,0,625.9,swasthya-demand-v1.0
CHC-BR-PAT-001,MED-ORS-SFT,2026-09-09,1.0,0,624.9,swasthya-demand-v1.0
CHC-BR-PAT-001,MED-ORS-SFT,2026-09-10,1.0,0,623.9,swasthya-demand-v1.0
CHC-BR-PAT-001,MED-ZNC-20,2026-08-28,49.7,0,0.0,swasthya-demand-v1.0
CHC-BR-PAT-001,MED-ZNC-20,2026-08-29,15.1,0,0.0,swasthya-demand-v1.0
CHC-BR-PAT-001,MED-ZNC-20,2026-08-30,1.0,0,0.0,swasthya-demand-v1.0
CHC-BR-PAT-001,MED-ZNC-20,2026-08-31,23.6,896,806.6,swasthya-demand-v1.0
CHC-BR-PAT-001,MED-ZNC-20,2026-09-01,1.0,0,805.6,swasthya-demand-v1.0
CHC-BR-PAT-001,MED-ZNC-20,2026-09-02,1.0,0,804.6,swasthya-demand-v1.0
CHC-BR-PAT-001,MED-ZNC-20,2026-09-03,1.0,0,803.6,swasthya-demand-v1.0
CHC-BR-PAT-001,MED-ZNC-20,2026-09-04,1.0,0,802.6,swasthya-demand-v1.0
CHC-BR-PAT-001,MED-ZNC-20,2026-09-05,1.0,0,801.6,swasthya-demand-v1.0
CHC-BR-PAT-001,MED-ZNC-20,2026-09-06,1.0,0,800.6,swasthya-demand-v1.0
CHC-BR-PAT-001,MED-ZNC-20,2026-09-07,7.0,0,793.6,swasthya-demand-v1.0
CHC-BR-PAT-001,MED-ZNC-20,2026-09-08,1.0,0,792.6,swasthya-demand-v1.0
CHC-BR-PAT-001,MED-ZNC-20,2026-09-09,1.0,0,791.6,swasthya-demand-v1.0
CHC-BR-PAT-001,MED-ZNC-20,2026-09-10,1.0,0,790.6,swasthya-demand-v1.0
CHC-BR-PAT-001,MED-AZI-500,2026-08-28,27.7,0,0.0,swasthya-demand-v1.0
CHC-BR-PAT-001,MED-AZI-500,2026-08-29,1.0,0,0.0,swasthya-demand-v1.0
CHC-BR-PAT-001,MED-AZI-500,2026-08-30,1.0,672,642.3,swasthya-demand-v1.0
CHC-BR-PAT-001,MED-AZI-500,2026-08-31,14.7,0,627.6,swasthya-demand-v1.0
CHC-BR-PAT-001,MED-AZI-500,2026-09-01,1.0,0,626.6,swasthya-demand-v1.0
CHC-BR-PAT-001,MED-AZI-500,2026-09-02,1.0,0,625.6,swasthya-demand-v1.0
CHC-BR-PAT-001,MED-AZI-500,2026-09-03,1.0,0,624.6,swasthya-demand-v1.0
CHC-BR-PAT-001,MED-AZI-500,2026-09-04,1.0,0,623.6,swasthya-demand-v1.0
CHC-BR-PAT-001,MED-AZI-500,2026-09-05,1.0,0,622.6,swasthya-demand-v1.0
CHC-BR-PAT-001,MED-AZI-500,2026-09-06,1.0,0,621.6,swasthya-demand-v1.0
CHC-BR-PAT-001,MED-AZI-500,2026-09-07,7.8,0,613.8,swasthya-demand-v1.0
CHC-BR-PAT-001,MED-AZI-500,2026-09-08,1.0,0,612.8,swasthya-demand-v1.0
CHC-BR-PAT-001,MED-AZI-500,2026-09-09,1.0,0,611.8,swasthya-demand-v1.0
CHC-BR-PAT-001,MED-AZI-500,2026-09-10,1.0,0,610.8,swasthya-demand-v1.0
CHC-BR-PAT-001,MED-CTX-1G,2026-08-28,2.0,0,0.0,swasthya-demand-v1.0
CHC-BR-PAT-001,MED-CTX-1G,2026-08-29,1.0,336,333.0,swasthya-demand-v1.0
CHC-BR-PAT-001,MED-CTX-1G,2026-08-30,1.0,0,332.0,swasthya-demand-v1.0
CHC-BR-PAT-001,MED-CTX-1G,2026-08-31,7.7,0,324.3,swasthya-demand-v1.0
CHC-BR-PAT-001,MED-CTX-1G,2026-09-01,1.0,0,323.3,swasthya-demand-v1.0
CHC-BR-PAT-001,MED-CTX-1G,2026-09-02,1.0,0,322.3,swasthya-demand-v1.0
CHC-BR-PAT-001,MED-CTX-1G,2026-09-03,1.0,0,321.3,swasthya-demand-v1.0
CHC-BR-PAT-001,MED-CTX-1G,2026-09-04,1.0,0,320.3,swasthya-demand-v1.0
CHC-BR-PAT-001,MED-CTX-1G,2026-09-05,1.0,0,319.3,swasthya-demand-v1.0
CHC-BR-PAT-001,MED-CTX-1G,2026-09-06,1.0,0,318.3,swasthya-demand-v1.0
CHC-BR-PAT-001,MED-CTX-1G,2026-09-07,8.4,0,309.9,swasthya-demand-v1.0
CHC-BR-PAT-001,MED-CTX-1G,2026-09-08,1.0,0,308.9,swasthya-demand-v1.0
CHC-BR-PAT-001,MED-CTX-1G,2026-09-09,1.0,0,307.9,swasthya-demand-v1.0
CHC-BR-PAT-001,MED-CTX-1G,2026-09-10,1.0,0,306.9,swasthya-demand-v1.0
CHC-BR-PAT-001,MED-RAB-VAC,2026-08-28,1.0,0,0.0,swasthya-demand-v1.0
CHC-BR-PAT-001,MED-RAB-VAC,2026-08-29,1.0,196,194.0,swasthya-demand-v1.0
CHC-BR-PAT-001,MED-RAB-VAC,2026-08-30,1.0,0,193.0,swasthya-demand-v1.0
CHC-BR-PAT-001,MED-RAB-VAC,2026-08-31,8.6,0,184.4,swasthya-demand-v1.0
CHC-BR-PAT-001,MED-RAB-VAC,2026-09-01,1.0,0,183.4,swasthya-demand-v1.0
CHC-BR-PAT-001,MED-RAB-VAC,2026-09-02,1.0,0,182.4,swasthya-demand-v1.0
CHC-BR-PAT-001,MED-RAB-VAC,2026-09-03,1.0,0,181.4,swasthya-demand-v1.0
CHC-BR-PAT-001,MED-RAB-VAC,2026-09-04,1.0,0,180.4,swasthya-demand-v1.0
CHC-BR-PAT-001,MED-RAB-VAC,2026-09-05,1.0,0,179.4,swasthya-demand-v1.0
CHC-BR-PAT-001,MED-RAB-VAC,2026-09-06,1.0,0,178.4,swasthya-demand-v1.0
CHC-BR-PAT-001,MED-RAB-VAC,2026-09-07,8.9,0,169.5,swasthya-demand-v1.0
CHC-BR-PAT-001,MED-RAB-VAC,2026-09-08,1.0,0,168.5,swasthya-demand-v1.0
CHC-BR-PAT-001,MED-RAB-VAC,2026-09-09,1.0,0,167.5,swasthya-demand-v1.0
CHC-BR-PAT-001,MED-RAB-VAC,2026-09-10,1.0,0,166.5,swasthya-demand-v1.0
CHC-BR-PAT-001,MED-ASV-VIAL,2026-08-28,1.0,0,57.0,swasthya-demand-v1.0
CHC-BR-PAT-001,MED-ASV-VIAL,2026-08-29,1.0,0,56.0,swasthya-demand-v1.0
CHC-BR-PAT-001,MED-ASV-VIAL,2026-08-30,1.0,0,55.0,swasthya-demand-v1.0
CHC-BR-PAT-001,MED-ASV-VIAL,2026-08-31,9.1,0,45.9,swasthya-demand-v1.0
CHC-BR-PAT-001,MED-ASV-VIAL,2026-09-01,1.0,0,44.9,swasthya-demand-v1.0
CHC-BR-PAT-001,MED-ASV-VIAL,2026-09-02,1.0,0,43.9,swasthya-demand-v1.0
CHC-BR-PAT-001,MED-ASV-VIAL,2026-09-03,1.0,0,42.9,swasthya-demand-v1.0
CHC-BR-PAT-001,MED-ASV-VIAL,2026-09-04,1.0,0,41.9,swasthya-demand-v1.0
CHC-BR-PAT-001,MED-ASV-VIAL,2026-09-05,1.0,0,40.9,swasthya-demand-v1.0
CHC-BR-PAT-001,MED-ASV-VIAL,2026-09-06,1.0,0,39.9,swasthya-demand-v1.0
CHC-BR-PAT-001,MED-ASV-VIAL,2026-09-07,9.2,0,30.7,swasthya-demand-v1.0
CHC-BR-PAT-001,MED-ASV-VIAL,2026-09-08,1.0,0,29.7,swasthya-demand-v1.0
CHC-BR-PAT-001,MED-ASV-VIAL,2026-09-09,1.0,0,28.7,swasthya-demand-v1.0
CHC-BR-PAT-001,MED-ASV-VIAL,2026-09-10,1.0,0,27.7,swasthya-demand-v1.0
CHC-BR-PAT-001,MED-INS-REG,2026-08-28,1.0,224,223.0,swasthya-demand-v1.0
CHC-BR-PAT-001,MED-INS-REG,2026-08-29,1.0,0,222.0,swasthya-demand-v1.0
CHC-BR-PAT-001,MED-INS-REG,2026-08-30,1.0,0,221.0,swasthya-demand-v1.0
CHC-BR-PAT-001,MED-INS-REG,2026-08-31,8.4,0,212.6,swasthya-demand-v1.0
CHC-BR-PAT-001,MED-INS-REG,2026-09-01,1.0,0,211.6,swasthya-demand-v1.0
CHC-BR-PAT-001,MED-INS-REG,2026-09-02,1.0,0,210.6,swasthya-demand-v1.0
CHC-BR-PAT-001,MED-INS-REG,2026-09-03,1.0,0,209.6,swasthya-demand-v1.0
CHC-BR-PAT-001,MED-INS-REG,2026-09-04,1.0,0,208.6,swasthya-demand-v1.0
CHC-BR-PAT-001,MED-INS-REG,2026-09-05,1.0,0,207.6,swasthya-demand-v1.0
CHC-BR-PAT-001,MED-INS-REG,2026-09-06,1.0,0,206.6,swasthya-demand-v1.0
CHC-BR-PAT-001,MED-INS-REG,2026-09-07,8.9,0,197.7,swasthya-demand-v1.0
CHC-BR-PAT-001,MED-INS-REG,2026-09-08,1.0,0,196.7,swasthya-demand-v1.0
CHC-BR-PAT-001,MED-INS-REG,2026-09-09,1.0,0,195.7,swasthya-demand-v1.0
CHC-BR-PAT-001,MED-INS-REG,2026-09-10,1.0,0,194.7,swasthya-demand-v1.0
CHC-BR-PAT-001,MED-MET-500,2026-08-28,132.3,0,0.0,swasthya-demand-v1.0
CHC-BR-PAT-001,MED-MET-500,2026-08-29,104.7,1400,1163.0,swasthya-demand-v1.0
CHC-BR-PAT-001,MED-MET-500,2026-08-30,61.4,0,1101.6,swasthya-demand-v1.0
CHC-BR-PAT-001,MED-MET-500,2026-08-31,96.0,0,1005.6,swasthya-demand-v1.0
CHC-BR-PAT-001,MED-MET-500,2026-09-01,59.4,0,946.2,swasthya-demand-v1.0
CHC-BR-PAT-001,MED-MET-500,2026-09-02,32.5,0,913.7,swasthya-demand-v1.0
CHC-BR-PAT-001,MED-MET-500,2026-09-03,10.4,0,903.3,swasthya-demand-v1.0
CHC-BR-PAT-001,MED-MET-500,2026-09-04,1.0,0,902.3,swasthya-demand-v1.0
CHC-BR-PAT-001,MED-MET-500,2026-09-05,1.0,0,901.3,swasthya-demand-v1.0
CHC-BR-PAT-001,MED-MET-500,2026-09-06,1.0,0,900.3,swasthya-demand-v1.0
CHC-BR-PAT-001,MED-MET-500,2026-09-07,4.7,0,895.6,swasthya-demand-v1.0
CHC-BR-PAT-001,MED-MET-500,2026-09-08,1.0,0,894.6,swasthya-demand-v1.0
CHC-BR-PAT-001,MED-MET-500,2026-09-09,1.0,0,893.6,swasthya-demand-v1.0
CHC-BR-PAT-001,MED-MET-500,2026-09-10,1.0,0,892.6,swasthya-demand-v1.0
CHC-BR-PAT-001,MED-OXY-AMP,2026-08-28,1.0,0,0.0,swasthya-demand-v1.0
CHC-BR-PAT-001,MED-OXY-AMP,2026-08-29,1.0,0,0.0,swasthya-demand-v1.0
CHC-BR-PAT-001,MED-OXY-AMP,2026-08-30,1.0,0,0.0,swasthya-demand-v1.0
CHC-BR-PAT-001,MED-OXY-AMP,2026-08-31,7.8,280,269.2,swasthya-demand-v1.0
CHC-BR-PAT-001,MED-OXY-AMP,2026-09-01,1.0,0,268.2,swasthya-demand-v1.0
CHC-BR-PAT-001,MED-OXY-AMP,2026-09-02,1.0,0,267.2,swasthya-demand-v1.0
CHC-BR-PAT-001,MED-OXY-AMP,2026-09-03,1.0,0,266.2,swasthya-demand-v1.0
CHC-BR-PAT-001,MED-OXY-AMP,2026-09-04,1.0,0,265.2,swasthya-demand-v1.0
CHC-BR-PAT-001,MED-OXY-AMP,2026-09-05,1.0,0,264.2,swasthya-demand-v1.0
CHC-BR-PAT-001,MED-OXY-AMP,2026-09-06,1.0,0,263.2,swasthya-demand-v1.0
CHC-BR-PAT-001,MED-OXY-AMP,2026-09-07,8.7,0,254.5,swasthya-demand-v1.0
CHC-BR-PAT-001,MED-OXY-AMP,2026-09-08,1.0,0,253.5,swasthya-demand-v1.0
CHC-BR-PAT-001,MED-OXY-AMP,2026-09-09,1.0,0,252.5,swasthya-demand-v1.0
CHC-BR-PAT-001,MED-OXY-AMP,2026-09-10,1.0,0,251.5,swasthya-demand-v1.0
CHC-BR-PAT-001,MED-MGS-50,2026-08-28,1.0,0,14.0,swasthya-demand-v1.0
CHC-BR-PAT-001,MED-MGS-50,2026-08-29,1.0,140,153.0,swasthya-demand-v1.0
CHC-BR-PAT-001,MED-MGS-50,2026-08-30,1.0,0,152.0,swasthya-demand-v1.0
CHC-BR-PAT-001,MED-MGS-50,2026-08-31,8.8,0,143.2,swasthya-demand-v1.0
CHC-BR-PAT-001,MED-MGS-50,2026-09-01,1.0,0,142.2,swasthya-demand-v1.0
CHC-BR-PAT-001,MED-MGS-50,2026-09-02,1.0,0,141.2,swasthya-demand-v1.0
CHC-BR-PAT-001,MED-MGS-50,2026-09-03,1.0,0,140.2,swasthya-demand-v1.0
CHC-BR-PAT-001,MED-MGS-50,2026-09-04,1.0,0,139.2,swasthya-demand-v1.0
CHC-BR-PAT-001,MED-MGS-50,2026-09-05,1.0,0,138.2,swasthya-demand-v1.0
CHC-BR-PAT-001,MED-MGS-50,2026-09-06,1.0,0,137.2,swasthya-demand-v1.0
CHC-BR-PAT-001,MED-MGS-50,2026-09-07,9.0,0,128.2,swasthya-demand-v1.0
CHC-BR-PAT-001,MED-MGS-50,2026-09-08,1.0,0,127.2,swasthya-demand-v1.0
CHC-BR-PAT-001,MED-MGS-50,2026-09-09,1.0,0,126.2,swasthya-demand-v1.0
CHC-BR-PAT-001,MED-MGS-50,2026-09-10,1.0,0,125.2,swasthya-demand-v1.0
CHC-BR-PAT-001,MED-IVF-NS500,2026-08-28,79.8,0,0.0,swasthya-demand-v1.0
CHC-BR-PAT-001,MED-IVF-NS500,2026-08-29,46.2,0,0.0,swasthya-demand-v1.0
CHC-BR-PAT-001,MED-IVF-NS500,2026-08-30,1.0,0,0.0,swasthya-demand-v1.0
CHC-BR-PAT-001,MED-IVF-NS500,2026-08-31,42.8,840,670.2,swasthya-demand-v1.0
CHC-BR-PAT-001,MED-IVF-NS500,2026-09-01,6.2,0,664.0,swasthya-demand-v1.0
CHC-BR-PAT-001,MED-IVF-NS500,2026-09-02,1.0,0,663.0,swasthya-demand-v1.0
CHC-BR-PAT-001,MED-IVF-NS500,2026-09-03,1.0,0,662.0,swasthya-demand-v1.0
CHC-BR-PAT-001,MED-IVF-NS500,2026-09-04,1.0,0,661.0,swasthya-demand-v1.0
CHC-BR-PAT-001,MED-IVF-NS500,2026-09-05,1.0,0,660.0,swasthya-demand-v1.0
CHC-BR-PAT-001,MED-IVF-NS500,2026-09-06,1.0,0,659.0,swasthya-demand-v1.0
CHC-BR-PAT-001,MED-IVF-NS500,2026-09-07,6.2,0,652.8,swasthya-demand-v1.0
CHC-BR-PAT-001,MED-IVF-NS500,2026-09-08,1.0,0,651.8,swasthya-demand-v1.0
CHC-BR-PAT-001,MED-IVF-NS500,2026-09-09,1.0,0,650.8,swasthya-demand-v1.0
CHC-BR-PAT-001,MED-IVF-NS500,2026-09-10,1.0,0,649.8,swasthya-demand-v1.0
CHC-BR-PAT-001,MED-IVF-RL500,2026-08-28,36.2,672,635.8,swasthya-demand-v1.0
CHC-BR-PAT-001,MED-IVF-RL500,2026-08-29,5.8,0,630.0,swasthya-demand-v1.0
CHC-BR-PAT-001,MED-IVF-RL500,2026-08-30,1.0,0,629.0,swasthya-demand-v1.0
CHC-BR-PAT-001,MED-IVF-RL500,2026-08-31,18.5,0,610.5,swasthya-demand-v1.0
CHC-BR-PAT-001,MED-IVF-RL500,2026-09-01,1.0,0,609.5,swasthya-demand-v1.0
CHC-BR-PAT-001,MED-IVF-RL500,2026-09-02,1.0,0,608.5,swasthya-demand-v1.0
CHC-BR-PAT-001,MED-IVF-RL500,2026-09-03,1.0,0,607.5,swasthya-demand-v1.0
CHC-BR-PAT-001,MED-IVF-RL500,2026-09-04,1.0,0,606.5,swasthya-demand-v1.0
CHC-BR-PAT-001,MED-IVF-RL500,2026-09-05,1.0,0,605.5,swasthya-demand-v1.0
CHC-BR-PAT-001,MED-IVF-RL500,2026-09-06,1.0,0,604.5,swasthya-demand-v1.0
CHC-BR-PAT-001,MED-IVF-RL500,2026-09-07,7.6,0,596.9,swasthya-demand-v1.0
CHC-BR-PAT-001,MED-IVF-RL500,2026-09-08,1.0,0,595.9,swasthya-demand-v1.0
CHC-BR-PAT-001,MED-IVF-RL500,2026-09-09,1.0,0,594.9,swasthya-demand-v1.0
CHC-BR-PAT-001,MED-IVF-RL500,2026-09-10,1.0,0,593.9,swasthya-demand-v1.0
CHC-BR-PAT-001,MED-IVF-D5500,2026-08-28,5.3,0,0.0,swasthya-demand-v1.0
CHC-BR-PAT-001,MED-IVF-D5500,2026-08-29,1.0,0,0.0,swasthya-demand-v1.0
CHC-BR-PAT-001,MED-IVF-D5500,2026-08-30,1.0,448,440.7,swasthya-demand-v1.0
CHC-BR-PAT-001,MED-IVF-D5500,2026-08-31,8.6,0,432.1,swasthya-demand-v1.0
CHC-BR-PAT-001,MED-IVF-D5500,2026-09-01,1.0,0,431.1,swasthya-demand-v1.0
CHC-BR-PAT-001,MED-IVF-D5500,2026-09-02,1.0,0,430.1,swasthya-demand-v1.0
CHC-BR-PAT-001,MED-IVF-D5500,2026-09-03,1.0,0,429.1,swasthya-demand-v1.0
CHC-BR-PAT-001,MED-IVF-D5500,2026-09-04,1.0,0,428.1,swasthya-demand-v1.0
CHC-BR-PAT-001,MED-IVF-D5500,2026-09-05,1.0,0,427.1,swasthya-demand-v1.0
CHC-BR-PAT-001,MED-IVF-D5500,2026-09-06,1.0,0,426.1,swasthya-demand-v1.0
CHC-BR-PAT-001,MED-IVF-D5500,2026-09-07,8.3,0,417.8,swasthya-demand-v1.0
CHC-BR-PAT-001,MED-IVF-D5500,2026-09-08,1.0,0,416.8,swasthya-demand-v1.0
CHC-BR-PAT-001,MED-IVF-D5500,2026-09-09,1.0,0,415.8,swasthya-demand-v1.0
CHC-BR-PAT-001,MED-IVF-D5500,2026-09-10,1.0,0,414.8,swasthya-demand-v1.0
CHC-BR-PAT-001,MED-ART-60,2026-08-28,1.0,0,1.0,swasthya-demand-v1.0
CHC-BR-PAT-001,MED-ART-60,2026-08-29,1.0,0,0.0,swasthya-demand-v1.0
CHC-BR-PAT-001,MED-ART-60,2026-08-30,1.0,0,0.0,swasthya-demand-v1.0
CHC-BR-PAT-001,MED-ART-60,2026-08-31,8.7,168,158.3,swasthya-demand-v1.0
CHC-BR-PAT-001,MED-ART-60,2026-09-01,1.0,0,157.3,swasthya-demand-v1.0
CHC-BR-PAT-001,MED-ART-60,2026-09-02,1.0,0,156.3,swasthya-demand-v1.0
CHC-BR-PAT-001,MED-ART-60,2026-09-03,1.0,0,155.3,swasthya-demand-v1.0
CHC-BR-PAT-001,MED-ART-60,2026-09-04,1.0,0,154.3,swasthya-demand-v1.0
CHC-BR-PAT-001,MED-ART-60,2026-09-05,1.0,0,153.3,swasthya-demand-v1.0
CHC-BR-PAT-001,MED-ART-60,2026-09-06,1.0,0,152.3,swasthya-demand-v1.0
CHC-BR-PAT-001,MED-ART-60,2026-09-07,9.0,0,143.3,swasthya-demand-v1.0
CHC-BR-PAT-001,MED-ART-60,2026-09-08,1.0,0,142.3,swasthya-demand-v1.0
CHC-BR-PAT-001,MED-ART-60,2026-09-09,1.0,0,141.3,swasthya-demand-v1.0
CHC-BR-PAT-001,MED-ART-60,2026-09-10,1.0,0,140.3,swasthya-demand-v1.0
CHC-BR-PAT-001,MED-ALB-400,2026-08-28,3.8,0,0.0,swasthya-demand-v1.0
CHC-BR-PAT-001,MED-ALB-400,2026-08-29,1.0,0,0.0,swasthya-demand-v1.0
CHC-BR-PAT-001,MED-ALB-400,2026-08-30,1.0,448,442.2,swasthya-demand-v1.0
CHC-BR-PAT-001,MED-ALB-400,2026-08-31,8.1,0,434.1,swasthya-demand-v1.0
CHC-BR-PAT-001,MED-ALB-400,2026-09-01,1.0,0,433.1,swasthya-demand-v1.0
CHC-BR-PAT-001,MED-ALB-400,2026-09-02,1.0,0,432.1,swasthya-demand-v1.0
CHC-BR-PAT-001,MED-ALB-400,2026-09-03,1.0,0,431.1,swasthya-demand-v1.0
CHC-BR-PAT-001,MED-ALB-400,2026-09-04,1.0,0,430.1,swasthya-demand-v1.0
CHC-BR-PAT-001,MED-ALB-400,2026-09-05,1.0,0,429.1,swasthya-demand-v1.0
CHC-BR-PAT-001,MED-ALB-400,2026-09-06,1.0,0,428.1,swasthya-demand-v1.0
CHC-BR-PAT-001,MED-ALB-400,2026-09-07,8.4,0,419.7,swasthya-demand-v1.0
CHC-BR-PAT-001,MED-ALB-400,2026-09-08,1.0,0,418.7,swasthya-demand-v1.0
CHC-BR-PAT-001,MED-ALB-400,2026-09-09,1.0,0,417.7,swasthya-demand-v1.0
CHC-BR-PAT-001,MED-ALB-400,2026-09-10,1.0,0,416.7,swasthya-demand-v1.0
CHC-BR-PAT-001,MED-IFA-TAB,2026-08-28,142.6,0,0.0,swasthya-demand-v1.0
CHC-BR-PAT-001,MED-IFA-TAB,2026-08-29,110.9,1568,1314.5,swasthya-demand-v1.0
CHC-BR-PAT-001,MED-IFA-TAB,2026-08-30,66.2,0,1248.3,swasthya-demand-v1.0
CHC-BR-PAT-001,MED-IFA-TAB,2026-08-31,100.9,0,1147.4,swasthya-demand-v1.0
CHC-BR-PAT-001,MED-IFA-TAB,2026-09-01,62.8,0,1084.6,swasthya-demand-v1.0
CHC-BR-PAT-001,MED-IFA-TAB,2026-09-02,35.2,0,1049.4,swasthya-demand-v1.0
CHC-BR-PAT-001,MED-IFA-TAB,2026-09-03,12.6,0,1036.8,swasthya-demand-v1.0
CHC-BR-PAT-001,MED-IFA-TAB,2026-09-04,1.0,0,1035.8,swasthya-demand-v1.0
CHC-BR-PAT-001,MED-IFA-TAB,2026-09-05,1.0,0,1034.8,swasthya-demand-v1.0
CHC-BR-PAT-001,MED-IFA-TAB,2026-09-06,1.0,0,1033.8,swasthya-demand-v1.0
CHC-BR-PAT-001,MED-IFA-TAB,2026-09-07,4.3,0,1029.5,swasthya-demand-v1.0
CHC-BR-PAT-001,MED-IFA-TAB,2026-09-08,1.0,0,1028.5,swasthya-demand-v1.0
CHC-BR-PAT-001,MED-IFA-TAB,2026-09-09,1.0,0,1027.5,swasthya-demand-v1.0
CHC-BR-PAT-001,MED-IFA-TAB,2026-09-10,1.0,0,1026.5,swasthya-demand-v1.0
DH-BR-PAT-001,MED-PCM-500,2026-08-28,1358.7,0,0.0,swasthya-demand-v1.0
DH-BR-PAT-001,MED-PCM-500,2026-08-29,1303.7,0,0.0,swasthya-demand-v1.0
DH-BR-PAT-001,MED-PCM-500,2026-08-30,1232.8,9184,5288.8,swasthya-demand-v1.0
DH-BR-PAT-001,MED-PCM-500,2026-08-31,1185.9,0,4102.9,swasthya-demand-v1.0
DH-BR-PAT-001,MED-PCM-500,2026-09-01,1106.3,0,2996.6,swasthya-demand-v1.0
DH-BR-PAT-001,MED-PCM-500,2026-09-02,1031.8,0,1964.8,swasthya-demand-v1.0
DH-BR-PAT-001,MED-PCM-500,2026-09-03,956.2,0,1008.6,swasthya-demand-v1.0
DH-BR-PAT-001,MED-PCM-500,2026-09-04,873.9,0,134.7,swasthya-demand-v1.0
DH-BR-PAT-001,MED-PCM-500,2026-09-05,789.5,0,0.0,swasthya-demand-v1.0
DH-BR-PAT-001,MED-PCM-500,2026-09-06,702.2,0,0.0,swasthya-demand-v1.0
DH-BR-PAT-001,MED-PCM-500,2026-09-07,711.5,0,0.0,swasthya-demand-v1.0
DH-BR-PAT-001,MED-PCM-500,2026-09-08,637.5,0,0.0,swasthya-demand-v1.0
DH-BR-PAT-001,MED-PCM-500,2026-09-09,578.7,0,0.0,swasthya-demand-v1.0
DH-BR-PAT-001,MED-PCM-500,2026-09-10,528.7,0,0.0,swasthya-demand-v1.0
DH-BR-PAT-001,MED-PCM-SYR,2026-08-28,530.7,3668,3137.3,swasthya-demand-v1.0
DH-BR-PAT-001,MED-PCM-SYR,2026-08-29,472.5,0,2664.8,swasthya-demand-v1.0
DH-BR-PAT-001,MED-PCM-SYR,2026-08-30,411.6,0,2253.2,swasthya-demand-v1.0
DH-BR-PAT-001,MED-PCM-SYR,2026-08-31,434.3,0,1818.9,swasthya-demand-v1.0
DH-BR-PAT-001,MED-PCM-SYR,2026-09-01,379.0,0,1439.9,swasthya-demand-v1.0
DH-BR-PAT-001,MED-PCM-SYR,2026-09-02,336.9,0,1103.0,swasthya-demand-v1.0
DH-BR-PAT-001,MED-PCM-SYR,2026-09-03,300.6,0,802.4,swasthya-demand-v1.0
DH-BR-PAT-001,MED-PCM-SYR,2026-09-04,247.2,0,555.2,swasthya-demand-v1.0
DH-BR-PAT-001,MED-PCM-SYR,2026-09-05,194.0,0,361.2,swasthya-demand-v1.0
DH-BR-PAT-001,MED-PCM-SYR,2026-09-06,137.3,0,223.9,swasthya-demand-v1.0
DH-BR-PAT-001,MED-PCM-SYR,2026-09-07,174.4,0,49.5,swasthya-demand-v1.0
DH-BR-PAT-001,MED-PCM-SYR,2026-09-08,127.6,0,0.0,swasthya-demand-v1.0
DH-BR-PAT-001,MED-PCM-SYR,2026-09-09,95.2,0,0.0,swasthya-demand-v1.0
DH-BR-PAT-001,MED-PCM-SYR,2026-09-10,70.1,0,0.0,swasthya-demand-v1.0
DH-BR-PAT-001,MED-AMX-500,2026-08-28,660.1,0,0.0,swasthya-demand-v1.0
DH-BR-PAT-001,MED-AMX-500,2026-08-29,615.4,4480,3204.5,swasthya-demand-v1.0
DH-BR-PAT-001,MED-AMX-500,2026-08-30,566.1,0,2638.4,swasthya-demand-v1.0
DH-BR-PAT-001,MED-AMX-500,2026-08-31,564.6,0,2073.8,swasthya-demand-v1.0
DH-BR-PAT-001,MED-AMX-500,2026-09-01,509.4,0,1564.4,swasthya-demand-v1.0
DH-BR-PAT-001,MED-AMX-500,2026-09-02,463.2,0,1101.2,swasthya-demand-v1.0
DH-BR-PAT-001,MED-AMX-500,2026-09-03,418.0,0,683.2,swasthya-demand-v1.0
DH-BR-PAT-001,MED-AMX-500,2026-09-04,361.1,0,322.1,swasthya-demand-v1.0
DH-BR-PAT-001,MED-AMX-500,2026-09-05,302.6,0,19.5,swasthya-demand-v1.0
DH-BR-PAT-001,MED-AMX-500,2026-09-06,240.3,0,0.0,swasthya-demand-v1.0
DH-BR-PAT-001,MED-AMX-500,2026-09-07,272.8,0,0.0,swasthya-demand-v1.0
DH-BR-PAT-001,MED-AMX-500,2026-09-08,221.1,0,0.0,swasthya-demand-v1.0
DH-BR-PAT-001,MED-AMX-500,2026-09-09,183.8,0,0.0,swasthya-demand-v1.0
DH-BR-PAT-001,MED-AMX-500,2026-09-10,154.1,0,0.0,swasthya-demand-v1.0
DH-BR-PAT-001,MED-AMC-625,2026-08-28,336.1,0,0.0,swasthya-demand-v1.0
DH-BR-PAT-001,MED-AMC-625,2026-08-29,308.8,0,0.0,swasthya-demand-v1.0
DH-BR-PAT-001,MED-AMC-625,2026-08-30,258.8,2856,1952.3,swasthya-demand-v1.0
DH-BR-PAT-001,MED-AMC-625,2026-08-31,279.7,0,1672.6,swasthya-demand-v1.0
DH-BR-PAT-001,MED-AMC-625,2026-09-01,236.8,0,1435.8,swasthya-demand-v1.0
DH-BR-PAT-001,MED-AMC-625,2026-09-02,201.6,0,1234.2,swasthya-demand-v1.0
DH-BR-PAT-001,MED-AMC-625,2026-09-03,170.7,0,1063.5,swasthya-demand-v1.0
DH-BR-PAT-001,MED-AMC-625,2026-09-04,125.2,0,938.3,swasthya-demand-v1.0
DH-BR-PAT-001,MED-AMC-625,2026-09-05,78.1,0,860.2,swasthya-demand-v1.0
DH-BR-PAT-001,MED-AMC-625,2026-09-06,27.3,0,832.9,swasthya-demand-v1.0
DH-BR-PAT-001,MED-AMC-625,2026-09-07,70.4,0,762.5,swasthya-demand-v1.0
DH-BR-PAT-001,MED-AMC-625,2026-09-08,29.0,0,733.5,swasthya-demand-v1.0
DH-BR-PAT-001,MED-AMC-625,2026-09-09,1.5,0,732.0,swasthya-demand-v1.0
DH-BR-PAT-001,MED-AMC-625,2026-09-10,1.0,0,731.0,swasthya-demand-v1.0
DH-BR-PAT-001,MED-ORS-SFT,2026-08-28,919.6,6524,5604.4,swasthya-demand-v1.0
DH-BR-PAT-001,MED-ORS-SFT,2026-08-29,881.5,0,4722.9,swasthya-demand-v1.0
DH-BR-PAT-001,MED-ORS-SFT,2026-08-30,831.5,0,3891.4,swasthya-demand-v1.0
DH-BR-PAT-001,MED-ORS-SFT,2026-08-31,799.1,0,3092.3,swasthya-demand-v1.0
DH-BR-PAT-001,MED-ORS-SFT,2026-09-01,736.5,0,2355.8,swasthya-demand-v1.0
DH-BR-PAT-001,MED-ORS-SFT,2026-09-02,679.1,0,1676.7,swasthya-demand-v1.0
DH-BR-PAT-001,MED-ORS-SFT,2026-09-03,619.2,0,1057.5,swasthya-demand-v1.0
DH-BR-PAT-001,MED-ORS-SFT,2026-09-04,552.9,0,504.6,swasthya-demand-v1.0
DH-BR-PAT-001,MED-ORS-SFT,2026-09-05,484.0,0,20.6,swasthya-demand-v1.0
DH-BR-PAT-001,MED-ORS-SFT,2026-09-06,411.6,0,0.0,swasthya-demand-v1.0
DH-BR-PAT-001,MED-ORS-SFT,2026-09-07,435.5,0,0.0,swasthya-demand-v1.0
DH-BR-PAT-001,MED-ORS-SFT,2026-09-08,375.6,0,0.0,swasthya-demand-v1.0
DH-BR-PAT-001,MED-ORS-SFT,2026-09-09,329.9,0,0.0,swasthya-demand-v1.0
DH-BR-PAT-001,MED-ORS-SFT,2026-09-10,292.6,0,0.0,swasthya-demand-v1.0
DH-BR-PAT-001,MED-ZNC-20,2026-08-28,335.7,3262,2926.3,swasthya-demand-v1.0
DH-BR-PAT-001,MED-ZNC-20,2026-08-29,300.1,0,2626.2,swasthya-demand-v1.0
DH-BR-PAT-001,MED-ZNC-20,2026-08-30,239.7,0,2386.5,swasthya-demand-v1.0
DH-BR-PAT-001,MED-ZNC-20,2026-08-31,267.2,0,2119.3,swasthya-demand-v1.0
DH-BR-PAT-001,MED-ZNC-20,2026-09-01,221.2,0,1898.1,swasthya-demand-v1.0
DH-BR-PAT-001,MED-ZNC-20,2026-09-02,184.2,0,1713.9,swasthya-demand-v1.0
DH-BR-PAT-001,MED-ZNC-20,2026-09-03,154.3,0,1559.6,swasthya-demand-v1.0
DH-BR-PAT-001,MED-ZNC-20,2026-09-04,107.8,0,1451.8,swasthya-demand-v1.0
DH-BR-PAT-001,MED-ZNC-20,2026-09-05,60.7,0,1391.1,swasthya-demand-v1.0
DH-BR-PAT-001,MED-ZNC-20,2026-09-06,10.4,0,1380.7,swasthya-demand-v1.0
DH-BR-PAT-001,MED-ZNC-20,2026-09-07,53.8,0,1326.9,swasthya-demand-v1.0
DH-BR-PAT-001,MED-ZNC-20,2026-09-08,13.2,0,1313.7,swasthya-demand-v1.0
DH-BR-PAT-001,MED-ZNC-20,2026-09-09,1.0,0,1312.7,swasthya-demand-v1.0
DH-BR-PAT-001,MED-ZNC-20,2026-09-10,1.0,0,1311.7,swasthya-demand-v1.0
DH-BR-PAT-001,MED-AZI-500,2026-08-28,234.8,0,0.0,swasthya-demand-v1.0
DH-BR-PAT-001,MED-AZI-500,2026-08-29,186.8,2436,2014.4,swasthya-demand-v1.0
DH-BR-PAT-001,MED-AZI-500,2026-08-30,140.3,0,1874.1,swasthya-demand-v1.0
DH-BR-PAT-001,MED-AZI-500,2026-08-31,173.2,0,1700.9,swasthya-demand-v1.0
DH-BR-PAT-001,MED-AZI-500,2026-09-01,129.1,0,1571.8,swasthya-demand-v1.0
DH-BR-PAT-001,MED-AZI-500,2026-09-02,98.6,0,1473.2,swasthya-demand-v1.0
DH-BR-PAT-001,MED-AZI-500,2026-09-03,72.8,0,1400.4,swasthya-demand-v1.0
DH-BR-PAT-001,MED-AZI-500,2026-09-04,30.1,0,1370.3,swasthya-demand-v1.0
DH-BR-PAT-001,MED-AZI-500,2026-09-05,1.0,0,1369.3,swasthya-demand-v1.0
DH-BR-PAT-001,MED-AZI-500,2026-09-06,1.0,0,1368.3,swasthya-demand-v1.0
DH-BR-PAT-001,MED-AZI-500,2026-09-07,11.0,0,1357.3,swasthya-demand-v1.0
DH-BR-PAT-001,MED-AZI-500,2026-09-08,1.0,0,1356.3,swasthya-demand-v1.0
DH-BR-PAT-001,MED-AZI-500,2026-09-09,1.0,0,1355.3,swasthya-demand-v1.0
DH-BR-PAT-001,MED-AZI-500,2026-09-10,1.0,0,1354.3,swasthya-demand-v1.0
DH-BR-PAT-001,MED-CTX-1G,2026-08-28,118.6,1218,1099.4,swasthya-demand-v1.0
DH-BR-PAT-001,MED-CTX-1G,2026-08-29,78.7,0,1020.7,swasthya-demand-v1.0
DH-BR-PAT-001,MED-CTX-1G,2026-08-30,32.0,0,988.7,swasthya-demand-v1.0
DH-BR-PAT-001,MED-CTX-1G,2026-08-31,73.9,0,914.8,swasthya-demand-v1.0
DH-BR-PAT-001,MED-CTX-1G,2026-09-01,34.9,0,879.9,swasthya-demand-v1.0
DH-BR-PAT-001,MED-CTX-1G,2026-09-02,8.5,0,871.4,swasthya-demand-v1.0
DH-BR-PAT-001,MED-CTX-1G,2026-09-03,1.0,0,870.4,swasthya-demand-v1.0
DH-BR-PAT-001,MED-CTX-1G,2026-09-04,1.0,0,869.4,swasthya-demand-v1.0
DH-BR-PAT-001,MED-CTX-1G,2026-09-05,1.0,0,868.4,swasthya-demand-v1.0
DH-BR-PAT-001,MED-CTX-1G,2026-09-06,1.0,0,867.4,swasthya-demand-v1.0
DH-BR-PAT-001,MED-CTX-1G,2026-09-07,5.1,0,862.3,swasthya-demand-v1.0
DH-BR-PAT-001,MED-CTX-1G,2026-09-08,1.0,0,861.3,swasthya-demand-v1.0
DH-BR-PAT-001,MED-CTX-1G,2026-09-09,1.0,0,860.3,swasthya-demand-v1.0
DH-BR-PAT-001,MED-CTX-1G,2026-09-10,1.0,0,859.3,swasthya-demand-v1.0
DH-BR-PAT-001,MED-RAB-VAC,2026-08-28,30.2,0,0.0,swasthya-demand-v1.0
DH-BR-PAT-001,MED-RAB-VAC,2026-08-29,2.7,0,0.0,swasthya-demand-v1.0
DH-BR-PAT-001,MED-RAB-VAC,2026-08-30,1.0,714,680.1,swasthya-demand-v1.0
DH-BR-PAT-001,MED-RAB-VAC,2026-08-31,16.3,0,663.8,swasthya-demand-v1.0
DH-BR-PAT-001,MED-RAB-VAC,2026-09-01,1.0,0,662.8,swasthya-demand-v1.0
DH-BR-PAT-001,MED-RAB-VAC,2026-09-02,1.0,0,661.8,swasthya-demand-v1.0
DH-BR-PAT-001,MED-RAB-VAC,2026-09-03,1.0,0,660.8,swasthya-demand-v1.0
DH-BR-PAT-001,MED-RAB-VAC,2026-09-04,1.0,0,659.8,swasthya-demand-v1.0
DH-BR-PAT-001,MED-RAB-VAC,2026-09-05,1.0,0,658.8,swasthya-demand-v1.0
DH-BR-PAT-001,MED-RAB-VAC,2026-09-06,1.0,0,657.8,swasthya-demand-v1.0
DH-BR-PAT-001,MED-RAB-VAC,2026-09-07,7.8,0,650.0,swasthya-demand-v1.0
DH-BR-PAT-001,MED-RAB-VAC,2026-09-08,1.0,0,649.0,swasthya-demand-v1.0
DH-BR-PAT-001,MED-RAB-VAC,2026-09-09,1.0,0,648.0,swasthya-demand-v1.0
DH-BR-PAT-001,MED-RAB-VAC,2026-09-10,1.0,0,647.0,swasthya-demand-v1.0
DH-BR-PAT-001,MED-ASV-VIAL,2026-08-28,1.0,238,237.0,swasthya-demand-v1.0
DH-BR-PAT-001,MED-ASV-VIAL,2026-08-29,1.0,0,236.0,swasthya-demand-v1.0
DH-BR-PAT-001,MED-ASV-VIAL,2026-08-30,1.0,0,235.0,swasthya-demand-v1.0
DH-BR-PAT-001,MED-ASV-VIAL,2026-08-31,8.5,0,226.5,swasthya-demand-v1.0
DH-BR-PAT-001,MED-ASV-VIAL,2026-09-01,1.0,0,225.5,swasthya-demand-v1.0
DH-BR-PAT-001,MED-ASV-VIAL,2026-09-02,1.0,0,224.5,swasthya-demand-v1.0
DH-BR-PAT-001,MED-ASV-VIAL,2026-09-03,1.0,0,223.5,swasthya-demand-v1.0
DH-BR-PAT-001,MED-ASV-VIAL,2026-09-04,1.0,0,222.5,swasthya-demand-v1.0
DH-BR-PAT-001,MED-ASV-VIAL,2026-09-05,1.0,0,221.5,swasthya-demand-v1.0
DH-BR-PAT-001,MED-ASV-VIAL,2026-09-06,1.0,0,220.5,swasthya-demand-v1.0
DH-BR-PAT-001,MED-ASV-VIAL,2026-09-07,8.9,0,211.6,swasthya-demand-v1.0
DH-BR-PAT-001,MED-ASV-VIAL,2026-09-08,1.0,0,210.6,swasthya-demand-v1.0
DH-BR-PAT-001,MED-ASV-VIAL,2026-09-09,1.0,0,209.6,swasthya-demand-v1.0
DH-BR-PAT-001,MED-ASV-VIAL,2026-09-10,1.0,0,208.6,swasthya-demand-v1.0
DH-BR-PAT-001,MED-INS-REG,2026-08-28,44.7,0,0.0,swasthya-demand-v1.0
DH-BR-PAT-001,MED-INS-REG,2026-08-29,14.5,0,0.0,swasthya-demand-v1.0
DH-BR-PAT-001,MED-INS-REG,2026-08-30,1.0,812,751.8,swasthya-demand-v1.0
DH-BR-PAT-001,MED-INS-REG,2026-08-31,23.7,0,728.1,swasthya-demand-v1.0
DH-BR-PAT-001,MED-INS-REG,2026-09-01,1.0,0,727.1,swasthya-demand-v1.0
DH-BR-PAT-001,MED-INS-REG,2026-09-02,1.0,0,726.1,swasthya-demand-v1.0
DH-BR-PAT-001,MED-INS-REG,2026-09-03,1.0,0,725.1,swasthya-demand-v1.0
DH-BR-PAT-001,MED-INS-REG,2026-09-04,1.0,0,724.1,swasthya-demand-v1.0
DH-BR-PAT-001,MED-INS-REG,2026-09-05,1.0,0,723.1,swasthya-demand-v1.0
DH-BR-PAT-001,MED-INS-REG,2026-09-06,1.0,0,722.1,swasthya-demand-v1.0
DH-BR-PAT-001,MED-INS-REG,2026-09-07,7.3,0,714.8,swasthya-demand-v1.0
DH-BR-PAT-001,MED-INS-REG,2026-09-08,1.0,0,713.8,swasthya-demand-v1.0
DH-BR-PAT-001,MED-INS-REG,2026-09-09,1.0,0,712.8,swasthya-demand-v1.0
DH-BR-PAT-001,MED-INS-REG,2026-09-10,1.0,0,711.8,swasthya-demand-v1.0
DH-BR-PAT-001,MED-MET-500,2026-08-28,590.1,0,0.0,swasthya-demand-v1.0
DH-BR-PAT-001,MED-MET-500,2026-08-29,544.4,0,0.0,swasthya-demand-v1.0
DH-BR-PAT-001,MED-MET-500,2026-08-30,488.1,5096,3473.4,swasthya-demand-v1.0
DH-BR-PAT-001,MED-MET-500,2026-08-31,494.8,0,2978.6,swasthya-demand-v1.0
DH-BR-PAT-001,MED-MET-500,2026-09-01,440.1,0,2538.5,swasthya-demand-v1.0
DH-BR-PAT-001,MED-MET-500,2026-09-02,394.9,0,2143.6,swasthya-demand-v1.0
DH-BR-PAT-001,MED-MET-500,2026-09-03,353.1,0,1790.5,swasthya-demand-v1.0
DH-BR-PAT-001,MED-MET-500,2026-09-04,297.8,0,1492.7,swasthya-demand-v1.0
DH-BR-PAT-001,MED-MET-500,2026-09-05,241.7,0,1251.0,swasthya-demand-v1.0
DH-BR-PAT-001,MED-MET-500,2026-09-06,182.1,0,1068.9,swasthya-demand-v1.0
DH-BR-PAT-001,MED-MET-500,2026-09-07,217.1,0,851.8,swasthya-demand-v1.0
DH-BR-PAT-001,MED-MET-500,2026-09-08,168.2,0,683.6,swasthya-demand-v1.0
DH-BR-PAT-001,MED-MET-500,2026-09-09,133.4,0,550.2,swasthya-demand-v1.0
DH-BR-PAT-001,MED-MET-500,2026-09-10,106.3,0,443.9,swasthya-demand-v1.0
DH-BR-PAT-001,MED-OXY-AMP,2026-08-28,76.5,0,0.0,swasthya-demand-v1.0
DH-BR-PAT-001,MED-OXY-AMP,2026-08-29,43.3,1008,888.2,swasthya-demand-v1.0
DH-BR-PAT-001,MED-OXY-AMP,2026-08-30,4.3,0,883.9,swasthya-demand-v1.0
DH-BR-PAT-001,MED-OXY-AMP,2026-08-31,43.0,0,840.9,swasthya-demand-v1.0
DH-BR-PAT-001,MED-OXY-AMP,2026-09-01,7.4,0,833.5,swasthya-demand-v1.0
DH-BR-PAT-001,MED-OXY-AMP,2026-09-02,1.0,0,832.5,swasthya-demand-v1.0
DH-BR-PAT-001,MED-OXY-AMP,2026-09-03,1.0,0,831.5,swasthya-demand-v1.0
DH-BR-PAT-001,MED-OXY-AMP,2026-09-04,1.0,0,830.5,swasthya-demand-v1.0
DH-BR-PAT-001,MED-OXY-AMP,2026-09-05,1.0,0,829.5,swasthya-demand-v1.0
DH-BR-PAT-001,MED-OXY-AMP,2026-09-06,1.0,0,828.5,swasthya-demand-v1.0
DH-BR-PAT-001,MED-OXY-AMP,2026-09-07,6.4,0,822.1,swasthya-demand-v1.0
DH-BR-PAT-001,MED-OXY-AMP,2026-09-08,1.0,0,821.1,swasthya-demand-v1.0
DH-BR-PAT-001,MED-OXY-AMP,2026-09-09,1.0,0,820.1,swasthya-demand-v1.0
DH-BR-PAT-001,MED-OXY-AMP,2026-09-10,1.0,0,819.1,swasthya-demand-v1.0
DH-BR-PAT-001,MED-MGS-50,2026-08-28,10.1,0,0.0,swasthya-demand-v1.0
DH-BR-PAT-001,MED-MGS-50,2026-08-29,1.0,0,0.0,swasthya-demand-v1.0
DH-BR-PAT-001,MED-MGS-50,2026-08-30,1.0,504,491.9,swasthya-demand-v1.0
DH-BR-PAT-001,MED-MGS-50,2026-08-31,10.3,0,481.6,swasthya-demand-v1.0
DH-BR-PAT-001,MED-MGS-50,2026-09-01,1.0,0,480.6,swasthya-demand-v1.0
DH-BR-PAT-001,MED-MGS-50,2026-09-02,1.0,0,479.6,swasthya-demand-v1.0
DH-BR-PAT-001,MED-MGS-50,2026-09-03,1.0,0,478.6,swasthya-demand-v1.0
DH-BR-PAT-001,MED-MGS-50,2026-09-04,1.0,0,477.6,swasthya-demand-v1.0
DH-BR-PAT-001,MED-MGS-50,2026-09-05,1.0,0,476.6,swasthya-demand-v1.0
DH-BR-PAT-001,MED-MGS-50,2026-09-06,1.0,0,475.6,swasthya-demand-v1.0
DH-BR-PAT-001,MED-MGS-50,2026-09-07,8.3,0,467.3,swasthya-demand-v1.0
DH-BR-PAT-001,MED-MGS-50,2026-09-08,1.0,0,466.3,swasthya-demand-v1.0
DH-BR-PAT-001,MED-MGS-50,2026-09-09,1.0,0,465.3,swasthya-demand-v1.0
DH-BR-PAT-001,MED-MGS-50,2026-09-10,1.0,0,464.3,swasthya-demand-v1.0
DH-BR-PAT-001,MED-IVF-NS500,2026-08-28,440.7,0,0.0,swasthya-demand-v1.0
DH-BR-PAT-001,MED-IVF-NS500,2026-08-29,415.9,0,0.0,swasthya-demand-v1.0
DH-BR-PAT-001,MED-IVF-NS500,2026-08-30,359.2,0,0.0,swasthya-demand-v1.0
DH-BR-PAT-001,MED-IVF-NS500,2026-08-31,375.1,3052,1461.1,swasthya-demand-v1.0
DH-BR-PAT-001,MED-IVF-NS500,2026-09-01,329.2,0,1131.9,swasthya-demand-v1.0
DH-BR-PAT-001,MED-IVF-NS500,2026-09-02,289.5,0,842.4,swasthya-demand-v1.0
DH-BR-PAT-001,MED-IVF-NS500,2026-09-03,254.5,0,587.9,swasthya-demand-v1.0
DH-BR-PAT-001,MED-IVF-NS500,2026-09-04,205.4,0,382.5,swasthya-demand-v1.0
DH-BR-PAT-001,MED-IVF-NS500,2026-09-05,154.4,0,228.1,swasthya-demand-v1.0
DH-BR-PAT-001,MED-IVF-NS500,2026-09-06,99.9,0,128.2,swasthya-demand-v1.0
DH-BR-PAT-001,MED-IVF-NS500,2026-09-07,139.5,0,0.0,swasthya-demand-v1.0
DH-BR-PAT-001,MED-IVF-NS500,2026-09-08,94.5,0,0.0,swasthya-demand-v1.0
DH-BR-PAT-001,MED-IVF-NS500,2026-09-09,63.7,0,0.0,swasthya-demand-v1.0
DH-BR-PAT-001,MED-IVF-NS500,2026-09-10,40.3,0,0.0,swasthya-demand-v1.0
DH-BR-PAT-001,MED-IVF-RL500,2026-08-28,283.3,0,0.0,swasthya-demand-v1.0
DH-BR-PAT-001,MED-IVF-RL500,2026-08-29,250.8,0,0.0,swasthya-demand-v1.0
DH-BR-PAT-001,MED-IVF-RL500,2026-08-30,203.8,2436,1698.1,swasthya-demand-v1.0
DH-BR-PAT-001,MED-IVF-RL500,2026-08-31,229.8,0,1468.3,swasthya-demand-v1.0
DH-BR-PAT-001,MED-IVF-RL500,2026-09-01,187.8,0,1280.5,swasthya-demand-v1.0
DH-BR-PAT-001,MED-IVF-RL500,2026-09-02,155.3,0,1125.2,swasthya-demand-v1.0
DH-BR-PAT-001,MED-IVF-RL500,2026-09-03,127.0,0,998.2,swasthya-demand-v1.0
DH-BR-PAT-001,MED-IVF-RL500,2026-09-04,83.4,0,914.8,swasthya-demand-v1.0
DH-BR-PAT-001,MED-IVF-RL500,2026-09-05,38.5,0,876.3,swasthya-demand-v1.0
DH-BR-PAT-001,MED-IVF-RL500,2026-09-06,1.0,0,875.3,swasthya-demand-v1.0
DH-BR-PAT-001,MED-IVF-RL500,2026-09-07,38.3,0,837.0,swasthya-demand-v1.0
DH-BR-PAT-001,MED-IVF-RL500,2026-09-08,1.0,0,836.0,swasthya-demand-v1.0
DH-BR-PAT-001,MED-IVF-RL500,2026-09-09,1.0,0,835.0,swasthya-demand-v1.0
DH-BR-PAT-001,MED-IVF-RL500,2026-09-10,1.0,0,834.0,swasthya-demand-v1.0
DH-BR-PAT-001,MED-IVF-D5500,2026-08-28,156.9,0,0.0,swasthya-demand-v1.0
DH-BR-PAT-001,MED-IVF-D5500,2026-08-29,125.1,0,0.0,swasthya-demand-v1.0
DH-BR-PAT-001,MED-IVF-D5500,2026-08-30,81.4,0,0.0,swasthya-demand-v1.0
DH-BR-PAT-001,MED-IVF-D5500,2026-08-31,115.5,1624,1145.1,swasthya-demand-v1.0
DH-BR-PAT-001,MED-IVF-D5500,2026-09-01,77.4,0,1067.7,swasthya-demand-v1.0
DH-BR-PAT-001,MED-IVF-D5500,2026-09-02,49.7,0,1018.0,swasthya-demand-v1.0
DH-BR-PAT-001,MED-IVF-D5500,2026-09-03,26.8,0,991.2,swasthya-demand-v1.0
DH-BR-PAT-001,MED-IVF-D5500,2026-09-04,1.0,0,990.2,swasthya-demand-v1.0
DH-BR-PAT-001,MED-IVF-D5500,2026-09-05,1.0,0,989.2,swasthya-demand-v1.0
DH-BR-PAT-001,MED-IVF-D5500,2026-09-06,1.0,0,988.2,swasthya-demand-v1.0
DH-BR-PAT-001,MED-IVF-D5500,2026-09-07,4.2,0,984.0,swasthya-demand-v1.0
DH-BR-PAT-001,MED-IVF-D5500,2026-09-08,1.0,0,983.0,swasthya-demand-v1.0
DH-BR-PAT-001,MED-IVF-D5500,2026-09-09,1.0,0,982.0,swasthya-demand-v1.0
DH-BR-PAT-001,MED-IVF-D5500,2026-09-10,1.0,0,981.0,swasthya-demand-v1.0
DH-BR-PAT-001,MED-ART-60,2026-08-28,21.9,0,0.0,swasthya-demand-v1.0
DH-BR-PAT-001,MED-ART-60,2026-08-29,1.0,0,0.0,swasthya-demand-v1.0
DH-BR-PAT-001,MED-ART-60,2026-08-30,1.0,0,0.0,swasthya-demand-v1.0
DH-BR-PAT-001,MED-ART-60,2026-08-31,13.5,602,564.6,swasthya-demand-v1.0
DH-BR-PAT-001,MED-ART-60,2026-09-01,1.0,0,563.6,swasthya-demand-v1.0
DH-BR-PAT-001,MED-ART-60,2026-09-02,1.0,0,562.6,swasthya-demand-v1.0
DH-BR-PAT-001,MED-ART-60,2026-09-03,1.0,0,561.6,swasthya-demand-v1.0
DH-BR-PAT-001,MED-ART-60,2026-09-04,1.0,0,560.6,swasthya-demand-v1.0
DH-BR-PAT-001,MED-ART-60,2026-09-05,1.0,0,559.6,swasthya-demand-v1.0
DH-BR-PAT-001,MED-ART-60,2026-09-06,1.0,0,558.6,swasthya-demand-v1.0
DH-BR-PAT-001,MED-ART-60,2026-09-07,8.0,0,550.6,swasthya-demand-v1.0
DH-BR-PAT-001,MED-ART-60,2026-09-08,1.0,0,549.6,swasthya-demand-v1.0
DH-BR-PAT-001,MED-ART-60,2026-09-09,1.0,0,548.6,swasthya-demand-v1.0
DH-BR-PAT-001,MED-ART-60,2026-09-10,1.0,0,547.6,swasthya-demand-v1.0
DH-BR-PAT-001,MED-ALB-400,2026-08-28,159.9,1624,1464.1,swasthya-demand-v1.0
DH-BR-PAT-001,MED-ALB-400,2026-08-29,121.8,0,1342.3,swasthya-demand-v1.0
DH-BR-PAT-001,MED-ALB-400,2026-08-30,77.2,0,1265.1,swasthya-demand-v1.0
DH-BR-PAT-001,MED-ALB-400,2026-08-31,113.5,0,1151.6,swasthya-demand-v1.0
DH-BR-PAT-001,MED-ALB-400,2026-09-01,74.0,0,1077.6,swasthya-demand-v1.0
DH-BR-PAT-001,MED-ALB-400,2026-09-02,46.3,0,1031.3,swasthya-demand-v1.0
DH-BR-PAT-001,MED-ALB-400,2026-09-03,23.7,0,1007.6,swasthya-demand-v1.0
DH-BR-PAT-001,MED-ALB-400,2026-09-04,1.0,0,1006.6,swasthya-demand-v1.0
DH-BR-PAT-001,MED-ALB-400,2026-09-05,1.0,0,1005.6,swasthya-demand-v1.0
DH-BR-PAT-001,MED-ALB-400,2026-09-06,1.0,0,1004.6,swasthya-demand-v1.0
DH-BR-PAT-001,MED-ALB-400,2026-09-07,4.0,0,1000.6,swasthya-demand-v1.0
DH-BR-PAT-001,MED-ALB-400,2026-09-08,1.0,0,999.6,swasthya-demand-v1.0
DH-BR-PAT-001,MED-ALB-400,2026-09-09,1.0,0,998.6,swasthya-demand-v1.0
DH-BR-PAT-001,MED-ALB-400,2026-09-10,1.0,0,997.6,swasthya-demand-v1.0
DH-BR-PAT-001,MED-IFA-TAB,2026-08-28,599.2,0,0.0,swasthya-demand-v1.0
DH-BR-PAT-001,MED-IFA-TAB,2026-08-29,588.7,0,0.0,swasthya-demand-v1.0
DH-BR-PAT-001,MED-IFA-TAB,2026-08-30,497.6,0,0.0,swasthya-demand-v1.0
DH-BR-PAT-001,MED-IFA-TAB,2026-08-31,509.4,5712,3517.1,swasthya-demand-v1.0
DH-BR-PAT-001,MED-IFA-TAB,2026-09-01,456.9,0,3060.2,swasthya-demand-v1.0
DH-BR-PAT-001,MED-IFA-TAB,2026-09-02,404.8,0,2655.4,swasthya-demand-v1.0
DH-BR-PAT-001,MED-IFA-TAB,2026-09-03,363.8,0,2291.6,swasthya-demand-v1.0
DH-BR-PAT-001,MED-IFA-TAB,2026-09-04,307.5,0,1984.1,swasthya-demand-v1.0
DH-BR-PAT-001,MED-IFA-TAB,2026-09-05,249.4,0,1734.7,swasthya-demand-v1.0
DH-BR-PAT-001,MED-IFA-TAB,2026-09-06,189.6,0,1545.1,swasthya-demand-v1.0
DH-BR-PAT-001,MED-IFA-TAB,2026-09-07,224.0,0,1321.1,swasthya-demand-v1.0
DH-BR-PAT-001,MED-IFA-TAB,2026-09-08,174.7,0,1146.4,swasthya-demand-v1.0
DH-BR-PAT-001,MED-IFA-TAB,2026-09-09,139.1,0,1007.3,swasthya-demand-v1.0
DH-BR-PAT-001,MED-IFA-TAB,2026-09-10,111.9,0,895.4,swasthya-demand-v1.0
PHC-BR-GAY-001,MED-PCM-500,2026-08-28,13.4,0,0.0,swasthya-demand-v1.0
PHC-BR-GAY-001,MED-PCM-500,2026-08-29,1.0,0,0.0,swasthya-demand-v1.0
PHC-BR-GAY-001,MED-PCM-500,2026-08-30,1.0,0,0.0,swasthya-demand-v1.0
PHC-BR-GAY-001,MED-PCM-500,2026-08-31,10.4,812,786.2,swasthya-demand-v1.0
PHC-BR-GAY-001,MED-PCM-500,2026-09-01,1.0,0,785.2,swasthya-demand-v1.0
PHC-BR-GAY-001,MED-PCM-500,2026-09-02,1.0,0,784.2,swasthya-demand-v1.0
PHC-BR-GAY-001,MED-PCM-500,2026-09-03,1.0,0,783.2,swasthya-demand-v1.0
PHC-BR-GAY-001,MED-PCM-500,2026-09-04,1.0,0,782.2,swasthya-demand-v1.0
PHC-BR-GAY-001,MED-PCM-500,2026-09-05,1.0,0,781.2,swasthya-demand-v1.0
PHC-BR-GAY-001,MED-PCM-500,2026-09-06,1.0,0,780.2,swasthya-demand-v1.0
PHC-BR-GAY-001,MED-PCM-500,2026-09-07,8.1,0,772.1,swasthya-demand-v1.0
PHC-BR-GAY-001,MED-PCM-500,2026-09-08,1.0,0,771.1,swasthya-demand-v1.0
PHC-BR-GAY-001,MED-PCM-500,2026-09-09,1.0,0,770.1,swasthya-demand-v1.0
PHC-BR-GAY-001,MED-PCM-500,2026-09-10,1.0,0,769.1,swasthya-demand-v1.0
PHC-BR-GAY-001,MED-PCM-SYR,2026-08-28,1.0,0,0.0,swasthya-demand-v1.0
PHC-BR-GAY-001,MED-PCM-SYR,2026-08-29,1.0,0,0.0,swasthya-demand-v1.0
PHC-BR-GAY-001,MED-PCM-SYR,2026-08-30,1.0,322,319.0,swasthya-demand-v1.0
PHC-BR-GAY-001,MED-PCM-SYR,2026-08-31,8.2,0,310.8,swasthya-demand-v1.0
PHC-BR-GAY-001,MED-PCM-SYR,2026-09-01,1.0,0,309.8,swasthya-demand-v1.0
PHC-BR-GAY-001,MED-PCM-SYR,2026-09-02,1.0,0,308.8,swasthya-demand-v1.0
PHC-BR-GAY-001,MED-PCM-SYR,2026-09-03,1.0,0,307.8,swasthya-demand-v1.0
PHC-BR-GAY-001,MED-PCM-SYR,2026-09-04,1.0,0,306.8,swasthya-demand-v1.0
PHC-BR-GAY-001,MED-PCM-SYR,2026-09-05,1.0,0,305.8,swasthya-demand-v1.0
PHC-BR-GAY-001,MED-PCM-SYR,2026-09-06,1.0,0,304.8,swasthya-demand-v1.0
PHC-BR-GAY-001,MED-PCM-SYR,2026-09-07,8.8,0,296.0,swasthya-demand-v1.0
PHC-BR-GAY-001,MED-PCM-SYR,2026-09-08,1.0,0,295.0,swasthya-demand-v1.0
PHC-BR-GAY-001,MED-PCM-SYR,2026-09-09,1.0,0,294.0,swasthya-demand-v1.0
PHC-BR-GAY-001,MED-PCM-SYR,2026-09-10,1.0,0,293.0,swasthya-demand-v1.0
PHC-BR-GAY-001,MED-AMX-500,2026-08-28,1.0,0,0.0,swasthya-demand-v1.0
PHC-BR-GAY-001,MED-AMX-500,2026-08-29,1.0,0,0.0,swasthya-demand-v1.0
PHC-BR-GAY-001,MED-AMX-500,2026-08-30,1.0,0,0.0,swasthya-demand-v1.0
PHC-BR-GAY-001,MED-AMX-500,2026-08-31,7.9,392,381.1,swasthya-demand-v1.0
PHC-BR-GAY-001,MED-AMX-500,2026-09-01,1.0,0,380.1,swasthya-demand-v1.0
PHC-BR-GAY-001,MED-AMX-500,2026-09-02,1.0,0,379.1,swasthya-demand-v1.0
PHC-BR-GAY-001,MED-AMX-500,2026-09-03,1.0,0,378.1,swasthya-demand-v1.0
PHC-BR-GAY-001,MED-AMX-500,2026-09-04,1.0,0,377.1,swasthya-demand-v1.0
PHC-BR-GAY-001,MED-AMX-500,2026-09-05,1.0,0,376.1,swasthya-demand-v1.0
PHC-BR-GAY-001,MED-AMX-500,2026-09-06,1.0,0,375.1,swasthya-demand-v1.0
PHC-BR-GAY-001,MED-AMX-500,2026-09-07,8.8,0,366.3,swasthya-demand-v1.0
PHC-BR-GAY-001,MED-AMX-500,2026-09-08,1.0,0,365.3,swasthya-demand-v1.0
PHC-BR-GAY-001,MED-AMX-500,2026-09-09,1.0,0,364.3,swasthya-demand-v1.0
PHC-BR-GAY-001,MED-AMX-500,2026-09-10,1.0,0,363.3,swasthya-demand-v1.0
PHC-BR-GAY-001,MED-AMC-625,2026-08-28,1.0,0,0.0,swasthya-demand-v1.0
PHC-BR-GAY-001,MED-AMC-625,2026-08-29,1.0,252,250.0,swasthya-demand-v1.0
PHC-BR-GAY-001,MED-AMC-625,2026-08-30,1.0,0,249.0,swasthya-demand-v1.0
PHC-BR-GAY-001,MED-AMC-625,2026-08-31,8.6,0,240.4,swasthya-demand-v1.0
PHC-BR-GAY-001,MED-AMC-625,2026-09-01,1.0,0,239.4,swasthya-demand-v1.0
PHC-BR-GAY-001,MED-AMC-625,2026-09-02,1.0,0,238.4,swasthya-demand-v1.0
PHC-BR-GAY-001,MED-AMC-625,2026-09-03,1.0,0,237.4,swasthya-demand-v1.0
PHC-BR-GAY-001,MED-AMC-625,2026-09-04,1.0,0,236.4,swasthya-demand-v1.0
PHC-BR-GAY-001,MED-AMC-625,2026-09-05,1.0,0,235.4,swasthya-demand-v1.0
PHC-BR-GAY-001,MED-AMC-625,2026-09-06,1.0,0,234.4,swasthya-demand-v1.0
PHC-BR-GAY-001,MED-AMC-625,2026-09-07,9.0,0,225.4,swasthya-demand-v1.0
PHC-BR-GAY-001,MED-AMC-625,2026-09-08,1.0,0,224.4,swasthya-demand-v1.0
PHC-BR-GAY-001,MED-AMC-625,2026-09-09,1.0,0,223.4,swasthya-demand-v1.0
PHC-BR-GAY-001,MED-AMC-625,2026-09-10,1.0,0,222.4,swasthya-demand-v1.0
PHC-BR-GAY-001,MED-ORS-SFT,2026-08-28,1.0,0,0.0,swasthya-demand-v1.0
PHC-BR-GAY-001,MED-ORS-SFT,2026-08-29,1.0,574,572.0,swasthya-demand-v1.0
PHC-BR-GAY-001,MED-ORS-SFT,2026-08-30,1.0,0,571.0,swasthya-demand-v1.0
PHC-BR-GAY-001,MED-ORS-SFT,2026-08-31,7.4,0,563.6,swasthya-demand-v1.0
PHC-BR-GAY-001,MED-ORS-SFT,2026-09-01,1.0,0,562.6,swasthya-demand-v1.0
PHC-BR-GAY-001,MED-ORS-SFT,2026-09-02,1.0,0,561.6,swasthya-demand-v1.0
PHC-BR-GAY-001,MED-ORS-SFT,2026-09-03,1.0,0,560.6,swasthya-demand-v1.0
PHC-BR-GAY-001,MED-ORS-SFT,2026-09-04,1.0,0,559.6,swasthya-demand-v1.0
PHC-BR-GAY-001,MED-ORS-SFT,2026-09-05,1.0,0,558.6,swasthya-demand-v1.0
PHC-BR-GAY-001,MED-ORS-SFT,2026-09-06,1.0,0,557.6,swasthya-demand-v1.0
PHC-BR-GAY-001,MED-ORS-SFT,2026-09-07,8.5,0,549.1,swasthya-demand-v1.0
PHC-BR-GAY-001,MED-ORS-SFT,2026-09-08,1.0,0,548.1,swasthya-demand-v1.0
PHC-BR-GAY-001,MED-ORS-SFT,2026-09-09,1.0,0,547.1,swasthya-demand-v1.0
PHC-BR-GAY-001,MED-ORS-SFT,2026-09-10,1.0,0,546.1,swasthya-demand-v1.0
PHC-BR-GAY-001,MED-ZNC-20,2026-08-28,1.0,0,0.0,swasthya-demand-v1.0
PHC-BR-GAY-001,MED-ZNC-20,2026-08-29,1.0,280,278.0,swasthya-demand-v1.0
PHC-BR-GAY-001,MED-ZNC-20,2026-08-30,1.0,0,277.0,swasthya-demand-v1.0
PHC-BR-GAY-001,MED-ZNC-20,2026-08-31,8.5,0,268.5,swasthya-demand-v1.0
PHC-BR-GAY-001,MED-ZNC-20,2026-09-01,1.0,0,267.5,swasthya-demand-v1.0
PHC-BR-GAY-001,MED-ZNC-20,2026-09-02,1.0,0,266.5,swasthya-demand-v1.0
PHC-BR-GAY-001,MED-ZNC-20,2026-09-03,1.0,0,265.5,swasthya-demand-v1.0
PHC-BR-GAY-001,MED-ZNC-20,2026-09-04,1.0,0,264.5,swasthya-demand-v1.0
PHC-BR-GAY-001,MED-ZNC-20,2026-09-05,1.0,0,263.5,swasthya-demand-v1.0
PHC-BR-GAY-001,MED-ZNC-20,2026-09-06,1.0,0,262.5,swasthya-demand-v1.0
PHC-BR-GAY-001,MED-ZNC-20,2026-09-07,8.9,0,253.6,swasthya-demand-v1.0
PHC-BR-GAY-001,MED-ZNC-20,2026-09-08,1.0,0,252.6,swasthya-demand-v1.0
PHC-BR-GAY-001,MED-ZNC-20,2026-09-09,1.0,0,251.6,swasthya-demand-v1.0
PHC-BR-GAY-001,MED-ZNC-20,2026-09-10,1.0,0,250.6,swasthya-demand-v1.0
PHC-BR-GAY-001,MED-AZI-500,2026-08-28,1.0,0,3.0,swasthya-demand-v1.0
PHC-BR-GAY-001,MED-AZI-500,2026-08-29,1.0,0,2.0,swasthya-demand-v1.0
PHC-BR-GAY-001,MED-AZI-500,2026-08-30,1.0,0,1.0,swasthya-demand-v1.0
PHC-BR-GAY-001,MED-AZI-500,2026-08-31,8.8,210,202.2,swasthya-demand-v1.0
PHC-BR-GAY-001,MED-AZI-500,2026-09-01,1.0,0,201.2,swasthya-demand-v1.0
PHC-BR-GAY-001,MED-AZI-500,2026-09-02,1.0,0,200.2,swasthya-demand-v1.0
PHC-BR-GAY-001,MED-AZI-500,2026-09-03,1.0,0,199.2,swasthya-demand-v1.0
PHC-BR-GAY-001,MED-AZI-500,2026-09-04,1.0,0,198.2,swasthya-demand-v1.0
PHC-BR-GAY-001,MED-AZI-500,2026-09-05,1.0,0,197.2,swasthya-demand-v1.0
PHC-BR-GAY-001,MED-AZI-500,2026-09-06,1.0,0,196.2,swasthya-demand-v1.0
PHC-BR-GAY-001,MED-AZI-500,2026-09-07,9.0,0,187.2,swasthya-demand-v1.0
PHC-BR-GAY-001,MED-AZI-500,2026-09-08,1.0,0,186.2,swasthya-demand-v1.0
PHC-BR-GAY-001,MED-AZI-500,2026-09-09,1.0,0,185.2,swasthya-demand-v1.0
PHC-BR-GAY-001,MED-AZI-500,2026-09-10,1.0,0,184.2,swasthya-demand-v1.0
PHC-BR-GAY-001,MED-CTX-1G,2026-08-28,1.0,0,52.0,swasthya-demand-v1.0
PHC-BR-GAY-001,MED-CTX-1G,2026-08-29,1.0,0,51.0,swasthya-demand-v1.0
PHC-BR-GAY-001,MED-CTX-1G,2026-08-30,1.0,0,50.0,swasthya-demand-v1.0
PHC-BR-GAY-001,MED-CTX-1G,2026-08-31,9.0,0,41.0,swasthya-demand-v1.0
PHC-BR-GAY-001,MED-CTX-1G,2026-09-01,1.0,0,40.0,swasthya-demand-v1.0
PHC-BR-GAY-001,MED-CTX-1G,2026-09-02,1.0,0,39.0,swasthya-demand-v1.0
PHC-BR-GAY-001,MED-CTX-1G,2026-09-03,1.0,0,38.0,swasthya-demand-v1.0
PHC-BR-GAY-001,MED-CTX-1G,2026-09-04,1.0,0,37.0,swasthya-demand-v1.0
PHC-BR-GAY-001,MED-CTX-1G,2026-09-05,1.0,0,36.0,swasthya-demand-v1.0
PHC-BR-GAY-001,MED-CTX-1G,2026-09-06,1.0,0,35.0,swasthya-demand-v1.0
PHC-BR-GAY-001,MED-CTX-1G,2026-09-07,9.2,0,25.8,swasthya-demand-v1.0
PHC-BR-GAY-001,MED-CTX-1G,2026-09-08,1.0,0,24.8,swasthya-demand-v1.0
PHC-BR-GAY-001,MED-CTX-1G,2026-09-09,1.0,0,23.8,swasthya-demand-v1.0
PHC-BR-GAY-001,MED-CTX-1G,2026-09-10,1.0,0,22.8,swasthya-demand-v1.0
PHC-BR-GAY-001,MED-RAB-VAC,2026-08-28,1.0,0,72.0,swasthya-demand-v1.0
PHC-BR-GAY-001,MED-RAB-VAC,2026-08-29,1.0,0,71.0,swasthya-demand-v1.0
PHC-BR-GAY-001,MED-RAB-VAC,2026-08-30,1.0,0,70.0,swasthya-demand-v1.0
PHC-BR-GAY-001,MED-RAB-VAC,2026-08-31,9.2,0,60.8,swasthya-demand-v1.0
PHC-BR-GAY-001,MED-RAB-VAC,2026-09-01,1.0,0,59.8,swasthya-demand-v1.0
PHC-BR-GAY-001,MED-RAB-VAC,2026-09-02,1.0,0,58.8,swasthya-demand-v1.0
PHC-BR-GAY-001,MED-RAB-VAC,2026-09-03,1.0,0,57.8,swasthya-demand-v1.0
PHC-BR-GAY-001,MED-RAB-VAC,2026-09-04,1.0,0,56.8,swasthya-demand-v1.0
PHC-BR-GAY-001,MED-RAB-VAC,2026-09-05,1.0,0,55.8,swasthya-demand-v1.0
PHC-BR-GAY-001,MED-RAB-VAC,2026-09-06,1.0,0,54.8,swasthya-demand-v1.0
PHC-BR-GAY-001,MED-RAB-VAC,2026-09-07,9.2,0,45.6,swasthya-demand-v1.0
PHC-BR-GAY-001,MED-RAB-VAC,2026-09-08,1.0,0,44.6,swasthya-demand-v1.0
PHC-BR-GAY-001,MED-RAB-VAC,2026-09-09,1.0,0,43.6,swasthya-demand-v1.0
PHC-BR-GAY-001,MED-RAB-VAC,2026-09-10,1.0,0,42.6,swasthya-demand-v1.0
PHC-BR-GAY-001,MED-ASV-VIAL,2026-08-28,1.0,0,90.0,swasthya-demand-v1.0
PHC-BR-GAY-001,MED-ASV-VIAL,2026-08-29,1.0,0,89.0,swasthya-demand-v1.0
PHC-BR-GAY-001,MED-ASV-VIAL,2026-08-30,1.0,0,88.0,swasthya-demand-v1.0
PHC-BR-GAY-001,MED-ASV-VIAL,2026-08-31,9.4,0,78.6,swasthya-demand-v1.0
PHC-BR-GAY-001,MED-ASV-VIAL,2026-09-01,1.0,0,77.6,swasthya-demand-v1.0
PHC-BR-GAY-001,MED-ASV-VIAL,2026-09-02,1.0,0,76.6,swasthya-demand-v1.0
PHC-BR-GAY-001,MED-ASV-VIAL,2026-09-03,1.0,0,75.6,swasthya-demand-v1.0
PHC-BR-GAY-001,MED-ASV-VIAL,2026-09-04,1.0,0,74.6,swasthya-demand-v1.0
PHC-BR-GAY-001,MED-ASV-VIAL,2026-09-05,1.0,0,73.6,swasthya-demand-v1.0
PHC-BR-GAY-001,MED-ASV-VIAL,2026-09-06,1.0,0,72.6,swasthya-demand-v1.0
PHC-BR-GAY-001,MED-ASV-VIAL,2026-09-07,9.3,0,63.3,swasthya-demand-v1.0
PHC-BR-GAY-001,MED-ASV-VIAL,2026-09-08,1.0,0,62.3,swasthya-demand-v1.0
PHC-BR-GAY-001,MED-ASV-VIAL,2026-09-09,1.0,0,61.3,swasthya-demand-v1.0
PHC-BR-GAY-001,MED-ASV-VIAL,2026-09-10,1.0,0,60.3,swasthya-demand-v1.0
PHC-BR-GAY-001,MED-INS-REG,2026-08-28,1.0,0,70.0,swasthya-demand-v1.0
PHC-BR-GAY-001,MED-INS-REG,2026-08-29,1.0,0,69.0,swasthya-demand-v1.0
PHC-BR-GAY-001,MED-INS-REG,2026-08-30,1.0,0,68.0,swasthya-demand-v1.0
PHC-BR-GAY-001,MED-INS-REG,2026-08-31,9.2,0,58.8,swasthya-demand-v1.0
PHC-BR-GAY-001,MED-INS-REG,2026-09-01,1.0,0,57.8,swasthya-demand-v1.0
PHC-BR-GAY-001,MED-INS-REG,2026-09-02,1.0,0,56.8,swasthya-demand-v1.0
PHC-BR-GAY-001,MED-INS-REG,2026-09-03,1.0,0,55.8,swasthya-demand-v1.0
PHC-BR-GAY-001,MED-INS-REG,2026-09-04,1.0,0,54.8,swasthya-demand-v1.0
PHC-BR-GAY-001,MED-INS-REG,2026-09-05,1.0,0,53.8,swasthya-demand-v1.0
PHC-BR-GAY-001,MED-INS-REG,2026-09-06,1.0,0,52.8,swasthya-demand-v1.0
PHC-BR-GAY-001,MED-INS-REG,2026-09-07,9.2,0,43.6,swasthya-demand-v1.0
PHC-BR-GAY-001,MED-INS-REG,2026-09-08,1.0,0,42.6,swasthya-demand-v1.0
PHC-BR-GAY-001,MED-INS-REG,2026-09-09,1.0,0,41.6,swasthya-demand-v1.0
PHC-BR-GAY-001,MED-INS-REG,2026-09-10,1.0,0,40.6,swasthya-demand-v1.0
PHC-BR-GAY-001,MED-MET-500,2026-08-28,1.0,0,0.0,swasthya-demand-v1.0
PHC-BR-GAY-001,MED-MET-500,2026-08-29,1.0,0,0.0,swasthya-demand-v1.0
PHC-BR-GAY-001,MED-MET-500,2026-08-30,1.0,0,0.0,swasthya-demand-v1.0
PHC-BR-GAY-001,MED-MET-500,2026-08-31,7.9,448,437.1,swasthya-demand-v1.0
PHC-BR-GAY-001,MED-MET-500,2026-09-01,1.0,0,436.1,swasthya-demand-v1.0
PHC-BR-GAY-001,MED-MET-500,2026-09-02,1.0,0,435.1,swasthya-demand-v1.0
PHC-BR-GAY-001,MED-MET-500,2026-09-03,1.0,0,434.1,swasthya-demand-v1.0
PHC-BR-GAY-001,MED-MET-500,2026-09-04,1.0,0,433.1,swasthya-demand-v1.0
PHC-BR-GAY-001,MED-MET-500,2026-09-05,1.0,0,432.1,swasthya-demand-v1.0
PHC-BR-GAY-001,MED-MET-500,2026-09-06,1.0,0,431.1,swasthya-demand-v1.0
PHC-BR-GAY-001,MED-MET-500,2026-09-07,8.7,0,422.4,swasthya-demand-v1.0
PHC-BR-GAY-001,MED-MET-500,2026-09-08,1.0,0,421.4,swasthya-demand-v1.0
PHC-BR-GAY-001,MED-MET-500,2026-09-09,1.0,0,420.4,swasthya-demand-v1.0
PHC-BR-GAY-001,MED-MET-500,2026-09-10,1.0,0,419.4,swasthya-demand-v1.0
PHC-BR-GAY-001,MED-OXY-AMP,2026-08-28,1.0,0,63.0,swasthya-demand-v1.0
PHC-BR-GAY-001,MED-OXY-AMP,2026-08-29,1.0,0,62.0,swasthya-demand-v1.0
PHC-BR-GAY-001,MED-OXY-AMP,2026-08-30,1.0,0,61.0,swasthya-demand-v1.0
PHC-BR-GAY-001,MED-OXY-AMP,2026-08-31,9.1,0,51.9,swasthya-demand-v1.0
PHC-BR-GAY-001,MED-OXY-AMP,2026-09-01,1.0,0,50.9,swasthya-demand-v1.0
PHC-BR-GAY-001,MED-OXY-AMP,2026-09-02,1.0,0,49.9,swasthya-demand-v1.0
PHC-BR-GAY-001,MED-OXY-AMP,2026-09-03,1.0,0,48.9,swasthya-demand-v1.0
PHC-BR-GAY-001,MED-OXY-AMP,2026-09-04,1.0,0,47.9,swasthya-demand-v1.0
PHC-BR-GAY-001,MED-OXY-AMP,2026-09-05,1.0,0,46.9,swasthya-demand-v1.0
PHC-BR-GAY-001,MED-OXY-AMP,2026-09-06,1.0,0,45.9,swasthya-demand-v1.0
PHC-BR-GAY-001,MED-OXY-AMP,2026-09-07,9.2,0,36.7,swasthya-demand-v1.0
PHC-BR-GAY-001,MED-OXY-AMP,2026-09-08,1.0,0,35.7,swasthya-demand-v1.0
PHC-BR-GAY-001,MED-OXY-AMP,2026-09-09,1.0,0,34.7,swasthya-demand-v1.0
PHC-BR-GAY-001,MED-OXY-AMP,2026-09-10,1.0,0,33.7,swasthya-demand-v1.0
PHC-BR-GAY-001,MED-MGS-50,2026-08-28,1.0,0,81.0,swasthya-demand-v1.0
PHC-BR-GAY-001,MED-MGS-50,2026-08-29,1.0,0,80.0,swasthya-demand-v1.0
PHC-BR-GAY-001,MED-MGS-50,2026-08-30,1.0,0,79.0,swasthya-demand-v1.0
PHC-BR-GAY-001,MED-MGS-50,2026-08-31,9.3,0,69.7,swasthya-demand-v1.0
PHC-BR-GAY-001,MED-MGS-50,2026-09-01,1.0,0,68.7,swasthya-demand-v1.0
PHC-BR-GAY-001,MED-MGS-50,2026-09-02,1.0,0,67.7,swasthya-demand-v1.0
PHC-BR-GAY-001,MED-MGS-50,2026-09-03,1.0,0,66.7,swasthya-demand-v1.0
PHC-BR-GAY-001,MED-MGS-50,2026-09-04,1.0,0,65.7,swasthya-demand-v1.0
PHC-BR-GAY-001,MED-MGS-50,2026-09-05,1.0,0,64.7,swasthya-demand-v1.0
PHC-BR-GAY-001,MED-MGS-50,2026-09-06,1.0,0,63.7,swasthya-demand-v1.0
PHC-BR-GAY-001,MED-MGS-50,2026-09-07,9.3,0,54.4,swasthya-demand-v1.0
PHC-BR-GAY-001,MED-MGS-50,2026-09-08,1.0,0,53.4,swasthya-demand-v1.0
PHC-BR-GAY-001,MED-MGS-50,2026-09-09,1.0,0,52.4,swasthya-demand-v1.0
PHC-BR-GAY-001,MED-MGS-50,2026-09-10,1.0,0,51.4,swasthya-demand-v1.0
PHC-BR-GAY-001,MED-IVF-NS500,2026-08-28,1.0,0,0.0,swasthya-demand-v1.0
PHC-BR-GAY-001,MED-IVF-NS500,2026-08-29,1.0,0,0.0,swasthya-demand-v1.0
PHC-BR-GAY-001,MED-IVF-NS500,2026-08-30,1.0,266,263.0,swasthya-demand-v1.0
PHC-BR-GAY-001,MED-IVF-NS500,2026-08-31,8.4,0,254.6,swasthya-demand-v1.0
PHC-BR-GAY-001,MED-IVF-NS500,2026-09-01,1.0,0,253.6,swasthya-demand-v1.0
PHC-BR-GAY-001,MED-IVF-NS500,2026-09-02,1.0,0,252.6,swasthya-demand-v1.0
PHC-BR-GAY-001,MED-IVF-NS500,2026-09-03,1.0,0,251.6,swasthya-demand-v1.0
PHC-BR-GAY-001,MED-IVF-NS500,2026-09-04,1.0,0,250.6,swasthya-demand-v1.0
PHC-BR-GAY-001,MED-IVF-NS500,2026-09-05,1.0,0,249.6,swasthya-demand-v1.0
PHC-BR-GAY-001,MED-IVF-NS500,2026-09-06,1.0,0,248.6,swasthya-demand-v1.0
PHC-BR-GAY-001,MED-IVF-NS500,2026-09-07,8.9,0,239.7,swasthya-demand-v1.0
PHC-BR-GAY-001,MED-IVF-NS500,2026-09-08,1.0,0,238.7,swasthya-demand-v1.0
PHC-BR-GAY-001,MED-IVF-NS500,2026-09-09,1.0,0,237.7,swasthya-demand-v1.0
PHC-BR-GAY-001,MED-IVF-NS500,2026-09-10,1.0,0,236.7,swasthya-demand-v1.0
PHC-BR-GAY-001,MED-IVF-RL500,2026-08-28,1.0,0,15.0,swasthya-demand-v1.0
PHC-BR-GAY-001,MED-IVF-RL500,2026-08-29,1.0,210,224.0,swasthya-demand-v1.0
PHC-BR-GAY-001,MED-IVF-RL500,2026-08-30,1.0,0,223.0,swasthya-demand-v1.0
PHC-BR-GAY-001,MED-IVF-RL500,2026-08-31,8.7,0,214.3,swasthya-demand-v1.0
PHC-BR-GAY-001,MED-IVF-RL500,2026-09-01,1.0,0,213.3,swasthya-demand-v1.0
PHC-BR-GAY-001,MED-IVF-RL500,2026-09-02,1.0,0,212.3,swasthya-demand-v1.0
PHC-BR-GAY-001,MED-IVF-RL500,2026-09-03,1.0,0,211.3,swasthya-demand-v1.0
PHC-BR-GAY-001,MED-IVF-RL500,2026-09-04,1.0,0,210.3,swasthya-demand-v1.0
PHC-BR-GAY-001,MED-IVF-RL500,2026-09-05,1.0,0,209.3,swasthya-demand-v1.0
PHC-BR-GAY-001,MED-IVF-RL500,2026-09-06,1.0,0,208.3,swasthya-demand-v1.0
PHC-BR-GAY-001,MED-IVF-RL500,2026-09-07,9.0,0,199.3,swasthya-demand-v1.0
PHC-BR-GAY-001,MED-IVF-RL500,2026-09-08,1.0,0,198.3,swasthya-demand-v1.0
PHC-BR-GAY-001,MED-IVF-RL500,2026-09-09,1.0,0,197.3,swasthya-demand-v1.0
PHC-BR-GAY-001,MED-IVF-RL500,2026-09-10,1.0,0,196.3,swasthya-demand-v1.0
PHC-BR-GAY-001,MED-IVF-D5500,2026-08-28,1.0,0,39.0,swasthya-demand-v1.0
PHC-BR-GAY-001,MED-IVF-D5500,2026-08-29,1.0,0,38.0,swasthya-demand-v1.0
PHC-BR-GAY-001,MED-IVF-D5500,2026-08-30,1.0,0,37.0,swasthya-demand-v1.0
PHC-BR-GAY-001,MED-IVF-D5500,2026-08-31,8.9,140,168.1,swasthya-demand-v1.0
PHC-BR-GAY-001,MED-IVF-D5500,2026-09-01,1.0,0,167.1,swasthya-demand-v1.0
PHC-BR-GAY-001,MED-IVF-D5500,2026-09-02,1.0,0,166.1,swasthya-demand-v1.0
PHC-BR-GAY-001,MED-IVF-D5500,2026-09-03,1.0,0,165.1,swasthya-demand-v1.0
PHC-BR-GAY-001,MED-IVF-D5500,2026-09-04,1.0,0,164.1,swasthya-demand-v1.0
PHC-BR-GAY-001,MED-IVF-D5500,2026-09-05,1.0,0,163.1,swasthya-demand-v1.0
PHC-BR-GAY-001,MED-IVF-D5500,2026-09-06,1.0,0,162.1,swasthya-demand-v1.0
PHC-BR-GAY-001,MED-IVF-D5500,2026-09-07,9.1,0,153.0,swasthya-demand-v1.0
PHC-BR-GAY-001,MED-IVF-D5500,2026-09-08,1.0,0,152.0,swasthya-demand-v1.0
PHC-BR-GAY-001,MED-IVF-D5500,2026-09-09,1.0,0,151.0,swasthya-demand-v1.0
PHC-BR-GAY-001,MED-IVF-D5500,2026-09-10,1.0,0,150.0,swasthya-demand-v1.0
PHC-BR-GAY-001,MED-ART-60,2026-08-28,1.0,0,78.0,swasthya-demand-v1.0
PHC-BR-GAY-001,MED-ART-60,2026-08-29,1.0,0,77.0,swasthya-demand-v1.0
PHC-BR-GAY-001,MED-ART-60,2026-08-30,1.0,0,76.0,swasthya-demand-v1.0
PHC-BR-GAY-001,MED-ART-60,2026-08-31,9.3,0,66.7,swasthya-demand-v1.0
PHC-BR-GAY-001,MED-ART-60,2026-09-01,1.0,0,65.7,swasthya-demand-v1.0
PHC-BR-GAY-001,MED-ART-60,2026-09-02,1.0,0,64.7,swasthya-demand-v1.0
PHC-BR-GAY-001,MED-ART-60,2026-09-03,1.0,0,63.7,swasthya-demand-v1.0
PHC-BR-GAY-001,MED-ART-60,2026-09-04,1.0,0,62.7,swasthya-demand-v1.0
PHC-BR-GAY-001,MED-ART-60,2026-09-05,1.0,0,61.7,swasthya-demand-v1.0
PHC-BR-GAY-001,MED-ART-60,2026-09-06,1.0,0,60.7,swasthya-demand-v1.0
PHC-BR-GAY-001,MED-ART-60,2026-09-07,9.2,0,51.5,swasthya-demand-v1.0
PHC-BR-GAY-001,MED-ART-60,2026-09-08,1.0,0,50.5,swasthya-demand-v1.0
PHC-BR-GAY-001,MED-ART-60,2026-09-09,1.0,0,49.5,swasthya-demand-v1.0
PHC-BR-GAY-001,MED-ART-60,2026-09-10,1.0,0,48.5,swasthya-demand-v1.0
PHC-BR-GAY-001,MED-ALB-400,2026-08-28,1.0,0,36.0,swasthya-demand-v1.0
PHC-BR-GAY-001,MED-ALB-400,2026-08-29,1.0,0,35.0,swasthya-demand-v1.0
PHC-BR-GAY-001,MED-ALB-400,2026-08-30,1.0,140,174.0,swasthya-demand-v1.0
PHC-BR-GAY-001,MED-ALB-400,2026-08-31,8.9,0,165.1,swasthya-demand-v1.0
PHC-BR-GAY-001,MED-ALB-400,2026-09-01,1.0,0,164.1,swasthya-demand-v1.0
PHC-BR-GAY-001,MED-ALB-400,2026-09-02,1.0,0,163.1,swasthya-demand-v1.0
PHC-BR-GAY-001,MED-ALB-400,2026-09-03,1.0,0,162.1,swasthya-demand-v1.0
PHC-BR-GAY-001,MED-ALB-400,2026-09-04,1.0,0,161.1,swasthya-demand-v1.0
PHC-BR-GAY-001,MED-ALB-400,2026-09-05,1.0,0,160.1,swasthya-demand-v1.0
PHC-BR-GAY-001,MED-ALB-400,2026-09-06,1.0,0,159.1,swasthya-demand-v1.0
PHC-BR-GAY-001,MED-ALB-400,2026-09-07,9.1,0,150.0,swasthya-demand-v1.0
PHC-BR-GAY-001,MED-ALB-400,2026-09-08,1.0,0,149.0,swasthya-demand-v1.0
PHC-BR-GAY-001,MED-ALB-400,2026-09-09,1.0,0,148.0,swasthya-demand-v1.0
PHC-BR-GAY-001,MED-ALB-400,2026-09-10,1.0,0,147.0,swasthya-demand-v1.0
PHC-BR-GAY-001,MED-IFA-TAB,2026-08-28,1.0,0,0.0,swasthya-demand-v1.0
PHC-BR-GAY-001,MED-IFA-TAB,2026-08-29,1.0,0,0.0,swasthya-demand-v1.0
PHC-BR-GAY-001,MED-IFA-TAB,2026-08-30,1.0,504,501.0,swasthya-demand-v1.0
PHC-BR-GAY-001,MED-IFA-TAB,2026-08-31,7.6,0,493.4,swasthya-demand-v1.0
PHC-BR-GAY-001,MED-IFA-TAB,2026-09-01,1.0,0,492.4,swasthya-demand-v1.0
PHC-BR-GAY-001,MED-IFA-TAB,2026-09-02,1.0,0,491.4,swasthya-demand-v1.0
PHC-BR-GAY-001,MED-IFA-TAB,2026-09-03,1.0,0,490.4,swasthya-demand-v1.0
PHC-BR-GAY-001,MED-IFA-TAB,2026-09-04,1.0,0,489.4,swasthya-demand-v1.0
PHC-BR-GAY-001,MED-IFA-TAB,2026-09-05,1.0,0,488.4,swasthya-demand-v1.0
PHC-BR-GAY-001,MED-IFA-TAB,2026-09-06,1.0,0,487.4,swasthya-demand-v1.0
PHC-BR-GAY-001,MED-IFA-TAB,2026-09-07,8.6,0,478.8,swasthya-demand-v1.0
PHC-BR-GAY-001,MED-IFA-TAB,2026-09-08,1.0,0,477.8,swasthya-demand-v1.0
PHC-BR-GAY-001,MED-IFA-TAB,2026-09-09,1.0,0,476.8,swasthya-demand-v1.0
PHC-BR-GAY-001,MED-IFA-TAB,2026-09-10,1.0,0,475.8,swasthya-demand-v1.0
PHC-BR-GAY-002,MED-PCM-500,2026-08-28,11.0,686,675.0,swasthya-demand-v1.0
PHC-BR-GAY-002,MED-PCM-500,2026-08-29,1.0,0,674.0,swasthya-demand-v1.0
PHC-BR-GAY-002,MED-PCM-500,2026-08-30,1.0,0,673.0,swasthya-demand-v1.0
PHC-BR-GAY-002,MED-PCM-500,2026-08-31,10.4,0,662.6,swasthya-demand-v1.0
PHC-BR-GAY-002,MED-PCM-500,2026-09-01,1.0,0,661.6,swasthya-demand-v1.0
PHC-BR-GAY-002,MED-PCM-500,2026-09-02,1.0,0,660.6,swasthya-demand-v1.0
PHC-BR-GAY-002,MED-PCM-500,2026-09-03,1.0,0,659.6,swasthya-demand-v1.0
PHC-BR-GAY-002,MED-PCM-500,2026-09-04,1.0,0,658.6,swasthya-demand-v1.0
PHC-BR-GAY-002,MED-PCM-500,2026-09-05,1.0,0,657.6,swasthya-demand-v1.0
PHC-BR-GAY-002,MED-PCM-500,2026-09-06,1.0,0,656.6,swasthya-demand-v1.0
PHC-BR-GAY-002,MED-PCM-500,2026-09-07,8.2,0,648.4,swasthya-demand-v1.0
PHC-BR-GAY-002,MED-PCM-500,2026-09-08,1.0,0,647.4,swasthya-demand-v1.0
PHC-BR-GAY-002,MED-PCM-500,2026-09-09,1.0,0,646.4,swasthya-demand-v1.0
PHC-BR-GAY-002,MED-PCM-500,2026-09-10,1.0,0,645.4,swasthya-demand-v1.0
PHC-BR-GAY-002,MED-PCM-SYR,2026-08-28,1.0,0,0.0,swasthya-demand-v1.0
PHC-BR-GAY-002,MED-PCM-SYR,2026-08-29,1.0,266,264.0,swasthya-demand-v1.0
PHC-BR-GAY-002,MED-PCM-SYR,2026-08-30,1.0,0,263.0,swasthya-demand-v1.0
PHC-BR-GAY-002,MED-PCM-SYR,2026-08-31,8.5,0,254.5,swasthya-demand-v1.0
PHC-BR-GAY-002,MED-PCM-SYR,2026-09-01,1.0,0,253.5,swasthya-demand-v1.0
PHC-BR-GAY-002,MED-PCM-SYR,2026-09-02,1.0,0,252.5,swasthya-demand-v1.0
PHC-BR-GAY-002,MED-PCM-SYR,2026-09-03,1.0,0,251.5,swasthya-demand-v1.0
PHC-BR-GAY-002,MED-PCM-SYR,2026-09-04,1.0,0,250.5,swasthya-demand-v1.0
PHC-BR-GAY-002,MED-PCM-SYR,2026-09-05,1.0,0,249.5,swasthya-demand-v1.0
PHC-BR-GAY-002,MED-PCM-SYR,2026-09-06,1.0,0,248.5,swasthya-demand-v1.0
PHC-BR-GAY-002,MED-PCM-SYR,2026-09-07,8.9,0,239.6,swasthya-demand-v1.0
PHC-BR-GAY-002,MED-PCM-SYR,2026-09-08,1.0,0,238.6,swasthya-demand-v1.0
PHC-BR-GAY-002,MED-PCM-SYR,2026-09-09,1.0,0,237.6,swasthya-demand-v1.0
PHC-BR-GAY-002,MED-PCM-SYR,2026-09-10,1.0,0,236.6,swasthya-demand-v1.0
PHC-BR-GAY-002,MED-AMX-500,2026-08-28,1.0,0,0.0,swasthya-demand-v1.0
PHC-BR-GAY-002,MED-AMX-500,2026-08-29,1.0,0,0.0,swasthya-demand-v1.0
PHC-BR-GAY-002,MED-AMX-500,2026-08-30,1.0,336,333.0,swasthya-demand-v1.0
PHC-BR-GAY-002,MED-AMX-500,2026-08-31,8.3,0,324.7,swasthya-demand-v1.0
PHC-BR-GAY-002,MED-AMX-500,2026-09-01,1.0,0,323.7,swasthya-demand-v1.0
PHC-BR-GAY-002,MED-AMX-500,2026-09-02,1.0,0,322.7,swasthya-demand-v1.0
PHC-BR-GAY-002,MED-AMX-500,2026-09-03,1.0,0,321.7,swasthya-demand-v1.0
PHC-BR-GAY-002,MED-AMX-500,2026-09-04,1.0,0,320.7,swasthya-demand-v1.0
PHC-BR-GAY-002,MED-AMX-500,2026-09-05,1.0,0,319.7,swasthya-demand-v1.0
PHC-BR-GAY-002,MED-AMX-500,2026-09-06,1.0,0,318.7,swasthya-demand-v1.0
PHC-BR-GAY-002,MED-AMX-500,2026-09-07,8.8,0,309.9,swasthya-demand-v1.0
PHC-BR-GAY-002,MED-AMX-500,2026-09-08,1.0,0,308.9,swasthya-demand-v1.0
PHC-BR-GAY-002,MED-AMX-500,2026-09-09,1.0,0,307.9,swasthya-demand-v1.0
PHC-BR-GAY-002,MED-AMX-500,2026-09-10,1.0,0,306.9,swasthya-demand-v1.0
PHC-BR-GAY-002,MED-AMC-625,2026-08-28,1.0,0,16.0,swasthya-demand-v1.0
PHC-BR-GAY-002,MED-AMC-625,2026-08-29,1.0,0,15.0,swasthya-demand-v1.0
PHC-BR-GAY-002,MED-AMC-625,2026-08-30,1.0,0,14.0,swasthya-demand-v1.0
PHC-BR-GAY-002,MED-AMC-625,2026-08-31,8.8,210,215.2,swasthya-demand-v1.0
PHC-BR-GAY-002,MED-AMC-625,2026-09-01,1.0,0,214.2,swasthya-demand-v1.0
PHC-BR-GAY-002,MED-AMC-625,2026-09-02,1.0,0,213.2,swasthya-demand-v1.0
PHC-BR-GAY-002,MED-AMC-625,2026-09-03,1.0,0,212.2,swasthya-demand-v1.0
PHC-BR-GAY-002,MED-AMC-625,2026-09-04,1.0,0,211.2,swasthya-demand-v1.0
PHC-BR-GAY-002,MED-AMC-625,2026-09-05,1.0,0,210.2,swasthya-demand-v1.0
PHC-BR-GAY-002,MED-AMC-625,2026-09-06,1.0,0,209.2,swasthya-demand-v1.0
PHC-BR-GAY-002,MED-AMC-625,2026-09-07,9.0,0,200.2,swasthya-demand-v1.0
PHC-BR-GAY-002,MED-AMC-625,2026-09-08,1.0,0,199.2,swasthya-demand-v1.0
PHC-BR-GAY-002,MED-AMC-625,2026-09-09,1.0,0,198.2,swasthya-demand-v1.0
PHC-BR-GAY-002,MED-AMC-625,2026-09-10,1.0,0,197.2,swasthya-demand-v1.0
PHC-BR-GAY-002,MED-ORS-SFT,2026-08-28,1.0,0,0.0,swasthya-demand-v1.0
PHC-BR-GAY-002,MED-ORS-SFT,2026-08-29,1.0,490,488.0,swasthya-demand-v1.0
PHC-BR-GAY-002,MED-ORS-SFT,2026-08-30,1.0,0,487.0,swasthya-demand-v1.0
PHC-BR-GAY-002,MED-ORS-SFT,2026-08-31,7.7,0,479.3,swasthya-demand-v1.0
PHC-BR-GAY-002,MED-ORS-SFT,2026-09-01,1.0,0,478.3,swasthya-demand-v1.0
PHC-BR-GAY-002,MED-ORS-SFT,2026-09-02,1.0,0,477.3,swasthya-demand-v1.0
PHC-BR-GAY-002,MED-ORS-SFT,2026-09-03,1.0,0,476.3,swasthya-demand-v1.0
PHC-BR-GAY-002,MED-ORS-SFT,2026-09-04,1.0,0,475.3,swasthya-demand-v1.0
PHC-BR-GAY-002,MED-ORS-SFT,2026-09-05,1.0,0,474.3,swasthya-demand-v1.0
PHC-BR-GAY-002,MED-ORS-SFT,2026-09-06,1.0,0,473.3,swasthya-demand-v1.0
PHC-BR-GAY-002,MED-ORS-SFT,2026-09-07,8.6,0,464.7,swasthya-demand-v1.0
PHC-BR-GAY-002,MED-ORS-SFT,2026-09-08,1.0,0,463.7,swasthya-demand-v1.0
PHC-BR-GAY-002,MED-ORS-SFT,2026-09-09,1.0,0,462.7,swasthya-demand-v1.0
PHC-BR-GAY-002,MED-ORS-SFT,2026-09-10,1.0,0,461.7,swasthya-demand-v1.0
PHC-BR-GAY-002,MED-ZNC-20,2026-08-28,1.0,0,0.0,swasthya-demand-v1.0
PHC-BR-GAY-002,MED-ZNC-20,2026-08-29,1.0,0,0.0,swasthya-demand-v1.0
PHC-BR-GAY-002,MED-ZNC-20,2026-08-30,1.0,0,0.0,swasthya-demand-v1.0
PHC-BR-GAY-002,MED-ZNC-20,2026-08-31,8.7,238,226.3,swasthya-demand-v1.0
PHC-BR-GAY-002,MED-ZNC-20,2026-09-01,1.0,0,225.3,swasthya-demand-v1.0
PHC-BR-GAY-002,MED-ZNC-20,2026-09-02,1.0,0,224.3,swasthya-demand-v1.0
PHC-BR-GAY-002,MED-ZNC-20,2026-09-03,1.0,0,223.3,swasthya-demand-v1.0
PHC-BR-GAY-002,MED-ZNC-20,2026-09-04,1.0,0,222.3,swasthya-demand-v1.0
PHC-BR-GAY-002,MED-ZNC-20,2026-09-05,1.0,0,221.3,swasthya-demand-v1.0
PHC-BR-GAY-002,MED-ZNC-20,2026-09-06,1.0,0,220.3,swasthya-demand-v1.0
PHC-BR-GAY-002,MED-ZNC-20,2026-09-07,9.0,0,211.3,swasthya-demand-v1.0
PHC-BR-GAY-002,MED-ZNC-20,2026-09-08,1.0,0,210.3,swasthya-demand-v1.0
PHC-BR-GAY-002,MED-ZNC-20,2026-09-09,1.0,0,209.3,swasthya-demand-v1.0
PHC-BR-GAY-002,MED-ZNC-20,2026-09-10,1.0,0,208.3,swasthya-demand-v1.0
PHC-BR-GAY-002,MED-AZI-500,2026-08-28,1.0,0,25.0,swasthya-demand-v1.0
PHC-BR-GAY-002,MED-AZI-500,2026-08-29,1.0,182,206.0,swasthya-demand-v1.0
PHC-BR-GAY-002,MED-AZI-500,2026-08-30,1.0,0,205.0,swasthya-demand-v1.0
PHC-BR-GAY-002,MED-AZI-500,2026-08-31,8.8,0,196.2,swasthya-demand-v1.0
PHC-BR-GAY-002,MED-AZI-500,2026-09-01,1.0,0,195.2,swasthya-demand-v1.0
PHC-BR-GAY-002,MED-AZI-500,2026-09-02,1.0,0,194.2,swasthya-demand-v1.0
PHC-BR-GAY-002,MED-AZI-500,2026-09-03,1.0,0,193.2,swasthya-demand-v1.0
PHC-BR-GAY-002,MED-AZI-500,2026-09-04,1.0,0,192.2,swasthya-demand-v1.0
PHC-BR-GAY-002,MED-AZI-500,2026-09-05,1.0,0,191.2,swasthya-demand-v1.0
PHC-BR-GAY-002,MED-AZI-500,2026-09-06,1.0,0,190.2,swasthya-demand-v1.0
PHC-BR-GAY-002,MED-AZI-500,2026-09-07,9.1,0,181.1,swasthya-demand-v1.0
PHC-BR-GAY-002,MED-AZI-500,2026-09-08,1.0,0,180.1,swasthya-demand-v1.0
PHC-BR-GAY-002,MED-AZI-500,2026-09-09,1.0,0,179.1,swasthya-demand-v1.0
PHC-BR-GAY-002,MED-AZI-500,2026-09-10,1.0,0,178.1,swasthya-demand-v1.0
PHC-BR-GAY-002,MED-CTX-1G,2026-08-28,1.0,0,61.0,swasthya-demand-v1.0
PHC-BR-GAY-002,MED-CTX-1G,2026-08-29,1.0,0,60.0,swasthya-demand-v1.0
PHC-BR-GAY-002,MED-CTX-1G,2026-08-30,1.0,0,59.0,swasthya-demand-v1.0
PHC-BR-GAY-002,MED-CTX-1G,2026-08-31,9.1,0,49.9,swasthya-demand-v1.0
PHC-BR-GAY-002,MED-CTX-1G,2026-09-01,1.0,0,48.9,swasthya-demand-v1.0
PHC-BR-GAY-002,MED-CTX-1G,2026-09-02,1.0,0,47.9,swasthya-demand-v1.0
PHC-BR-GAY-002,MED-CTX-1G,2026-09-03,1.0,0,46.9,swasthya-demand-v1.0
PHC-BR-GAY-002,MED-CTX-1G,2026-09-04,1.0,0,45.9,swasthya-demand-v1.0
PHC-BR-GAY-002,MED-CTX-1G,2026-09-05,1.0,0,44.9,swasthya-demand-v1.0
PHC-BR-GAY-002,MED-CTX-1G,2026-09-06,1.0,0,43.9,swasthya-demand-v1.0
PHC-BR-GAY-002,MED-CTX-1G,2026-09-07,9.2,0,34.7,swasthya-demand-v1.0
PHC-BR-GAY-002,MED-CTX-1G,2026-09-08,1.0,0,33.7,swasthya-demand-v1.0
PHC-BR-GAY-002,MED-CTX-1G,2026-09-09,1.0,0,32.7,swasthya-demand-v1.0
PHC-BR-GAY-002,MED-CTX-1G,2026-09-10,1.0,0,31.7,swasthya-demand-v1.0
PHC-BR-GAY-002,MED-RAB-VAC,2026-08-28,1.0,0,77.0,swasthya-demand-v1.0
PHC-BR-GAY-002,MED-RAB-VAC,2026-08-29,1.0,0,76.0,swasthya-demand-v1.0
PHC-BR-GAY-002,MED-RAB-VAC,2026-08-30,1.0,0,75.0,swasthya-demand-v1.0
PHC-BR-GAY-002,MED-RAB-VAC,2026-08-31,9.3,0,65.7,swasthya-demand-v1.0
PHC-BR-GAY-002,MED-RAB-VAC,2026-09-01,1.0,0,64.7,swasthya-demand-v1.0
PHC-BR-GAY-002,MED-RAB-VAC,2026-09-02,1.0,0,63.7,swasthya-demand-v1.0
PHC-BR-GAY-002,MED-RAB-VAC,2026-09-03,1.0,0,62.7,swasthya-demand-v1.0
PHC-BR-GAY-002,MED-RAB-VAC,2026-09-04,1.0,0,61.7,swasthya-demand-v1.0
PHC-BR-GAY-002,MED-RAB-VAC,2026-09-05,1.0,0,60.7,swasthya-demand-v1.0
PHC-BR-GAY-002,MED-RAB-VAC,2026-09-06,1.0,0,59.7,swasthya-demand-v1.0
PHC-BR-GAY-002,MED-RAB-VAC,2026-09-07,9.2,0,50.5,swasthya-demand-v1.0
PHC-BR-GAY-002,MED-RAB-VAC,2026-09-08,1.0,0,49.5,swasthya-demand-v1.0
PHC-BR-GAY-002,MED-RAB-VAC,2026-09-09,1.0,0,48.5,swasthya-demand-v1.0
PHC-BR-GAY-002,MED-RAB-VAC,2026-09-10,1.0,0,47.5,swasthya-demand-v1.0
PHC-BR-GAY-002,MED-ASV-VIAL,2026-08-28,1.0,0,91.0,swasthya-demand-v1.0
PHC-BR-GAY-002,MED-ASV-VIAL,2026-08-29,1.0,0,90.0,swasthya-demand-v1.0
PHC-BR-GAY-002,MED-ASV-VIAL,2026-08-30,1.0,0,89.0,swasthya-demand-v1.0
PHC-BR-GAY-002,MED-ASV-VIAL,2026-08-31,9.4,0,79.6,swasthya-demand-v1.0
PHC-BR-GAY-002,MED-ASV-VIAL,2026-09-01,1.0,0,78.6,swasthya-demand-v1.0
PHC-BR-GAY-002,MED-ASV-VIAL,2026-09-02,1.0,0,77.6,swasthya-demand-v1.0
PHC-BR-GAY-002,MED-ASV-VIAL,2026-09-03,1.0,0,76.6,swasthya-demand-v1.0
PHC-BR-GAY-002,MED-ASV-VIAL,2026-09-04,1.0,0,75.6,swasthya-demand-v1.0
PHC-BR-GAY-002,MED-ASV-VIAL,2026-09-05,1.0,0,74.6,swasthya-demand-v1.0
PHC-BR-GAY-002,MED-ASV-VIAL,2026-09-06,1.0,0,73.6,swasthya-demand-v1.0
PHC-BR-GAY-002,MED-ASV-VIAL,2026-09-07,9.3,0,64.3,swasthya-demand-v1.0
PHC-BR-GAY-002,MED-ASV-VIAL,2026-09-08,1.0,0,63.3,swasthya-demand-v1.0
PHC-BR-GAY-002,MED-ASV-VIAL,2026-09-09,1.0,0,62.3,swasthya-demand-v1.0
PHC-BR-GAY-002,MED-ASV-VIAL,2026-09-10,1.0,0,61.3,swasthya-demand-v1.0
PHC-BR-GAY-002,MED-INS-REG,2026-08-28,1.0,0,73.0,swasthya-demand-v1.0
PHC-BR-GAY-002,MED-INS-REG,2026-08-29,1.0,0,72.0,swasthya-demand-v1.0
PHC-BR-GAY-002,MED-INS-REG,2026-08-30,1.0,0,71.0,swasthya-demand-v1.0
PHC-BR-GAY-002,MED-INS-REG,2026-08-31,9.2,0,61.8,swasthya-demand-v1.0
PHC-BR-GAY-002,MED-INS-REG,2026-09-01,1.0,0,60.8,swasthya-demand-v1.0
PHC-BR-GAY-002,MED-INS-REG,2026-09-02,1.0,0,59.8,swasthya-demand-v1.0
PHC-BR-GAY-002,MED-INS-REG,2026-09-03,1.0,0,58.8,swasthya-demand-v1.0
PHC-BR-GAY-002,MED-INS-REG,2026-09-04,1.0,0,57.8,swasthya-demand-v1.0
PHC-BR-GAY-002,MED-INS-REG,2026-09-05,1.0,0,56.8,swasthya-demand-v1.0
PHC-BR-GAY-002,MED-INS-REG,2026-09-06,1.0,0,55.8,swasthya-demand-v1.0
PHC-BR-GAY-002,MED-INS-REG,2026-09-07,9.2,0,46.6,swasthya-demand-v1.0
PHC-BR-GAY-002,MED-INS-REG,2026-09-08,1.0,0,45.6,swasthya-demand-v1.0
PHC-BR-GAY-002,MED-INS-REG,2026-09-09,1.0,0,44.6,swasthya-demand-v1.0
PHC-BR-GAY-002,MED-INS-REG,2026-09-10,1.0,0,43.6,swasthya-demand-v1.0
PHC-BR-GAY-002,MED-MET-500,2026-08-28,1.0,0,0.0,swasthya-demand-v1.0
PHC-BR-GAY-002,MED-MET-500,2026-08-29,1.0,0,0.0,swasthya-demand-v1.0
PHC-BR-GAY-002,MED-MET-500,2026-08-30,1.0,0,0.0,swasthya-demand-v1.0
PHC-BR-GAY-002,MED-MET-500,2026-08-31,7.9,378,367.1,swasthya-demand-v1.0
PHC-BR-GAY-002,MED-MET-500,2026-09-01,1.0,0,366.1,swasthya-demand-v1.0
PHC-BR-GAY-002,MED-MET-500,2026-09-02,1.0,0,365.1,swasthya-demand-v1.0
PHC-BR-GAY-002,MED-MET-500,2026-09-03,1.0,0,364.1,swasthya-demand-v1.0
PHC-BR-GAY-002,MED-MET-500,2026-09-04,1.0,0,363.1,swasthya-demand-v1.0
PHC-BR-GAY-002,MED-MET-500,2026-09-05,1.0,0,362.1,swasthya-demand-v1.0
PHC-BR-GAY-002,MED-MET-500,2026-09-06,1.0,0,361.1,swasthya-demand-v1.0
PHC-BR-GAY-002,MED-MET-500,2026-09-07,8.8,0,352.3,swasthya-demand-v1.0
PHC-BR-GAY-002,MED-MET-500,2026-09-08,1.0,0,351.3,swasthya-demand-v1.0
PHC-BR-GAY-002,MED-MET-500,2026-09-09,1.0,0,350.3,swasthya-demand-v1.0
PHC-BR-GAY-002,MED-MET-500,2026-09-10,1.0,0,349.3,swasthya-demand-v1.0
PHC-BR-GAY-002,MED-OXY-AMP,2026-08-28,1.0,0,67.0,swasthya-demand-v1.0
PHC-BR-GAY-002,MED-OXY-AMP,2026-08-29,1.0,0,66.0,swasthya-demand-v1.0
PHC-BR-GAY-002,MED-OXY-AMP,2026-08-30,1.0,0,65.0,swasthya-demand-v1.0
PHC-BR-GAY-002,MED-OXY-AMP,2026-08-31,9.2,0,55.8,swasthya-demand-v1.0
PHC-BR-GAY-002,MED-OXY-AMP,2026-09-01,1.0,0,54.8,swasthya-demand-v1.0
PHC-BR-GAY-002,MED-OXY-AMP,2026-09-02,1.0,0,53.8,swasthya-demand-v1.0
PHC-BR-GAY-002,MED-OXY-AMP,2026-09-03,1.0,0,52.8,swasthya-demand-v1.0
PHC-BR-GAY-002,MED-OXY-AMP,2026-09-04,1.0,0,51.8,swasthya-demand-v1.0
PHC-BR-GAY-002,MED-OXY-AMP,2026-09-05,1.0,0,50.8,swasthya-demand-v1.0
PHC-BR-GAY-002,MED-OXY-AMP,2026-09-06,1.0,0,49.8,swasthya-demand-v1.0
PHC-BR-GAY-002,MED-OXY-AMP,2026-09-07,9.2,0,40.6,swasthya-demand-v1.0
PHC-BR-GAY-002,MED-OXY-AMP,2026-09-08,1.0,0,39.6,swasthya-demand-v1.0
PHC-BR-GAY-002,MED-OXY-AMP,2026-09-09,1.0,0,38.6,swasthya-demand-v1.0
PHC-BR-GAY-002,MED-OXY-AMP,2026-09-10,1.0,0,37.6,swasthya-demand-v1.0
PHC-BR-GAY-002,MED-MGS-50,2026-08-28,1.0,0,83.0,swasthya-demand-v1.0
PHC-BR-GAY-002,MED-MGS-50,2026-08-29,1.0,0,82.0,swasthya-demand-v1.0
PHC-BR-GAY-002,MED-MGS-50,2026-08-30,1.0,0,81.0,swasthya-demand-v1.0
PHC-BR-GAY-002,MED-MGS-50,2026-08-31,9.3,0,71.7,swasthya-demand-v1.0
PHC-BR-GAY-002,MED-MGS-50,2026-09-01,1.0,0,70.7,swasthya-demand-v1.0
PHC-BR-GAY-002,MED-MGS-50,2026-09-02,1.0,0,69.7,swasthya-demand-v1.0
PHC-BR-GAY-002,MED-MGS-50,2026-09-03,1.0,0,68.7,swasthya-demand-v1.0
PHC-BR-GAY-002,MED-MGS-50,2026-09-04,1.0,0,67.7,swasthya-demand-v1.0
PHC-BR-GAY-002,MED-MGS-50,2026-09-05,1.0,0,66.7,swasthya-demand-v1.0
PHC-BR-GAY-002,MED-MGS-50,2026-09-06,1.0,0,65.7,swasthya-demand-v1.0
PHC-BR-GAY-002,MED-MGS-50,2026-09-07,9.3,0,56.4,swasthya-demand-v1.0
PHC-BR-GAY-002,MED-MGS-50,2026-09-08,1.0,0,55.4,swasthya-demand-v1.0
PHC-BR-GAY-002,MED-MGS-50,2026-09-09,1.0,0,54.4,swasthya-demand-v1.0
PHC-BR-GAY-002,MED-MGS-50,2026-09-10,1.0,0,53.4,swasthya-demand-v1.0
PHC-BR-GAY-002,MED-IVF-NS500,2026-08-28,1.0,0,0.0,swasthya-demand-v1.0
PHC-BR-GAY-002,MED-IVF-NS500,2026-08-29,1.0,224,222.0,swasthya-demand-v1.0
PHC-BR-GAY-002,MED-IVF-NS500,2026-08-30,1.0,0,221.0,swasthya-demand-v1.0
PHC-BR-GAY-002,MED-IVF-NS500,2026-08-31,8.6,0,212.4,swasthya-demand-v1.0
PHC-BR-GAY-002,MED-IVF-NS500,2026-09-01,1.0,0,211.4,swasthya-demand-v1.0
PHC-BR-GAY-002,MED-IVF-NS500,2026-09-02,1.0,0,210.4,swasthya-demand-v1.0
PHC-BR-GAY-002,MED-IVF-NS500,2026-09-03,1.0,0,209.4,swasthya-demand-v1.0
PHC-BR-GAY-002,MED-IVF-NS500,2026-09-04,1.0,0,208.4,swasthya-demand-v1.0
PHC-BR-GAY-002,MED-IVF-NS500,2026-09-05,1.0,0,207.4,swasthya-demand-v1.0
PHC-BR-GAY-002,MED-IVF-NS500,2026-09-06,1.0,0,206.4,swasthya-demand-v1.0
PHC-BR-GAY-002,MED-IVF-NS500,2026-09-07,9.0,0,197.4,swasthya-demand-v1.0
PHC-BR-GAY-002,MED-IVF-NS500,2026-09-08,1.0,0,196.4,swasthya-demand-v1.0
PHC-BR-GAY-002,MED-IVF-NS500,2026-09-09,1.0,0,195.4,swasthya-demand-v1.0
PHC-BR-GAY-002,MED-IVF-NS500,2026-09-10,1.0,0,194.4,swasthya-demand-v1.0
PHC-BR-GAY-002,MED-IVF-RL500,2026-08-28,1.0,0,29.0,swasthya-demand-v1.0
PHC-BR-GAY-002,MED-IVF-RL500,2026-08-29,1.0,0,28.0,swasthya-demand-v1.0
PHC-BR-GAY-002,MED-IVF-RL500,2026-08-30,1.0,182,209.0,swasthya-demand-v1.0
PHC-BR-GAY-002,MED-IVF-RL500,2026-08-31,8.9,0,200.1,swasthya-demand-v1.0
PHC-BR-GAY-002,MED-IVF-RL500,2026-09-01,1.0,0,199.1,swasthya-demand-v1.0
PHC-BR-GAY-002,MED-IVF-RL500,2026-09-02,1.0,0,198.1,swasthya-demand-v1.0
PHC-BR-GAY-002,MED-IVF-RL500,2026-09-03,1.0,0,197.1,swasthya-demand-v1.0
PHC-BR-GAY-002,MED-IVF-RL500,2026-09-04,1.0,0,196.1,swasthya-demand-v1.0
PHC-BR-GAY-002,MED-IVF-RL500,2026-09-05,1.0,0,195.1,swasthya-demand-v1.0
PHC-BR-GAY-002,MED-IVF-RL500,2026-09-06,1.0,0,194.1,swasthya-demand-v1.0
PHC-BR-GAY-002,MED-IVF-RL500,2026-09-07,9.1,0,185.0,swasthya-demand-v1.0
PHC-BR-GAY-002,MED-IVF-RL500,2026-09-08,1.0,0,184.0,swasthya-demand-v1.0
PHC-BR-GAY-002,MED-IVF-RL500,2026-09-09,1.0,0,183.0,swasthya-demand-v1.0
PHC-BR-GAY-002,MED-IVF-RL500,2026-09-10,1.0,0,182.0,swasthya-demand-v1.0
PHC-BR-GAY-002,MED-IVF-D5500,2026-08-28,1.0,0,44.0,swasthya-demand-v1.0
PHC-BR-GAY-002,MED-IVF-D5500,2026-08-29,1.0,0,43.0,swasthya-demand-v1.0
PHC-BR-GAY-002,MED-IVF-D5500,2026-08-30,1.0,0,42.0,swasthya-demand-v1.0
PHC-BR-GAY-002,MED-IVF-D5500,2026-08-31,9.0,0,33.0,swasthya-demand-v1.0
PHC-BR-GAY-002,MED-IVF-D5500,2026-09-01,1.0,0,32.0,swasthya-demand-v1.0
PHC-BR-GAY-002,MED-IVF-D5500,2026-09-02,1.0,112,143.0,swasthya-demand-v1.0
PHC-BR-GAY-002,MED-IVF-D5500,2026-09-03,1.0,0,142.0,swasthya-demand-v1.0
PHC-BR-GAY-002,MED-IVF-D5500,2026-09-04,1.0,0,141.0,swasthya-demand-v1.0
PHC-BR-GAY-002,MED-IVF-D5500,2026-09-05,1.0,0,140.0,swasthya-demand-v1.0
PHC-BR-GAY-002,MED-IVF-D5500,2026-09-06,1.0,0,139.0,swasthya-demand-v1.0
PHC-BR-GAY-002,MED-IVF-D5500,2026-09-07,9.1,0,129.9,swasthya-demand-v1.0
PHC-BR-GAY-002,MED-IVF-D5500,2026-09-08,1.0,0,128.9,swasthya-demand-v1.0
PHC-BR-GAY-002,MED-IVF-D5500,2026-09-09,1.0,0,127.9,swasthya-demand-v1.0
PHC-BR-GAY-002,MED-IVF-D5500,2026-09-10,1.0,0,126.9,swasthya-demand-v1.0
PHC-BR-GAY-002,MED-ART-60,2026-08-28,1.0,0,79.0,swasthya-demand-v1.0
PHC-BR-GAY-002,MED-ART-60,2026-08-29,1.0,0,78.0,swasthya-demand-v1.0
PHC-BR-GAY-002,MED-ART-60,2026-08-30,1.0,0,77.0,swasthya-demand-v1.0
PHC-BR-GAY-002,MED-ART-60,2026-08-31,9.3,0,67.7,swasthya-demand-v1.0
PHC-BR-GAY-002,MED-ART-60,2026-09-01,1.0,0,66.7,swasthya-demand-v1.0
PHC-BR-GAY-002,MED-ART-60,2026-09-02,1.0,0,65.7,swasthya-demand-v1.0
PHC-BR-GAY-002,MED-ART-60,2026-09-03,1.0,0,64.7,swasthya-demand-v1.0
PHC-BR-GAY-002,MED-ART-60,2026-09-04,1.0,0,63.7,swasthya-demand-v1.0
PHC-BR-GAY-002,MED-ART-60,2026-09-05,1.0,0,62.7,swasthya-demand-v1.0
PHC-BR-GAY-002,MED-ART-60,2026-09-06,1.0,0,61.7,swasthya-demand-v1.0
PHC-BR-GAY-002,MED-ART-60,2026-09-07,9.3,0,52.4,swasthya-demand-v1.0
PHC-BR-GAY-002,MED-ART-60,2026-09-08,1.0,0,51.4,swasthya-demand-v1.0
PHC-BR-GAY-002,MED-ART-60,2026-09-09,1.0,0,50.4,swasthya-demand-v1.0
PHC-BR-GAY-002,MED-ART-60,2026-09-10,1.0,0,49.4,swasthya-demand-v1.0
PHC-BR-GAY-002,MED-ALB-400,2026-08-28,1.0,0,50.0,swasthya-demand-v1.0
PHC-BR-GAY-002,MED-ALB-400,2026-08-29,1.0,0,49.0,swasthya-demand-v1.0
PHC-BR-GAY-002,MED-ALB-400,2026-08-30,1.0,0,48.0,swasthya-demand-v1.0
PHC-BR-GAY-002,MED-ALB-400,2026-08-31,9.1,0,38.9,swasthya-demand-v1.0
PHC-BR-GAY-002,MED-ALB-400,2026-09-01,1.0,0,37.9,swasthya-demand-v1.0
PHC-BR-GAY-002,MED-ALB-400,2026-09-02,1.0,0,36.9,swasthya-demand-v1.0
PHC-BR-GAY-002,MED-ALB-400,2026-09-03,1.0,112,147.9,swasthya-demand-v1.0
PHC-BR-GAY-002,MED-ALB-400,2026-09-04,1.0,0,146.9,swasthya-demand-v1.0
PHC-BR-GAY-002,MED-ALB-400,2026-09-05,1.0,0,145.9,swasthya-demand-v1.0
PHC-BR-GAY-002,MED-ALB-400,2026-09-06,1.0,0,144.9,swasthya-demand-v1.0
PHC-BR-GAY-002,MED-ALB-400,2026-09-07,9.2,0,135.7,swasthya-demand-v1.0
PHC-BR-GAY-002,MED-ALB-400,2026-09-08,1.0,0,134.7,swasthya-demand-v1.0
PHC-BR-GAY-002,MED-ALB-400,2026-09-09,1.0,0,133.7,swasthya-demand-v1.0
PHC-BR-GAY-002,MED-ALB-400,2026-09-10,1.0,0,132.7,swasthya-demand-v1.0
PHC-BR-GAY-002,MED-IFA-TAB,2026-08-28,1.0,420,419.0,swasthya-demand-v1.0
PHC-BR-GAY-002,MED-IFA-TAB,2026-08-29,1.0,0,418.0,swasthya-demand-v1.0
PHC-BR-GAY-002,MED-IFA-TAB,2026-08-30,1.0,0,417.0,swasthya-demand-v1.0
PHC-BR-GAY-002,MED-IFA-TAB,2026-08-31,8.2,0,408.8,swasthya-demand-v1.0
PHC-BR-GAY-002,MED-IFA-TAB,2026-09-01,1.0,0,407.8,swasthya-demand-v1.0
PHC-BR-GAY-002,MED-IFA-TAB,2026-09-02,1.0,0,406.8,swasthya-demand-v1.0
PHC-BR-GAY-002,MED-IFA-TAB,2026-09-03,1.0,0,405.8,swasthya-demand-v1.0
PHC-BR-GAY-002,MED-IFA-TAB,2026-09-04,1.0,0,404.8,swasthya-demand-v1.0
PHC-BR-GAY-002,MED-IFA-TAB,2026-09-05,1.0,0,403.8,swasthya-demand-v1.0
PHC-BR-GAY-002,MED-IFA-TAB,2026-09-06,1.0,0,402.8,swasthya-demand-v1.0
PHC-BR-GAY-002,MED-IFA-TAB,2026-09-07,8.7,0,394.1,swasthya-demand-v1.0
PHC-BR-GAY-002,MED-IFA-TAB,2026-09-08,1.0,0,393.1,swasthya-demand-v1.0
PHC-BR-GAY-002,MED-IFA-TAB,2026-09-09,1.0,0,392.1,swasthya-demand-v1.0
PHC-BR-GAY-002,MED-IFA-TAB,2026-09-10,1.0,0,391.1,swasthya-demand-v1.0
PHC-BR-GAY-003,MED-PCM-500,2026-08-28,1.0,0,0.0,swasthya-demand-v1.0
PHC-BR-GAY-003,MED-PCM-500,2026-08-29,1.0,0,0.0,swasthya-demand-v1.0
PHC-BR-GAY-003,MED-PCM-500,2026-08-30,1.0,0,0.0,swasthya-demand-v1.0
PHC-BR-GAY-003,MED-PCM-500,2026-08-31,6.9,588,578.1,swasthya-demand-v1.0
PHC-BR-GAY-003,MED-PCM-500,2026-09-01,1.0,0,577.1,swasthya-demand-v1.0
PHC-BR-GAY-003,MED-PCM-500,2026-09-02,1.0,0,576.1,swasthya-demand-v1.0
PHC-BR-GAY-003,MED-PCM-500,2026-09-03,1.0,0,575.1,swasthya-demand-v1.0
PHC-BR-GAY-003,MED-PCM-500,2026-09-04,1.0,0,574.1,swasthya-demand-v1.0
PHC-BR-GAY-003,MED-PCM-500,2026-09-05,1.0,0,573.1,swasthya-demand-v1.0
PHC-BR-GAY-003,MED-PCM-500,2026-09-06,1.0,0,572.1,swasthya-demand-v1.0
PHC-BR-GAY-003,MED-PCM-500,2026-09-07,8.4,0,563.7,swasthya-demand-v1.0
PHC-BR-GAY-003,MED-PCM-500,2026-09-08,1.0,0,562.7,swasthya-demand-v1.0
PHC-BR-GAY-003,MED-PCM-500,2026-09-09,1.0,0,561.7,swasthya-demand-v1.0
PHC-BR-GAY-003,MED-PCM-500,2026-09-10,1.0,0,560.7,swasthya-demand-v1.0
PHC-BR-GAY-003,MED-PCM-SYR,2026-08-28,1.0,238,237.0,swasthya-demand-v1.0
PHC-BR-GAY-003,MED-PCM-SYR,2026-08-29,1.0,0,236.0,swasthya-demand-v1.0
PHC-BR-GAY-003,MED-PCM-SYR,2026-08-30,1.0,0,235.0,swasthya-demand-v1.0
PHC-BR-GAY-003,MED-PCM-SYR,2026-08-31,8.6,0,226.4,swasthya-demand-v1.0
PHC-BR-GAY-003,MED-PCM-SYR,2026-09-01,1.0,0,225.4,swasthya-demand-v1.0
PHC-BR-GAY-003,MED-PCM-SYR,2026-09-02,1.0,0,224.4,swasthya-demand-v1.0
PHC-BR-GAY-003,MED-PCM-SYR,2026-09-03,1.0,0,223.4,swasthya-demand-v1.0
PHC-BR-GAY-003,MED-PCM-SYR,2026-09-04,1.0,0,222.4,swasthya-demand-v1.0
PHC-BR-GAY-003,MED-PCM-SYR,2026-09-05,1.0,0,221.4,swasthya-demand-v1.0
PHC-BR-GAY-003,MED-PCM-SYR,2026-09-06,1.0,0,220.4,swasthya-demand-v1.0
PHC-BR-GAY-003,MED-PCM-SYR,2026-09-07,9.0,0,211.4,swasthya-demand-v1.0
PHC-BR-GAY-003,MED-PCM-SYR,2026-09-08,1.0,0,210.4,swasthya-demand-v1.0
PHC-BR-GAY-003,MED-PCM-SYR,2026-09-09,1.0,0,209.4,swasthya-demand-v1.0
PHC-BR-GAY-003,MED-PCM-SYR,2026-09-10,1.0,0,208.4,swasthya-demand-v1.0
PHC-BR-GAY-003,MED-AMX-500,2026-08-28,1.0,0,0.0,swasthya-demand-v1.0
PHC-BR-GAY-003,MED-AMX-500,2026-08-29,1.0,0,0.0,swasthya-demand-v1.0
PHC-BR-GAY-003,MED-AMX-500,2026-08-30,1.0,280,277.0,swasthya-demand-v1.0
PHC-BR-GAY-003,MED-AMX-500,2026-08-31,8.2,0,268.8,swasthya-demand-v1.0
PHC-BR-GAY-003,MED-AMX-500,2026-09-01,1.0,0,267.8,swasthya-demand-v1.0
PHC-BR-GAY-003,MED-AMX-500,2026-09-02,1.0,0,266.8,swasthya-demand-v1.0
PHC-BR-GAY-003,MED-AMX-500,2026-09-03,1.0,0,265.8,swasthya-demand-v1.0
PHC-BR-GAY-003,MED-AMX-500,2026-09-04,1.0,0,264.8,swasthya-demand-v1.0
PHC-BR-GAY-003,MED-AMX-500,2026-09-05,1.0,0,263.8,swasthya-demand-v1.0
PHC-BR-GAY-003,MED-AMX-500,2026-09-06,1.0,0,262.8,swasthya-demand-v1.0
PHC-BR-GAY-003,MED-AMX-500,2026-09-07,8.9,0,253.9,swasthya-demand-v1.0
PHC-BR-GAY-003,MED-AMX-500,2026-09-08,1.0,0,252.9,swasthya-demand-v1.0
PHC-BR-GAY-003,MED-AMX-500,2026-09-09,1.0,0,251.9,swasthya-demand-v1.0
PHC-BR-GAY-003,MED-AMX-500,2026-09-10,1.0,0,250.9,swasthya-demand-v1.0
PHC-BR-GAY-003,MED-AMC-625,2026-08-28,1.0,0,27.0,swasthya-demand-v1.0
PHC-BR-GAY-003,MED-AMC-625,2026-08-29,1.0,0,26.0,swasthya-demand-v1.0
PHC-BR-GAY-003,MED-AMC-625,2026-08-30,1.0,182,207.0,swasthya-demand-v1.0
PHC-BR-GAY-003,MED-AMC-625,2026-08-31,8.8,0,198.2,swasthya-demand-v1.0
PHC-BR-GAY-003,MED-AMC-625,2026-09-01,1.0,0,197.2,swasthya-demand-v1.0
PHC-BR-GAY-003,MED-AMC-625,2026-09-02,1.0,0,196.2,swasthya-demand-v1.0
PHC-BR-GAY-003,MED-AMC-625,2026-09-03,1.0,0,195.2,swasthya-demand-v1.0
PHC-BR-GAY-003,MED-AMC-625,2026-09-04,1.0,0,194.2,swasthya-demand-v1.0
PHC-BR-GAY-003,MED-AMC-625,2026-09-05,1.0,0,193.2,swasthya-demand-v1.0
PHC-BR-GAY-003,MED-AMC-625,2026-09-06,1.0,0,192.2,swasthya-demand-v1.0
PHC-BR-GAY-003,MED-AMC-625,2026-09-07,9.1,0,183.1,swasthya-demand-v1.0
PHC-BR-GAY-003,MED-AMC-625,2026-09-08,1.0,0,182.1,swasthya-demand-v1.0
PHC-BR-GAY-003,MED-AMC-625,2026-09-09,1.0,0,181.1,swasthya-demand-v1.0
PHC-BR-GAY-003,MED-AMC-625,2026-09-10,1.0,0,180.1,swasthya-demand-v1.0
PHC-BR-GAY-003,MED-ORS-SFT,2026-08-28,1.0,0,0.0,swasthya-demand-v1.0
PHC-BR-GAY-003,MED-ORS-SFT,2026-08-29,1.0,420,418.0,swasthya-demand-v1.0
PHC-BR-GAY-003,MED-ORS-SFT,2026-08-30,1.0,0,417.0,swasthya-demand-v1.0
PHC-BR-GAY-003,MED-ORS-SFT,2026-08-31,8.0,0,409.0,swasthya-demand-v1.0
PHC-BR-GAY-003,MED-ORS-SFT,2026-09-01,1.0,0,408.0,swasthya-demand-v1.0
PHC-BR-GAY-003,MED-ORS-SFT,2026-09-02,1.0,0,407.0,swasthya-demand-v1.0
PHC-BR-GAY-003,MED-ORS-SFT,2026-09-03,1.0,0,406.0,swasthya-demand-v1.0
PHC-BR-GAY-003,MED-ORS-SFT,2026-09-04,1.0,0,405.0,swasthya-demand-v1.0
PHC-BR-GAY-003,MED-ORS-SFT,2026-09-05,1.0,0,404.0,swasthya-demand-v1.0
PHC-BR-GAY-003,MED-ORS-SFT,2026-09-06,1.0,0,403.0,swasthya-demand-v1.0
PHC-BR-GAY-003,MED-ORS-SFT,2026-09-07,8.8,0,394.2,swasthya-demand-v1.0
PHC-BR-GAY-003,MED-ORS-SFT,2026-09-08,1.0,0,393.2,swasthya-demand-v1.0
PHC-BR-GAY-003,MED-ORS-SFT,2026-09-09,1.0,0,392.2,swasthya-demand-v1.0
PHC-BR-GAY-003,MED-ORS-SFT,2026-09-10,1.0,0,391.2,swasthya-demand-v1.0
PHC-BR-GAY-003,MED-ZNC-20,2026-08-28,1.0,210,217.0,swasthya-demand-v1.0
PHC-BR-GAY-003,MED-ZNC-20,2026-08-29,1.0,0,216.0,swasthya-demand-v1.0
PHC-BR-GAY-003,MED-ZNC-20,2026-08-30,1.0,0,215.0,swasthya-demand-v1.0
PHC-BR-GAY-003,MED-ZNC-20,2026-08-31,8.5,0,206.5,swasthya-demand-v1.0
PHC-BR-GAY-003,MED-ZNC-20,2026-09-01,1.0,0,205.5,swasthya-demand-v1.0
PHC-BR-GAY-003,MED-ZNC-20,2026-09-02,1.0,0,204.5,swasthya-demand-v1.0
PHC-BR-GAY-003,MED-ZNC-20,2026-09-03,1.0,0,203.5,swasthya-demand-v1.0
PHC-BR-GAY-003,MED-ZNC-20,2026-09-04,1.0,0,202.5,swasthya-demand-v1.0
PHC-BR-GAY-003,MED-ZNC-20,2026-09-05,1.0,0,201.5,swasthya-demand-v1.0
PHC-BR-GAY-003,MED-ZNC-20,2026-09-06,1.0,0,200.5,swasthya-demand-v1.0
PHC-BR-GAY-003,MED-ZNC-20,2026-09-07,9.0,0,191.5,swasthya-demand-v1.0
PHC-BR-GAY-003,MED-ZNC-20,2026-09-08,1.0,0,190.5,swasthya-demand-v1.0
PHC-BR-GAY-003,MED-ZNC-20,2026-09-09,1.0,0,189.5,swasthya-demand-v1.0
PHC-BR-GAY-003,MED-ZNC-20,2026-09-10,1.0,0,188.5,swasthya-demand-v1.0
PHC-BR-GAY-003,MED-AZI-500,2026-08-28,1.0,0,30.0,swasthya-demand-v1.0
PHC-BR-GAY-003,MED-AZI-500,2026-08-29,1.0,0,29.0,swasthya-demand-v1.0
PHC-BR-GAY-003,MED-AZI-500,2026-08-30,1.0,154,182.0,swasthya-demand-v1.0
PHC-BR-GAY-003,MED-AZI-500,2026-08-31,8.9,0,173.1,swasthya-demand-v1.0
PHC-BR-GAY-003,MED-AZI-500,2026-09-01,1.0,0,172.1,swasthya-demand-v1.0
PHC-BR-GAY-003,MED-AZI-500,2026-09-02,1.0,0,171.1,swasthya-demand-v1.0
PHC-BR-GAY-003,MED-AZI-500,2026-09-03,1.0,0,170.1,swasthya-demand-v1.0
PHC-BR-GAY-003,MED-AZI-500,2026-09-04,1.0,0,169.1,swasthya-demand-v1.0
PHC-BR-GAY-003,MED-AZI-500,2026-09-05,1.0,0,168.1,swasthya-demand-v1.0
PHC-BR-GAY-003,MED-AZI-500,2026-09-06,1.0,0,167.1,swasthya-demand-v1.0
PHC-BR-GAY-003,MED-AZI-500,2026-09-07,9.1,0,158.0,swasthya-demand-v1.0
PHC-BR-GAY-003,MED-AZI-500,2026-09-08,1.0,0,157.0,swasthya-demand-v1.0
PHC-BR-GAY-003,MED-AZI-500,2026-09-09,1.0,0,156.0,swasthya-demand-v1.0
PHC-BR-GAY-003,MED-AZI-500,2026-09-10,1.0,0,155.0,swasthya-demand-v1.0
PHC-BR-GAY-003,MED-CTX-1G,2026-08-28,1.0,0,68.0,swasthya-demand-v1.0
PHC-BR-GAY-003,MED-CTX-1G,2026-08-29,1.0,0,67.0,swasthya-demand-v1.0
PHC-BR-GAY-003,MED-CTX-1G,2026-08-30,1.0,0,66.0,swasthya-demand-v1.0
PHC-BR-GAY-003,MED-CTX-1G,2026-08-31,9.2,0,56.8,swasthya-demand-v1.0
PHC-BR-GAY-003,MED-CTX-1G,2026-09-01,1.0,0,55.8,swasthya-demand-v1.0
PHC-BR-GAY-003,MED-CTX-1G,2026-09-02,1.0,0,54.8,swasthya-demand-v1.0
PHC-BR-GAY-003,MED-CTX-1G,2026-09-03,1.0,0,53.8,swasthya-demand-v1.0
PHC-BR-GAY-003,MED-CTX-1G,2026-09-04,1.0,0,52.8,swasthya-demand-v1.0
PHC-BR-GAY-003,MED-CTX-1G,2026-09-05,1.0,0,51.8,swasthya-demand-v1.0
PHC-BR-GAY-003,MED-CTX-1G,2026-09-06,1.0,0,50.8,swasthya-demand-v1.0
PHC-BR-GAY-003,MED-CTX-1G,2026-09-07,9.2,0,41.6,swasthya-demand-v1.0
PHC-BR-GAY-003,MED-CTX-1G,2026-09-08,1.0,0,40.6,swasthya-demand-v1.0
PHC-BR-GAY-003,MED-CTX-1G,2026-09-09,1.0,0,39.6,swasthya-demand-v1.0
PHC-BR-GAY-003,MED-CTX-1G,2026-09-10,1.0,0,38.6,swasthya-demand-v1.0
PHC-BR-GAY-003,MED-RAB-VAC,2026-08-28,1.0,0,81.0,swasthya-demand-v1.0
PHC-BR-GAY-003,MED-RAB-VAC,2026-08-29,1.0,0,80.0,swasthya-demand-v1.0
PHC-BR-GAY-003,MED-RAB-VAC,2026-08-30,1.0,0,79.0,swasthya-demand-v1.0
PHC-BR-GAY-003,MED-RAB-VAC,2026-08-31,9.3,0,69.7,swasthya-demand-v1.0
PHC-BR-GAY-003,MED-RAB-VAC,2026-09-01,1.0,0,68.7,swasthya-demand-v1.0
PHC-BR-GAY-003,MED-RAB-VAC,2026-09-02,1.0,0,67.7,swasthya-demand-v1.0
PHC-BR-GAY-003,MED-RAB-VAC,2026-09-03,1.0,0,66.7,swasthya-demand-v1.0
PHC-BR-GAY-003,MED-RAB-VAC,2026-09-04,1.0,0,65.7,swasthya-demand-v1.0
PHC-BR-GAY-003,MED-RAB-VAC,2026-09-05,1.0,0,64.7,swasthya-demand-v1.0
PHC-BR-GAY-003,MED-RAB-VAC,2026-09-06,1.0,0,63.7,swasthya-demand-v1.0
PHC-BR-GAY-003,MED-RAB-VAC,2026-09-07,9.3,0,54.4,swasthya-demand-v1.0
PHC-BR-GAY-003,MED-RAB-VAC,2026-09-08,1.0,0,53.4,swasthya-demand-v1.0
PHC-BR-GAY-003,MED-RAB-VAC,2026-09-09,1.0,0,52.4,swasthya-demand-v1.0
PHC-BR-GAY-003,MED-RAB-VAC,2026-09-10,1.0,0,51.4,swasthya-demand-v1.0
PHC-BR-GAY-003,MED-ASV-VIAL,2026-08-28,1.0,0,94.0,swasthya-demand-v1.0
PHC-BR-GAY-003,MED-ASV-VIAL,2026-08-29,1.0,0,93.0,swasthya-demand-v1.0
PHC-BR-GAY-003,MED-ASV-VIAL,2026-08-30,1.0,0,92.0,swasthya-demand-v1.0
PHC-BR-GAY-003,MED-ASV-VIAL,2026-08-31,9.4,0,82.6,swasthya-demand-v1.0
PHC-BR-GAY-003,MED-ASV-VIAL,2026-09-01,1.0,0,81.6,swasthya-demand-v1.0
PHC-BR-GAY-003,MED-ASV-VIAL,2026-09-02,1.0,0,80.6,swasthya-demand-v1.0
PHC-BR-GAY-003,MED-ASV-VIAL,2026-09-03,1.0,0,79.6,swasthya-demand-v1.0
PHC-BR-GAY-003,MED-ASV-VIAL,2026-09-04,1.0,0,78.6,swasthya-demand-v1.0
PHC-BR-GAY-003,MED-ASV-VIAL,2026-09-05,1.0,0,77.6,swasthya-demand-v1.0
PHC-BR-GAY-003,MED-ASV-VIAL,2026-09-06,1.0,0,76.6,swasthya-demand-v1.0
PHC-BR-GAY-003,MED-ASV-VIAL,2026-09-07,9.3,0,67.3,swasthya-demand-v1.0
PHC-BR-GAY-003,MED-ASV-VIAL,2026-09-08,1.0,0,66.3,swasthya-demand-v1.0
PHC-BR-GAY-003,MED-ASV-VIAL,2026-09-09,1.0,0,65.3,swasthya-demand-v1.0
PHC-BR-GAY-003,MED-ASV-VIAL,2026-09-10,1.0,0,64.3,swasthya-demand-v1.0
PHC-BR-GAY-003,MED-INS-REG,2026-08-28,1.0,0,77.0,swasthya-demand-v1.0
PHC-BR-GAY-003,MED-INS-REG,2026-08-29,1.0,0,76.0,swasthya-demand-v1.0
PHC-BR-GAY-003,MED-INS-REG,2026-08-30,1.0,0,75.0,swasthya-demand-v1.0
PHC-BR-GAY-003,MED-INS-REG,2026-08-31,9.2,0,65.8,swasthya-demand-v1.0
PHC-BR-GAY-003,MED-INS-REG,2026-09-01,1.0,0,64.8,swasthya-demand-v1.0
PHC-BR-GAY-003,MED-INS-REG,2026-09-02,1.0,0,63.8,swasthya-demand-v1.0
PHC-BR-GAY-003,MED-INS-REG,2026-09-03,1.0,0,62.8,swasthya-demand-v1.0
PHC-BR-GAY-003,MED-INS-REG,2026-09-04,1.0,0,61.8,swasthya-demand-v1.0
PHC-BR-GAY-003,MED-INS-REG,2026-09-05,1.0,0,60.8,swasthya-demand-v1.0
PHC-BR-GAY-003,MED-INS-REG,2026-09-06,1.0,0,59.8,swasthya-demand-v1.0
PHC-BR-GAY-003,MED-INS-REG,2026-09-07,9.2,0,50.6,swasthya-demand-v1.0
PHC-BR-GAY-003,MED-INS-REG,2026-09-08,1.0,0,49.6,swasthya-demand-v1.0
PHC-BR-GAY-003,MED-INS-REG,2026-09-09,1.0,0,48.6,swasthya-demand-v1.0
PHC-BR-GAY-003,MED-INS-REG,2026-09-10,1.0,0,47.6,swasthya-demand-v1.0
PHC-BR-GAY-003,MED-MET-500,2026-08-28,1.0,0,0.0,swasthya-demand-v1.0
PHC-BR-GAY-003,MED-MET-500,2026-08-29,1.0,322,320.0,swasthya-demand-v1.0
PHC-BR-GAY-003,MED-MET-500,2026-08-30,1.0,0,319.0,swasthya-demand-v1.0
PHC-BR-GAY-003,MED-MET-500,2026-08-31,8.2,0,310.8,swasthya-demand-v1.0
PHC-BR-GAY-003,MED-MET-500,2026-09-01,1.0,0,309.8,swasthya-demand-v1.0
PHC-BR-GAY-003,MED-MET-500,2026-09-02,1.0,0,308.8,swasthya-demand-v1.0
PHC-BR-GAY-003,MED-MET-500,2026-09-03,1.0,0,307.8,swasthya-demand-v1.0
PHC-BR-GAY-003,MED-MET-500,2026-09-04,1.0,0,306.8,swasthya-demand-v1.0
PHC-BR-GAY-003,MED-MET-500,2026-09-05,1.0,0,305.8,swasthya-demand-v1.0
PHC-BR-GAY-003,MED-MET-500,2026-09-06,1.0,0,304.8,swasthya-demand-v1.0
PHC-BR-GAY-003,MED-MET-500,2026-09-07,8.9,0,295.9,swasthya-demand-v1.0
PHC-BR-GAY-003,MED-MET-500,2026-09-08,1.0,0,294.9,swasthya-demand-v1.0
PHC-BR-GAY-003,MED-MET-500,2026-09-09,1.0,0,293.9,swasthya-demand-v1.0
PHC-BR-GAY-003,MED-MET-500,2026-09-10,1.0,0,292.9,swasthya-demand-v1.0
PHC-BR-GAY-003,MED-OXY-AMP,2026-08-28,1.0,0,73.0,swasthya-demand-v1.0
PHC-BR-GAY-003,MED-OXY-AMP,2026-08-29,1.0,0,72.0,swasthya-demand-v1.0
PHC-BR-GAY-003,MED-OXY-AMP,2026-08-30,1.0,0,71.0,swasthya-demand-v1.0
PHC-BR-GAY-003,MED-OXY-AMP,2026-08-31,9.2,0,61.8,swasthya-demand-v1.0
PHC-BR-GAY-003,MED-OXY-AMP,2026-09-01,1.0,0,60.8,swasthya-demand-v1.0
PHC-BR-GAY-003,MED-OXY-AMP,2026-09-02,1.0,0,59.8,swasthya-demand-v1.0
PHC-BR-GAY-003,MED-OXY-AMP,2026-09-03,1.0,0,58.8,swasthya-demand-v1.0
PHC-BR-GAY-003,MED-OXY-AMP,2026-09-04,1.0,0,57.8,swasthya-demand-v1.0
PHC-BR-GAY-003,MED-OXY-AMP,2026-09-05,1.0,0,56.8,swasthya-demand-v1.0
PHC-BR-GAY-003,MED-OXY-AMP,2026-09-06,1.0,0,55.8,swasthya-demand-v1.0
PHC-BR-GAY-003,MED-OXY-AMP,2026-09-07,9.2,0,46.6,swasthya-demand-v1.0
PHC-BR-GAY-003,MED-OXY-AMP,2026-09-08,1.0,0,45.6,swasthya-demand-v1.0
PHC-BR-GAY-003,MED-OXY-AMP,2026-09-09,1.0,0,44.6,swasthya-demand-v1.0
PHC-BR-GAY-003,MED-OXY-AMP,2026-09-10,1.0,0,43.6,swasthya-demand-v1.0
PHC-BR-GAY-003,MED-MGS-50,2026-08-28,1.0,0,86.0,swasthya-demand-v1.0
PHC-BR-GAY-003,MED-MGS-50,2026-08-29,1.0,0,85.0,swasthya-demand-v1.0
PHC-BR-GAY-003,MED-MGS-50,2026-08-30,1.0,0,84.0,swasthya-demand-v1.0
PHC-BR-GAY-003,MED-MGS-50,2026-08-31,9.4,0,74.6,swasthya-demand-v1.0
PHC-BR-GAY-003,MED-MGS-50,2026-09-01,1.0,0,73.6,swasthya-demand-v1.0
PHC-BR-GAY-003,MED-MGS-50,2026-09-02,1.0,0,72.6,swasthya-demand-v1.0
PHC-BR-GAY-003,MED-MGS-50,2026-09-03,1.0,0,71.6,swasthya-demand-v1.0
PHC-BR-GAY-003,MED-MGS-50,2026-09-04,1.0,0,70.6,swasthya-demand-v1.0
PHC-BR-GAY-003,MED-MGS-50,2026-09-05,1.0,0,69.6,swasthya-demand-v1.0
PHC-BR-GAY-003,MED-MGS-50,2026-09-06,1.0,0,68.6,swasthya-demand-v1.0
PHC-BR-GAY-003,MED-MGS-50,2026-09-07,9.3,0,59.3,swasthya-demand-v1.0
PHC-BR-GAY-003,MED-MGS-50,2026-09-08,1.0,0,58.3,swasthya-demand-v1.0
PHC-BR-GAY-003,MED-MGS-50,2026-09-09,1.0,0,57.3,swasthya-demand-v1.0
PHC-BR-GAY-003,MED-MGS-50,2026-09-10,1.0,0,56.3,swasthya-demand-v1.0
PHC-BR-GAY-003,MED-IVF-NS500,2026-08-28,1.0,0,20.0,swasthya-demand-v1.0
PHC-BR-GAY-003,MED-IVF-NS500,2026-08-29,1.0,0,19.0,swasthya-demand-v1.0
PHC-BR-GAY-003,MED-IVF-NS500,2026-08-30,1.0,0,18.0,swasthya-demand-v1.0
PHC-BR-GAY-003,MED-IVF-NS500,2026-08-31,8.8,196,205.2,swasthya-demand-v1.0
PHC-BR-GAY-003,MED-IVF-NS500,2026-09-01,1.0,0,204.2,swasthya-demand-v1.0
PHC-BR-GAY-003,MED-IVF-NS500,2026-09-02,1.0,0,203.2,swasthya-demand-v1.0
PHC-BR-GAY-003,MED-IVF-NS500,2026-09-03,1.0,0,202.2,swasthya-demand-v1.0
PHC-BR-GAY-003,MED-IVF-NS500,2026-09-04,1.0,0,201.2,swasthya-demand-v1.0
PHC-BR-GAY-003,MED-IVF-NS500,2026-09-05,1.0,0,200.2,swasthya-demand-v1.0
PHC-BR-GAY-003,MED-IVF-NS500,2026-09-06,1.0,0,199.2,swasthya-demand-v1.0
PHC-BR-GAY-003,MED-IVF-NS500,2026-09-07,9.1,0,190.1,swasthya-demand-v1.0
PHC-BR-GAY-003,MED-IVF-NS500,2026-09-08,1.0,0,189.1,swasthya-demand-v1.0
PHC-BR-GAY-003,MED-IVF-NS500,2026-09-09,1.0,0,188.1,swasthya-demand-v1.0
PHC-BR-GAY-003,MED-IVF-NS500,2026-09-10,1.0,0,187.1,swasthya-demand-v1.0
PHC-BR-GAY-003,MED-IVF-RL500,2026-08-28,1.0,0,32.0,swasthya-demand-v1.0
PHC-BR-GAY-003,MED-IVF-RL500,2026-08-29,1.0,154,185.0,swasthya-demand-v1.0
PHC-BR-GAY-003,MED-IVF-RL500,2026-08-30,1.0,0,184.0,swasthya-demand-v1.0
PHC-BR-GAY-003,MED-IVF-RL500,2026-08-31,8.8,0,175.2,swasthya-demand-v1.0
PHC-BR-GAY-003,MED-IVF-RL500,2026-09-01,1.0,0,174.2,swasthya-demand-v1.0
PHC-BR-GAY-003,MED-IVF-RL500,2026-09-02,1.0,0,173.2,swasthya-demand-v1.0
PHC-BR-GAY-003,MED-IVF-RL500,2026-09-03,1.0,0,172.2,swasthya-demand-v1.0
PHC-BR-GAY-003,MED-IVF-RL500,2026-09-04,1.0,0,171.2,swasthya-demand-v1.0
PHC-BR-GAY-003,MED-IVF-RL500,2026-09-05,1.0,0,170.2,swasthya-demand-v1.0
PHC-BR-GAY-003,MED-IVF-RL500,2026-09-06,1.0,0,169.2,swasthya-demand-v1.0
PHC-BR-GAY-003,MED-IVF-RL500,2026-09-07,9.1,0,160.1,swasthya-demand-v1.0
PHC-BR-GAY-003,MED-IVF-RL500,2026-09-08,1.0,0,159.1,swasthya-demand-v1.0
PHC-BR-GAY-003,MED-IVF-RL500,2026-09-09,1.0,0,158.1,swasthya-demand-v1.0
PHC-BR-GAY-003,MED-IVF-RL500,2026-09-10,1.0,0,157.1,swasthya-demand-v1.0
PHC-BR-GAY-003,MED-IVF-D5500,2026-08-28,1.0,0,58.0,swasthya-demand-v1.0
PHC-BR-GAY-003,MED-IVF-D5500,2026-08-29,1.0,0,57.0,swasthya-demand-v1.0
PHC-BR-GAY-003,MED-IVF-D5500,2026-08-30,1.0,0,56.0,swasthya-demand-v1.0
PHC-BR-GAY-003,MED-IVF-D5500,2026-08-31,9.1,0,46.9,swasthya-demand-v1.0
PHC-BR-GAY-003,MED-IVF-D5500,2026-09-01,1.0,0,45.9,swasthya-demand-v1.0
PHC-BR-GAY-003,MED-IVF-D5500,2026-09-02,1.0,0,44.9,swasthya-demand-v1.0
PHC-BR-GAY-003,MED-IVF-D5500,2026-09-03,1.0,0,43.9,swasthya-demand-v1.0
PHC-BR-GAY-003,MED-IVF-D5500,2026-09-04,1.0,0,42.9,swasthya-demand-v1.0
PHC-BR-GAY-003,MED-IVF-D5500,2026-09-05,1.0,0,41.9,swasthya-demand-v1.0
PHC-BR-GAY-003,MED-IVF-D5500,2026-09-06,1.0,0,40.9,swasthya-demand-v1.0
PHC-BR-GAY-003,MED-IVF-D5500,2026-09-07,9.2,0,31.7,swasthya-demand-v1.0
PHC-BR-GAY-003,MED-IVF-D5500,2026-09-08,1.0,0,30.7,swasthya-demand-v1.0
PHC-BR-GAY-003,MED-IVF-D5500,2026-09-09,1.0,0,29.7,swasthya-demand-v1.0
PHC-BR-GAY-003,MED-IVF-D5500,2026-09-10,1.0,0,28.7,swasthya-demand-v1.0
PHC-BR-GAY-003,MED-ART-60,2026-08-28,1.0,0,82.0,swasthya-demand-v1.0
PHC-BR-GAY-003,MED-ART-60,2026-08-29,1.0,0,81.0,swasthya-demand-v1.0
PHC-BR-GAY-003,MED-ART-60,2026-08-30,1.0,0,80.0,swasthya-demand-v1.0
PHC-BR-GAY-003,MED-ART-60,2026-08-31,9.3,0,70.7,swasthya-demand-v1.0
PHC-BR-GAY-003,MED-ART-60,2026-09-01,1.0,0,69.7,swasthya-demand-v1.0
PHC-BR-GAY-003,MED-ART-60,2026-09-02,1.0,0,68.7,swasthya-demand-v1.0
PHC-BR-GAY-003,MED-ART-60,2026-09-03,1.0,0,67.7,swasthya-demand-v1.0
PHC-BR-GAY-003,MED-ART-60,2026-09-04,1.0,0,66.7,swasthya-demand-v1.0
PHC-BR-GAY-003,MED-ART-60,2026-09-05,1.0,0,65.7,swasthya-demand-v1.0
PHC-BR-GAY-003,MED-ART-60,2026-09-06,1.0,0,64.7,swasthya-demand-v1.0
PHC-BR-GAY-003,MED-ART-60,2026-09-07,9.3,0,55.4,swasthya-demand-v1.0
PHC-BR-GAY-003,MED-ART-60,2026-09-08,1.0,0,54.4,swasthya-demand-v1.0
PHC-BR-GAY-003,MED-ART-60,2026-09-09,1.0,0,53.4,swasthya-demand-v1.0
PHC-BR-GAY-003,MED-ART-60,2026-09-10,1.0,0,52.4,swasthya-demand-v1.0
PHC-BR-GAY-003,MED-ALB-400,2026-08-28,1.0,0,57.0,swasthya-demand-v1.0
PHC-BR-GAY-003,MED-ALB-400,2026-08-29,1.0,0,56.0,swasthya-demand-v1.0
PHC-BR-GAY-003,MED-ALB-400,2026-08-30,1.0,0,55.0,swasthya-demand-v1.0
PHC-BR-GAY-003,MED-ALB-400,2026-08-31,9.0,0,46.0,swasthya-demand-v1.0
PHC-BR-GAY-003,MED-ALB-400,2026-09-01,1.0,0,45.0,swasthya-demand-v1.0
PHC-BR-GAY-003,MED-ALB-400,2026-09-02,1.0,0,44.0,swasthya-demand-v1.0
PHC-BR-GAY-003,MED-ALB-400,2026-09-03,1.0,0,43.0,swasthya-demand-v1.0
PHC-BR-GAY-003,MED-ALB-400,2026-09-04,1.0,0,42.0,swasthya-demand-v1.0
PHC-BR-GAY-003,MED-ALB-400,2026-09-05,1.0,0,41.0,swasthya-demand-v1.0
PHC-BR-GAY-003,MED-ALB-400,2026-09-06,1.0,0,40.0,swasthya-demand-v1.0
PHC-BR-GAY-003,MED-ALB-400,2026-09-07,9.2,0,30.8,swasthya-demand-v1.0
PHC-BR-GAY-003,MED-ALB-400,2026-09-08,1.0,0,29.8,swasthya-demand-v1.0
PHC-BR-GAY-003,MED-ALB-400,2026-09-09,1.0,0,28.8,swasthya-demand-v1.0
PHC-BR-GAY-003,MED-ALB-400,2026-09-10,1.0,0,27.8,swasthya-demand-v1.0
PHC-BR-GAY-003,MED-IFA-TAB,2026-08-28,1.0,0,0.0,swasthya-demand-v1.0
PHC-BR-GAY-003,MED-IFA-TAB,2026-08-29,1.0,0,0.0,swasthya-demand-v1.0
PHC-BR-GAY-003,MED-IFA-TAB,2026-08-30,1.0,0,0.0,swasthya-demand-v1.0
PHC-BR-GAY-003,MED-IFA-TAB,2026-08-31,8.2,364,352.8,swasthya-demand-v1.0
PHC-BR-GAY-003,MED-IFA-TAB,2026-09-01,1.0,0,351.8,swasthya-demand-v1.0
PHC-BR-GAY-003,MED-IFA-TAB,2026-09-02,1.0,0,350.8,swasthya-demand-v1.0
PHC-BR-GAY-003,MED-IFA-TAB,2026-09-03,1.0,0,349.8,swasthya-demand-v1.0
PHC-BR-GAY-003,MED-IFA-TAB,2026-09-04,1.0,0,348.8,swasthya-demand-v1.0
PHC-BR-GAY-003,MED-IFA-TAB,2026-09-05,1.0,0,347.8,swasthya-demand-v1.0
PHC-BR-GAY-003,MED-IFA-TAB,2026-09-06,1.0,0,346.8,swasthya-demand-v1.0
PHC-BR-GAY-003,MED-IFA-TAB,2026-09-07,8.8,0,338.0,swasthya-demand-v1.0
PHC-BR-GAY-003,MED-IFA-TAB,2026-09-08,1.0,0,337.0,swasthya-demand-v1.0
PHC-BR-GAY-003,MED-IFA-TAB,2026-09-09,1.0,0,336.0,swasthya-demand-v1.0
PHC-BR-GAY-003,MED-IFA-TAB,2026-09-10,1.0,0,335.0,swasthya-demand-v1.0
DH-BR-GAY-001,MED-PCM-500,2026-08-28,953.5,0,0.0,swasthya-demand-v1.0
DH-BR-GAY-001,MED-PCM-500,2026-08-29,903.1,12236,10379.4,swasthya-demand-v1.0
DH-BR-GAY-001,MED-PCM-500,2026-08-30,797.0,0,9582.4,swasthya-demand-v1.0
DH-BR-GAY-001,MED-PCM-500,2026-08-31,798.8,0,8783.6,swasthya-demand-v1.0
DH-BR-GAY-001,MED-PCM-500,2026-09-01,727.3,0,8056.3,swasthya-demand-v1.0
DH-BR-GAY-001,MED-PCM-500,2026-09-02,660.8,0,7395.5,swasthya-demand-v1.0
DH-BR-GAY-001,MED-PCM-500,2026-09-03,606.7,0,6788.8,swasthya-demand-v1.0
DH-BR-GAY-001,MED-PCM-500,2026-09-04,536.3,0,6252.5,swasthya-demand-v1.0
DH-BR-GAY-001,MED-PCM-500,2026-09-05,466.0,0,5786.5,swasthya-demand-v1.0
DH-BR-GAY-001,MED-PCM-500,2026-09-06,394.6,0,5391.9,swasthya-demand-v1.0
DH-BR-GAY-001,MED-PCM-500,2026-09-07,417.9,0,4974.0,swasthya-demand-v1.0
DH-BR-GAY-001,MED-PCM-500,2026-09-08,358.6,0,4615.4,swasthya-demand-v1.0
DH-BR-GAY-001,MED-PCM-500,2026-09-09,313.5,0,4301.9,swasthya-demand-v1.0
DH-BR-GAY-001,MED-PCM-500,2026-09-10,277.1,0,4024.8,swasthya-demand-v1.0
DH-BR-GAY-001,MED-PCM-SYR,2026-08-28,393.0,0,0.0,swasthya-demand-v1.0
DH-BR-GAY-001,MED-PCM-SYR,2026-08-29,361.0,0,0.0,swasthya-demand-v1.0
DH-BR-GAY-001,MED-PCM-SYR,2026-08-30,299.5,4886,3832.5,swasthya-demand-v1.0
DH-BR-GAY-001,MED-PCM-SYR,2026-08-31,323.3,0,3509.2,swasthya-demand-v1.0
DH-BR-GAY-001,MED-PCM-SYR,2026-09-01,276.4,0,3232.8,swasthya-demand-v1.0
DH-BR-GAY-001,MED-PCM-SYR,2026-09-02,237.5,0,2995.3,swasthya-demand-v1.0
DH-BR-GAY-001,MED-PCM-SYR,2026-09-03,205.3,0,2790.0,swasthya-demand-v1.0
DH-BR-GAY-001,MED-PCM-SYR,2026-09-04,157.1,0,2632.9,swasthya-demand-v1.0
DH-BR-GAY-001,MED-PCM-SYR,2026-09-05,107.9,0,2525.0,swasthya-demand-v1.0
DH-BR-GAY-001,MED-PCM-SYR,2026-09-06,55.5,0,2469.5,swasthya-demand-v1.0
DH-BR-GAY-001,MED-PCM-SYR,2026-09-07,96.9,0,2372.6,swasthya-demand-v1.0
DH-BR-GAY-001,MED-PCM-SYR,2026-09-08,54.1,0,2318.5,swasthya-demand-v1.0
DH-BR-GAY-001,MED-PCM-SYR,2026-09-09,25.2,0,2293.3,swasthya-demand-v1.0
DH-BR-GAY-001,MED-PCM-SYR,2026-09-10,3.7,0,2289.6,swasthya-demand-v1.0
DH-BR-GAY-001,MED-AMX-500,2026-08-28,442.4,0,0.0,swasthya-demand-v1.0
DH-BR-GAY-001,MED-AMX-500,2026-08-29,390.1,5978,5145.5,swasthya-demand-v1.0
DH-BR-GAY-001,MED-AMX-500,2026-08-30,314.0,0,4831.5,swasthya-demand-v1.0
DH-BR-GAY-001,MED-AMX-500,2026-08-31,348.8,0,4482.7,swasthya-demand-v1.0
DH-BR-GAY-001,MED-AMX-500,2026-09-01,294.9,0,4187.8,swasthya-demand-v1.0
DH-BR-GAY-001,MED-AMX-500,2026-09-02,252.7,0,3935.1,swasthya-demand-v1.0
DH-BR-GAY-001,MED-AMX-500,2026-09-03,221.3,0,3713.8,swasthya-demand-v1.0
DH-BR-GAY-001,MED-AMX-500,2026-09-04,170.1,0,3543.7,swasthya-demand-v1.0
DH-BR-GAY-001,MED-AMX-500,2026-09-05,119.6,0,3424.1,swasthya-demand-v1.0
DH-BR-GAY-001,MED-AMX-500,2026-09-06,66.4,0,3357.7,swasthya-demand-v1.0
DH-BR-GAY-001,MED-AMX-500,2026-09-07,106.6,0,3251.1,swasthya-demand-v1.0
DH-BR-GAY-001,MED-AMX-500,2026-09-08,63.1,0,3188.0,swasthya-demand-v1.0
DH-BR-GAY-001,MED-AMX-500,2026-09-09,33.7,0,3154.3,swasthya-demand-v1.0
DH-BR-GAY-001,MED-AMX-500,2026-09-10,11.8,0,3142.5,swasthya-demand-v1.0
DH-BR-GAY-001,MED-AMC-625,2026-08-28,261.0,3808,3547.0,swasthya-demand-v1.0
DH-BR-GAY-001,MED-AMC-625,2026-08-29,210.6,0,3336.4,swasthya-demand-v1.0
DH-BR-GAY-001,MED-AMC-625,2026-08-30,154.2,0,3182.2,swasthya-demand-v1.0
DH-BR-GAY-001,MED-AMC-625,2026-08-31,192.4,0,2989.8,swasthya-demand-v1.0
DH-BR-GAY-001,MED-AMC-625,2026-09-01,146.2,0,2843.6,swasthya-demand-v1.0
DH-BR-GAY-001,MED-AMC-625,2026-09-02,113.5,0,2730.1,swasthya-demand-v1.0
DH-BR-GAY-001,MED-AMC-625,2026-09-03,88.2,0,2641.9,swasthya-demand-v1.0
DH-BR-GAY-001,MED-AMC-625,2026-09-04,44.2,0,2597.7,swasthya-demand-v1.0
DH-BR-GAY-001,MED-AMC-625,2026-09-05,1.0,0,2596.7,swasthya-demand-v1.0
DH-BR-GAY-001,MED-AMC-625,2026-09-06,1.0,0,2595.7,swasthya-demand-v1.0
DH-BR-GAY-001,MED-AMC-625,2026-09-07,14.7,0,2581.0,swasthya-demand-v1.0
DH-BR-GAY-001,MED-AMC-625,2026-09-08,1.0,0,2580.0,swasthya-demand-v1.0
DH-BR-GAY-001,MED-AMC-625,2026-09-09,1.0,0,2579.0,swasthya-demand-v1.0
DH-BR-GAY-001,MED-AMC-625,2026-09-10,1.0,0,2578.0,swasthya-demand-v1.0
DH-BR-GAY-001,MED-ORS-SFT,2026-08-28,634.4,8708,8073.6,swasthya-demand-v1.0
DH-BR-GAY-001,MED-ORS-SFT,2026-08-29,606.3,0,7467.3,swasthya-demand-v1.0
DH-BR-GAY-001,MED-ORS-SFT,2026-08-30,529.5,0,6937.8,swasthya-demand-v1.0
DH-BR-GAY-001,MED-ORS-SFT,2026-08-31,540.6,0,6397.2,swasthya-demand-v1.0
DH-BR-GAY-001,MED-ORS-SFT,2026-09-01,486.1,0,5911.1,swasthya-demand-v1.0
DH-BR-GAY-001,MED-ORS-SFT,2026-09-02,436.3,0,5474.8,swasthya-demand-v1.0
DH-BR-GAY-001,MED-ORS-SFT,2026-09-03,394.4,0,5080.4,swasthya-demand-v1.0
DH-BR-GAY-001,MED-ORS-SFT,2026-09-04,337.4,0,4743.0,swasthya-demand-v1.0
DH-BR-GAY-001,MED-ORS-SFT,2026-09-05,279.1,0,4463.9,swasthya-demand-v1.0
DH-BR-GAY-001,MED-ORS-SFT,2026-09-06,218.1,0,4245.8,swasthya-demand-v1.0
DH-BR-GAY-001,MED-ORS-SFT,2026-09-07,251.4,0,3994.4,swasthya-demand-v1.0
DH-BR-GAY-001,MED-ORS-SFT,2026-09-08,200.7,0,3793.7,swasthya-demand-v1.0
DH-BR-GAY-001,MED-ORS-SFT,2026-09-09,164.2,0,3629.5,swasthya-demand-v1.0
DH-BR-GAY-001,MED-ORS-SFT,2026-09-10,135.7,0,3493.8,swasthya-demand-v1.0
DH-BR-GAY-001,MED-ZNC-20,2026-08-28,349.2,0,0.0,swasthya-demand-v1.0
DH-BR-GAY-001,MED-ZNC-20,2026-08-29,310.3,4354,3694.5,swasthya-demand-v1.0
DH-BR-GAY-001,MED-ZNC-20,2026-08-30,236.1,0,3458.4,swasthya-demand-v1.0
DH-BR-GAY-001,MED-ZNC-20,2026-08-31,275.3,0,3183.1,swasthya-demand-v1.0
DH-BR-GAY-001,MED-ZNC-20,2026-09-01,227.2,0,2955.9,swasthya-demand-v1.0
DH-BR-GAY-001,MED-ZNC-20,2026-09-02,188.6,0,2767.3,swasthya-demand-v1.0
DH-BR-GAY-001,MED-ZNC-20,2026-09-03,161.3,0,2606.0,swasthya-demand-v1.0
DH-BR-GAY-001,MED-ZNC-20,2026-09-04,114.0,0,2492.0,swasthya-demand-v1.0
DH-BR-GAY-001,MED-ZNC-20,2026-09-05,66.7,0,2425.3,swasthya-demand-v1.0
DH-BR-GAY-001,MED-ZNC-20,2026-09-06,16.6,0,2408.7,swasthya-demand-v1.0
DH-BR-GAY-001,MED-ZNC-20,2026-09-07,59.6,0,2349.1,swasthya-demand-v1.0
DH-BR-GAY-001,MED-ZNC-20,2026-09-08,18.6,0,2330.5,swasthya-demand-v1.0
DH-BR-GAY-001,MED-ZNC-20,2026-09-09,1.0,0,2329.5,swasthya-demand-v1.0
DH-BR-GAY-001,MED-ZNC-20,2026-09-10,1.0,0,2328.5,swasthya-demand-v1.0
DH-BR-GAY-001,MED-AZI-500,2026-08-28,209.4,3262,3052.6,swasthya-demand-v1.0
DH-BR-GAY-001,MED-AZI-500,2026-08-29,176.9,0,2875.7,swasthya-demand-v1.0
DH-BR-GAY-001,MED-AZI-500,2026-08-30,113.6,0,2762.1,swasthya-demand-v1.0
DH-BR-GAY-001,MED-AZI-500,2026-08-31,154.8,0,2607.3,swasthya-demand-v1.0
DH-BR-GAY-001,MED-AZI-500,2026-09-01,112.8,0,2494.5,swasthya-demand-v1.0
DH-BR-GAY-001,MED-AZI-500,2026-09-02,80.3,0,2414.2,swasthya-demand-v1.0
DH-BR-GAY-001,MED-AZI-500,2026-09-03,57.3,0,2356.9,swasthya-demand-v1.0
DH-BR-GAY-001,MED-AZI-500,2026-09-04,15.3,0,2341.6,swasthya-demand-v1.0
DH-BR-GAY-001,MED-AZI-500,2026-09-05,1.0,0,2340.6,swasthya-demand-v1.0
DH-BR-GAY-001,MED-AZI-500,2026-09-06,1.0,0,2339.6,swasthya-demand-v1.0
DH-BR-GAY-001,MED-AZI-500,2026-09-07,7.1,0,2332.5,swasthya-demand-v1.0
DH-BR-GAY-001,MED-AZI-500,2026-09-08,1.0,0,2331.5,swasthya-demand-v1.0
DH-BR-GAY-001,MED-AZI-500,2026-09-09,1.0,0,2330.5,swasthya-demand-v1.0
DH-BR-GAY-001,MED-AZI-500,2026-09-10,1.0,0,2329.5,swasthya-demand-v1.0
DH-BR-GAY-001,MED-CTX-1G,2026-08-28,88.2,0,0.0,swasthya-demand-v1.0
DH-BR-GAY-001,MED-CTX-1G,2026-08-29,51.0,1624,1484.8,swasthya-demand-v1.0
DH-BR-GAY-001,MED-CTX-1G,2026-08-30,2.2,0,1482.6,swasthya-demand-v1.0
DH-BR-GAY-001,MED-CTX-1G,2026-08-31,47.8,0,1434.8,swasthya-demand-v1.0
DH-BR-GAY-001,MED-CTX-1G,2026-09-01,10.1,0,1424.7,swasthya-demand-v1.0
DH-BR-GAY-001,MED-CTX-1G,2026-09-02,1.0,0,1423.7,swasthya-demand-v1.0
DH-BR-GAY-001,MED-CTX-1G,2026-09-03,1.0,0,1422.7,swasthya-demand-v1.0
DH-BR-GAY-001,MED-CTX-1G,2026-09-04,1.0,0,1421.7,swasthya-demand-v1.0
DH-BR-GAY-001,MED-CTX-1G,2026-09-05,1.0,0,1420.7,swasthya-demand-v1.0
DH-BR-GAY-001,MED-CTX-1G,2026-09-06,1.0,0,1419.7,swasthya-demand-v1.0
DH-BR-GAY-001,MED-CTX-1G,2026-09-07,6.1,0,1413.6,swasthya-demand-v1.0
DH-BR-GAY-001,MED-CTX-1G,2026-09-08,1.0,0,1412.6,swasthya-demand-v1.0
DH-BR-GAY-001,MED-CTX-1G,2026-09-09,1.0,0,1411.6,swasthya-demand-v1.0
DH-BR-GAY-001,MED-CTX-1G,2026-09-10,1.0,0,1410.6,swasthya-demand-v1.0
DH-BR-GAY-001,MED-RAB-VAC,2026-08-28,31.6,0,0.0,swasthya-demand-v1.0
DH-BR-GAY-001,MED-RAB-VAC,2026-08-29,1.0,0,0.0,swasthya-demand-v1.0
DH-BR-GAY-001,MED-RAB-VAC,2026-08-30,1.0,0,0.0,swasthya-demand-v1.0
DH-BR-GAY-001,MED-RAB-VAC,2026-08-31,15.9,952,902.5,swasthya-demand-v1.0
DH-BR-GAY-001,MED-RAB-VAC,2026-09-01,1.0,0,901.5,swasthya-demand-v1.0
DH-BR-GAY-001,MED-RAB-VAC,2026-09-02,1.0,0,900.5,swasthya-demand-v1.0
DH-BR-GAY-001,MED-RAB-VAC,2026-09-03,1.0,0,899.5,swasthya-demand-v1.0
DH-BR-GAY-001,MED-RAB-VAC,2026-09-04,1.0,0,898.5,swasthya-demand-v1.0
DH-BR-GAY-001,MED-RAB-VAC,2026-09-05,1.0,0,897.5,swasthya-demand-v1.0
DH-BR-GAY-001,MED-RAB-VAC,2026-09-06,1.0,0,896.5,swasthya-demand-v1.0
DH-BR-GAY-001,MED-RAB-VAC,2026-09-07,7.7,0,888.8,swasthya-demand-v1.0
DH-BR-GAY-001,MED-RAB-VAC,2026-09-08,1.0,0,887.8,swasthya-demand-v1.0
DH-BR-GAY-001,MED-RAB-VAC,2026-09-09,1.0,0,886.8,swasthya-demand-v1.0
DH-BR-GAY-001,MED-RAB-VAC,2026-09-10,1.0,0,885.8,swasthya-demand-v1.0
DH-BR-GAY-001,MED-ASV-VIAL,2026-08-28,1.0,0,0.0,swasthya-demand-v1.0
DH-BR-GAY-001,MED-ASV-VIAL,2026-08-29,1.0,0,0.0,swasthya-demand-v1.0
DH-BR-GAY-001,MED-ASV-VIAL,2026-08-30,1.0,0,0.0,swasthya-demand-v1.0
DH-BR-GAY-001,MED-ASV-VIAL,2026-08-31,8.3,322,310.7,swasthya-demand-v1.0
DH-BR-GAY-001,MED-ASV-VIAL,2026-09-01,1.0,0,309.7,swasthya-demand-v1.0
DH-BR-GAY-001,MED-ASV-VIAL,2026-09-02,1.0,0,308.7,swasthya-demand-v1.0
DH-BR-GAY-001,MED-ASV-VIAL,2026-09-03,1.0,0,307.7,swasthya-demand-v1.0
DH-BR-GAY-001,MED-ASV-VIAL,2026-09-04,1.0,0,306.7,swasthya-demand-v1.0
DH-BR-GAY-001,MED-ASV-VIAL,2026-09-05,1.0,0,305.7,swasthya-demand-v1.0
DH-BR-GAY-001,MED-ASV-VIAL,2026-09-06,1.0,0,304.7,swasthya-demand-v1.0
DH-BR-GAY-001,MED-ASV-VIAL,2026-09-07,8.9,0,295.8,swasthya-demand-v1.0
DH-BR-GAY-001,MED-ASV-VIAL,2026-09-08,1.0,0,294.8,swasthya-demand-v1.0
DH-BR-GAY-001,MED-ASV-VIAL,2026-09-09,1.0,0,293.8,swasthya-demand-v1.0
DH-BR-GAY-001,MED-ASV-VIAL,2026-09-10,1.0,0,292.8,swasthya-demand-v1.0
DH-BR-GAY-001,MED-INS-REG,2026-08-28,40.1,0,0.0,swasthya-demand-v1.0
DH-BR-GAY-001,MED-INS-REG,2026-08-29,8.2,0,0.0,swasthya-demand-v1.0
DH-BR-GAY-001,MED-INS-REG,2026-08-30,1.0,1078,1028.7,swasthya-demand-v1.0
DH-BR-GAY-001,MED-INS-REG,2026-08-31,20.4,0,1008.3,swasthya-demand-v1.0
DH-BR-GAY-001,MED-INS-REG,2026-09-01,1.0,0,1007.3,swasthya-demand-v1.0
DH-BR-GAY-001,MED-INS-REG,2026-09-02,1.0,0,1006.3,swasthya-demand-v1.0
DH-BR-GAY-001,MED-INS-REG,2026-09-03,1.0,0,1005.3,swasthya-demand-v1.0
DH-BR-GAY-001,MED-INS-REG,2026-09-04,1.0,0,1004.3,swasthya-demand-v1.0
DH-BR-GAY-001,MED-INS-REG,2026-09-05,1.0,0,1003.3,swasthya-demand-v1.0
DH-BR-GAY-001,MED-INS-REG,2026-09-06,1.0,0,1002.3,swasthya-demand-v1.0
DH-BR-GAY-001,MED-INS-REG,2026-09-07,7.5,0,994.8,swasthya-demand-v1.0
DH-BR-GAY-001,MED-INS-REG,2026-09-08,1.0,0,993.8,swasthya-demand-v1.0
DH-BR-GAY-001,MED-INS-REG,2026-09-09,1.0,0,992.8,swasthya-demand-v1.0
DH-BR-GAY-001,MED-INS-REG,2026-09-10,1.0,0,991.8,swasthya-demand-v1.0
DH-BR-GAY-001,MED-MET-500,2026-08-28,577.2,0,0.0,swasthya-demand-v1.0
DH-BR-GAY-001,MED-MET-500,2026-08-29,534.3,6804,5692.5,swasthya-demand-v1.0
DH-BR-GAY-001,MED-MET-500,2026-08-30,454.2,0,5238.3,swasthya-demand-v1.0
DH-BR-GAY-001,MED-MET-500,2026-08-31,477.6,0,4760.7,swasthya-demand-v1.0
DH-BR-GAY-001,MED-MET-500,2026-09-01,421.5,0,4339.2,swasthya-demand-v1.0
DH-BR-GAY-001,MED-MET-500,2026-09-02,373.7,0,3965.5,swasthya-demand-v1.0
DH-BR-GAY-001,MED-MET-500,2026-09-03,336.1,0,3629.4,swasthya-demand-v1.0
DH-BR-GAY-001,MED-MET-500,2026-09-04,280.5,0,3348.9,swasthya-demand-v1.0
DH-BR-GAY-001,MED-MET-500,2026-09-05,224.7,0,3124.2,swasthya-demand-v1.0
DH-BR-GAY-001,MED-MET-500,2026-09-06,166.5,0,2957.7,swasthya-demand-v1.0
DH-BR-GAY-001,MED-MET-500,2026-09-07,201.9,0,2755.8,swasthya-demand-v1.0
DH-BR-GAY-001,MED-MET-500,2026-09-08,153.7,0,2602.1,swasthya-demand-v1.0
DH-BR-GAY-001,MED-MET-500,2026-09-09,119.7,0,2482.4,swasthya-demand-v1.0
DH-BR-GAY-001,MED-MET-500,2026-09-10,93.4,0,2389.0,swasthya-demand-v1.0
DH-BR-GAY-001,MED-OXY-AMP,2026-08-28,64.8,0,0.0,swasthya-demand-v1.0
DH-BR-GAY-001,MED-OXY-AMP,2026-08-29,28.6,0,0.0,swasthya-demand-v1.0
DH-BR-GAY-001,MED-OXY-AMP,2026-08-30,1.0,0,0.0,swasthya-demand-v1.0
DH-BR-GAY-001,MED-OXY-AMP,2026-08-31,33.4,1358,1230.2,swasthya-demand-v1.0
DH-BR-GAY-001,MED-OXY-AMP,2026-09-01,1.0,0,1229.2,swasthya-demand-v1.0
DH-BR-GAY-001,MED-OXY-AMP,2026-09-02,1.0,0,1228.2,swasthya-demand-v1.0
DH-BR-GAY-001,MED-OXY-AMP,2026-09-03,1.0,0,1227.2,swasthya-demand-v1.0
DH-BR-GAY-001,MED-OXY-AMP,2026-09-04,1.0,0,1226.2,swasthya-demand-v1.0
DH-BR-GAY-001,MED-OXY-AMP,2026-09-05,1.0,0,1225.2,swasthya-demand-v1.0
DH-BR-GAY-001,MED-OXY-AMP,2026-09-06,1.0,0,1224.2,swasthya-demand-v1.0
DH-BR-GAY-001,MED-OXY-AMP,2026-09-07,6.7,0,1217.5,swasthya-demand-v1.0
DH-BR-GAY-001,MED-OXY-AMP,2026-09-08,1.0,0,1216.5,swasthya-demand-v1.0
DH-BR-GAY-001,MED-OXY-AMP,2026-09-09,1.0,0,1215.5,swasthya-demand-v1.0
DH-BR-GAY-001,MED-OXY-AMP,2026-09-10,1.0,0,1214.5,swasthya-demand-v1.0
DH-BR-GAY-001,MED-MGS-50,2026-08-28,7.9,0,0.0,swasthya-demand-v1.0
DH-BR-GAY-001,MED-MGS-50,2026-08-29,1.0,0,0.0,swasthya-demand-v1.0
DH-BR-GAY-001,MED-MGS-50,2026-08-30,1.0,0,0.0,swasthya-demand-v1.0
DH-BR-GAY-001,MED-MGS-50,2026-08-31,9.4,672,652.7,swasthya-demand-v1.0
DH-BR-GAY-001,MED-MGS-50,2026-09-01,1.0,0,651.7,swasthya-demand-v1.0
DH-BR-GAY-001,MED-MGS-50,2026-09-02,1.0,0,650.7,swasthya-demand-v1.0
DH-BR-GAY-001,MED-MGS-50,2026-09-03,1.0,0,649.7,swasthya-demand-v1.0
DH-BR-GAY-001,MED-MGS-50,2026-09-04,1.0,0,648.7,swasthya-demand-v1.0
DH-BR-GAY-001,MED-MGS-50,2026-09-05,1.0,0,647.7,swasthya-demand-v1.0
DH-BR-GAY-001,MED-MGS-50,2026-09-06,1.0,0,646.7,swasthya-demand-v1.0
DH-BR-GAY-001,MED-MGS-50,2026-09-07,8.3,0,638.4,swasthya-demand-v1.0
DH-BR-GAY-001,MED-MGS-50,2026-09-08,1.0,0,637.4,swasthya-demand-v1.0
DH-BR-GAY-001,MED-MGS-50,2026-09-09,1.0,0,636.4,swasthya-demand-v1.0
DH-BR-GAY-001,MED-MGS-50,2026-09-10,1.0,0,635.4,swasthya-demand-v1.0
DH-BR-GAY-001,MED-IVF-NS500,2026-08-28,310.6,0,0.0,swasthya-demand-v1.0
DH-BR-GAY-001,MED-IVF-NS500,2026-08-29,278.5,0,0.0,swasthya-demand-v1.0
DH-BR-GAY-001,MED-IVF-NS500,2026-08-30,215.5,0,0.0,swasthya-demand-v1.0
DH-BR-GAY-001,MED-IVF-NS500,2026-08-31,247.1,4074,3022.3,swasthya-demand-v1.0
DH-BR-GAY-001,MED-IVF-NS500,2026-09-01,202.3,0,2820.0,swasthya-demand-v1.0
DH-BR-GAY-001,MED-IVF-NS500,2026-09-02,166.1,0,2653.9,swasthya-demand-v1.0
DH-BR-GAY-001,MED-IVF-NS500,2026-09-03,138.0,0,2515.9,swasthya-demand-v1.0
DH-BR-GAY-001,MED-IVF-NS500,2026-09-04,92.5,0,2423.4,swasthya-demand-v1.0
DH-BR-GAY-001,MED-IVF-NS500,2026-09-05,46.3,0,2377.1,swasthya-demand-v1.0
DH-BR-GAY-001,MED-IVF-NS500,2026-09-06,1.0,0,2376.1,swasthya-demand-v1.0
DH-BR-GAY-001,MED-IVF-NS500,2026-09-07,42.4,0,2333.7,swasthya-demand-v1.0
DH-BR-GAY-001,MED-IVF-NS500,2026-09-08,2.8,0,2330.9,swasthya-demand-v1.0
DH-BR-GAY-001,MED-IVF-NS500,2026-09-09,1.0,0,2329.9,swasthya-demand-v1.0
DH-BR-GAY-001,MED-IVF-NS500,2026-09-10,1.0,0,2328.9,swasthya-demand-v1.0
DH-BR-GAY-001,MED-IVF-RL500,2026-08-28,220.9,0,0.0,swasthya-demand-v1.0
DH-BR-GAY-001,MED-IVF-RL500,2026-08-29,191.0,0,0.0,swasthya-demand-v1.0
DH-BR-GAY-001,MED-IVF-RL500,2026-08-30,134.3,3262,2715.8,swasthya-demand-v1.0
DH-BR-GAY-001,MED-IVF-RL500,2026-08-31,169.6,0,2546.2,swasthya-demand-v1.0
DH-BR-GAY-001,MED-IVF-RL500,2026-09-01,128.6,0,2417.6,swasthya-demand-v1.0
DH-BR-GAY-001,MED-IVF-RL500,2026-09-02,96.5,0,2321.1,swasthya-demand-v1.0
DH-BR-GAY-001,MED-IVF-RL500,2026-09-03,71.9,0,2249.2,swasthya-demand-v1.0
DH-BR-GAY-001,MED-IVF-RL500,2026-09-04,29.9,0,2219.3,swasthya-demand-v1.0
DH-BR-GAY-001,MED-IVF-RL500,2026-09-05,1.0,0,2218.3,swasthya-demand-v1.0
DH-BR-GAY-001,MED-IVF-RL500,2026-09-06,1.0,0,2217.3,swasthya-demand-v1.0
DH-BR-GAY-001,MED-IVF-RL500,2026-09-07,11.3,0,2206.0,swasthya-demand-v1.0
DH-BR-GAY-001,MED-IVF-RL500,2026-09-08,1.0,0,2205.0,swasthya-demand-v1.0
DH-BR-GAY-001,MED-IVF-RL500,2026-09-09,1.0,0,2204.0,swasthya-demand-v1.0
DH-BR-GAY-001,MED-IVF-RL500,2026-09-10,1.0,0,2203.0,swasthya-demand-v1.0
DH-BR-GAY-001,MED-IVF-D5500,2026-08-28,132.4,0,0.0,swasthya-demand-v1.0
DH-BR-GAY-001,MED-IVF-D5500,2026-08-29,94.4,0,0.0,swasthya-demand-v1.0
DH-BR-GAY-001,MED-IVF-D5500,2026-08-30,47.4,2170,1895.8,swasthya-demand-v1.0
DH-BR-GAY-001,MED-IVF-D5500,2026-08-31,87.6,0,1808.2,swasthya-demand-v1.0
DH-BR-GAY-001,MED-IVF-D5500,2026-09-01,48.5,0,1759.7,swasthya-demand-v1.0
DH-BR-GAY-001,MED-IVF-D5500,2026-09-02,21.5,0,1738.2,swasthya-demand-v1.0
DH-BR-GAY-001,MED-IVF-D5500,2026-09-03,1.0,0,1737.2,swasthya-demand-v1.0
DH-BR-GAY-001,MED-IVF-D5500,2026-09-04,1.0,0,1736.2,swasthya-demand-v1.0
DH-BR-GAY-001,MED-IVF-D5500,2026-09-05,1.0,0,1735.2,swasthya-demand-v1.0
DH-BR-GAY-001,MED-IVF-D5500,2026-09-06,1.0,0,1734.2,swasthya-demand-v1.0
DH-BR-GAY-001,MED-IVF-D5500,2026-09-07,4.6,0,1729.6,swasthya-demand-v1.0
DH-BR-GAY-001,MED-IVF-D5500,2026-09-08,1.0,0,1728.6,swasthya-demand-v1.0
DH-BR-GAY-001,MED-IVF-D5500,2026-09-09,1.0,0,1727.6,swasthya-demand-v1.0
DH-BR-GAY-001,MED-IVF-D5500,2026-09-10,1.0,0,1726.6,swasthya-demand-v1.0
DH-BR-GAY-001,MED-ART-60,2026-08-28,19.2,0,0.0,swasthya-demand-v1.0
DH-BR-GAY-001,MED-ART-60,2026-08-29,1.0,812,791.8,swasthya-demand-v1.0
DH-BR-GAY-001,MED-ART-60,2026-08-30,1.0,0,790.8,swasthya-demand-v1.0
DH-BR-GAY-001,MED-ART-60,2026-08-31,12.4,0,778.4,swasthya-demand-v1.0
DH-BR-GAY-001,MED-ART-60,2026-09-01,1.0,0,777.4,swasthya-demand-v1.0
DH-BR-GAY-001,MED-ART-60,2026-09-02,1.0,0,776.4,swasthya-demand-v1.0
DH-BR-GAY-001,MED-ART-60,2026-09-03,1.0,0,775.4,swasthya-demand-v1.0
DH-BR-GAY-001,MED-ART-60,2026-09-04,1.0,0,774.4,swasthya-demand-v1.0
DH-BR-GAY-001,MED-ART-60,2026-09-05,1.0,0,773.4,swasthya-demand-v1.0
DH-BR-GAY-001,MED-ART-60,2026-09-06,1.0,0,772.4,swasthya-demand-v1.0
DH-BR-GAY-001,MED-ART-60,2026-09-07,8.0,0,764.4,swasthya-demand-v1.0
DH-BR-GAY-001,MED-ART-60,2026-09-08,1.0,0,763.4,swasthya-demand-v1.0
DH-BR-GAY-001,MED-ART-60,2026-09-09,1.0,0,762.4,swasthya-demand-v1.0
DH-BR-GAY-001,MED-ART-60,2026-09-10,1.0,0,761.4,swasthya-demand-v1.0
DH-BR-GAY-001,MED-ALB-400,2026-08-28,144.8,0,0.0,swasthya-demand-v1.0
DH-BR-GAY-001,MED-ALB-400,2026-08-29,111.1,2170,1914.1,swasthya-demand-v1.0
DH-BR-GAY-001,MED-ALB-400,2026-08-30,52.9,0,1861.2,swasthya-demand-v1.0
DH-BR-GAY-001,MED-ALB-400,2026-08-31,97.1,0,1764.1,swasthya-demand-v1.0
DH-BR-GAY-001,MED-ALB-400,2026-09-01,57.2,0,1706.9,swasthya-demand-v1.0
DH-BR-GAY-001,MED-ALB-400,2026-09-02,27.8,0,1679.1,swasthya-demand-v1.0
DH-BR-GAY-001,MED-ALB-400,2026-09-03,7.3,0,1671.8,swasthya-demand-v1.0
DH-BR-GAY-001,MED-ALB-400,2026-09-04,1.0,0,1670.8,swasthya-demand-v1.0
DH-BR-GAY-001,MED-ALB-400,2026-09-05,1.0,0,1669.8,swasthya-demand-v1.0
DH-BR-GAY-001,MED-ALB-400,2026-09-06,1.0,0,1668.8,swasthya-demand-v1.0
DH-BR-GAY-001,MED-ALB-400,2026-09-07,4.2,0,1664.6,swasthya-demand-v1.0
DH-BR-GAY-001,MED-ALB-400,2026-09-08,1.0,0,1663.6,swasthya-demand-v1.0
DH-BR-GAY-001,MED-ALB-400,2026-09-09,1.0,0,1662.6,swasthya-demand-v1.0
DH-BR-GAY-001,MED-ALB-400,2026-09-10,1.0,0,1661.6,swasthya-demand-v1.0
DH-BR-GAY-001,MED-IFA-TAB,2026-08-28,586.7,0,0.0,swasthya-demand-v1.0
DH-BR-GAY-001,MED-IFA-TAB,2026-08-29,549.4,0,0.0,swasthya-demand-v1.0
DH-BR-GAY-001,MED-IFA-TAB,2026-08-30,466.0,7616,6013.9,swasthya-demand-v1.0
DH-BR-GAY-001,MED-IFA-TAB,2026-08-31,489.3,0,5524.6,swasthya-demand-v1.0
DH-BR-GAY-001,MED-IFA-TAB,2026-09-01,433.7,0,5090.9,swasthya-demand-v1.0
DH-BR-GAY-001,MED-IFA-TAB,2026-09-02,385.1,0,4705.8,swasthya-demand-v1.0
DH-BR-GAY-001,MED-IFA-TAB,2026-09-03,347.3,0,4358.5,swasthya-demand-v1.0
DH-BR-GAY-001,MED-IFA-TAB,2026-09-04,291.5,0,4067.0,swasthya-demand-v1.0
DH-BR-GAY-001,MED-IFA-TAB,2026-09-05,235.2,0,3831.8,swasthya-demand-v1.0
DH-BR-GAY-001,MED-IFA-TAB,2026-09-06,176.6,0,3655.2,swasthya-demand-v1.0
DH-BR-GAY-001,MED-IFA-TAB,2026-09-07,211.6,0,3443.6,swasthya-demand-v1.0
DH-BR-GAY-001,MED-IFA-TAB,2026-09-08,162.9,0,3280.7,swasthya-demand-v1.0
DH-BR-GAY-001,MED-IFA-TAB,2026-09-09,128.4,0,3152.3,swasthya-demand-v1.0
DH-BR-GAY-001,MED-IFA-TAB,2026-09-10,101.7,0,3050.6,swasthya-demand-v1.0
PHC-UP-VAR-001,MED-PCM-500,2026-08-28,18.7,0,0.0,swasthya-demand-v1.0
PHC-UP-VAR-001,MED-PCM-500,2026-08-29,1.0,0,0.0,swasthya-demand-v1.0
PHC-UP-VAR-001,MED-PCM-500,2026-08-30,1.0,868,847.3,swasthya-demand-v1.0
PHC-UP-VAR-001,MED-PCM-500,2026-08-31,12.0,0,835.3,swasthya-demand-v1.0
PHC-UP-VAR-001,MED-PCM-500,2026-09-01,1.0,0,834.3,swasthya-demand-v1.0
PHC-UP-VAR-001,MED-PCM-500,2026-09-02,1.0,0,833.3,swasthya-demand-v1.0
PHC-UP-VAR-001,MED-PCM-500,2026-09-03,1.0,0,832.3,swasthya-demand-v1.0
PHC-UP-VAR-001,MED-PCM-500,2026-09-04,1.0,0,831.3,swasthya-demand-v1.0
PHC-UP-VAR-001,MED-PCM-500,2026-09-05,1.0,0,830.3,swasthya-demand-v1.0
PHC-UP-VAR-001,MED-PCM-500,2026-09-06,1.0,0,829.3,swasthya-demand-v1.0
PHC-UP-VAR-001,MED-PCM-500,2026-09-07,8.0,0,821.3,swasthya-demand-v1.0
PHC-UP-VAR-001,MED-PCM-500,2026-09-08,1.0,0,820.3,swasthya-demand-v1.0
PHC-UP-VAR-001,MED-PCM-500,2026-09-09,1.0,0,819.3,swasthya-demand-v1.0
PHC-UP-VAR-001,MED-PCM-500,2026-09-10,1.0,0,818.3,swasthya-demand-v1.0
PHC-UP-VAR-001,MED-PCM-SYR,2026-08-28,1.0,0,0.0,swasthya-demand-v1.0
PHC-UP-VAR-001,MED-PCM-SYR,2026-08-29,1.0,350,348.0,swasthya-demand-v1.0
PHC-UP-VAR-001,MED-PCM-SYR,2026-08-30,1.0,0,347.0,swasthya-demand-v1.0
PHC-UP-VAR-001,MED-PCM-SYR,2026-08-31,8.4,0,338.6,swasthya-demand-v1.0
PHC-UP-VAR-001,MED-PCM-SYR,2026-09-01,1.0,0,337.6,swasthya-demand-v1.0
PHC-UP-VAR-001,MED-PCM-SYR,2026-09-02,1.0,0,336.6,swasthya-demand-v1.0
PHC-UP-VAR-001,MED-PCM-SYR,2026-09-03,1.0,0,335.6,swasthya-demand-v1.0
PHC-UP-VAR-001,MED-PCM-SYR,2026-09-04,1.0,0,334.6,swasthya-demand-v1.0
PHC-UP-VAR-001,MED-PCM-SYR,2026-09-05,1.0,0,333.6,swasthya-demand-v1.0
PHC-UP-VAR-001,MED-PCM-SYR,2026-09-06,1.0,0,332.6,swasthya-demand-v1.0
PHC-UP-VAR-001,MED-PCM-SYR,2026-09-07,8.9,0,323.7,swasthya-demand-v1.0
PHC-UP-VAR-001,MED-PCM-SYR,2026-09-08,1.0,0,322.7,swasthya-demand-v1.0
PHC-UP-VAR-001,MED-PCM-SYR,2026-09-09,1.0,0,321.7,swasthya-demand-v1.0
PHC-UP-VAR-001,MED-PCM-SYR,2026-09-10,1.0,0,320.7,swasthya-demand-v1.0
PHC-UP-VAR-001,MED-AMX-500,2026-08-28,1.0,0,0.0,swasthya-demand-v1.0
PHC-UP-VAR-001,MED-AMX-500,2026-08-29,1.0,0,0.0,swasthya-demand-v1.0
PHC-UP-VAR-001,MED-AMX-500,2026-08-30,1.0,420,417.0,swasthya-demand-v1.0
PHC-UP-VAR-001,MED-AMX-500,2026-08-31,8.2,0,408.8,swasthya-demand-v1.0
PHC-UP-VAR-001,MED-AMX-500,2026-09-01,1.0,0,407.8,swasthya-demand-v1.0
PHC-UP-VAR-001,MED-AMX-500,2026-09-02,1.0,0,406.8,swasthya-demand-v1.0
PHC-UP-VAR-001,MED-AMX-500,2026-09-03,1.0,0,405.8,swasthya-demand-v1.0
PHC-UP-VAR-001,MED-AMX-500,2026-09-04,1.0,0,404.8,swasthya-demand-v1.0
PHC-UP-VAR-001,MED-AMX-500,2026-09-05,1.0,0,403.8,swasthya-demand-v1.0
PHC-UP-VAR-001,MED-AMX-500,2026-09-06,1.0,0,402.8,swasthya-demand-v1.0
PHC-UP-VAR-001,MED-AMX-500,2026-09-07,8.8,0,394.0,swasthya-demand-v1.0
PHC-UP-VAR-001,MED-AMX-500,2026-09-08,1.0,0,393.0,swasthya-demand-v1.0
PHC-UP-VAR-001,MED-AMX-500,2026-09-09,1.0,0,392.0,swasthya-demand-v1.0
PHC-UP-VAR-001,MED-AMX-500,2026-09-10,1.0,0,391.0,swasthya-demand-v1.0
PHC-UP-VAR-001,MED-AMC-625,2026-08-28,1.0,0,0.0,swasthya-demand-v1.0
PHC-UP-VAR-001,MED-AMC-625,2026-08-29,1.0,266,264.0,swasthya-demand-v1.0
PHC-UP-VAR-001,MED-AMC-625,2026-08-30,1.0,0,263.0,swasthya-demand-v1.0
PHC-UP-VAR-001,MED-AMC-625,2026-08-31,8.5,0,254.5,swasthya-demand-v1.0
PHC-UP-VAR-001,MED-AMC-625,2026-09-01,1.0,0,253.5,swasthya-demand-v1.0
PHC-UP-VAR-001,MED-AMC-625,2026-09-02,1.0,0,252.5,swasthya-demand-v1.0
PHC-UP-VAR-001,MED-AMC-625,2026-09-03,1.0,0,251.5,swasthya-demand-v1.0
PHC-UP-VAR-001,MED-AMC-625,2026-09-04,1.0,0,250.5,swasthya-demand-v1.0
PHC-UP-VAR-001,MED-AMC-625,2026-09-05,1.0,0,249.5,swasthya-demand-v1.0
PHC-UP-VAR-001,MED-AMC-625,2026-09-06,1.0,0,248.5,swasthya-demand-v1.0
PHC-UP-VAR-001,MED-AMC-625,2026-09-07,8.9,0,239.6,swasthya-demand-v1.0
PHC-UP-VAR-001,MED-AMC-625,2026-09-08,1.0,0,238.6,swasthya-demand-v1.0
PHC-UP-VAR-001,MED-AMC-625,2026-09-09,1.0,0,237.6,swasthya-demand-v1.0
PHC-UP-VAR-001,MED-AMC-625,2026-09-10,1.0,0,236.6,swasthya-demand-v1.0
PHC-UP-VAR-001,MED-ORS-SFT,2026-08-28,1.0,616,615.0,swasthya-demand-v1.0
PHC-UP-VAR-001,MED-ORS-SFT,2026-08-29,1.0,0,614.0,swasthya-demand-v1.0
PHC-UP-VAR-001,MED-ORS-SFT,2026-08-30,1.0,0,613.0,swasthya-demand-v1.0
PHC-UP-VAR-001,MED-ORS-SFT,2026-08-31,7.5,0,605.5,swasthya-demand-v1.0
PHC-UP-VAR-001,MED-ORS-SFT,2026-09-01,1.0,0,604.5,swasthya-demand-v1.0
PHC-UP-VAR-001,MED-ORS-SFT,2026-09-02,1.0,0,603.5,swasthya-demand-v1.0
PHC-UP-VAR-001,MED-ORS-SFT,2026-09-03,1.0,0,602.5,swasthya-demand-v1.0
PHC-UP-VAR-001,MED-ORS-SFT,2026-09-04,1.0,0,601.5,swasthya-demand-v1.0
PHC-UP-VAR-001,MED-ORS-SFT,2026-09-05,1.0,0,600.5,swasthya-demand-v1.0
PHC-UP-VAR-001,MED-ORS-SFT,2026-09-06,1.0,0,599.5,swasthya-demand-v1.0
PHC-UP-VAR-001,MED-ORS-SFT,2026-09-07,8.5,0,591.0,swasthya-demand-v1.0
PHC-UP-VAR-001,MED-ORS-SFT,2026-09-08,1.0,0,590.0,swasthya-demand-v1.0
PHC-UP-VAR-001,MED-ORS-SFT,2026-09-09,1.0,0,589.0,swasthya-demand-v1.0
PHC-UP-VAR-001,MED-ORS-SFT,2026-09-10,1.0,0,588.0,swasthya-demand-v1.0
PHC-UP-VAR-001,MED-ZNC-20,2026-08-28,1.0,0,0.0,swasthya-demand-v1.0
PHC-UP-VAR-001,MED-ZNC-20,2026-08-29,1.0,0,0.0,swasthya-demand-v1.0
PHC-UP-VAR-001,MED-ZNC-20,2026-08-30,1.0,0,0.0,swasthya-demand-v1.0
PHC-UP-VAR-001,MED-ZNC-20,2026-08-31,8.7,308,296.3,swasthya-demand-v1.0
PHC-UP-VAR-001,MED-ZNC-20,2026-09-01,1.0,0,295.3,swasthya-demand-v1.0
PHC-UP-VAR-001,MED-ZNC-20,2026-09-02,1.0,0,294.3,swasthya-demand-v1.0
PHC-UP-VAR-001,MED-ZNC-20,2026-09-03,1.0,0,293.3,swasthya-demand-v1.0
PHC-UP-VAR-001,MED-ZNC-20,2026-09-04,1.0,0,292.3,swasthya-demand-v1.0
PHC-UP-VAR-001,MED-ZNC-20,2026-09-05,1.0,0,291.3,swasthya-demand-v1.0
PHC-UP-VAR-001,MED-ZNC-20,2026-09-06,1.0,0,290.3,swasthya-demand-v1.0
PHC-UP-VAR-001,MED-ZNC-20,2026-09-07,8.9,0,281.4,swasthya-demand-v1.0
PHC-UP-VAR-001,MED-ZNC-20,2026-09-08,1.0,0,280.4,swasthya-demand-v1.0
PHC-UP-VAR-001,MED-ZNC-20,2026-09-09,1.0,0,279.4,swasthya-demand-v1.0
PHC-UP-VAR-001,MED-ZNC-20,2026-09-10,1.0,0,278.4,swasthya-demand-v1.0
PHC-UP-VAR-001,MED-AZI-500,2026-08-28,1.0,0,3.0,swasthya-demand-v1.0
PHC-UP-VAR-001,MED-AZI-500,2026-08-29,1.0,0,2.0,swasthya-demand-v1.0
PHC-UP-VAR-001,MED-AZI-500,2026-08-30,1.0,224,225.0,swasthya-demand-v1.0
PHC-UP-VAR-001,MED-AZI-500,2026-08-31,8.7,0,216.3,swasthya-demand-v1.0
PHC-UP-VAR-001,MED-AZI-500,2026-09-01,1.0,0,215.3,swasthya-demand-v1.0
PHC-UP-VAR-001,MED-AZI-500,2026-09-02,1.0,0,214.3,swasthya-demand-v1.0
PHC-UP-VAR-001,MED-AZI-500,2026-09-03,1.0,0,213.3,swasthya-demand-v1.0
PHC-UP-VAR-001,MED-AZI-500,2026-09-04,1.0,0,212.3,swasthya-demand-v1.0
PHC-UP-VAR-001,MED-AZI-500,2026-09-05,1.0,0,211.3,swasthya-demand-v1.0
PHC-UP-VAR-001,MED-AZI-500,2026-09-06,1.0,0,210.3,swasthya-demand-v1.0
PHC-UP-VAR-001,MED-AZI-500,2026-09-07,9.0,0,201.3,swasthya-demand-v1.0
PHC-UP-VAR-001,MED-AZI-500,2026-09-08,1.0,0,200.3,swasthya-demand-v1.0
PHC-UP-VAR-001,MED-AZI-500,2026-09-09,1.0,0,199.3,swasthya-demand-v1.0
PHC-UP-VAR-001,MED-AZI-500,2026-09-10,1.0,0,198.3,swasthya-demand-v1.0
PHC-UP-VAR-001,MED-CTX-1G,2026-08-28,1.0,0,51.0,swasthya-demand-v1.0
PHC-UP-VAR-001,MED-CTX-1G,2026-08-29,1.0,0,50.0,swasthya-demand-v1.0
PHC-UP-VAR-001,MED-CTX-1G,2026-08-30,1.0,0,49.0,swasthya-demand-v1.0
PHC-UP-VAR-001,MED-CTX-1G,2026-08-31,9.1,0,39.9,swasthya-demand-v1.0
PHC-UP-VAR-001,MED-CTX-1G,2026-09-01,1.0,0,38.9,swasthya-demand-v1.0
PHC-UP-VAR-001,MED-CTX-1G,2026-09-02,1.0,112,149.9,swasthya-demand-v1.0
PHC-UP-VAR-001,MED-CTX-1G,2026-09-03,1.0,0,148.9,swasthya-demand-v1.0
PHC-UP-VAR-001,MED-CTX-1G,2026-09-04,1.0,0,147.9,swasthya-demand-v1.0
PHC-UP-VAR-001,MED-CTX-1G,2026-09-05,1.0,0,146.9,swasthya-demand-v1.0
PHC-UP-VAR-001,MED-CTX-1G,2026-09-06,1.0,0,145.9,swasthya-demand-v1.0
PHC-UP-VAR-001,MED-CTX-1G,2026-09-07,9.2,0,136.7,swasthya-demand-v1.0
PHC-UP-VAR-001,MED-CTX-1G,2026-09-08,1.0,0,135.7,swasthya-demand-v1.0
PHC-UP-VAR-001,MED-CTX-1G,2026-09-09,1.0,0,134.7,swasthya-demand-v1.0
PHC-UP-VAR-001,MED-CTX-1G,2026-09-10,1.0,0,133.7,swasthya-demand-v1.0
PHC-UP-VAR-001,MED-RAB-VAC,2026-08-28,1.0,0,71.0,swasthya-demand-v1.0
PHC-UP-VAR-001,MED-RAB-VAC,2026-08-29,1.0,0,70.0,swasthya-demand-v1.0
PHC-UP-VAR-001,MED-RAB-VAC,2026-08-30,1.0,0,69.0,swasthya-demand-v1.0
PHC-UP-VAR-001,MED-RAB-VAC,2026-08-31,9.2,0,59.8,swasthya-demand-v1.0
PHC-UP-VAR-001,MED-RAB-VAC,2026-09-01,1.0,0,58.8,swasthya-demand-v1.0
PHC-UP-VAR-001,MED-RAB-VAC,2026-09-02,1.0,0,57.8,swasthya-demand-v1.0
PHC-UP-VAR-001,MED-RAB-VAC,2026-09-03,1.0,0,56.8,swasthya-demand-v1.0
PHC-UP-VAR-001,MED-RAB-VAC,2026-09-04,1.0,0,55.8,swasthya-demand-v1.0
PHC-UP-VAR-001,MED-RAB-VAC,2026-09-05,1.0,0,54.8,swasthya-demand-v1.0
PHC-UP-VAR-001,MED-RAB-VAC,2026-09-06,1.0,0,53.8,swasthya-demand-v1.0
PHC-UP-VAR-001,MED-RAB-VAC,2026-09-07,9.2,0,44.6,swasthya-demand-v1.0
PHC-UP-VAR-001,MED-RAB-VAC,2026-09-08,1.0,0,43.6,swasthya-demand-v1.0
PHC-UP-VAR-001,MED-RAB-VAC,2026-09-09,1.0,0,42.6,swasthya-demand-v1.0
PHC-UP-VAR-001,MED-RAB-VAC,2026-09-10,1.0,0,41.6,swasthya-demand-v1.0
PHC-UP-VAR-001,MED-ASV-VIAL,2026-08-28,1.0,0,90.0,swasthya-demand-v1.0
PHC-UP-VAR-001,MED-ASV-VIAL,2026-08-29,1.0,0,89.0,swasthya-demand-v1.0
PHC-UP-VAR-001,MED-ASV-VIAL,2026-08-30,1.0,0,88.0,swasthya-demand-v1.0
PHC-UP-VAR-001,MED-ASV-VIAL,2026-08-31,9.4,0,78.6,swasthya-demand-v1.0
PHC-UP-VAR-001,MED-ASV-VIAL,2026-09-01,1.0,0,77.6,swasthya-demand-v1.0
PHC-UP-VAR-001,MED-ASV-VIAL,2026-09-02,1.0,0,76.6,swasthya-demand-v1.0
PHC-UP-VAR-001,MED-ASV-VIAL,2026-09-03,1.0,0,75.6,swasthya-demand-v1.0
PHC-UP-VAR-001,MED-ASV-VIAL,2026-09-04,1.0,0,74.6,swasthya-demand-v1.0
PHC-UP-VAR-001,MED-ASV-VIAL,2026-09-05,1.0,0,73.6,swasthya-demand-v1.0
PHC-UP-VAR-001,MED-ASV-VIAL,2026-09-06,1.0,0,72.6,swasthya-demand-v1.0
PHC-UP-VAR-001,MED-ASV-VIAL,2026-09-07,9.3,0,63.3,swasthya-demand-v1.0
PHC-UP-VAR-001,MED-ASV-VIAL,2026-09-08,1.0,0,62.3,swasthya-demand-v1.0
PHC-UP-VAR-001,MED-ASV-VIAL,2026-09-09,1.0,0,61.3,swasthya-demand-v1.0
PHC-UP-VAR-001,MED-ASV-VIAL,2026-09-10,1.0,0,60.3,swasthya-demand-v1.0
PHC-UP-VAR-001,MED-INS-REG,2026-08-28,1.0,0,69.0,swasthya-demand-v1.0
PHC-UP-VAR-001,MED-INS-REG,2026-08-29,1.0,0,68.0,swasthya-demand-v1.0
PHC-UP-VAR-001,MED-INS-REG,2026-08-30,1.0,0,67.0,swasthya-demand-v1.0
PHC-UP-VAR-001,MED-INS-REG,2026-08-31,9.2,0,57.8,swasthya-demand-v1.0
PHC-UP-VAR-001,MED-INS-REG,2026-09-01,1.0,0,56.8,swasthya-demand-v1.0
PHC-UP-VAR-001,MED-INS-REG,2026-09-02,1.0,0,55.8,swasthya-demand-v1.0
PHC-UP-VAR-001,MED-INS-REG,2026-09-03,1.0,0,54.8,swasthya-demand-v1.0
PHC-UP-VAR-001,MED-INS-REG,2026-09-04,1.0,0,53.8,swasthya-demand-v1.0
PHC-UP-VAR-001,MED-INS-REG,2026-09-05,1.0,0,52.8,swasthya-demand-v1.0
PHC-UP-VAR-001,MED-INS-REG,2026-09-06,1.0,0,51.8,swasthya-demand-v1.0
PHC-UP-VAR-001,MED-INS-REG,2026-09-07,9.2,0,42.6,swasthya-demand-v1.0
PHC-UP-VAR-001,MED-INS-REG,2026-09-08,1.0,0,41.6,swasthya-demand-v1.0
PHC-UP-VAR-001,MED-INS-REG,2026-09-09,1.0,0,40.6,swasthya-demand-v1.0
PHC-UP-VAR-001,MED-INS-REG,2026-09-10,1.0,0,39.6,swasthya-demand-v1.0
PHC-UP-VAR-001,MED-MET-500,2026-08-28,1.0,490,489.0,swasthya-demand-v1.0
PHC-UP-VAR-001,MED-MET-500,2026-08-29,1.0,0,488.0,swasthya-demand-v1.0
PHC-UP-VAR-001,MED-MET-500,2026-08-30,1.0,0,487.0,swasthya-demand-v1.0
PHC-UP-VAR-001,MED-MET-500,2026-08-31,8.1,0,478.9,swasthya-demand-v1.0
PHC-UP-VAR-001,MED-MET-500,2026-09-01,1.0,0,477.9,swasthya-demand-v1.0
PHC-UP-VAR-001,MED-MET-500,2026-09-02,1.0,0,476.9,swasthya-demand-v1.0
PHC-UP-VAR-001,MED-MET-500,2026-09-03,1.0,0,475.9,swasthya-demand-v1.0
PHC-UP-VAR-001,MED-MET-500,2026-09-04,1.0,0,474.9,swasthya-demand-v1.0
PHC-UP-VAR-001,MED-MET-500,2026-09-05,1.0,0,473.9,swasthya-demand-v1.0
PHC-UP-VAR-001,MED-MET-500,2026-09-06,1.0,0,472.9,swasthya-demand-v1.0
PHC-UP-VAR-001,MED-MET-500,2026-09-07,8.7,0,464.2,swasthya-demand-v1.0
PHC-UP-VAR-001,MED-MET-500,2026-09-08,1.0,0,463.2,swasthya-demand-v1.0
PHC-UP-VAR-001,MED-MET-500,2026-09-09,1.0,0,462.2,swasthya-demand-v1.0
PHC-UP-VAR-001,MED-MET-500,2026-09-10,1.0,0,461.2,swasthya-demand-v1.0
PHC-UP-VAR-001,MED-OXY-AMP,2026-08-28,1.0,0,60.0,swasthya-demand-v1.0
PHC-UP-VAR-001,MED-OXY-AMP,2026-08-29,1.0,0,59.0,swasthya-demand-v1.0
PHC-UP-VAR-001,MED-OXY-AMP,2026-08-30,1.0,0,58.0,swasthya-demand-v1.0
PHC-UP-VAR-001,MED-OXY-AMP,2026-08-31,9.2,0,48.8,swasthya-demand-v1.0
PHC-UP-VAR-001,MED-OXY-AMP,2026-09-01,1.0,0,47.8,swasthya-demand-v1.0
PHC-UP-VAR-001,MED-OXY-AMP,2026-09-02,1.0,0,46.8,swasthya-demand-v1.0
PHC-UP-VAR-001,MED-OXY-AMP,2026-09-03,1.0,0,45.8,swasthya-demand-v1.0
PHC-UP-VAR-001,MED-OXY-AMP,2026-09-04,1.0,0,44.8,swasthya-demand-v1.0
PHC-UP-VAR-001,MED-OXY-AMP,2026-09-05,1.0,0,43.8,swasthya-demand-v1.0
PHC-UP-VAR-001,MED-OXY-AMP,2026-09-06,1.0,0,42.8,swasthya-demand-v1.0
PHC-UP-VAR-001,MED-OXY-AMP,2026-09-07,9.2,0,33.6,swasthya-demand-v1.0
PHC-UP-VAR-001,MED-OXY-AMP,2026-09-08,1.0,0,32.6,swasthya-demand-v1.0
PHC-UP-VAR-001,MED-OXY-AMP,2026-09-09,1.0,0,31.6,swasthya-demand-v1.0
PHC-UP-VAR-001,MED-OXY-AMP,2026-09-10,1.0,0,30.6,swasthya-demand-v1.0
PHC-UP-VAR-001,MED-MGS-50,2026-08-28,1.0,0,79.0,swasthya-demand-v1.0
PHC-UP-VAR-001,MED-MGS-50,2026-08-29,1.0,0,78.0,swasthya-demand-v1.0
PHC-UP-VAR-001,MED-MGS-50,2026-08-30,1.0,0,77.0,swasthya-demand-v1.0
PHC-UP-VAR-001,MED-MGS-50,2026-08-31,9.3,0,67.7,swasthya-demand-v1.0
PHC-UP-VAR-001,MED-MGS-50,2026-09-01,1.0,0,66.7,swasthya-demand-v1.0
PHC-UP-VAR-001,MED-MGS-50,2026-09-02,1.0,0,65.7,swasthya-demand-v1.0
PHC-UP-VAR-001,MED-MGS-50,2026-09-03,1.0,0,64.7,swasthya-demand-v1.0
PHC-UP-VAR-001,MED-MGS-50,2026-09-04,1.0,0,63.7,swasthya-demand-v1.0
PHC-UP-VAR-001,MED-MGS-50,2026-09-05,1.0,0,62.7,swasthya-demand-v1.0
PHC-UP-VAR-001,MED-MGS-50,2026-09-06,1.0,0,61.7,swasthya-demand-v1.0
PHC-UP-VAR-001,MED-MGS-50,2026-09-07,9.3,0,52.4,swasthya-demand-v1.0
PHC-UP-VAR-001,MED-MGS-50,2026-09-08,1.0,0,51.4,swasthya-demand-v1.0
PHC-UP-VAR-001,MED-MGS-50,2026-09-09,1.0,0,50.4,swasthya-demand-v1.0
PHC-UP-VAR-001,MED-MGS-50,2026-09-10,1.0,0,49.4,swasthya-demand-v1.0
PHC-UP-VAR-001,MED-IVF-NS500,2026-08-28,1.0,0,0.0,swasthya-demand-v1.0
PHC-UP-VAR-001,MED-IVF-NS500,2026-08-29,1.0,294,292.0,swasthya-demand-v1.0
PHC-UP-VAR-001,MED-IVF-NS500,2026-08-30,1.0,0,291.0,swasthya-demand-v1.0
PHC-UP-VAR-001,MED-IVF-NS500,2026-08-31,8.7,0,282.3,swasthya-demand-v1.0
PHC-UP-VAR-001,MED-IVF-NS500,2026-09-01,1.0,0,281.3,swasthya-demand-v1.0
PHC-UP-VAR-001,MED-IVF-NS500,2026-09-02,1.0,0,280.3,swasthya-demand-v1.0
PHC-UP-VAR-001,MED-IVF-NS500,2026-09-03,1.0,0,279.3,swasthya-demand-v1.0
PHC-UP-VAR-001,MED-IVF-NS500,2026-09-04,1.0,0,278.3,swasthya-demand-v1.0
PHC-UP-VAR-001,MED-IVF-NS500,2026-09-05,1.0,0,277.3,swasthya-demand-v1.0
PHC-UP-VAR-001,MED-IVF-NS500,2026-09-06,1.0,0,276.3,swasthya-demand-v1.0
PHC-UP-VAR-001,MED-IVF-NS500,2026-09-07,8.9,0,267.4,swasthya-demand-v1.0
PHC-UP-VAR-001,MED-IVF-NS500,2026-09-08,1.0,0,266.4,swasthya-demand-v1.0
PHC-UP-VAR-001,MED-IVF-NS500,2026-09-09,1.0,0,265.4,swasthya-demand-v1.0
PHC-UP-VAR-001,MED-IVF-NS500,2026-09-10,1.0,0,264.4,swasthya-demand-v1.0
PHC-UP-VAR-001,MED-IVF-RL500,2026-08-28,1.0,0,7.0,swasthya-demand-v1.0
PHC-UP-VAR-001,MED-IVF-RL500,2026-08-29,1.0,224,230.0,swasthya-demand-v1.0
PHC-UP-VAR-001,MED-IVF-RL500,2026-08-30,1.0,0,229.0,swasthya-demand-v1.0
PHC-UP-VAR-001,MED-IVF-RL500,2026-08-31,8.7,0,220.3,swasthya-demand-v1.0
PHC-UP-VAR-001,MED-IVF-RL500,2026-09-01,1.0,0,219.3,swasthya-demand-v1.0
PHC-UP-VAR-001,MED-IVF-RL500,2026-09-02,1.0,0,218.3,swasthya-demand-v1.0
PHC-UP-VAR-001,MED-IVF-RL500,2026-09-03,1.0,0,217.3,swasthya-demand-v1.0
PHC-UP-VAR-001,MED-IVF-RL500,2026-09-04,1.0,0,216.3,swasthya-demand-v1.0
PHC-UP-VAR-001,MED-IVF-RL500,2026-09-05,1.0,0,215.3,swasthya-demand-v1.0
PHC-UP-VAR-001,MED-IVF-RL500,2026-09-06,1.0,0,214.3,swasthya-demand-v1.0
PHC-UP-VAR-001,MED-IVF-RL500,2026-09-07,9.0,0,205.3,swasthya-demand-v1.0
PHC-UP-VAR-001,MED-IVF-RL500,2026-09-08,1.0,0,204.3,swasthya-demand-v1.0
PHC-UP-VAR-001,MED-IVF-RL500,2026-09-09,1.0,0,203.3,swasthya-demand-v1.0
PHC-UP-VAR-001,MED-IVF-RL500,2026-09-10,1.0,0,202.3,swasthya-demand-v1.0
PHC-UP-VAR-001,MED-IVF-D5500,2026-08-28,1.0,0,38.0,swasthya-demand-v1.0
PHC-UP-VAR-001,MED-IVF-D5500,2026-08-29,1.0,0,37.0,swasthya-demand-v1.0
PHC-UP-VAR-001,MED-IVF-D5500,2026-08-30,1.0,154,190.0,swasthya-demand-v1.0
PHC-UP-VAR-001,MED-IVF-D5500,2026-08-31,9.0,0,181.0,swasthya-demand-v1.0
PHC-UP-VAR-001,MED-IVF-D5500,2026-09-01,1.0,0,180.0,swasthya-demand-v1.0
PHC-UP-VAR-001,MED-IVF-D5500,2026-09-02,1.0,0,179.0,swasthya-demand-v1.0
PHC-UP-VAR-001,MED-IVF-D5500,2026-09-03,1.0,0,178.0,swasthya-demand-v1.0
PHC-UP-VAR-001,MED-IVF-D5500,2026-09-04,1.0,0,177.0,swasthya-demand-v1.0
PHC-UP-VAR-001,MED-IVF-D5500,2026-09-05,1.0,0,176.0,swasthya-demand-v1.0
PHC-UP-VAR-001,MED-IVF-D5500,2026-09-06,1.0,0,175.0,swasthya-demand-v1.0
PHC-UP-VAR-001,MED-IVF-D5500,2026-09-07,9.1,0,165.9,swasthya-demand-v1.0
PHC-UP-VAR-001,MED-IVF-D5500,2026-09-08,1.0,0,164.9,swasthya-demand-v1.0
PHC-UP-VAR-001,MED-IVF-D5500,2026-09-09,1.0,0,163.9,swasthya-demand-v1.0
PHC-UP-VAR-001,MED-IVF-D5500,2026-09-10,1.0,0,162.9,swasthya-demand-v1.0
PHC-UP-VAR-001,MED-ART-60,2026-08-28,1.0,0,79.0,swasthya-demand-v1.0
PHC-UP-VAR-001,MED-ART-60,2026-08-29,1.0,0,78.0,swasthya-demand-v1.0
PHC-UP-VAR-001,MED-ART-60,2026-08-30,1.0,0,77.0,swasthya-demand-v1.0
PHC-UP-VAR-001,MED-ART-60,2026-08-31,9.3,0,67.7,swasthya-demand-v1.0
PHC-UP-VAR-001,MED-ART-60,2026-09-01,1.0,0,66.7,swasthya-demand-v1.0
PHC-UP-VAR-001,MED-ART-60,2026-09-02,1.0,0,65.7,swasthya-demand-v1.0
PHC-UP-VAR-001,MED-ART-60,2026-09-03,1.0,0,64.7,swasthya-demand-v1.0
PHC-UP-VAR-001,MED-ART-60,2026-09-04,1.0,0,63.7,swasthya-demand-v1.0
PHC-UP-VAR-001,MED-ART-60,2026-09-05,1.0,0,62.7,swasthya-demand-v1.0
PHC-UP-VAR-001,MED-ART-60,2026-09-06,1.0,0,61.7,swasthya-demand-v1.0
PHC-UP-VAR-001,MED-ART-60,2026-09-07,9.3,0,52.4,swasthya-demand-v1.0
PHC-UP-VAR-001,MED-ART-60,2026-09-08,1.0,0,51.4,swasthya-demand-v1.0
PHC-UP-VAR-001,MED-ART-60,2026-09-09,1.0,0,50.4,swasthya-demand-v1.0
PHC-UP-VAR-001,MED-ART-60,2026-09-10,1.0,0,49.4,swasthya-demand-v1.0
PHC-UP-VAR-001,MED-ALB-400,2026-08-28,1.0,0,36.0,swasthya-demand-v1.0
PHC-UP-VAR-001,MED-ALB-400,2026-08-29,1.0,0,35.0,swasthya-demand-v1.0
PHC-UP-VAR-001,MED-ALB-400,2026-08-30,1.0,0,34.0,swasthya-demand-v1.0
PHC-UP-VAR-001,MED-ALB-400,2026-08-31,8.9,154,179.1,swasthya-demand-v1.0
PHC-UP-VAR-001,MED-ALB-400,2026-09-01,1.0,0,178.1,swasthya-demand-v1.0
PHC-UP-VAR-001,MED-ALB-400,2026-09-02,1.0,0,177.1,swasthya-demand-v1.0
PHC-UP-VAR-001,MED-ALB-400,2026-09-03,1.0,0,176.1,swasthya-demand-v1.0
PHC-UP-VAR-001,MED-ALB-400,2026-09-04,1.0,0,175.1,swasthya-demand-v1.0
PHC-UP-VAR-001,MED-ALB-400,2026-09-05,1.0,0,174.1,swasthya-demand-v1.0
PHC-UP-VAR-001,MED-ALB-400,2026-09-06,1.0,0,173.1,swasthya-demand-v1.0
PHC-UP-VAR-001,MED-ALB-400,2026-09-07,9.1,0,164.0,swasthya-demand-v1.0
PHC-UP-VAR-001,MED-ALB-400,2026-09-08,1.0,0,163.0,swasthya-demand-v1.0
PHC-UP-VAR-001,MED-ALB-400,2026-09-09,1.0,0,162.0,swasthya-demand-v1.0
PHC-UP-VAR-001,MED-ALB-400,2026-09-10,1.0,0,161.0,swasthya-demand-v1.0
PHC-UP-VAR-001,MED-IFA-TAB,2026-08-28,1.0,0,0.0,swasthya-demand-v1.0
PHC-UP-VAR-001,MED-IFA-TAB,2026-08-29,1.0,0,0.0,swasthya-demand-v1.0
PHC-UP-VAR-001,MED-IFA-TAB,2026-08-30,1.0,0,0.0,swasthya-demand-v1.0
PHC-UP-VAR-001,MED-IFA-TAB,2026-08-31,7.6,546,535.4,swasthya-demand-v1.0
PHC-UP-VAR-001,MED-IFA-TAB,2026-09-01,1.0,0,534.4,swasthya-demand-v1.0
PHC-UP-VAR-001,MED-IFA-TAB,2026-09-02,1.0,0,533.4,swasthya-demand-v1.0
PHC-UP-VAR-001,MED-IFA-TAB,2026-09-03,1.0,0,532.4,swasthya-demand-v1.0
PHC-UP-VAR-001,MED-IFA-TAB,2026-09-04,1.0,0,531.4,swasthya-demand-v1.0
PHC-UP-VAR-001,MED-IFA-TAB,2026-09-05,1.0,0,530.4,swasthya-demand-v1.0
PHC-UP-VAR-001,MED-IFA-TAB,2026-09-06,1.0,0,529.4,swasthya-demand-v1.0
PHC-UP-VAR-001,MED-IFA-TAB,2026-09-07,8.6,0,520.8,swasthya-demand-v1.0
PHC-UP-VAR-001,MED-IFA-TAB,2026-09-08,1.0,0,519.8,swasthya-demand-v1.0
PHC-UP-VAR-001,MED-IFA-TAB,2026-09-09,1.0,0,518.8,swasthya-demand-v1.0
PHC-UP-VAR-001,MED-IFA-TAB,2026-09-10,1.0,0,517.8,swasthya-demand-v1.0
PHC-UP-VAR-002,MED-PCM-500,2026-08-28,25.3,0,0.0,swasthya-demand-v1.0
PHC-UP-VAR-002,MED-PCM-500,2026-08-29,1.0,966,939.7,swasthya-demand-v1.0
PHC-UP-VAR-002,MED-PCM-500,2026-08-30,1.0,0,938.7,swasthya-demand-v1.0
PHC-UP-VAR-002,MED-PCM-500,2026-08-31,14.1,0,924.6,swasthya-demand-v1.0
PHC-UP-VAR-002,MED-PCM-500,2026-09-01,1.0,0,923.6,swasthya-demand-v1.0
PHC-UP-VAR-002,MED-PCM-500,2026-09-02,1.0,0,922.6,swasthya-demand-v1.0
PHC-UP-VAR-002,MED-PCM-500,2026-09-03,1.0,0,921.6,swasthya-demand-v1.0
PHC-UP-VAR-002,MED-PCM-500,2026-09-04,1.0,0,920.6,swasthya-demand-v1.0
PHC-UP-VAR-002,MED-PCM-500,2026-09-05,1.0,0,919.6,swasthya-demand-v1.0
PHC-UP-VAR-002,MED-PCM-500,2026-09-06,1.0,0,918.6,swasthya-demand-v1.0
PHC-UP-VAR-002,MED-PCM-500,2026-09-07,7.9,0,910.7,swasthya-demand-v1.0
PHC-UP-VAR-002,MED-PCM-500,2026-09-08,1.0,0,909.7,swasthya-demand-v1.0
PHC-UP-VAR-002,MED-PCM-500,2026-09-09,1.0,0,908.7,swasthya-demand-v1.0
PHC-UP-VAR-002,MED-PCM-500,2026-09-10,1.0,0,907.7,swasthya-demand-v1.0
PHC-UP-VAR-002,MED-PCM-SYR,2026-08-28,1.0,0,0.0,swasthya-demand-v1.0
PHC-UP-VAR-002,MED-PCM-SYR,2026-08-29,1.0,0,0.0,swasthya-demand-v1.0
PHC-UP-VAR-002,MED-PCM-SYR,2026-08-30,1.0,378,375.0,swasthya-demand-v1.0
PHC-UP-VAR-002,MED-PCM-SYR,2026-08-31,8.2,0,366.8,swasthya-demand-v1.0
PHC-UP-VAR-002,MED-PCM-SYR,2026-09-01,1.0,0,365.8,swasthya-demand-v1.0
PHC-UP-VAR-002,MED-PCM-SYR,2026-09-02,1.0,0,364.8,swasthya-demand-v1.0
PHC-UP-VAR-002,MED-PCM-SYR,2026-09-03,1.0,0,363.8,swasthya-demand-v1.0
PHC-UP-VAR-002,MED-PCM-SYR,2026-09-04,1.0,0,362.8,swasthya-demand-v1.0
PHC-UP-VAR-002,MED-PCM-SYR,2026-09-05,1.0,0,361.8,swasthya-demand-v1.0
PHC-UP-VAR-002,MED-PCM-SYR,2026-09-06,1.0,0,360.8,swasthya-demand-v1.0
PHC-UP-VAR-002,MED-PCM-SYR,2026-09-07,8.8,0,352.0,swasthya-demand-v1.0
PHC-UP-VAR-002,MED-PCM-SYR,2026-09-08,1.0,0,351.0,swasthya-demand-v1.0
PHC-UP-VAR-002,MED-PCM-SYR,2026-09-09,1.0,0,350.0,swasthya-demand-v1.0
PHC-UP-VAR-002,MED-PCM-SYR,2026-09-10,1.0,0,349.0,swasthya-demand-v1.0
PHC-UP-VAR-002,MED-AMX-500,2026-08-28,1.0,0,0.0,swasthya-demand-v1.0
PHC-UP-VAR-002,MED-AMX-500,2026-08-29,1.0,476,474.0,swasthya-demand-v1.0
PHC-UP-VAR-002,MED-AMX-500,2026-08-30,1.0,0,473.0,swasthya-demand-v1.0
PHC-UP-VAR-002,MED-AMX-500,2026-08-31,7.8,0,465.2,swasthya-demand-v1.0
PHC-UP-VAR-002,MED-AMX-500,2026-09-01,1.0,0,464.2,swasthya-demand-v1.0
PHC-UP-VAR-002,MED-AMX-500,2026-09-02,1.0,0,463.2,swasthya-demand-v1.0
PHC-UP-VAR-002,MED-AMX-500,2026-09-03,1.0,0,462.2,swasthya-demand-v1.0
PHC-UP-VAR-002,MED-AMX-500,2026-09-04,1.0,0,461.2,swasthya-demand-v1.0
PHC-UP-VAR-002,MED-AMX-500,2026-09-05,1.0,0,460.2,swasthya-demand-v1.0
PHC-UP-VAR-002,MED-AMX-500,2026-09-06,1.0,0,459.2,swasthya-demand-v1.0
PHC-UP-VAR-002,MED-AMX-500,2026-09-07,8.7,0,450.5,swasthya-demand-v1.0
PHC-UP-VAR-002,MED-AMX-500,2026-09-08,1.0,0,449.5,swasthya-demand-v1.0
PHC-UP-VAR-002,MED-AMX-500,2026-09-09,1.0,0,448.5,swasthya-demand-v1.0
PHC-UP-VAR-002,MED-AMX-500,2026-09-10,1.0,0,447.5,swasthya-demand-v1.0
PHC-UP-VAR-002,MED-AMC-625,2026-08-28,1.0,0,0.0,swasthya-demand-v1.0
PHC-UP-VAR-002,MED-AMC-625,2026-08-29,1.0,0,0.0,swasthya-demand-v1.0
PHC-UP-VAR-002,MED-AMC-625,2026-08-30,1.0,294,291.0,swasthya-demand-v1.0
PHC-UP-VAR-002,MED-AMC-625,2026-08-31,8.5,0,282.5,swasthya-demand-v1.0
PHC-UP-VAR-002,MED-AMC-625,2026-09-01,1.0,0,281.5,swasthya-demand-v1.0
PHC-UP-VAR-002,MED-AMC-625,2026-09-02,1.0,0,280.5,swasthya-demand-v1.0
PHC-UP-VAR-002,MED-AMC-625,2026-09-03,1.0,0,279.5,swasthya-demand-v1.0
PHC-UP-VAR-002,MED-AMC-625,2026-09-04,1.0,0,278.5,swasthya-demand-v1.0
PHC-UP-VAR-002,MED-AMC-625,2026-09-05,1.0,0,277.5,swasthya-demand-v1.0
PHC-UP-VAR-002,MED-AMC-625,2026-09-06,1.0,0,276.5,swasthya-demand-v1.0
PHC-UP-VAR-002,MED-AMC-625,2026-09-07,8.9,0,267.6,swasthya-demand-v1.0
PHC-UP-VAR-002,MED-AMC-625,2026-09-08,1.0,0,266.6,swasthya-demand-v1.0
PHC-UP-VAR-002,MED-AMC-625,2026-09-09,1.0,0,265.6,swasthya-demand-v1.0
PHC-UP-VAR-002,MED-AMC-625,2026-09-10,1.0,0,264.6,swasthya-demand-v1.0
PHC-UP-VAR-002,MED-ORS-SFT,2026-08-28,5.7,0,0.0,swasthya-demand-v1.0
PHC-UP-VAR-002,MED-ORS-SFT,2026-08-29,1.0,0,0.0,swasthya-demand-v1.0
PHC-UP-VAR-002,MED-ORS-SFT,2026-08-30,1.0,0,0.0,swasthya-demand-v1.0
PHC-UP-VAR-002,MED-ORS-SFT,2026-08-31,8.5,686,669.8,swasthya-demand-v1.0
PHC-UP-VAR-002,MED-ORS-SFT,2026-09-01,1.0,0,668.8,swasthya-demand-v1.0
PHC-UP-VAR-002,MED-ORS-SFT,2026-09-02,1.0,0,667.8,swasthya-demand-v1.0
PHC-UP-VAR-002,MED-ORS-SFT,2026-09-03,1.0,0,666.8,swasthya-demand-v1.0
PHC-UP-VAR-002,MED-ORS-SFT,2026-09-04,1.0,0,665.8,swasthya-demand-v1.0
PHC-UP-VAR-002,MED-ORS-SFT,2026-09-05,1.0,0,664.8,swasthya-demand-v1.0
PHC-UP-VAR-002,MED-ORS-SFT,2026-09-06,1.0,0,663.8,swasthya-demand-v1.0
PHC-UP-VAR-002,MED-ORS-SFT,2026-09-07,8.3,0,655.5,swasthya-demand-v1.0
PHC-UP-VAR-002,MED-ORS-SFT,2026-09-08,1.0,0,654.5,swasthya-demand-v1.0
PHC-UP-VAR-002,MED-ORS-SFT,2026-09-09,1.0,0,653.5,swasthya-demand-v1.0
PHC-UP-VAR-002,MED-ORS-SFT,2026-09-10,1.0,0,652.5,swasthya-demand-v1.0
PHC-UP-VAR-002,MED-ZNC-20,2026-08-28,1.0,0,0.0,swasthya-demand-v1.0
PHC-UP-VAR-002,MED-ZNC-20,2026-08-29,1.0,336,334.0,swasthya-demand-v1.0
PHC-UP-VAR-002,MED-ZNC-20,2026-08-30,1.0,0,333.0,swasthya-demand-v1.0
PHC-UP-VAR-002,MED-ZNC-20,2026-08-31,8.2,0,324.8,swasthya-demand-v1.0
PHC-UP-VAR-002,MED-ZNC-20,2026-09-01,1.0,0,323.8,swasthya-demand-v1.0
PHC-UP-VAR-002,MED-ZNC-20,2026-09-02,1.0,0,322.8,swasthya-demand-v1.0
PHC-UP-VAR-002,MED-ZNC-20,2026-09-03,1.0,0,321.8,swasthya-demand-v1.0
PHC-UP-VAR-002,MED-ZNC-20,2026-09-04,1.0,0,320.8,swasthya-demand-v1.0
PHC-UP-VAR-002,MED-ZNC-20,2026-09-05,1.0,0,319.8,swasthya-demand-v1.0
PHC-UP-VAR-002,MED-ZNC-20,2026-09-06,1.0,0,318.8,swasthya-demand-v1.0
PHC-UP-VAR-002,MED-ZNC-20,2026-09-07,8.9,0,309.9,swasthya-demand-v1.0
PHC-UP-VAR-002,MED-ZNC-20,2026-09-08,1.0,0,308.9,swasthya-demand-v1.0
PHC-UP-VAR-002,MED-ZNC-20,2026-09-09,1.0,0,307.9,swasthya-demand-v1.0
PHC-UP-VAR-002,MED-ZNC-20,2026-09-10,1.0,0,306.9,swasthya-demand-v1.0
PHC-UP-VAR-002,MED-AZI-500,2026-08-28,1.0,252,251.0,swasthya-demand-v1.0
PHC-UP-VAR-002,MED-AZI-500,2026-08-29,1.0,0,250.0,swasthya-demand-v1.0
PHC-UP-VAR-002,MED-AZI-500,2026-08-30,1.0,0,249.0,swasthya-demand-v1.0
PHC-UP-VAR-002,MED-AZI-500,2026-08-31,8.6,0,240.4,swasthya-demand-v1.0
PHC-UP-VAR-002,MED-AZI-500,2026-09-01,1.0,0,239.4,swasthya-demand-v1.0
PHC-UP-VAR-002,MED-AZI-500,2026-09-02,1.0,0,238.4,swasthya-demand-v1.0
PHC-UP-VAR-002,MED-AZI-500,2026-09-03,1.0,0,237.4,swasthya-demand-v1.0
PHC-UP-VAR-002,MED-AZI-500,2026-09-04,1.0,0,236.4,swasthya-demand-v1.0
PHC-UP-VAR-002,MED-AZI-500,2026-09-05,1.0,0,235.4,swasthya-demand-v1.0
PHC-UP-VAR-002,MED-AZI-500,2026-09-06,1.0,0,234.4,swasthya-demand-v1.0
PHC-UP-VAR-002,MED-AZI-500,2026-09-07,9.0,0,225.4,swasthya-demand-v1.0
PHC-UP-VAR-002,MED-AZI-500,2026-09-08,1.0,0,224.4,swasthya-demand-v1.0
PHC-UP-VAR-002,MED-AZI-500,2026-09-09,1.0,0,223.4,swasthya-demand-v1.0
PHC-UP-VAR-002,MED-AZI-500,2026-09-10,1.0,0,222.4,swasthya-demand-v1.0
PHC-UP-VAR-002,MED-CTX-1G,2026-08-28,1.0,0,48.0,swasthya-demand-v1.0
PHC-UP-VAR-002,MED-CTX-1G,2026-08-29,1.0,0,47.0,swasthya-demand-v1.0
PHC-UP-VAR-002,MED-CTX-1G,2026-08-30,1.0,0,46.0,swasthya-demand-v1.0
PHC-UP-VAR-002,MED-CTX-1G,2026-08-31,9.0,126,163.0,swasthya-demand-v1.0
PHC-UP-VAR-002,MED-CTX-1G,2026-09-01,1.0,0,162.0,swasthya-demand-v1.0
PHC-UP-VAR-002,MED-CTX-1G,2026-09-02,1.0,0,161.0,swasthya-demand-v1.0
PHC-UP-VAR-002,MED-CTX-1G,2026-09-03,1.0,0,160.0,swasthya-demand-v1.0
PHC-UP-VAR-002,MED-CTX-1G,2026-09-04,1.0,0,159.0,swasthya-demand-v1.0
PHC-UP-VAR-002,MED-CTX-1G,2026-09-05,1.0,0,158.0,swasthya-demand-v1.0
PHC-UP-VAR-002,MED-CTX-1G,2026-09-06,1.0,0,157.0,swasthya-demand-v1.0
PHC-UP-VAR-002,MED-CTX-1G,2026-09-07,9.1,0,147.9,swasthya-demand-v1.0
PHC-UP-VAR-002,MED-CTX-1G,2026-09-08,1.0,0,146.9,swasthya-demand-v1.0
PHC-UP-VAR-002,MED-CTX-1G,2026-09-09,1.0,0,145.9,swasthya-demand-v1.0
PHC-UP-VAR-002,MED-CTX-1G,2026-09-10,1.0,0,144.9,swasthya-demand-v1.0
PHC-UP-VAR-002,MED-RAB-VAC,2026-08-28,1.0,0,67.0,swasthya-demand-v1.0
PHC-UP-VAR-002,MED-RAB-VAC,2026-08-29,1.0,0,66.0,swasthya-demand-v1.0
PHC-UP-VAR-002,MED-RAB-VAC,2026-08-30,1.0,0,65.0,swasthya-demand-v1.0
PHC-UP-VAR-002,MED-RAB-VAC,2026-08-31,9.2,0,55.8,swasthya-demand-v1.0
PHC-UP-VAR-002,MED-RAB-VAC,2026-09-01,1.0,0,54.8,swasthya-demand-v1.0
PHC-UP-VAR-002,MED-RAB-VAC,2026-09-02,1.0,0,53.8,swasthya-demand-v1.0
PHC-UP-VAR-002,MED-RAB-VAC,2026-09-03,1.0,0,52.8,swasthya-demand-v1.0
PHC-UP-VAR-002,MED-RAB-VAC,2026-09-04,1.0,0,51.8,swasthya-demand-v1.0
PHC-UP-VAR-002,MED-RAB-VAC,2026-09-05,1.0,0,50.8,swasthya-demand-v1.0
PHC-UP-VAR-002,MED-RAB-VAC,2026-09-06,1.0,0,49.8,swasthya-demand-v1.0
PHC-UP-VAR-002,MED-RAB-VAC,2026-09-07,9.2,0,40.6,swasthya-demand-v1.0
PHC-UP-VAR-002,MED-RAB-VAC,2026-09-08,1.0,0,39.6,swasthya-demand-v1.0
PHC-UP-VAR-002,MED-RAB-VAC,2026-09-09,1.0,0,38.6,swasthya-demand-v1.0
PHC-UP-VAR-002,MED-RAB-VAC,2026-09-10,1.0,0,37.6,swasthya-demand-v1.0
PHC-UP-VAR-002,MED-ASV-VIAL,2026-08-28,1.0,0,88.0,swasthya-demand-v1.0
PHC-UP-VAR-002,MED-ASV-VIAL,2026-08-29,1.0,0,87.0,swasthya-demand-v1.0
PHC-UP-VAR-002,MED-ASV-VIAL,2026-08-30,1.0,0,86.0,swasthya-demand-v1.0
PHC-UP-VAR-002,MED-ASV-VIAL,2026-08-31,9.4,0,76.6,swasthya-demand-v1.0
PHC-UP-VAR-002,MED-ASV-VIAL,2026-09-01,1.0,0,75.6,swasthya-demand-v1.0
PHC-UP-VAR-002,MED-ASV-VIAL,2026-09-02,1.0,0,74.6,swasthya-demand-v1.0
PHC-UP-VAR-002,MED-ASV-VIAL,2026-09-03,1.0,0,73.6,swasthya-demand-v1.0
PHC-UP-VAR-002,MED-ASV-VIAL,2026-09-04,1.0,0,72.6,swasthya-demand-v1.0
PHC-UP-VAR-002,MED-ASV-VIAL,2026-09-05,1.0,0,71.6,swasthya-demand-v1.0
PHC-UP-VAR-002,MED-ASV-VIAL,2026-09-06,1.0,0,70.6,swasthya-demand-v1.0
PHC-UP-VAR-002,MED-ASV-VIAL,2026-09-07,9.3,0,61.3,swasthya-demand-v1.0
PHC-UP-VAR-002,MED-ASV-VIAL,2026-09-08,1.0,0,60.3,swasthya-demand-v1.0
PHC-UP-VAR-002,MED-ASV-VIAL,2026-09-09,1.0,0,59.3,swasthya-demand-v1.0
PHC-UP-VAR-002,MED-ASV-VIAL,2026-09-10,1.0,0,58.3,swasthya-demand-v1.0
PHC-UP-VAR-002,MED-INS-REG,2026-08-28,1.0,0,63.0,swasthya-demand-v1.0
PHC-UP-VAR-002,MED-INS-REG,2026-08-29,1.0,0,62.0,swasthya-demand-v1.0
PHC-UP-VAR-002,MED-INS-REG,2026-08-30,1.0,0,61.0,swasthya-demand-v1.0
PHC-UP-VAR-002,MED-INS-REG,2026-08-31,9.1,0,51.9,swasthya-demand-v1.0
PHC-UP-VAR-002,MED-INS-REG,2026-09-01,1.0,0,50.9,swasthya-demand-v1.0
PHC-UP-VAR-002,MED-INS-REG,2026-09-02,1.0,0,49.9,swasthya-demand-v1.0
PHC-UP-VAR-002,MED-INS-REG,2026-09-03,1.0,0,48.9,swasthya-demand-v1.0
PHC-UP-VAR-002,MED-INS-REG,2026-09-04,1.0,0,47.9,swasthya-demand-v1.0
PHC-UP-VAR-002,MED-INS-REG,2026-09-05,1.0,0,46.9,swasthya-demand-v1.0
PHC-UP-VAR-002,MED-INS-REG,2026-09-06,1.0,0,45.9,swasthya-demand-v1.0
PHC-UP-VAR-002,MED-INS-REG,2026-09-07,9.2,0,36.7,swasthya-demand-v1.0
PHC-UP-VAR-002,MED-INS-REG,2026-09-08,1.0,0,35.7,swasthya-demand-v1.0
PHC-UP-VAR-002,MED-INS-REG,2026-09-09,1.0,0,34.7,swasthya-demand-v1.0
PHC-UP-VAR-002,MED-INS-REG,2026-09-10,1.0,0,33.7,swasthya-demand-v1.0
PHC-UP-VAR-002,MED-MET-500,2026-08-28,1.0,0,0.0,swasthya-demand-v1.0
PHC-UP-VAR-002,MED-MET-500,2026-08-29,1.0,0,0.0,swasthya-demand-v1.0
PHC-UP-VAR-002,MED-MET-500,2026-08-30,1.0,0,0.0,swasthya-demand-v1.0
PHC-UP-VAR-002,MED-MET-500,2026-08-31,7.9,532,521.1,swasthya-demand-v1.0
PHC-UP-VAR-002,MED-MET-500,2026-09-01,1.0,0,520.1,swasthya-demand-v1.0
PHC-UP-VAR-002,MED-MET-500,2026-09-02,1.0,0,519.1,swasthya-demand-v1.0
PHC-UP-VAR-002,MED-MET-500,2026-09-03,1.0,0,518.1,swasthya-demand-v1.0
PHC-UP-VAR-002,MED-MET-500,2026-09-04,1.0,0,517.1,swasthya-demand-v1.0
PHC-UP-VAR-002,MED-MET-500,2026-09-05,1.0,0,516.1,swasthya-demand-v1.0
PHC-UP-VAR-002,MED-MET-500,2026-09-06,1.0,0,515.1,swasthya-demand-v1.0
PHC-UP-VAR-002,MED-MET-500,2026-09-07,8.6,0,506.5,swasthya-demand-v1.0
PHC-UP-VAR-002,MED-MET-500,2026-09-08,1.0,0,505.5,swasthya-demand-v1.0
PHC-UP-VAR-002,MED-MET-500,2026-09-09,1.0,0,504.5,swasthya-demand-v1.0
PHC-UP-VAR-002,MED-MET-500,2026-09-10,1.0,0,503.5,swasthya-demand-v1.0
PHC-UP-VAR-002,MED-OXY-AMP,2026-08-28,1.0,0,57.0,swasthya-demand-v1.0
PHC-UP-VAR-002,MED-OXY-AMP,2026-08-29,1.0,0,56.0,swasthya-demand-v1.0
PHC-UP-VAR-002,MED-OXY-AMP,2026-08-30,1.0,0,55.0,swasthya-demand-v1.0
PHC-UP-VAR-002,MED-OXY-AMP,2026-08-31,9.1,0,45.9,swasthya-demand-v1.0
PHC-UP-VAR-002,MED-OXY-AMP,2026-09-01,1.0,0,44.9,swasthya-demand-v1.0
PHC-UP-VAR-002,MED-OXY-AMP,2026-09-02,1.0,0,43.9,swasthya-demand-v1.0
PHC-UP-VAR-002,MED-OXY-AMP,2026-09-03,1.0,0,42.9,swasthya-demand-v1.0
PHC-UP-VAR-002,MED-OXY-AMP,2026-09-04,1.0,0,41.9,swasthya-demand-v1.0
PHC-UP-VAR-002,MED-OXY-AMP,2026-09-05,1.0,0,40.9,swasthya-demand-v1.0
PHC-UP-VAR-002,MED-OXY-AMP,2026-09-06,1.0,0,39.9,swasthya-demand-v1.0
PHC-UP-VAR-002,MED-OXY-AMP,2026-09-07,9.2,0,30.7,swasthya-demand-v1.0
PHC-UP-VAR-002,MED-OXY-AMP,2026-09-08,1.0,0,29.7,swasthya-demand-v1.0
PHC-UP-VAR-002,MED-OXY-AMP,2026-09-09,1.0,0,28.7,swasthya-demand-v1.0
PHC-UP-VAR-002,MED-OXY-AMP,2026-09-10,1.0,0,27.7,swasthya-demand-v1.0
PHC-UP-VAR-002,MED-MGS-50,2026-08-28,1.0,0,76.0,swasthya-demand-v1.0
PHC-UP-VAR-002,MED-MGS-50,2026-08-29,1.0,0,75.0,swasthya-demand-v1.0
PHC-UP-VAR-002,MED-MGS-50,2026-08-30,1.0,0,74.0,swasthya-demand-v1.0
PHC-UP-VAR-002,MED-MGS-50,2026-08-31,9.3,0,64.7,swasthya-demand-v1.0
PHC-UP-VAR-002,MED-MGS-50,2026-09-01,1.0,0,63.7,swasthya-demand-v1.0
PHC-UP-VAR-002,MED-MGS-50,2026-09-02,1.0,0,62.7,swasthya-demand-v1.0
PHC-UP-VAR-002,MED-MGS-50,2026-09-03,1.0,0,61.7,swasthya-demand-v1.0
PHC-UP-VAR-002,MED-MGS-50,2026-09-04,1.0,0,60.7,swasthya-demand-v1.0
PHC-UP-VAR-002,MED-MGS-50,2026-09-05,1.0,0,59.7,swasthya-demand-v1.0
PHC-UP-VAR-002,MED-MGS-50,2026-09-06,1.0,0,58.7,swasthya-demand-v1.0
PHC-UP-VAR-002,MED-MGS-50,2026-09-07,9.2,0,49.5,swasthya-demand-v1.0
PHC-UP-VAR-002,MED-MGS-50,2026-09-08,1.0,0,48.5,swasthya-demand-v1.0
PHC-UP-VAR-002,MED-MGS-50,2026-09-09,1.0,0,47.5,swasthya-demand-v1.0
PHC-UP-VAR-002,MED-MGS-50,2026-09-10,1.0,0,46.5,swasthya-demand-v1.0
PHC-UP-VAR-002,MED-IVF-NS500,2026-08-28,1.0,0,0.0,swasthya-demand-v1.0
PHC-UP-VAR-002,MED-IVF-NS500,2026-08-29,1.0,322,320.0,swasthya-demand-v1.0
PHC-UP-VAR-002,MED-IVF-NS500,2026-08-30,1.0,0,319.0,swasthya-demand-v1.0
PHC-UP-VAR-002,MED-IVF-NS500,2026-08-31,8.4,0,310.6,swasthya-demand-v1.0
PHC-UP-VAR-002,MED-IVF-NS500,2026-09-01,1.0,0,309.6,swasthya-demand-v1.0
PHC-UP-VAR-002,MED-IVF-NS500,2026-09-02,1.0,0,308.6,swasthya-demand-v1.0
PHC-UP-VAR-002,MED-IVF-NS500,2026-09-03,1.0,0,307.6,swasthya-demand-v1.0
PHC-UP-VAR-002,MED-IVF-NS500,2026-09-04,1.0,0,306.6,swasthya-demand-v1.0
PHC-UP-VAR-002,MED-IVF-NS500,2026-09-05,1.0,0,305.6,swasthya-demand-v1.0
PHC-UP-VAR-002,MED-IVF-NS500,2026-09-06,1.0,0,304.6,swasthya-demand-v1.0
PHC-UP-VAR-002,MED-IVF-NS500,2026-09-07,8.9,0,295.7,swasthya-demand-v1.0
PHC-UP-VAR-002,MED-IVF-NS500,2026-09-08,1.0,0,294.7,swasthya-demand-v1.0
PHC-UP-VAR-002,MED-IVF-NS500,2026-09-09,1.0,0,293.7,swasthya-demand-v1.0
PHC-UP-VAR-002,MED-IVF-NS500,2026-09-10,1.0,0,292.7,swasthya-demand-v1.0
PHC-UP-VAR-002,MED-IVF-RL500,2026-08-28,1.0,252,251.0,swasthya-demand-v1.0
PHC-UP-VAR-002,MED-IVF-RL500,2026-08-29,1.0,0,250.0,swasthya-demand-v1.0
PHC-UP-VAR-002,MED-IVF-RL500,2026-08-30,1.0,0,249.0,swasthya-demand-v1.0
PHC-UP-VAR-002,MED-IVF-RL500,2026-08-31,8.6,0,240.4,swasthya-demand-v1.0
PHC-UP-VAR-002,MED-IVF-RL500,2026-09-01,1.0,0,239.4,swasthya-demand-v1.0
PHC-UP-VAR-002,MED-IVF-RL500,2026-09-02,1.0,0,238.4,swasthya-demand-v1.0
PHC-UP-VAR-002,MED-IVF-RL500,2026-09-03,1.0,0,237.4,swasthya-demand-v1.0
PHC-UP-VAR-002,MED-IVF-RL500,2026-09-04,1.0,0,236.4,swasthya-demand-v1.0
PHC-UP-VAR-002,MED-IVF-RL500,2026-09-05,1.0,0,235.4,swasthya-demand-v1.0
PHC-UP-VAR-002,MED-IVF-RL500,2026-09-06,1.0,0,234.4,swasthya-demand-v1.0
PHC-UP-VAR-002,MED-IVF-RL500,2026-09-07,9.0,0,225.4,swasthya-demand-v1.0
PHC-UP-VAR-002,MED-IVF-RL500,2026-09-08,1.0,0,224.4,swasthya-demand-v1.0
PHC-UP-VAR-002,MED-IVF-RL500,2026-09-09,1.0,0,223.4,swasthya-demand-v1.0
PHC-UP-VAR-002,MED-IVF-RL500,2026-09-10,1.0,0,222.4,swasthya-demand-v1.0
PHC-UP-VAR-002,MED-IVF-D5500,2026-08-28,1.0,0,25.0,swasthya-demand-v1.0
PHC-UP-VAR-002,MED-IVF-D5500,2026-08-29,1.0,0,24.0,swasthya-demand-v1.0
PHC-UP-VAR-002,MED-IVF-D5500,2026-08-30,1.0,168,191.0,swasthya-demand-v1.0
PHC-UP-VAR-002,MED-IVF-D5500,2026-08-31,8.8,0,182.2,swasthya-demand-v1.0
PHC-UP-VAR-002,MED-IVF-D5500,2026-09-01,1.0,0,181.2,swasthya-demand-v1.0
PHC-UP-VAR-002,MED-IVF-D5500,2026-09-02,1.0,0,180.2,swasthya-demand-v1.0
PHC-UP-VAR-002,MED-IVF-D5500,2026-09-03,1.0,0,179.2,swasthya-demand-v1.0
PHC-UP-VAR-002,MED-IVF-D5500,2026-09-04,1.0,0,178.2,swasthya-demand-v1.0
PHC-UP-VAR-002,MED-IVF-D5500,2026-09-05,1.0,0,177.2,swasthya-demand-v1.0
PHC-UP-VAR-002,MED-IVF-D5500,2026-09-06,1.0,0,176.2,swasthya-demand-v1.0
PHC-UP-VAR-002,MED-IVF-D5500,2026-09-07,9.1,0,167.1,swasthya-demand-v1.0
PHC-UP-VAR-002,MED-IVF-D5500,2026-09-08,1.0,0,166.1,swasthya-demand-v1.0
PHC-UP-VAR-002,MED-IVF-D5500,2026-09-09,1.0,0,165.1,swasthya-demand-v1.0
PHC-UP-VAR-002,MED-IVF-D5500,2026-09-10,1.0,0,164.1,swasthya-demand-v1.0
PHC-UP-VAR-002,MED-ART-60,2026-08-28,1.0,0,72.0,swasthya-demand-v1.0
PHC-UP-VAR-002,MED-ART-60,2026-08-29,1.0,0,71.0,swasthya-demand-v1.0
PHC-UP-VAR-002,MED-ART-60,2026-08-30,1.0,0,70.0,swasthya-demand-v1.0
PHC-UP-VAR-002,MED-ART-60,2026-08-31,9.3,0,60.7,swasthya-demand-v1.0
PHC-UP-VAR-002,MED-ART-60,2026-09-01,1.0,0,59.7,swasthya-demand-v1.0
PHC-UP-VAR-002,MED-ART-60,2026-09-02,1.0,0,58.7,swasthya-demand-v1.0
PHC-UP-VAR-002,MED-ART-60,2026-09-03,1.0,0,57.7,swasthya-demand-v1.0
PHC-UP-VAR-002,MED-ART-60,2026-09-04,1.0,0,56.7,swasthya-demand-v1.0
PHC-UP-VAR-002,MED-ART-60,2026-09-05,1.0,0,55.7,swasthya-demand-v1.0
PHC-UP-VAR-002,MED-ART-60,2026-09-06,1.0,0,54.7,swasthya-demand-v1.0
PHC-UP-VAR-002,MED-ART-60,2026-09-07,9.2,0,45.5,swasthya-demand-v1.0
PHC-UP-VAR-002,MED-ART-60,2026-09-08,1.0,0,44.5,swasthya-demand-v1.0
PHC-UP-VAR-002,MED-ART-60,2026-09-09,1.0,0,43.5,swasthya-demand-v1.0
PHC-UP-VAR-002,MED-ART-60,2026-09-10,1.0,0,42.5,swasthya-demand-v1.0
PHC-UP-VAR-002,MED-ALB-400,2026-08-28,1.0,0,29.0,swasthya-demand-v1.0
PHC-UP-VAR-002,MED-ALB-400,2026-08-29,1.0,168,196.0,swasthya-demand-v1.0
PHC-UP-VAR-002,MED-ALB-400,2026-08-30,1.0,0,195.0,swasthya-demand-v1.0
PHC-UP-VAR-002,MED-ALB-400,2026-08-31,8.9,0,186.1,swasthya-demand-v1.0
PHC-UP-VAR-002,MED-ALB-400,2026-09-01,1.0,0,185.1,swasthya-demand-v1.0
PHC-UP-VAR-002,MED-ALB-400,2026-09-02,1.0,0,184.1,swasthya-demand-v1.0
PHC-UP-VAR-002,MED-ALB-400,2026-09-03,1.0,0,183.1,swasthya-demand-v1.0
PHC-UP-VAR-002,MED-ALB-400,2026-09-04,1.0,0,182.1,swasthya-demand-v1.0
PHC-UP-VAR-002,MED-ALB-400,2026-09-05,1.0,0,181.1,swasthya-demand-v1.0
PHC-UP-VAR-002,MED-ALB-400,2026-09-06,1.0,0,180.1,swasthya-demand-v1.0
PHC-UP-VAR-002,MED-ALB-400,2026-09-07,9.1,0,171.0,swasthya-demand-v1.0
PHC-UP-VAR-002,MED-ALB-400,2026-09-08,1.0,0,170.0,swasthya-demand-v1.0
PHC-UP-VAR-002,MED-ALB-400,2026-09-09,1.0,0,169.0,swasthya-demand-v1.0
PHC-UP-VAR-002,MED-ALB-400,2026-09-10,1.0,0,168.0,swasthya-demand-v1.0
PHC-UP-VAR-002,MED-IFA-TAB,2026-08-28,1.8,0,0.0,swasthya-demand-v1.0
PHC-UP-VAR-002,MED-IFA-TAB,2026-08-29,1.0,0,0.0,swasthya-demand-v1.0
PHC-UP-VAR-002,MED-IFA-TAB,2026-08-30,1.0,0,0.0,swasthya-demand-v1.0
PHC-UP-VAR-002,MED-IFA-TAB,2026-08-31,7.8,602,590.4,swasthya-demand-v1.0
PHC-UP-VAR-002,MED-IFA-TAB,2026-09-01,1.0,0,589.4,swasthya-demand-v1.0
PHC-UP-VAR-002,MED-IFA-TAB,2026-09-02,1.0,0,588.4,swasthya-demand-v1.0
PHC-UP-VAR-002,MED-IFA-TAB,2026-09-03,1.0,0,587.4,swasthya-demand-v1.0
PHC-UP-VAR-002,MED-IFA-TAB,2026-09-04,1.0,0,586.4,swasthya-demand-v1.0
PHC-UP-VAR-002,MED-IFA-TAB,2026-09-05,1.0,0,585.4,swasthya-demand-v1.0
PHC-UP-VAR-002,MED-IFA-TAB,2026-09-06,1.0,0,584.4,swasthya-demand-v1.0
PHC-UP-VAR-002,MED-IFA-TAB,2026-09-07,8.4,0,576.0,swasthya-demand-v1.0
PHC-UP-VAR-002,MED-IFA-TAB,2026-09-08,1.0,0,575.0,swasthya-demand-v1.0
PHC-UP-VAR-002,MED-IFA-TAB,2026-09-09,1.0,0,574.0,swasthya-demand-v1.0
PHC-UP-VAR-002,MED-IFA-TAB,2026-09-10,1.0,0,573.0,swasthya-demand-v1.0
PHC-UP-VAR-003,MED-PCM-500,2026-08-28,9.2,0,0.0,swasthya-demand-v1.0
PHC-UP-VAR-003,MED-PCM-500,2026-08-29,1.0,756,745.8,swasthya-demand-v1.0
PHC-UP-VAR-003,MED-PCM-500,2026-08-30,1.0,0,744.8,swasthya-demand-v1.0
PHC-UP-VAR-003,MED-PCM-500,2026-08-31,9.7,0,735.1,swasthya-demand-v1.0
PHC-UP-VAR-003,MED-PCM-500,2026-09-01,1.0,0,734.1,swasthya-demand-v1.0
PHC-UP-VAR-003,MED-PCM-500,2026-09-02,1.0,0,733.1,swasthya-demand-v1.0
PHC-UP-VAR-003,MED-PCM-500,2026-09-03,1.0,0,732.1,swasthya-demand-v1.0
PHC-UP-VAR-003,MED-PCM-500,2026-09-04,1.0,0,731.1,swasthya-demand-v1.0
PHC-UP-VAR-003,MED-PCM-500,2026-09-05,1.0,0,730.1,swasthya-demand-v1.0
PHC-UP-VAR-003,MED-PCM-500,2026-09-06,1.0,0,729.1,swasthya-demand-v1.0
PHC-UP-VAR-003,MED-PCM-500,2026-09-07,8.2,0,720.9,swasthya-demand-v1.0
PHC-UP-VAR-003,MED-PCM-500,2026-09-08,1.0,0,719.9,swasthya-demand-v1.0
PHC-UP-VAR-003,MED-PCM-500,2026-09-09,1.0,0,718.9,swasthya-demand-v1.0
PHC-UP-VAR-003,MED-PCM-500,2026-09-10,1.0,0,717.9,swasthya-demand-v1.0
PHC-UP-VAR-003,MED-PCM-SYR,2026-08-28,1.0,294,293.0,swasthya-demand-v1.0
PHC-UP-VAR-003,MED-PCM-SYR,2026-08-29,1.0,0,292.0,swasthya-demand-v1.0
PHC-UP-VAR-003,MED-PCM-SYR,2026-08-30,1.0,0,291.0,swasthya-demand-v1.0
PHC-UP-VAR-003,MED-PCM-SYR,2026-08-31,8.3,0,282.7,swasthya-demand-v1.0
PHC-UP-VAR-003,MED-PCM-SYR,2026-09-01,1.0,0,281.7,swasthya-demand-v1.0
PHC-UP-VAR-003,MED-PCM-SYR,2026-09-02,1.0,0,280.7,swasthya-demand-v1.0
PHC-UP-VAR-003,MED-PCM-SYR,2026-09-03,1.0,0,279.7,swasthya-demand-v1.0
PHC-UP-VAR-003,MED-PCM-SYR,2026-09-04,1.0,0,278.7,swasthya-demand-v1.0
PHC-UP-VAR-003,MED-PCM-SYR,2026-09-05,1.0,0,277.7,swasthya-demand-v1.0
PHC-UP-VAR-003,MED-PCM-SYR,2026-09-06,1.0,0,276.7,swasthya-demand-v1.0
PHC-UP-VAR-003,MED-PCM-SYR,2026-09-07,8.9,0,267.8,swasthya-demand-v1.0
PHC-UP-VAR-003,MED-PCM-SYR,2026-09-08,1.0,0,266.8,swasthya-demand-v1.0
PHC-UP-VAR-003,MED-PCM-SYR,2026-09-09,1.0,0,265.8,swasthya-demand-v1.0
PHC-UP-VAR-003,MED-PCM-SYR,2026-09-10,1.0,0,264.8,swasthya-demand-v1.0
PHC-UP-VAR-003,MED-AMX-500,2026-08-28,1.0,0,0.0,swasthya-demand-v1.0
PHC-UP-VAR-003,MED-AMX-500,2026-08-29,1.0,0,0.0,swasthya-demand-v1.0
PHC-UP-VAR-003,MED-AMX-500,2026-08-30,1.0,0,0.0,swasthya-demand-v1.0
PHC-UP-VAR-003,MED-AMX-500,2026-08-31,8.2,364,352.8,swasthya-demand-v1.0
PHC-UP-VAR-003,MED-AMX-500,2026-09-01,1.0,0,351.8,swasthya-demand-v1.0
PHC-UP-VAR-003,MED-AMX-500,2026-09-02,1.0,0,350.8,swasthya-demand-v1.0
PHC-UP-VAR-003,MED-AMX-500,2026-09-03,1.0,0,349.8,swasthya-demand-v1.0
PHC-UP-VAR-003,MED-AMX-500,2026-09-04,1.0,0,348.8,swasthya-demand-v1.0
PHC-UP-VAR-003,MED-AMX-500,2026-09-05,1.0,0,347.8,swasthya-demand-v1.0
PHC-UP-VAR-003,MED-AMX-500,2026-09-06,1.0,0,346.8,swasthya-demand-v1.0
PHC-UP-VAR-003,MED-AMX-500,2026-09-07,8.9,0,337.9,swasthya-demand-v1.0
PHC-UP-VAR-003,MED-AMX-500,2026-09-08,1.0,0,336.9,swasthya-demand-v1.0
PHC-UP-VAR-003,MED-AMX-500,2026-09-09,1.0,0,335.9,swasthya-demand-v1.0
PHC-UP-VAR-003,MED-AMX-500,2026-09-10,1.0,0,334.9,swasthya-demand-v1.0
PHC-UP-VAR-003,MED-AMC-625,2026-08-28,1.0,0,4.0,swasthya-demand-v1.0
PHC-UP-VAR-003,MED-AMC-625,2026-08-29,1.0,0,3.0,swasthya-demand-v1.0
PHC-UP-VAR-003,MED-AMC-625,2026-08-30,1.0,224,226.0,swasthya-demand-v1.0
PHC-UP-VAR-003,MED-AMC-625,2026-08-31,8.7,0,217.3,swasthya-demand-v1.0
PHC-UP-VAR-003,MED-AMC-625,2026-09-01,1.0,0,216.3,swasthya-demand-v1.0
PHC-UP-VAR-003,MED-AMC-625,2026-09-02,1.0,0,215.3,swasthya-demand-v1.0
PHC-UP-VAR-003,MED-AMC-625,2026-09-03,1.0,0,214.3,swasthya-demand-v1.0
PHC-UP-VAR-003,MED-AMC-625,2026-09-04,1.0,0,213.3,swasthya-demand-v1.0
PHC-UP-VAR-003,MED-AMC-625,2026-09-05,1.0,0,212.3,swasthya-demand-v1.0
PHC-UP-VAR-003,MED-AMC-625,2026-09-06,1.0,0,211.3,swasthya-demand-v1.0
PHC-UP-VAR-003,MED-AMC-625,2026-09-07,9.0,0,202.3,swasthya-demand-v1.0
PHC-UP-VAR-003,MED-AMC-625,2026-09-08,1.0,0,201.3,swasthya-demand-v1.0
PHC-UP-VAR-003,MED-AMC-625,2026-09-09,1.0,0,200.3,swasthya-demand-v1.0
PHC-UP-VAR-003,MED-AMC-625,2026-09-10,1.0,0,199.3,swasthya-demand-v1.0
PHC-UP-VAR-003,MED-ORS-SFT,2026-08-28,1.0,0,0.0,swasthya-demand-v1.0
PHC-UP-VAR-003,MED-ORS-SFT,2026-08-29,1.0,0,0.0,swasthya-demand-v1.0
PHC-UP-VAR-003,MED-ORS-SFT,2026-08-30,1.0,0,0.0,swasthya-demand-v1.0
PHC-UP-VAR-003,MED-ORS-SFT,2026-08-31,7.6,532,521.4,swasthya-demand-v1.0
PHC-UP-VAR-003,MED-ORS-SFT,2026-09-01,1.0,0,520.4,swasthya-demand-v1.0
PHC-UP-VAR-003,MED-ORS-SFT,2026-09-02,1.0,0,519.4,swasthya-demand-v1.0
PHC-UP-VAR-003,MED-ORS-SFT,2026-09-03,1.0,0,518.4,swasthya-demand-v1.0
PHC-UP-VAR-003,MED-ORS-SFT,2026-09-04,1.0,0,517.4,swasthya-demand-v1.0
PHC-UP-VAR-003,MED-ORS-SFT,2026-09-05,1.0,0,516.4,swasthya-demand-v1.0
PHC-UP-VAR-003,MED-ORS-SFT,2026-09-06,1.0,0,515.4,swasthya-demand-v1.0
PHC-UP-VAR-003,MED-ORS-SFT,2026-09-07,8.6,0,506.8,swasthya-demand-v1.0
PHC-UP-VAR-003,MED-ORS-SFT,2026-09-08,1.0,0,505.8,swasthya-demand-v1.0
PHC-UP-VAR-003,MED-ORS-SFT,2026-09-09,1.0,0,504.8,swasthya-demand-v1.0
PHC-UP-VAR-003,MED-ORS-SFT,2026-09-10,1.0,0,503.8,swasthya-demand-v1.0
PHC-UP-VAR-003,MED-ZNC-20,2026-08-28,1.0,266,265.0,swasthya-demand-v1.0
PHC-UP-VAR-003,MED-ZNC-20,2026-08-29,1.0,0,264.0,swasthya-demand-v1.0
PHC-UP-VAR-003,MED-ZNC-20,2026-08-30,1.0,0,263.0,swasthya-demand-v1.0
PHC-UP-VAR-003,MED-ZNC-20,2026-08-31,8.5,0,254.5,swasthya-demand-v1.0
PHC-UP-VAR-003,MED-ZNC-20,2026-09-01,1.0,0,253.5,swasthya-demand-v1.0
PHC-UP-VAR-003,MED-ZNC-20,2026-09-02,1.0,0,252.5,swasthya-demand-v1.0
PHC-UP-VAR-003,MED-ZNC-20,2026-09-03,1.0,0,251.5,swasthya-demand-v1.0
PHC-UP-VAR-003,MED-ZNC-20,2026-09-04,1.0,0,250.5,swasthya-demand-v1.0
PHC-UP-VAR-003,MED-ZNC-20,2026-09-05,1.0,0,249.5,swasthya-demand-v1.0
PHC-UP-VAR-003,MED-ZNC-20,2026-09-06,1.0,0,248.5,swasthya-demand-v1.0
PHC-UP-VAR-003,MED-ZNC-20,2026-09-07,8.9,0,239.6,swasthya-demand-v1.0
PHC-UP-VAR-003,MED-ZNC-20,2026-09-08,1.0,0,238.6,swasthya-demand-v1.0
PHC-UP-VAR-003,MED-ZNC-20,2026-09-09,1.0,0,237.6,swasthya-demand-v1.0
PHC-UP-VAR-003,MED-ZNC-20,2026-09-10,1.0,0,236.6,swasthya-demand-v1.0
PHC-UP-VAR-003,MED-AZI-500,2026-08-28,1.0,0,17.0,swasthya-demand-v1.0
PHC-UP-VAR-003,MED-AZI-500,2026-08-29,1.0,0,16.0,swasthya-demand-v1.0
PHC-UP-VAR-003,MED-AZI-500,2026-08-30,1.0,0,15.0,swasthya-demand-v1.0
PHC-UP-VAR-003,MED-AZI-500,2026-08-31,8.8,196,202.2,swasthya-demand-v1.0
PHC-UP-VAR-003,MED-AZI-500,2026-09-01,1.0,0,201.2,swasthya-demand-v1.0
PHC-UP-VAR-003,MED-AZI-500,2026-09-02,1.0,0,200.2,swasthya-demand-v1.0
PHC-UP-VAR-003,MED-AZI-500,2026-09-03,1.0,0,199.2,swasthya-demand-v1.0
PHC-UP-VAR-003,MED-AZI-500,2026-09-04,1.0,0,198.2,swasthya-demand-v1.0
PHC-UP-VAR-003,MED-AZI-500,2026-09-05,1.0,0,197.2,swasthya-demand-v1.0
PHC-UP-VAR-003,MED-AZI-500,2026-09-06,1.0,0,196.2,swasthya-demand-v1.0
PHC-UP-VAR-003,MED-AZI-500,2026-09-07,9.0,0,187.2,swasthya-demand-v1.0
PHC-UP-VAR-003,MED-AZI-500,2026-09-08,1.0,0,186.2,swasthya-demand-v1.0
PHC-UP-VAR-003,MED-AZI-500,2026-09-09,1.0,0,185.2,swasthya-demand-v1.0
PHC-UP-VAR-003,MED-AZI-500,2026-09-10,1.0,0,184.2,swasthya-demand-v1.0
PHC-UP-VAR-003,MED-CTX-1G,2026-08-28,1.0,0,61.0,swasthya-demand-v1.0
PHC-UP-VAR-003,MED-CTX-1G,2026-08-29,1.0,0,60.0,swasthya-demand-v1.0
PHC-UP-VAR-003,MED-CTX-1G,2026-08-30,1.0,0,59.0,swasthya-demand-v1.0
PHC-UP-VAR-003,MED-CTX-1G,2026-08-31,9.1,0,49.9,swasthya-demand-v1.0
PHC-UP-VAR-003,MED-CTX-1G,2026-09-01,1.0,0,48.9,swasthya-demand-v1.0
PHC-UP-VAR-003,MED-CTX-1G,2026-09-02,1.0,0,47.9,swasthya-demand-v1.0
PHC-UP-VAR-003,MED-CTX-1G,2026-09-03,1.0,0,46.9,swasthya-demand-v1.0
PHC-UP-VAR-003,MED-CTX-1G,2026-09-04,1.0,0,45.9,swasthya-demand-v1.0
PHC-UP-VAR-003,MED-CTX-1G,2026-09-05,1.0,0,44.9,swasthya-demand-v1.0
PHC-UP-VAR-003,MED-CTX-1G,2026-09-06,1.0,0,43.9,swasthya-demand-v1.0
PHC-UP-VAR-003,MED-CTX-1G,2026-09-07,9.2,0,34.7,swasthya-demand-v1.0
PHC-UP-VAR-003,MED-CTX-1G,2026-09-08,1.0,0,33.7,swasthya-demand-v1.0
PHC-UP-VAR-003,MED-CTX-1G,2026-09-09,1.0,0,32.7,swasthya-demand-v1.0
PHC-UP-VAR-003,MED-CTX-1G,2026-09-10,1.0,0,31.7,swasthya-demand-v1.0
PHC-UP-VAR-003,MED-RAB-VAC,2026-08-28,1.0,0,76.0,swasthya-demand-v1.0
PHC-UP-VAR-003,MED-RAB-VAC,2026-08-29,1.0,0,75.0,swasthya-demand-v1.0
PHC-UP-VAR-003,MED-RAB-VAC,2026-08-30,1.0,0,74.0,swasthya-demand-v1.0
PHC-UP-VAR-003,MED-RAB-VAC,2026-08-31,9.3,0,64.7,swasthya-demand-v1.0
PHC-UP-VAR-003,MED-RAB-VAC,2026-09-01,1.0,0,63.7,swasthya-demand-v1.0
PHC-UP-VAR-003,MED-RAB-VAC,2026-09-02,1.0,0,62.7,swasthya-demand-v1.0
PHC-UP-VAR-003,MED-RAB-VAC,2026-09-03,1.0,0,61.7,swasthya-demand-v1.0
PHC-UP-VAR-003,MED-RAB-VAC,2026-09-04,1.0,0,60.7,swasthya-demand-v1.0
PHC-UP-VAR-003,MED-RAB-VAC,2026-09-05,1.0,0,59.7,swasthya-demand-v1.0
PHC-UP-VAR-003,MED-RAB-VAC,2026-09-06,1.0,0,58.7,swasthya-demand-v1.0
PHC-UP-VAR-003,MED-RAB-VAC,2026-09-07,9.2,0,49.5,swasthya-demand-v1.0
PHC-UP-VAR-003,MED-RAB-VAC,2026-09-08,1.0,0,48.5,swasthya-demand-v1.0
PHC-UP-VAR-003,MED-RAB-VAC,2026-09-09,1.0,0,47.5,swasthya-demand-v1.0
PHC-UP-VAR-003,MED-RAB-VAC,2026-09-10,1.0,0,46.5,swasthya-demand-v1.0
PHC-UP-VAR-003,MED-ASV-VIAL,2026-08-28,1.0,0,90.0,swasthya-demand-v1.0
PHC-UP-VAR-003,MED-ASV-VIAL,2026-08-29,1.0,0,89.0,swasthya-demand-v1.0
PHC-UP-VAR-003,MED-ASV-VIAL,2026-08-30,1.0,0,88.0,swasthya-demand-v1.0
PHC-UP-VAR-003,MED-ASV-VIAL,2026-08-31,9.4,0,78.6,swasthya-demand-v1.0
PHC-UP-VAR-003,MED-ASV-VIAL,2026-09-01,1.0,0,77.6,swasthya-demand-v1.0
PHC-UP-VAR-003,MED-ASV-VIAL,2026-09-02,1.0,0,76.6,swasthya-demand-v1.0
PHC-UP-VAR-003,MED-ASV-VIAL,2026-09-03,1.0,0,75.6,swasthya-demand-v1.0
PHC-UP-VAR-003,MED-ASV-VIAL,2026-09-04,1.0,0,74.6,swasthya-demand-v1.0
PHC-UP-VAR-003,MED-ASV-VIAL,2026-09-05,1.0,0,73.6,swasthya-demand-v1.0
PHC-UP-VAR-003,MED-ASV-VIAL,2026-09-06,1.0,0,72.6,swasthya-demand-v1.0
PHC-UP-VAR-003,MED-ASV-VIAL,2026-09-07,9.3,0,63.3,swasthya-demand-v1.0
PHC-UP-VAR-003,MED-ASV-VIAL,2026-09-08,1.0,0,62.3,swasthya-demand-v1.0
PHC-UP-VAR-003,MED-ASV-VIAL,2026-09-09,1.0,0,61.3,swasthya-demand-v1.0
PHC-UP-VAR-003,MED-ASV-VIAL,2026-09-10,1.0,0,60.3,swasthya-demand-v1.0
PHC-UP-VAR-003,MED-INS-REG,2026-08-28,1.0,0,73.0,swasthya-demand-v1.0
PHC-UP-VAR-003,MED-INS-REG,2026-08-29,1.0,0,72.0,swasthya-demand-v1.0
PHC-UP-VAR-003,MED-INS-REG,2026-08-30,1.0,0,71.0,swasthya-demand-v1.0
PHC-UP-VAR-003,MED-INS-REG,2026-08-31,9.3,0,61.7,swasthya-demand-v1.0
PHC-UP-VAR-003,MED-INS-REG,2026-09-01,1.0,0,60.7,swasthya-demand-v1.0
PHC-UP-VAR-003,MED-INS-REG,2026-09-02,1.0,0,59.7,swasthya-demand-v1.0
PHC-UP-VAR-003,MED-INS-REG,2026-09-03,1.0,0,58.7,swasthya-demand-v1.0
PHC-UP-VAR-003,MED-INS-REG,2026-09-04,1.0,0,57.7,swasthya-demand-v1.0
PHC-UP-VAR-003,MED-INS-REG,2026-09-05,1.0,0,56.7,swasthya-demand-v1.0
PHC-UP-VAR-003,MED-INS-REG,2026-09-06,1.0,0,55.7,swasthya-demand-v1.0
PHC-UP-VAR-003,MED-INS-REG,2026-09-07,9.2,0,46.5,swasthya-demand-v1.0
PHC-UP-VAR-003,MED-INS-REG,2026-09-08,1.0,0,45.5,swasthya-demand-v1.0
PHC-UP-VAR-003,MED-INS-REG,2026-09-09,1.0,0,44.5,swasthya-demand-v1.0
PHC-UP-VAR-003,MED-INS-REG,2026-09-10,1.0,0,43.5,swasthya-demand-v1.0
PHC-UP-VAR-003,MED-MET-500,2026-08-28,1.0,420,419.0,swasthya-demand-v1.0
PHC-UP-VAR-003,MED-MET-500,2026-08-29,1.0,0,418.0,swasthya-demand-v1.0
PHC-UP-VAR-003,MED-MET-500,2026-08-30,1.0,0,417.0,swasthya-demand-v1.0
PHC-UP-VAR-003,MED-MET-500,2026-08-31,8.0,0,409.0,swasthya-demand-v1.0
PHC-UP-VAR-003,MED-MET-500,2026-09-01,1.0,0,408.0,swasthya-demand-v1.0
PHC-UP-VAR-003,MED-MET-500,2026-09-02,1.0,0,407.0,swasthya-demand-v1.0
PHC-UP-VAR-003,MED-MET-500,2026-09-03,1.0,0,406.0,swasthya-demand-v1.0
PHC-UP-VAR-003,MED-MET-500,2026-09-04,1.0,0,405.0,swasthya-demand-v1.0
PHC-UP-VAR-003,MED-MET-500,2026-09-05,1.0,0,404.0,swasthya-demand-v1.0
PHC-UP-VAR-003,MED-MET-500,2026-09-06,1.0,0,403.0,swasthya-demand-v1.0
PHC-UP-VAR-003,MED-MET-500,2026-09-07,8.8,0,394.2,swasthya-demand-v1.0
PHC-UP-VAR-003,MED-MET-500,2026-09-08,1.0,0,393.2,swasthya-demand-v1.0
PHC-UP-VAR-003,MED-MET-500,2026-09-09,1.0,0,392.2,swasthya-demand-v1.0
PHC-UP-VAR-003,MED-MET-500,2026-09-10,1.0,0,391.2,swasthya-demand-v1.0
PHC-UP-VAR-003,MED-OXY-AMP,2026-08-28,1.0,0,67.0,swasthya-demand-v1.0
PHC-UP-VAR-003,MED-OXY-AMP,2026-08-29,1.0,0,66.0,swasthya-demand-v1.0
PHC-UP-VAR-003,MED-OXY-AMP,2026-08-30,1.0,0,65.0,swasthya-demand-v1.0
PHC-UP-VAR-003,MED-OXY-AMP,2026-08-31,9.2,0,55.8,swasthya-demand-v1.0
PHC-UP-VAR-003,MED-OXY-AMP,2026-09-01,1.0,0,54.8,swasthya-demand-v1.0
PHC-UP-VAR-003,MED-OXY-AMP,2026-09-02,1.0,0,53.8,swasthya-demand-v1.0
PHC-UP-VAR-003,MED-OXY-AMP,2026-09-03,1.0,0,52.8,swasthya-demand-v1.0
PHC-UP-VAR-003,MED-OXY-AMP,2026-09-04,1.0,0,51.8,swasthya-demand-v1.0
PHC-UP-VAR-003,MED-OXY-AMP,2026-09-05,1.0,0,50.8,swasthya-demand-v1.0
PHC-UP-VAR-003,MED-OXY-AMP,2026-09-06,1.0,0,49.8,swasthya-demand-v1.0
PHC-UP-VAR-003,MED-OXY-AMP,2026-09-07,9.2,0,40.6,swasthya-demand-v1.0
PHC-UP-VAR-003,MED-OXY-AMP,2026-09-08,1.0,0,39.6,swasthya-demand-v1.0
PHC-UP-VAR-003,MED-OXY-AMP,2026-09-09,1.0,0,38.6,swasthya-demand-v1.0
PHC-UP-VAR-003,MED-OXY-AMP,2026-09-10,1.0,0,37.6,swasthya-demand-v1.0
PHC-UP-VAR-003,MED-MGS-50,2026-08-28,1.0,0,83.0,swasthya-demand-v1.0
PHC-UP-VAR-003,MED-MGS-50,2026-08-29,1.0,0,82.0,swasthya-demand-v1.0
PHC-UP-VAR-003,MED-MGS-50,2026-08-30,1.0,0,81.0,swasthya-demand-v1.0
PHC-UP-VAR-003,MED-MGS-50,2026-08-31,9.3,0,71.7,swasthya-demand-v1.0
PHC-UP-VAR-003,MED-MGS-50,2026-09-01,1.0,0,70.7,swasthya-demand-v1.0
PHC-UP-VAR-003,MED-MGS-50,2026-09-02,1.0,0,69.7,swasthya-demand-v1.0
PHC-UP-VAR-003,MED-MGS-50,2026-09-03,1.0,0,68.7,swasthya-demand-v1.0
PHC-UP-VAR-003,MED-MGS-50,2026-09-04,1.0,0,67.7,swasthya-demand-v1.0
PHC-UP-VAR-003,MED-MGS-50,2026-09-05,1.0,0,66.7,swasthya-demand-v1.0
PHC-UP-VAR-003,MED-MGS-50,2026-09-06,1.0,0,65.7,swasthya-demand-v1.0
PHC-UP-VAR-003,MED-MGS-50,2026-09-07,9.3,0,56.4,swasthya-demand-v1.0
PHC-UP-VAR-003,MED-MGS-50,2026-09-08,1.0,0,55.4,swasthya-demand-v1.0
PHC-UP-VAR-003,MED-MGS-50,2026-09-09,1.0,0,54.4,swasthya-demand-v1.0
PHC-UP-VAR-003,MED-MGS-50,2026-09-10,1.0,0,53.4,swasthya-demand-v1.0
PHC-UP-VAR-003,MED-IVF-NS500,2026-08-28,1.0,0,6.0,swasthya-demand-v1.0
PHC-UP-VAR-003,MED-IVF-NS500,2026-08-29,1.0,252,257.0,swasthya-demand-v1.0
PHC-UP-VAR-003,MED-IVF-NS500,2026-08-30,1.0,0,256.0,swasthya-demand-v1.0
PHC-UP-VAR-003,MED-IVF-NS500,2026-08-31,8.7,0,247.3,swasthya-demand-v1.0
PHC-UP-VAR-003,MED-IVF-NS500,2026-09-01,1.0,0,246.3,swasthya-demand-v1.0
PHC-UP-VAR-003,MED-IVF-NS500,2026-09-02,1.0,0,245.3,swasthya-demand-v1.0
PHC-UP-VAR-003,MED-IVF-NS500,2026-09-03,1.0,0,244.3,swasthya-demand-v1.0
PHC-UP-VAR-003,MED-IVF-NS500,2026-09-04,1.0,0,243.3,swasthya-demand-v1.0
PHC-UP-VAR-003,MED-IVF-NS500,2026-09-05,1.0,0,242.3,swasthya-demand-v1.0
PHC-UP-VAR-003,MED-IVF-NS500,2026-09-06,1.0,0,241.3,swasthya-demand-v1.0
PHC-UP-VAR-003,MED-IVF-NS500,2026-09-07,9.0,0,232.3,swasthya-demand-v1.0
PHC-UP-VAR-003,MED-IVF-NS500,2026-09-08,1.0,0,231.3,swasthya-demand-v1.0
PHC-UP-VAR-003,MED-IVF-NS500,2026-09-09,1.0,0,230.3,swasthya-demand-v1.0
PHC-UP-VAR-003,MED-IVF-NS500,2026-09-10,1.0,0,229.3,swasthya-demand-v1.0
PHC-UP-VAR-003,MED-IVF-RL500,2026-08-28,1.0,0,13.0,swasthya-demand-v1.0
PHC-UP-VAR-003,MED-IVF-RL500,2026-08-29,1.0,196,208.0,swasthya-demand-v1.0
PHC-UP-VAR-003,MED-IVF-RL500,2026-08-30,1.0,0,207.0,swasthya-demand-v1.0
PHC-UP-VAR-003,MED-IVF-RL500,2026-08-31,8.7,0,198.3,swasthya-demand-v1.0
PHC-UP-VAR-003,MED-IVF-RL500,2026-09-01,1.0,0,197.3,swasthya-demand-v1.0
PHC-UP-VAR-003,MED-IVF-RL500,2026-09-02,1.0,0,196.3,swasthya-demand-v1.0
PHC-UP-VAR-003,MED-IVF-RL500,2026-09-03,1.0,0,195.3,swasthya-demand-v1.0
PHC-UP-VAR-003,MED-IVF-RL500,2026-09-04,1.0,0,194.3,swasthya-demand-v1.0
PHC-UP-VAR-003,MED-IVF-RL500,2026-09-05,1.0,0,193.3,swasthya-demand-v1.0
PHC-UP-VAR-003,MED-IVF-RL500,2026-09-06,1.0,0,192.3,swasthya-demand-v1.0
PHC-UP-VAR-003,MED-IVF-RL500,2026-09-07,9.0,0,183.3,swasthya-demand-v1.0
PHC-UP-VAR-003,MED-IVF-RL500,2026-09-08,1.0,0,182.3,swasthya-demand-v1.0
PHC-UP-VAR-003,MED-IVF-RL500,2026-09-09,1.0,0,181.3,swasthya-demand-v1.0
PHC-UP-VAR-003,MED-IVF-RL500,2026-09-10,1.0,0,180.3,swasthya-demand-v1.0
PHC-UP-VAR-003,MED-IVF-D5500,2026-08-28,1.0,0,49.0,swasthya-demand-v1.0
PHC-UP-VAR-003,MED-IVF-D5500,2026-08-29,1.0,0,48.0,swasthya-demand-v1.0
PHC-UP-VAR-003,MED-IVF-D5500,2026-08-30,1.0,0,47.0,swasthya-demand-v1.0
PHC-UP-VAR-003,MED-IVF-D5500,2026-08-31,9.1,0,37.9,swasthya-demand-v1.0
PHC-UP-VAR-003,MED-IVF-D5500,2026-09-01,1.0,0,36.9,swasthya-demand-v1.0
PHC-UP-VAR-003,MED-IVF-D5500,2026-09-02,1.0,126,161.9,swasthya-demand-v1.0
PHC-UP-VAR-003,MED-IVF-D5500,2026-09-03,1.0,0,160.9,swasthya-demand-v1.0
PHC-UP-VAR-003,MED-IVF-D5500,2026-09-04,1.0,0,159.9,swasthya-demand-v1.0
PHC-UP-VAR-003,MED-IVF-D5500,2026-09-05,1.0,0,158.9,swasthya-demand-v1.0
PHC-UP-VAR-003,MED-IVF-D5500,2026-09-06,1.0,0,157.9,swasthya-demand-v1.0
PHC-UP-VAR-003,MED-IVF-D5500,2026-09-07,9.1,0,148.8,swasthya-demand-v1.0
PHC-UP-VAR-003,MED-IVF-D5500,2026-09-08,1.0,0,147.8,swasthya-demand-v1.0
PHC-UP-VAR-003,MED-IVF-D5500,2026-09-09,1.0,0,146.8,swasthya-demand-v1.0
PHC-UP-VAR-003,MED-IVF-D5500,2026-09-10,1.0,0,145.8,swasthya-demand-v1.0
PHC-UP-VAR-003,MED-ART-60,2026-08-28,1.0,0,77.0,swasthya-demand-v1.0
PHC-UP-VAR-003,MED-ART-60,2026-08-29,1.0,0,76.0,swasthya-demand-v1.0
PHC-UP-VAR-003,MED-ART-60,2026-08-30,1.0,0,75.0,swasthya-demand-v1.0
PHC-UP-VAR-003,MED-ART-60,2026-08-31,9.3,0,65.7,swasthya-demand-v1.0
PHC-UP-VAR-003,MED-ART-60,2026-09-01,1.0,0,64.7,swasthya-demand-v1.0
PHC-UP-VAR-003,MED-ART-60,2026-09-02,1.0,0,63.7,swasthya-demand-v1.0
PHC-UP-VAR-003,MED-ART-60,2026-09-03,1.0,0,62.7,swasthya-demand-v1.0
PHC-UP-VAR-003,MED-ART-60,2026-09-04,1.0,0,61.7,swasthya-demand-v1.0
PHC-UP-VAR-003,MED-ART-60,2026-09-05,1.0,0,60.7,swasthya-demand-v1.0
PHC-UP-VAR-003,MED-ART-60,2026-09-06,1.0,0,59.7,swasthya-demand-v1.0
PHC-UP-VAR-003,MED-ART-60,2026-09-07,9.2,0,50.5,swasthya-demand-v1.0
PHC-UP-VAR-003,MED-ART-60,2026-09-08,1.0,0,49.5,swasthya-demand-v1.0
PHC-UP-VAR-003,MED-ART-60,2026-09-09,1.0,0,48.5,swasthya-demand-v1.0
PHC-UP-VAR-003,MED-ART-60,2026-09-10,1.0,0,47.5,swasthya-demand-v1.0
PHC-UP-VAR-003,MED-ALB-400,2026-08-28,1.0,0,45.0,swasthya-demand-v1.0
PHC-UP-VAR-003,MED-ALB-400,2026-08-29,1.0,0,44.0,swasthya-demand-v1.0
PHC-UP-VAR-003,MED-ALB-400,2026-08-30,1.0,0,43.0,swasthya-demand-v1.0
PHC-UP-VAR-003,MED-ALB-400,2026-08-31,9.0,0,34.0,swasthya-demand-v1.0
PHC-UP-VAR-003,MED-ALB-400,2026-09-01,1.0,0,33.0,swasthya-demand-v1.0
PHC-UP-VAR-003,MED-ALB-400,2026-09-02,1.0,126,158.0,swasthya-demand-v1.0
PHC-UP-VAR-003,MED-ALB-400,2026-09-03,1.0,0,157.0,swasthya-demand-v1.0
PHC-UP-VAR-003,MED-ALB-400,2026-09-04,1.0,0,156.0,swasthya-demand-v1.0
PHC-UP-VAR-003,MED-ALB-400,2026-09-05,1.0,0,155.0,swasthya-demand-v1.0
PHC-UP-VAR-003,MED-ALB-400,2026-09-06,1.0,0,154.0,swasthya-demand-v1.0
PHC-UP-VAR-003,MED-ALB-400,2026-09-07,9.1,0,144.9,swasthya-demand-v1.0
PHC-UP-VAR-003,MED-ALB-400,2026-09-08,1.0,0,143.9,swasthya-demand-v1.0
PHC-UP-VAR-003,MED-ALB-400,2026-09-09,1.0,0,142.9,swasthya-demand-v1.0
PHC-UP-VAR-003,MED-ALB-400,2026-09-10,1.0,0,141.9,swasthya-demand-v1.0
PHC-UP-VAR-003,MED-IFA-TAB,2026-08-28,1.0,462,461.0,swasthya-demand-v1.0
PHC-UP-VAR-003,MED-IFA-TAB,2026-08-29,1.0,0,460.0,swasthya-demand-v1.0
PHC-UP-VAR-003,MED-IFA-TAB,2026-08-30,1.0,0,459.0,swasthya-demand-v1.0
PHC-UP-VAR-003,MED-IFA-TAB,2026-08-31,8.1,0,450.9,swasthya-demand-v1.0
PHC-UP-VAR-003,MED-IFA-TAB,2026-09-01,1.0,0,449.9,swasthya-demand-v1.0
PHC-UP-VAR-003,MED-IFA-TAB,2026-09-02,1.0,0,448.9,swasthya-demand-v1.0
PHC-UP-VAR-003,MED-IFA-TAB,2026-09-03,1.0,0,447.9,swasthya-demand-v1.0
PHC-UP-VAR-003,MED-IFA-TAB,2026-09-04,1.0,0,446.9,swasthya-demand-v1.0
PHC-UP-VAR-003,MED-IFA-TAB,2026-09-05,1.0,0,445.9,swasthya-demand-v1.0
PHC-UP-VAR-003,MED-IFA-TAB,2026-09-06,1.0,0,444.9,swasthya-demand-v1.0
PHC-UP-VAR-003,MED-IFA-TAB,2026-09-07,8.7,0,436.2,swasthya-demand-v1.0
PHC-UP-VAR-003,MED-IFA-TAB,2026-09-08,1.0,0,435.2,swasthya-demand-v1.0
PHC-UP-VAR-003,MED-IFA-TAB,2026-09-09,1.0,0,434.2,swasthya-demand-v1.0
PHC-UP-VAR-003,MED-IFA-TAB,2026-09-10,1.0,0,433.2,swasthya-demand-v1.0
PHC-UP-VAR-004,MED-PCM-500,2026-08-28,55.1,0,0.0,swasthya-demand-v1.0
PHC-UP-VAR-004,MED-PCM-500,2026-08-29,20.8,1190,1114.1,swasthya-demand-v1.0
PHC-UP-VAR-004,MED-PCM-500,2026-08-30,1.0,0,1113.1,swasthya-demand-v1.0
PHC-UP-VAR-004,MED-PCM-500,2026-08-31,28.9,0,1084.2,swasthya-demand-v1.0
PHC-UP-VAR-004,MED-PCM-500,2026-09-01,1.0,0,1083.2,swasthya-demand-v1.0
PHC-UP-VAR-004,MED-PCM-500,2026-09-02,1.0,0,1082.2,swasthya-demand-v1.0
PHC-UP-VAR-004,MED-PCM-500,2026-09-03,1.0,0,1081.2,swasthya-demand-v1.0
PHC-UP-VAR-004,MED-PCM-500,2026-09-04,1.0,0,1080.2,swasthya-demand-v1.0
PHC-UP-VAR-004,MED-PCM-500,2026-09-05,1.0,0,1079.2,swasthya-demand-v1.0
PHC-UP-VAR-004,MED-PCM-500,2026-09-06,1.0,0,1078.2,swasthya-demand-v1.0
PHC-UP-VAR-004,MED-PCM-500,2026-09-07,7.1,0,1071.1,swasthya-demand-v1.0
PHC-UP-VAR-004,MED-PCM-500,2026-09-08,1.0,0,1070.1,swasthya-demand-v1.0
PHC-UP-VAR-004,MED-PCM-500,2026-09-09,1.0,0,1069.1,swasthya-demand-v1.0
PHC-UP-VAR-004,MED-PCM-500,2026-09-10,1.0,0,1068.1,swasthya-demand-v1.0
PHC-UP-VAR-004,MED-PCM-SYR,2026-08-28,1.0,0,0.0,swasthya-demand-v1.0
PHC-UP-VAR-004,MED-PCM-SYR,2026-08-29,1.0,476,474.0,swasthya-demand-v1.0
PHC-UP-VAR-004,MED-PCM-SYR,2026-08-30,1.0,0,473.0,swasthya-demand-v1.0
PHC-UP-VAR-004,MED-PCM-SYR,2026-08-31,7.9,0,465.1,swasthya-demand-v1.0
PHC-UP-VAR-004,MED-PCM-SYR,2026-09-01,1.0,0,464.1,swasthya-demand-v1.0
PHC-UP-VAR-004,MED-PCM-SYR,2026-09-02,1.0,0,463.1,swasthya-demand-v1.0
PHC-UP-VAR-004,MED-PCM-SYR,2026-09-03,1.0,0,462.1,swasthya-demand-v1.0
PHC-UP-VAR-004,MED-PCM-SYR,2026-09-04,1.0,0,461.1,swasthya-demand-v1.0
PHC-UP-VAR-004,MED-PCM-SYR,2026-09-05,1.0,0,460.1,swasthya-demand-v1.0
PHC-UP-VAR-004,MED-PCM-SYR,2026-09-06,1.0,0,459.1,swasthya-demand-v1.0
PHC-UP-VAR-004,MED-PCM-SYR,2026-09-07,8.7,0,450.4,swasthya-demand-v1.0
PHC-UP-VAR-004,MED-PCM-SYR,2026-09-08,1.0,0,449.4,swasthya-demand-v1.0
PHC-UP-VAR-004,MED-PCM-SYR,2026-09-09,1.0,0,448.4,swasthya-demand-v1.0
PHC-UP-VAR-004,MED-PCM-SYR,2026-09-10,1.0,0,447.4,swasthya-demand-v1.0
PHC-UP-VAR-004,MED-AMX-500,2026-08-28,1.0,0,0.0,swasthya-demand-v1.0
PHC-UP-VAR-004,MED-AMX-500,2026-08-29,1.0,0,0.0,swasthya-demand-v1.0
PHC-UP-VAR-004,MED-AMX-500,2026-08-30,1.0,574,571.0,swasthya-demand-v1.0
PHC-UP-VAR-004,MED-AMX-500,2026-08-31,7.8,0,563.2,swasthya-demand-v1.0
PHC-UP-VAR-004,MED-AMX-500,2026-09-01,1.0,0,562.2,swasthya-demand-v1.0
PHC-UP-VAR-004,MED-AMX-500,2026-09-02,1.0,0,561.2,swasthya-demand-v1.0
PHC-UP-VAR-004,MED-AMX-500,2026-09-03,1.0,0,560.2,swasthya-demand-v1.0
PHC-UP-VAR-004,MED-AMX-500,2026-09-04,1.0,0,559.2,swasthya-demand-v1.0
PHC-UP-VAR-004,MED-AMX-500,2026-09-05,1.0,0,558.2,swasthya-demand-v1.0
PHC-UP-VAR-004,MED-AMX-500,2026-09-06,1.0,0,557.2,swasthya-demand-v1.0
PHC-UP-VAR-004,MED-AMX-500,2026-09-07,8.5,0,548.7,swasthya-demand-v1.0
PHC-UP-VAR-004,MED-AMX-500,2026-09-08,1.0,0,547.7,swasthya-demand-v1.0
PHC-UP-VAR-004,MED-AMX-500,2026-09-09,1.0,0,546.7,swasthya-demand-v1.0
PHC-UP-VAR-004,MED-AMX-500,2026-09-10,1.0,0,545.7,swasthya-demand-v1.0
PHC-UP-VAR-004,MED-AMC-625,2026-08-28,1.0,0,0.0,swasthya-demand-v1.0
PHC-UP-VAR-004,MED-AMC-625,2026-08-29,1.0,364,362.0,swasthya-demand-v1.0
PHC-UP-VAR-004,MED-AMC-625,2026-08-30,1.0,0,361.0,swasthya-demand-v1.0
PHC-UP-VAR-004,MED-AMC-625,2026-08-31,8.4,0,352.6,swasthya-demand-v1.0
PHC-UP-VAR-004,MED-AMC-625,2026-09-01,1.0,0,351.6,swasthya-demand-v1.0
PHC-UP-VAR-004,MED-AMC-625,2026-09-02,1.0,0,350.6,swasthya-demand-v1.0
PHC-UP-VAR-004,MED-AMC-625,2026-09-03,1.0,0,349.6,swasthya-demand-v1.0
PHC-UP-VAR-004,MED-AMC-625,2026-09-04,1.0,0,348.6,swasthya-demand-v1.0
PHC-UP-VAR-004,MED-AMC-625,2026-09-05,1.0,0,347.6,swasthya-demand-v1.0
PHC-UP-VAR-004,MED-AMC-625,2026-09-06,1.0,0,346.6,swasthya-demand-v1.0
PHC-UP-VAR-004,MED-AMC-625,2026-09-07,8.8,0,337.8,swasthya-demand-v1.0
PHC-UP-VAR-004,MED-AMC-625,2026-09-08,1.0,0,336.8,swasthya-demand-v1.0
PHC-UP-VAR-004,MED-AMC-625,2026-09-09,1.0,0,335.8,swasthya-demand-v1.0
PHC-UP-VAR-004,MED-AMC-625,2026-09-10,1.0,0,334.8,swasthya-demand-v1.0
PHC-UP-VAR-004,MED-ORS-SFT,2026-08-28,14.4,0,0.0,swasthya-demand-v1.0
PHC-UP-VAR-004,MED-ORS-SFT,2026-08-29,1.0,840,824.6,swasthya-demand-v1.0
PHC-UP-VAR-004,MED-ORS-SFT,2026-08-30,1.0,0,823.6,swasthya-demand-v1.0
PHC-UP-VAR-004,MED-ORS-SFT,2026-08-31,11.2,0,812.4,swasthya-demand-v1.0
PHC-UP-VAR-004,MED-ORS-SFT,2026-09-01,1.0,0,811.4,swasthya-demand-v1.0
PHC-UP-VAR-004,MED-ORS-SFT,2026-09-02,1.0,0,810.4,swasthya-demand-v1.0
PHC-UP-VAR-004,MED-ORS-SFT,2026-09-03,1.0,0,809.4,swasthya-demand-v1.0
PHC-UP-VAR-004,MED-ORS-SFT,2026-09-04,1.0,0,808.4,swasthya-demand-v1.0
PHC-UP-VAR-004,MED-ORS-SFT,2026-09-05,1.0,0,807.4,swasthya-demand-v1.0
PHC-UP-VAR-004,MED-ORS-SFT,2026-09-06,1.0,0,806.4,swasthya-demand-v1.0
PHC-UP-VAR-004,MED-ORS-SFT,2026-09-07,8.1,0,798.3,swasthya-demand-v1.0
PHC-UP-VAR-004,MED-ORS-SFT,2026-09-08,1.0,0,797.3,swasthya-demand-v1.0
PHC-UP-VAR-004,MED-ORS-SFT,2026-09-09,1.0,0,796.3,swasthya-demand-v1.0
PHC-UP-VAR-004,MED-ORS-SFT,2026-09-10,1.0,0,795.3,swasthya-demand-v1.0
PHC-UP-VAR-004,MED-ZNC-20,2026-08-28,1.0,420,419.0,swasthya-demand-v1.0
PHC-UP-VAR-004,MED-ZNC-20,2026-08-29,1.0,0,418.0,swasthya-demand-v1.0
PHC-UP-VAR-004,MED-ZNC-20,2026-08-30,1.0,0,417.0,swasthya-demand-v1.0
PHC-UP-VAR-004,MED-ZNC-20,2026-08-31,8.1,0,408.9,swasthya-demand-v1.0
PHC-UP-VAR-004,MED-ZNC-20,2026-09-01,1.0,0,407.9,swasthya-demand-v1.0
PHC-UP-VAR-004,MED-ZNC-20,2026-09-02,1.0,0,406.9,swasthya-demand-v1.0
PHC-UP-VAR-004,MED-ZNC-20,2026-09-03,1.0,0,405.9,swasthya-demand-v1.0
PHC-UP-VAR-004,MED-ZNC-20,2026-09-04,1.0,0,404.9,swasthya-demand-v1.0
PHC-UP-VAR-004,MED-ZNC-20,2026-09-05,1.0,0,403.9,swasthya-demand-v1.0
PHC-UP-VAR-004,MED-ZNC-20,2026-09-06,1.0,0,402.9,swasthya-demand-v1.0
PHC-UP-VAR-004,MED-ZNC-20,2026-09-07,8.7,0,394.2,swasthya-demand-v1.0
PHC-UP-VAR-004,MED-ZNC-20,2026-09-08,1.0,0,393.2,swasthya-demand-v1.0
PHC-UP-VAR-004,MED-ZNC-20,2026-09-09,1.0,0,392.2,swasthya-demand-v1.0
PHC-UP-VAR-004,MED-ZNC-20,2026-09-10,1.0,0,391.2,swasthya-demand-v1.0
PHC-UP-VAR-004,MED-AZI-500,2026-08-28,1.0,308,307.0,swasthya-demand-v1.0
PHC-UP-VAR-004,MED-AZI-500,2026-08-29,1.0,0,306.0,swasthya-demand-v1.0
PHC-UP-VAR-004,MED-AZI-500,2026-08-30,1.0,0,305.0,swasthya-demand-v1.0
PHC-UP-VAR-004,MED-AZI-500,2026-08-31,8.4,0,296.6,swasthya-demand-v1.0
PHC-UP-VAR-004,MED-AZI-500,2026-09-01,1.0,0,295.6,swasthya-demand-v1.0
PHC-UP-VAR-004,MED-AZI-500,2026-09-02,1.0,0,294.6,swasthya-demand-v1.0
PHC-UP-VAR-004,MED-AZI-500,2026-09-03,1.0,0,293.6,swasthya-demand-v1.0
PHC-UP-VAR-004,MED-AZI-500,2026-09-04,1.0,0,292.6,swasthya-demand-v1.0
PHC-UP-VAR-004,MED-AZI-500,2026-09-05,1.0,0,291.6,swasthya-demand-v1.0
PHC-UP-VAR-004,MED-AZI-500,2026-09-06,1.0,0,290.6,swasthya-demand-v1.0
PHC-UP-VAR-004,MED-AZI-500,2026-09-07,8.9,0,281.7,swasthya-demand-v1.0
PHC-UP-VAR-004,MED-AZI-500,2026-09-08,1.0,0,280.7,swasthya-demand-v1.0
PHC-UP-VAR-004,MED-AZI-500,2026-09-09,1.0,0,279.7,swasthya-demand-v1.0
PHC-UP-VAR-004,MED-AZI-500,2026-09-10,1.0,0,278.7,swasthya-demand-v1.0
PHC-UP-VAR-004,MED-CTX-1G,2026-08-28,1.0,0,38.0,swasthya-demand-v1.0
PHC-UP-VAR-004,MED-CTX-1G,2026-08-29,1.0,154,191.0,swasthya-demand-v1.0
PHC-UP-VAR-004,MED-CTX-1G,2026-08-30,1.0,0,190.0,swasthya-demand-v1.0
PHC-UP-VAR-004,MED-CTX-1G,2026-08-31,9.0,0,181.0,swasthya-demand-v1.0
PHC-UP-VAR-004,MED-CTX-1G,2026-09-01,1.0,0,180.0,swasthya-demand-v1.0
PHC-UP-VAR-004,MED-CTX-1G,2026-09-02,1.0,0,179.0,swasthya-demand-v1.0
PHC-UP-VAR-004,MED-CTX-1G,2026-09-03,1.0,0,178.0,swasthya-demand-v1.0
PHC-UP-VAR-004,MED-CTX-1G,2026-09-04,1.0,0,177.0,swasthya-demand-v1.0
PHC-UP-VAR-004,MED-CTX-1G,2026-09-05,1.0,0,176.0,swasthya-demand-v1.0
PHC-UP-VAR-004,MED-CTX-1G,2026-09-06,1.0,0,175.0,swasthya-demand-v1.0
PHC-UP-VAR-004,MED-CTX-1G,2026-09-07,9.1,0,165.9,swasthya-demand-v1.0
PHC-UP-VAR-004,MED-CTX-1G,2026-09-08,1.0,0,164.9,swasthya-demand-v1.0
PHC-UP-VAR-004,MED-CTX-1G,2026-09-09,1.0,0,163.9,swasthya-demand-v1.0
PHC-UP-VAR-004,MED-CTX-1G,2026-09-10,1.0,0,162.9,swasthya-demand-v1.0
PHC-UP-VAR-004,MED-RAB-VAC,2026-08-28,1.0,0,61.0,swasthya-demand-v1.0
PHC-UP-VAR-004,MED-RAB-VAC,2026-08-29,1.0,0,60.0,swasthya-demand-v1.0
PHC-UP-VAR-004,MED-RAB-VAC,2026-08-30,1.0,0,59.0,swasthya-demand-v1.0
PHC-UP-VAR-004,MED-RAB-VAC,2026-08-31,9.1,0,49.9,swasthya-demand-v1.0
PHC-UP-VAR-004,MED-RAB-VAC,2026-09-01,1.0,0,48.9,swasthya-demand-v1.0
PHC-UP-VAR-004,MED-RAB-VAC,2026-09-02,1.0,0,47.9,swasthya-demand-v1.0
PHC-UP-VAR-004,MED-RAB-VAC,2026-09-03,1.0,0,46.9,swasthya-demand-v1.0
PHC-UP-VAR-004,MED-RAB-VAC,2026-09-04,1.0,0,45.9,swasthya-demand-v1.0
PHC-UP-VAR-004,MED-RAB-VAC,2026-09-05,1.0,0,44.9,swasthya-demand-v1.0
PHC-UP-VAR-004,MED-RAB-VAC,2026-09-06,1.0,0,43.9,swasthya-demand-v1.0
PHC-UP-VAR-004,MED-RAB-VAC,2026-09-07,9.2,0,34.7,swasthya-demand-v1.0
PHC-UP-VAR-004,MED-RAB-VAC,2026-09-08,1.0,0,33.7,swasthya-demand-v1.0
PHC-UP-VAR-004,MED-RAB-VAC,2026-09-09,1.0,0,32.7,swasthya-demand-v1.0
PHC-UP-VAR-004,MED-RAB-VAC,2026-09-10,1.0,0,31.7,swasthya-demand-v1.0
PHC-UP-VAR-004,MED-ASV-VIAL,2026-08-28,1.0,0,87.0,swasthya-demand-v1.0
PHC-UP-VAR-004,MED-ASV-VIAL,2026-08-29,1.0,0,86.0,swasthya-demand-v1.0
PHC-UP-VAR-004,MED-ASV-VIAL,2026-08-30,1.0,0,85.0,swasthya-demand-v1.0
PHC-UP-VAR-004,MED-ASV-VIAL,2026-08-31,9.4,0,75.6,swasthya-demand-v1.0
PHC-UP-VAR-004,MED-ASV-VIAL,2026-09-01,1.0,0,74.6,swasthya-demand-v1.0
PHC-UP-VAR-004,MED-ASV-VIAL,2026-09-02,1.0,0,73.6,swasthya-demand-v1.0
PHC-UP-VAR-004,MED-ASV-VIAL,2026-09-03,1.0,0,72.6,swasthya-demand-v1.0
PHC-UP-VAR-004,MED-ASV-VIAL,2026-09-04,1.0,0,71.6,swasthya-demand-v1.0
PHC-UP-VAR-004,MED-ASV-VIAL,2026-09-05,1.0,0,70.6,swasthya-demand-v1.0
PHC-UP-VAR-004,MED-ASV-VIAL,2026-09-06,1.0,0,69.6,swasthya-demand-v1.0
PHC-UP-VAR-004,MED-ASV-VIAL,2026-09-07,9.3,0,60.3,swasthya-demand-v1.0
PHC-UP-VAR-004,MED-ASV-VIAL,2026-09-08,1.0,0,59.3,swasthya-demand-v1.0
PHC-UP-VAR-004,MED-ASV-VIAL,2026-09-09,1.0,0,58.3,swasthya-demand-v1.0
PHC-UP-VAR-004,MED-ASV-VIAL,2026-09-10,1.0,0,57.3,swasthya-demand-v1.0
PHC-UP-VAR-004,MED-INS-REG,2026-08-28,1.0,0,58.0,swasthya-demand-v1.0
PHC-UP-VAR-004,MED-INS-REG,2026-08-29,1.0,0,57.0,swasthya-demand-v1.0
PHC-UP-VAR-004,MED-INS-REG,2026-08-30,1.0,0,56.0,swasthya-demand-v1.0
PHC-UP-VAR-004,MED-INS-REG,2026-08-31,9.2,0,46.8,swasthya-demand-v1.0
PHC-UP-VAR-004,MED-INS-REG,2026-09-01,1.0,0,45.8,swasthya-demand-v1.0
PHC-UP-VAR-004,MED-INS-REG,2026-09-02,1.0,0,44.8,swasthya-demand-v1.0
PHC-UP-VAR-004,MED-INS-REG,2026-09-03,1.0,0,43.8,swasthya-demand-v1.0
PHC-UP-VAR-004,MED-INS-REG,2026-09-04,1.0,0,42.8,swasthya-demand-v1.0
PHC-UP-VAR-004,MED-INS-REG,2026-09-05,1.0,0,41.8,swasthya-demand-v1.0
PHC-UP-VAR-004,MED-INS-REG,2026-09-06,1.0,0,40.8,swasthya-demand-v1.0
PHC-UP-VAR-004,MED-INS-REG,2026-09-07,9.2,0,31.6,swasthya-demand-v1.0
PHC-UP-VAR-004,MED-INS-REG,2026-09-08,1.0,0,30.6,swasthya-demand-v1.0
PHC-UP-VAR-004,MED-INS-REG,2026-09-09,1.0,0,29.6,swasthya-demand-v1.0
PHC-UP-VAR-004,MED-INS-REG,2026-09-10,1.0,0,28.6,swasthya-demand-v1.0
PHC-UP-VAR-004,MED-MET-500,2026-08-28,1.0,0,0.0,swasthya-demand-v1.0
PHC-UP-VAR-004,MED-MET-500,2026-08-29,1.0,0,0.0,swasthya-demand-v1.0
PHC-UP-VAR-004,MED-MET-500,2026-08-30,1.0,0,0.0,swasthya-demand-v1.0
PHC-UP-VAR-004,MED-MET-500,2026-08-31,7.5,658,647.5,swasthya-demand-v1.0
PHC-UP-VAR-004,MED-MET-500,2026-09-01,1.0,0,646.5,swasthya-demand-v1.0
PHC-UP-VAR-004,MED-MET-500,2026-09-02,1.0,0,645.5,swasthya-demand-v1.0
PHC-UP-VAR-004,MED-MET-500,2026-09-03,1.0,0,644.5,swasthya-demand-v1.0
PHC-UP-VAR-004,MED-MET-500,2026-09-04,1.0,0,643.5,swasthya-demand-v1.0
PHC-UP-VAR-004,MED-MET-500,2026-09-05,1.0,0,642.5,swasthya-demand-v1.0
PHC-UP-VAR-004,MED-MET-500,2026-09-06,1.0,0,641.5,swasthya-demand-v1.0
PHC-UP-VAR-004,MED-MET-500,2026-09-07,8.5,0,633.0,swasthya-demand-v1.0
PHC-UP-VAR-004,MED-MET-500,2026-09-08,1.0,0,632.0,swasthya-demand-v1.0
PHC-UP-VAR-004,MED-MET-500,2026-09-09,1.0,0,631.0,swasthya-demand-v1.0
PHC-UP-VAR-004,MED-MET-500,2026-09-10,1.0,0,630.0,swasthya-demand-v1.0
PHC-UP-VAR-004,MED-OXY-AMP,2026-08-28,1.0,0,48.0,swasthya-demand-v1.0
PHC-UP-VAR-004,MED-OXY-AMP,2026-08-29,1.0,0,47.0,swasthya-demand-v1.0
PHC-UP-VAR-004,MED-OXY-AMP,2026-08-30,1.0,0,46.0,swasthya-demand-v1.0
PHC-UP-VAR-004,MED-OXY-AMP,2026-08-31,9.1,0,36.9,swasthya-demand-v1.0
PHC-UP-VAR-004,MED-OXY-AMP,2026-09-01,1.0,126,161.9,swasthya-demand-v1.0
PHC-UP-VAR-004,MED-OXY-AMP,2026-09-02,1.0,0,160.9,swasthya-demand-v1.0
PHC-UP-VAR-004,MED-OXY-AMP,2026-09-03,1.0,0,159.9,swasthya-demand-v1.0
PHC-UP-VAR-004,MED-OXY-AMP,2026-09-04,1.0,0,158.9,swasthya-demand-v1.0
PHC-UP-VAR-004,MED-OXY-AMP,2026-09-05,1.0,0,157.9,swasthya-demand-v1.0
PHC-UP-VAR-004,MED-OXY-AMP,2026-09-06,1.0,0,156.9,swasthya-demand-v1.0
PHC-UP-VAR-004,MED-OXY-AMP,2026-09-07,9.1,0,147.8,swasthya-demand-v1.0
PHC-UP-VAR-004,MED-OXY-AMP,2026-09-08,1.0,0,146.8,swasthya-demand-v1.0
PHC-UP-VAR-004,MED-OXY-AMP,2026-09-09,1.0,0,145.8,swasthya-demand-v1.0
PHC-UP-VAR-004,MED-OXY-AMP,2026-09-10,1.0,0,144.8,swasthya-demand-v1.0
PHC-UP-VAR-004,MED-MGS-50,2026-08-28,1.0,0,72.0,swasthya-demand-v1.0
PHC-UP-VAR-004,MED-MGS-50,2026-08-29,1.0,0,71.0,swasthya-demand-v1.0
PHC-UP-VAR-004,MED-MGS-50,2026-08-30,1.0,0,70.0,swasthya-demand-v1.0
PHC-UP-VAR-004,MED-MGS-50,2026-08-31,9.3,0,60.7,swasthya-demand-v1.0
PHC-UP-VAR-004,MED-MGS-50,2026-09-01,1.0,0,59.7,swasthya-demand-v1.0
PHC-UP-VAR-004,MED-MGS-50,2026-09-02,1.0,0,58.7,swasthya-demand-v1.0
PHC-UP-VAR-004,MED-MGS-50,2026-09-03,1.0,0,57.7,swasthya-demand-v1.0
PHC-UP-VAR-004,MED-MGS-50,2026-09-04,1.0,0,56.7,swasthya-demand-v1.0
PHC-UP-VAR-004,MED-MGS-50,2026-09-05,1.0,0,55.7,swasthya-demand-v1.0
PHC-UP-VAR-004,MED-MGS-50,2026-09-06,1.0,0,54.7,swasthya-demand-v1.0
PHC-UP-VAR-004,MED-MGS-50,2026-09-07,9.2,0,45.5,swasthya-demand-v1.0
PHC-UP-VAR-004,MED-MGS-50,2026-09-08,1.0,0,44.5,swasthya-demand-v1.0
PHC-UP-VAR-004,MED-MGS-50,2026-09-09,1.0,0,43.5,swasthya-demand-v1.0
PHC-UP-VAR-004,MED-MGS-50,2026-09-10,1.0,0,42.5,swasthya-demand-v1.0
PHC-UP-VAR-004,MED-IVF-NS500,2026-08-28,1.0,0,0.0,swasthya-demand-v1.0
PHC-UP-VAR-004,MED-IVF-NS500,2026-08-29,1.0,0,0.0,swasthya-demand-v1.0
PHC-UP-VAR-004,MED-IVF-NS500,2026-08-30,1.0,0,0.0,swasthya-demand-v1.0
PHC-UP-VAR-004,MED-IVF-NS500,2026-08-31,8.2,392,380.8,swasthya-demand-v1.0
PHC-UP-VAR-004,MED-IVF-NS500,2026-09-01,1.0,0,379.8,swasthya-demand-v1.0
PHC-UP-VAR-004,MED-IVF-NS500,2026-09-02,1.0,0,378.8,swasthya-demand-v1.0
PHC-UP-VAR-004,MED-IVF-NS500,2026-09-03,1.0,0,377.8,swasthya-demand-v1.0
PHC-UP-VAR-004,MED-IVF-NS500,2026-09-04,1.0,0,376.8,swasthya-demand-v1.0
PHC-UP-VAR-004,MED-IVF-NS500,2026-09-05,1.0,0,375.8,swasthya-demand-v1.0
PHC-UP-VAR-004,MED-IVF-NS500,2026-09-06,1.0,0,374.8,swasthya-demand-v1.0
PHC-UP-VAR-004,MED-IVF-NS500,2026-09-07,8.8,0,366.0,swasthya-demand-v1.0
PHC-UP-VAR-004,MED-IVF-NS500,2026-09-08,1.0,0,365.0,swasthya-demand-v1.0
PHC-UP-VAR-004,MED-IVF-NS500,2026-09-09,1.0,0,364.0,swasthya-demand-v1.0
PHC-UP-VAR-004,MED-IVF-NS500,2026-09-10,1.0,0,363.0,swasthya-demand-v1.0
PHC-UP-VAR-004,MED-IVF-RL500,2026-08-28,1.0,308,307.0,swasthya-demand-v1.0
PHC-UP-VAR-004,MED-IVF-RL500,2026-08-29,1.0,0,306.0,swasthya-demand-v1.0
PHC-UP-VAR-004,MED-IVF-RL500,2026-08-30,1.0,0,305.0,swasthya-demand-v1.0
PHC-UP-VAR-004,MED-IVF-RL500,2026-08-31,8.4,0,296.6,swasthya-demand-v1.0
PHC-UP-VAR-004,MED-IVF-RL500,2026-09-01,1.0,0,295.6,swasthya-demand-v1.0
PHC-UP-VAR-004,MED-IVF-RL500,2026-09-02,1.0,0,294.6,swasthya-demand-v1.0
PHC-UP-VAR-004,MED-IVF-RL500,2026-09-03,1.0,0,293.6,swasthya-demand-v1.0
PHC-UP-VAR-004,MED-IVF-RL500,2026-09-04,1.0,0,292.6,swasthya-demand-v1.0
PHC-UP-VAR-004,MED-IVF-RL500,2026-09-05,1.0,0,291.6,swasthya-demand-v1.0
PHC-UP-VAR-004,MED-IVF-RL500,2026-09-06,1.0,0,290.6,swasthya-demand-v1.0
PHC-UP-VAR-004,MED-IVF-RL500,2026-09-07,8.9,0,281.7,swasthya-demand-v1.0
PHC-UP-VAR-004,MED-IVF-RL500,2026-09-08,1.0,0,280.7,swasthya-demand-v1.0
PHC-UP-VAR-004,MED-IVF-RL500,2026-09-09,1.0,0,279.7,swasthya-demand-v1.0
PHC-UP-VAR-004,MED-IVF-RL500,2026-09-10,1.0,0,278.7,swasthya-demand-v1.0
PHC-UP-VAR-004,MED-IVF-D5500,2026-08-28,1.0,0,15.0,swasthya-demand-v1.0
PHC-UP-VAR-004,MED-IVF-D5500,2026-08-29,1.0,210,224.0,swasthya-demand-v1.0
PHC-UP-VAR-004,MED-IVF-D5500,2026-08-30,1.0,0,223.0,swasthya-demand-v1.0
PHC-UP-VAR-004,MED-IVF-D5500,2026-08-31,8.8,0,214.2,swasthya-demand-v1.0
PHC-UP-VAR-004,MED-IVF-D5500,2026-09-01,1.0,0,213.2,swasthya-demand-v1.0
PHC-UP-VAR-004,MED-IVF-D5500,2026-09-02,1.0,0,212.2,swasthya-demand-v1.0
PHC-UP-VAR-004,MED-IVF-D5500,2026-09-03,1.0,0,211.2,swasthya-demand-v1.0
PHC-UP-VAR-004,MED-IVF-D5500,2026-09-04,1.0,0,210.2,swasthya-demand-v1.0
PHC-UP-VAR-004,MED-IVF-D5500,2026-09-05,1.0,0,209.2,swasthya-demand-v1.0
PHC-UP-VAR-004,MED-IVF-D5500,2026-09-06,1.0,0,208.2,swasthya-demand-v1.0
PHC-UP-VAR-004,MED-IVF-D5500,2026-09-07,9.0,0,199.2,swasthya-demand-v1.0
PHC-UP-VAR-004,MED-IVF-D5500,2026-09-08,1.0,0,198.2,swasthya-demand-v1.0
PHC-UP-VAR-004,MED-IVF-D5500,2026-09-09,1.0,0,197.2,swasthya-demand-v1.0
PHC-UP-VAR-004,MED-IVF-D5500,2026-09-10,1.0,0,196.2,swasthya-demand-v1.0
PHC-UP-VAR-004,MED-ART-60,2026-08-28,1.0,0,68.0,swasthya-demand-v1.0
PHC-UP-VAR-004,MED-ART-60,2026-08-29,1.0,0,67.0,swasthya-demand-v1.0
PHC-UP-VAR-004,MED-ART-60,2026-08-30,1.0,0,66.0,swasthya-demand-v1.0
PHC-UP-VAR-004,MED-ART-60,2026-08-31,9.2,0,56.8,swasthya-demand-v1.0
PHC-UP-VAR-004,MED-ART-60,2026-09-01,1.0,0,55.8,swasthya-demand-v1.0
PHC-UP-VAR-004,MED-ART-60,2026-09-02,1.0,0,54.8,swasthya-demand-v1.0
PHC-UP-VAR-004,MED-ART-60,2026-09-03,1.0,0,53.8,swasthya-demand-v1.0
PHC-UP-VAR-004,MED-ART-60,2026-09-04,1.0,0,52.8,swasthya-demand-v1.0
PHC-UP-VAR-004,MED-ART-60,2026-09-05,1.0,0,51.8,swasthya-demand-v1.0
PHC-UP-VAR-004,MED-ART-60,2026-09-06,1.0,0,50.8,swasthya-demand-v1.0
PHC-UP-VAR-004,MED-ART-60,2026-09-07,9.2,0,41.6,swasthya-demand-v1.0
PHC-UP-VAR-004,MED-ART-60,2026-09-08,1.0,0,40.6,swasthya-demand-v1.0
PHC-UP-VAR-004,MED-ART-60,2026-09-09,1.0,0,39.6,swasthya-demand-v1.0
PHC-UP-VAR-004,MED-ART-60,2026-09-10,1.0,0,38.6,swasthya-demand-v1.0
PHC-UP-VAR-004,MED-ALB-400,2026-08-28,1.0,0,15.0,swasthya-demand-v1.0
PHC-UP-VAR-004,MED-ALB-400,2026-08-29,1.0,210,224.0,swasthya-demand-v1.0
PHC-UP-VAR-004,MED-ALB-400,2026-08-30,1.0,0,223.0,swasthya-demand-v1.0
PHC-UP-VAR-004,MED-ALB-400,2026-08-31,8.9,0,214.1,swasthya-demand-v1.0
PHC-UP-VAR-004,MED-ALB-400,2026-09-01,1.0,0,213.1,swasthya-demand-v1.0
PHC-UP-VAR-004,MED-ALB-400,2026-09-02,1.0,0,212.1,swasthya-demand-v1.0
PHC-UP-VAR-004,MED-ALB-400,2026-09-03,1.0,0,211.1,swasthya-demand-v1.0
PHC-UP-VAR-004,MED-ALB-400,2026-09-04,1.0,0,210.1,swasthya-demand-v1.0
PHC-UP-VAR-004,MED-ALB-400,2026-09-05,1.0,0,209.1,swasthya-demand-v1.0
PHC-UP-VAR-004,MED-ALB-400,2026-09-06,1.0,0,208.1,swasthya-demand-v1.0
PHC-UP-VAR-004,MED-ALB-400,2026-09-07,9.0,0,199.1,swasthya-demand-v1.0
PHC-UP-VAR-004,MED-ALB-400,2026-09-08,1.0,0,198.1,swasthya-demand-v1.0
PHC-UP-VAR-004,MED-ALB-400,2026-09-09,1.0,0,197.1,swasthya-demand-v1.0
PHC-UP-VAR-004,MED-ALB-400,2026-09-10,1.0,0,196.1,swasthya-demand-v1.0
PHC-UP-VAR-004,MED-IFA-TAB,2026-08-28,10.0,0,0.0,swasthya-demand-v1.0
PHC-UP-VAR-004,MED-IFA-TAB,2026-08-29,1.0,0,0.0,swasthya-demand-v1.0
PHC-UP-VAR-004,MED-IFA-TAB,2026-08-30,1.0,0,0.0,swasthya-demand-v1.0
PHC-UP-VAR-004,MED-IFA-TAB,2026-08-31,10.0,742,720.0,swasthya-demand-v1.0
PHC-UP-VAR-004,MED-IFA-TAB,2026-09-01,1.0,0,719.0,swasthya-demand-v1.0
PHC-UP-VAR-004,MED-IFA-TAB,2026-09-02,1.0,0,718.0,swasthya-demand-v1.0
PHC-UP-VAR-004,MED-IFA-TAB,2026-09-03,1.0,0,717.0,swasthya-demand-v1.0
PHC-UP-VAR-004,MED-IFA-TAB,2026-09-04,1.0,0,716.0,swasthya-demand-v1.0
PHC-UP-VAR-004,MED-IFA-TAB,2026-09-05,1.0,0,715.0,swasthya-demand-v1.0
PHC-UP-VAR-004,MED-IFA-TAB,2026-09-06,1.0,0,714.0,swasthya-demand-v1.0
PHC-UP-VAR-004,MED-IFA-TAB,2026-09-07,8.3,0,705.7,swasthya-demand-v1.0
PHC-UP-VAR-004,MED-IFA-TAB,2026-09-08,1.0,0,704.7,swasthya-demand-v1.0
PHC-UP-VAR-004,MED-IFA-TAB,2026-09-09,1.0,0,703.7,swasthya-demand-v1.0
PHC-UP-VAR-004,MED-IFA-TAB,2026-09-10,1.0,0,702.7,swasthya-demand-v1.0
CHC-UP-VAR-001,MED-PCM-500,2026-08-28,190.8,0,0.0,swasthya-demand-v1.0
CHC-UP-VAR-001,MED-PCM-500,2026-08-29,148.4,0,0.0,swasthya-demand-v1.0
CHC-UP-VAR-001,MED-PCM-500,2026-08-30,104.8,2632,2188.0,swasthya-demand-v1.0
CHC-UP-VAR-001,MED-PCM-500,2026-08-31,139.2,0,2048.8,swasthya-demand-v1.0
CHC-UP-VAR-001,MED-PCM-500,2026-09-01,98.0,0,1950.8,swasthya-demand-v1.0
CHC-UP-VAR-001,MED-PCM-500,2026-09-02,69.4,0,1881.4,swasthya-demand-v1.0
CHC-UP-VAR-001,MED-PCM-500,2026-09-03,45.5,0,1835.9,swasthya-demand-v1.0
CHC-UP-VAR-001,MED-PCM-500,2026-09-04,4.7,0,1831.2,swasthya-demand-v1.0
CHC-UP-VAR-001,MED-PCM-500,2026-09-05,1.0,0,1830.2,swasthya-demand-v1.0
CHC-UP-VAR-001,MED-PCM-500,2026-09-06,1.0,0,1829.2,swasthya-demand-v1.0
CHC-UP-VAR-001,MED-PCM-500,2026-09-07,4.4,0,1824.8,swasthya-demand-v1.0
CHC-UP-VAR-001,MED-PCM-500,2026-09-08,1.0,0,1823.8,swasthya-demand-v1.0
CHC-UP-VAR-001,MED-PCM-500,2026-09-09,1.0,0,1822.8,swasthya-demand-v1.0
CHC-UP-VAR-001,MED-PCM-500,2026-09-10,1.0,0,1821.8,swasthya-demand-v1.0
CHC-UP-VAR-001,MED-PCM-SYR,2026-08-28,29.8,0,0.0,swasthya-demand-v1.0
CHC-UP-VAR-001,MED-PCM-SYR,2026-08-29,1.0,0,0.0,swasthya-demand-v1.0
CHC-UP-VAR-001,MED-PCM-SYR,2026-08-30,1.0,0,0.0,swasthya-demand-v1.0
CHC-UP-VAR-001,MED-PCM-SYR,2026-08-31,13.4,1050,1004.8,swasthya-demand-v1.0
CHC-UP-VAR-001,MED-PCM-SYR,2026-09-01,1.0,0,1003.8,swasthya-demand-v1.0
CHC-UP-VAR-001,MED-PCM-SYR,2026-09-02,1.0,0,1002.8,swasthya-demand-v1.0
CHC-UP-VAR-001,MED-PCM-SYR,2026-09-03,1.0,0,1001.8,swasthya-demand-v1.0
CHC-UP-VAR-001,MED-PCM-SYR,2026-09-04,1.0,0,1000.8,swasthya-demand-v1.0
CHC-UP-VAR-001,MED-PCM-SYR,2026-09-05,1.0,0,999.8,swasthya-demand-v1.0
CHC-UP-VAR-001,MED-PCM-SYR,2026-09-06,1.0,0,998.8,swasthya-demand-v1.0
CHC-UP-VAR-001,MED-PCM-SYR,2026-09-07,7.5,0,991.3,swasthya-demand-v1.0
CHC-UP-VAR-001,MED-PCM-SYR,2026-09-08,1.0,0,990.3,swasthya-demand-v1.0
CHC-UP-VAR-001,MED-PCM-SYR,2026-09-09,1.0,0,989.3,swasthya-demand-v1.0
CHC-UP-VAR-001,MED-PCM-SYR,2026-09-10,1.0,0,988.3,swasthya-demand-v1.0
CHC-UP-VAR-001,MED-AMX-500,2026-08-28,57.9,0,0.0,swasthya-demand-v1.0
CHC-UP-VAR-001,MED-AMX-500,2026-08-29,20.8,1288,1209.3,swasthya-demand-v1.0
CHC-UP-VAR-001,MED-AMX-500,2026-08-30,1.0,0,1208.3,swasthya-demand-v1.0
CHC-UP-VAR-001,MED-AMX-500,2026-08-31,28.5,0,1179.8,swasthya-demand-v1.0
CHC-UP-VAR-001,MED-AMX-500,2026-09-01,1.0,0,1178.8,swasthya-demand-v1.0
CHC-UP-VAR-001,MED-AMX-500,2026-09-02,1.0,0,1177.8,swasthya-demand-v1.0
CHC-UP-VAR-001,MED-AMX-500,2026-09-03,1.0,0,1176.8,swasthya-demand-v1.0
CHC-UP-VAR-001,MED-AMX-500,2026-09-04,1.0,0,1175.8,swasthya-demand-v1.0
CHC-UP-VAR-001,MED-AMX-500,2026-09-05,1.0,0,1174.8,swasthya-demand-v1.0
CHC-UP-VAR-001,MED-AMX-500,2026-09-06,1.0,0,1173.8,swasthya-demand-v1.0
CHC-UP-VAR-001,MED-AMX-500,2026-09-07,6.9,0,1166.9,swasthya-demand-v1.0
CHC-UP-VAR-001,MED-AMX-500,2026-09-08,1.0,0,1165.9,swasthya-demand-v1.0
CHC-UP-VAR-001,MED-AMX-500,2026-09-09,1.0,0,1164.9,swasthya-demand-v1.0
CHC-UP-VAR-001,MED-AMX-500,2026-09-10,1.0,0,1163.9,swasthya-demand-v1.0
CHC-UP-VAR-001,MED-AMC-625,2026-08-28,8.7,0,0.0,swasthya-demand-v1.0
CHC-UP-VAR-001,MED-AMC-625,2026-08-29,1.0,0,0.0,swasthya-demand-v1.0
CHC-UP-VAR-001,MED-AMC-625,2026-08-30,1.0,812,801.3,swasthya-demand-v1.0
CHC-UP-VAR-001,MED-AMC-625,2026-08-31,8.6,0,792.7,swasthya-demand-v1.0
CHC-UP-VAR-001,MED-AMC-625,2026-09-01,1.0,0,791.7,swasthya-demand-v1.0
CHC-UP-VAR-001,MED-AMC-625,2026-09-02,1.0,0,790.7,swasthya-demand-v1.0
CHC-UP-VAR-001,MED-AMC-625,2026-09-03,1.0,0,789.7,swasthya-demand-v1.0
CHC-UP-VAR-001,MED-AMC-625,2026-09-04,1.0,0,788.7,swasthya-demand-v1.0
CHC-UP-VAR-001,MED-AMC-625,2026-09-05,1.0,0,787.7,swasthya-demand-v1.0
CHC-UP-VAR-001,MED-AMC-625,2026-09-06,1.0,0,786.7,swasthya-demand-v1.0
CHC-UP-VAR-001,MED-AMC-625,2026-09-07,8.2,0,778.5,swasthya-demand-v1.0
CHC-UP-VAR-001,MED-AMC-625,2026-09-08,1.0,0,777.5,swasthya-demand-v1.0
CHC-UP-VAR-001,MED-AMC-625,2026-09-09,1.0,0,776.5,swasthya-demand-v1.0
CHC-UP-VAR-001,MED-AMC-625,2026-09-10,1.0,0,775.5,swasthya-demand-v1.0
CHC-UP-VAR-001,MED-ORS-SFT,2026-08-28,117.4,0,0.0,swasthya-demand-v1.0
CHC-UP-VAR-001,MED-ORS-SFT,2026-08-29,82.5,1862,1662.1,swasthya-demand-v1.0
CHC-UP-VAR-001,MED-ORS-SFT,2026-08-30,34.0,0,1628.1,swasthya-demand-v1.0
CHC-UP-VAR-001,MED-ORS-SFT,2026-08-31,75.1,0,1553.0,swasthya-demand-v1.0
CHC-UP-VAR-001,MED-ORS-SFT,2026-09-01,36.9,0,1516.1,swasthya-demand-v1.0
CHC-UP-VAR-001,MED-ORS-SFT,2026-09-02,9.9,0,1506.2,swasthya-demand-v1.0
CHC-UP-VAR-001,MED-ORS-SFT,2026-09-03,1.0,0,1505.2,swasthya-demand-v1.0
CHC-UP-VAR-001,MED-ORS-SFT,2026-09-04,1.0,0,1504.2,swasthya-demand-v1.0
CHC-UP-VAR-001,MED-ORS-SFT,2026-09-05,1.0,0,1503.2,swasthya-demand-v1.0
CHC-UP-VAR-001,MED-ORS-SFT,2026-09-06,1.0,0,1502.2,swasthya-demand-v1.0
CHC-UP-VAR-001,MED-ORS-SFT,2026-09-07,5.0,0,1497.2,swasthya-demand-v1.0
CHC-UP-VAR-001,MED-ORS-SFT,2026-09-08,1.0,0,1496.2,swasthya-demand-v1.0
CHC-UP-VAR-001,MED-ORS-SFT,2026-09-09,1.0,0,1495.2,swasthya-demand-v1.0
CHC-UP-VAR-001,MED-ORS-SFT,2026-09-10,1.0,0,1494.2,swasthya-demand-v1.0
CHC-UP-VAR-001,MED-ZNC-20,2026-08-28,26.2,0,0.0,swasthya-demand-v1.0
CHC-UP-VAR-001,MED-ZNC-20,2026-08-29,1.0,924,896.8,swasthya-demand-v1.0
CHC-UP-VAR-001,MED-ZNC-20,2026-08-30,1.0,0,895.8,swasthya-demand-v1.0
CHC-UP-VAR-001,MED-ZNC-20,2026-08-31,14.0,0,881.8,swasthya-demand-v1.0
CHC-UP-VAR-001,MED-ZNC-20,2026-09-01,1.0,0,880.8,swasthya-demand-v1.0
CHC-UP-VAR-001,MED-ZNC-20,2026-09-02,1.0,0,879.8,swasthya-demand-v1.0
CHC-UP-VAR-001,MED-ZNC-20,2026-09-03,1.0,0,878.8,swasthya-demand-v1.0
CHC-UP-VAR-001,MED-ZNC-20,2026-09-04,1.0,0,877.8,swasthya-demand-v1.0
CHC-UP-VAR-001,MED-ZNC-20,2026-09-05,1.0,0,876.8,swasthya-demand-v1.0
CHC-UP-VAR-001,MED-ZNC-20,2026-09-06,1.0,0,875.8,swasthya-demand-v1.0
CHC-UP-VAR-001,MED-ZNC-20,2026-09-07,7.8,0,868.0,swasthya-demand-v1.0
CHC-UP-VAR-001,MED-ZNC-20,2026-09-08,1.0,0,867.0,swasthya-demand-v1.0
CHC-UP-VAR-001,MED-ZNC-20,2026-09-09,1.0,0,866.0,swasthya-demand-v1.0
CHC-UP-VAR-001,MED-ZNC-20,2026-09-10,1.0,0,865.0,swasthya-demand-v1.0
CHC-UP-VAR-001,MED-AZI-500,2026-08-28,8.5,0,0.0,swasthya-demand-v1.0
CHC-UP-VAR-001,MED-AZI-500,2026-08-29,1.0,700,690.5,swasthya-demand-v1.0
CHC-UP-VAR-001,MED-AZI-500,2026-08-30,1.0,0,689.5,swasthya-demand-v1.0
CHC-UP-VAR-001,MED-AZI-500,2026-08-31,9.3,0,680.2,swasthya-demand-v1.0
CHC-UP-VAR-001,MED-AZI-500,2026-09-01,1.0,0,679.2,swasthya-demand-v1.0
CHC-UP-VAR-001,MED-AZI-500,2026-09-02,1.0,0,678.2,swasthya-demand-v1.0
CHC-UP-VAR-001,MED-AZI-500,2026-09-03,1.0,0,677.2,swasthya-demand-v1.0
CHC-UP-VAR-001,MED-AZI-500,2026-09-04,1.0,0,676.2,swasthya-demand-v1.0
CHC-UP-VAR-001,MED-AZI-500,2026-09-05,1.0,0,675.2,swasthya-demand-v1.0
CHC-UP-VAR-001,MED-AZI-500,2026-09-06,1.0,0,674.2,swasthya-demand-v1.0
CHC-UP-VAR-001,MED-AZI-500,2026-09-07,8.2,0,666.0,swasthya-demand-v1.0
CHC-UP-VAR-001,MED-AZI-500,2026-09-08,1.0,0,665.0,swasthya-demand-v1.0
CHC-UP-VAR-001,MED-AZI-500,2026-09-09,1.0,0,664.0,swasthya-demand-v1.0
CHC-UP-VAR-001,MED-AZI-500,2026-09-10,1.0,0,663.0,swasthya-demand-v1.0
CHC-UP-VAR-001,MED-CTX-1G,2026-08-28,1.0,0,0.0,swasthya-demand-v1.0
CHC-UP-VAR-001,MED-CTX-1G,2026-08-29,1.0,0,0.0,swasthya-demand-v1.0
CHC-UP-VAR-001,MED-CTX-1G,2026-08-30,1.0,350,347.0,swasthya-demand-v1.0
CHC-UP-VAR-001,MED-CTX-1G,2026-08-31,8.3,0,338.7,swasthya-demand-v1.0
CHC-UP-VAR-001,MED-CTX-1G,2026-09-01,1.0,0,337.7,swasthya-demand-v1.0
CHC-UP-VAR-001,MED-CTX-1G,2026-09-02,1.0,0,336.7,swasthya-demand-v1.0
CHC-UP-VAR-001,MED-CTX-1G,2026-09-03,1.0,0,335.7,swasthya-demand-v1.0
CHC-UP-VAR-001,MED-CTX-1G,2026-09-04,1.0,0,334.7,swasthya-demand-v1.0
CHC-UP-VAR-001,MED-CTX-1G,2026-09-05,1.0,0,333.7,swasthya-demand-v1.0
CHC-UP-VAR-001,MED-CTX-1G,2026-09-06,1.0,0,332.7,swasthya-demand-v1.0
CHC-UP-VAR-001,MED-CTX-1G,2026-09-07,8.9,0,323.8,swasthya-demand-v1.0
CHC-UP-VAR-001,MED-CTX-1G,2026-09-08,1.0,0,322.8,swasthya-demand-v1.0
CHC-UP-VAR-001,MED-CTX-1G,2026-09-09,1.0,0,321.8,swasthya-demand-v1.0
CHC-UP-VAR-001,MED-CTX-1G,2026-09-10,1.0,0,320.8,swasthya-demand-v1.0
CHC-UP-VAR-001,MED-RAB-VAC,2026-08-28,1.0,0,13.0,swasthya-demand-v1.0
CHC-UP-VAR-001,MED-RAB-VAC,2026-08-29,1.0,0,12.0,swasthya-demand-v1.0
CHC-UP-VAR-001,MED-RAB-VAC,2026-08-30,1.0,0,11.0,swasthya-demand-v1.0
CHC-UP-VAR-001,MED-RAB-VAC,2026-08-31,8.8,196,198.2,swasthya-demand-v1.0
CHC-UP-VAR-001,MED-RAB-VAC,2026-09-01,1.0,0,197.2,swasthya-demand-v1.0
CHC-UP-VAR-001,MED-RAB-VAC,2026-09-02,1.0,0,196.2,swasthya-demand-v1.0
CHC-UP-VAR-001,MED-RAB-VAC,2026-09-03,1.0,0,195.2,swasthya-demand-v1.0
CHC-UP-VAR-001,MED-RAB-VAC,2026-09-04,1.0,0,194.2,swasthya-demand-v1.0
CHC-UP-VAR-001,MED-RAB-VAC,2026-09-05,1.0,0,193.2,swasthya-demand-v1.0
CHC-UP-VAR-001,MED-RAB-VAC,2026-09-06,1.0,0,192.2,swasthya-demand-v1.0
CHC-UP-VAR-001,MED-RAB-VAC,2026-09-07,9.0,0,183.2,swasthya-demand-v1.0
CHC-UP-VAR-001,MED-RAB-VAC,2026-09-08,1.0,0,182.2,swasthya-demand-v1.0
CHC-UP-VAR-001,MED-RAB-VAC,2026-09-09,1.0,0,181.2,swasthya-demand-v1.0
CHC-UP-VAR-001,MED-RAB-VAC,2026-09-10,1.0,0,180.2,swasthya-demand-v1.0
CHC-UP-VAR-001,MED-ASV-VIAL,2026-08-28,1.0,0,67.0,swasthya-demand-v1.0
CHC-UP-VAR-001,MED-ASV-VIAL,2026-08-29,1.0,0,66.0,swasthya-demand-v1.0
CHC-UP-VAR-001,MED-ASV-VIAL,2026-08-30,1.0,0,65.0,swasthya-demand-v1.0
CHC-UP-VAR-001,MED-ASV-VIAL,2026-08-31,9.2,0,55.8,swasthya-demand-v1.0
CHC-UP-VAR-001,MED-ASV-VIAL,2026-09-01,1.0,0,54.8,swasthya-demand-v1.0
CHC-UP-VAR-001,MED-ASV-VIAL,2026-09-02,1.0,0,53.8,swasthya-demand-v1.0
CHC-UP-VAR-001,MED-ASV-VIAL,2026-09-03,1.0,0,52.8,swasthya-demand-v1.0
CHC-UP-VAR-001,MED-ASV-VIAL,2026-09-04,1.0,0,51.8,swasthya-demand-v1.0
CHC-UP-VAR-001,MED-ASV-VIAL,2026-09-05,1.0,0,50.8,swasthya-demand-v1.0
CHC-UP-VAR-001,MED-ASV-VIAL,2026-09-06,1.0,0,49.8,swasthya-demand-v1.0
CHC-UP-VAR-001,MED-ASV-VIAL,2026-09-07,9.2,0,40.6,swasthya-demand-v1.0
CHC-UP-VAR-001,MED-ASV-VIAL,2026-09-08,1.0,0,39.6,swasthya-demand-v1.0
CHC-UP-VAR-001,MED-ASV-VIAL,2026-09-09,1.0,0,38.6,swasthya-demand-v1.0
CHC-UP-VAR-001,MED-ASV-VIAL,2026-09-10,1.0,0,37.6,swasthya-demand-v1.0
CHC-UP-VAR-001,MED-INS-REG,2026-08-28,1.0,0,0.0,swasthya-demand-v1.0
CHC-UP-VAR-001,MED-INS-REG,2026-08-29,1.0,0,0.0,swasthya-demand-v1.0
CHC-UP-VAR-001,MED-INS-REG,2026-08-30,1.0,224,221.0,swasthya-demand-v1.0
CHC-UP-VAR-001,MED-INS-REG,2026-08-31,8.6,0,212.4,swasthya-demand-v1.0
CHC-UP-VAR-001,MED-INS-REG,2026-09-01,1.0,0,211.4,swasthya-demand-v1.0
CHC-UP-VAR-001,MED-INS-REG,2026-09-02,1.0,0,210.4,swasthya-demand-v1.0
CHC-UP-VAR-001,MED-INS-REG,2026-09-03,1.0,0,209.4,swasthya-demand-v1.0
CHC-UP-VAR-001,MED-INS-REG,2026-09-04,1.0,0,208.4,swasthya-demand-v1.0
CHC-UP-VAR-001,MED-INS-REG,2026-09-05,1.0,0,207.4,swasthya-demand-v1.0
CHC-UP-VAR-001,MED-INS-REG,2026-09-06,1.0,0,206.4,swasthya-demand-v1.0
CHC-UP-VAR-001,MED-INS-REG,2026-09-07,9.0,0,197.4,swasthya-demand-v1.0
CHC-UP-VAR-001,MED-INS-REG,2026-09-08,1.0,0,196.4,swasthya-demand-v1.0
CHC-UP-VAR-001,MED-INS-REG,2026-09-09,1.0,0,195.4,swasthya-demand-v1.0
CHC-UP-VAR-001,MED-INS-REG,2026-09-10,1.0,0,194.4,swasthya-demand-v1.0
CHC-UP-VAR-001,MED-MET-500,2026-08-28,61.7,0,0.0,swasthya-demand-v1.0
CHC-UP-VAR-001,MED-MET-500,2026-08-29,25.0,1456,1369.3,swasthya-demand-v1.0
CHC-UP-VAR-001,MED-MET-500,2026-08-30,1.0,0,1368.3,swasthya-demand-v1.0
CHC-UP-VAR-001,MED-MET-500,2026-08-31,30.2,0,1338.1,swasthya-demand-v1.0
CHC-UP-VAR-001,MED-MET-500,2026-09-01,1.0,0,1337.1,swasthya-demand-v1.0
CHC-UP-VAR-001,MED-MET-500,2026-09-02,1.0,0,1336.1,swasthya-demand-v1.0
CHC-UP-VAR-001,MED-MET-500,2026-09-03,1.0,0,1335.1,swasthya-demand-v1.0
CHC-UP-VAR-001,MED-MET-500,2026-09-04,1.0,0,1334.1,swasthya-demand-v1.0
CHC-UP-VAR-001,MED-MET-500,2026-09-05,1.0,0,1333.1,swasthya-demand-v1.0
CHC-UP-VAR-001,MED-MET-500,2026-09-06,1.0,0,1332.1,swasthya-demand-v1.0
CHC-UP-VAR-001,MED-MET-500,2026-09-07,6.7,0,1325.4,swasthya-demand-v1.0
CHC-UP-VAR-001,MED-MET-500,2026-09-08,1.0,0,1324.4,swasthya-demand-v1.0
CHC-UP-VAR-001,MED-MET-500,2026-09-09,1.0,0,1323.4,swasthya-demand-v1.0
CHC-UP-VAR-001,MED-MET-500,2026-09-10,1.0,0,1322.4,swasthya-demand-v1.0
CHC-UP-VAR-001,MED-OXY-AMP,2026-08-28,1.0,280,279.0,swasthya-demand-v1.0
CHC-UP-VAR-001,MED-OXY-AMP,2026-08-29,1.0,0,278.0,swasthya-demand-v1.0
CHC-UP-VAR-001,MED-OXY-AMP,2026-08-30,1.0,0,277.0,swasthya-demand-v1.0
CHC-UP-VAR-001,MED-OXY-AMP,2026-08-31,8.5,0,268.5,swasthya-demand-v1.0
CHC-UP-VAR-001,MED-OXY-AMP,2026-09-01,1.0,0,267.5,swasthya-demand-v1.0
CHC-UP-VAR-001,MED-OXY-AMP,2026-09-02,1.0,0,266.5,swasthya-demand-v1.0
CHC-UP-VAR-001,MED-OXY-AMP,2026-09-03,1.0,0,265.5,swasthya-demand-v1.0
CHC-UP-VAR-001,MED-OXY-AMP,2026-09-04,1.0,0,264.5,swasthya-demand-v1.0
CHC-UP-VAR-001,MED-OXY-AMP,2026-09-05,1.0,0,263.5,swasthya-demand-v1.0
CHC-UP-VAR-001,MED-OXY-AMP,2026-09-06,1.0,0,262.5,swasthya-demand-v1.0
CHC-UP-VAR-001,MED-OXY-AMP,2026-09-07,8.9,0,253.6,swasthya-demand-v1.0
CHC-UP-VAR-001,MED-OXY-AMP,2026-09-08,1.0,0,252.6,swasthya-demand-v1.0
CHC-UP-VAR-001,MED-OXY-AMP,2026-09-09,1.0,0,251.6,swasthya-demand-v1.0
CHC-UP-VAR-001,MED-OXY-AMP,2026-09-10,1.0,0,250.6,swasthya-demand-v1.0
CHC-UP-VAR-001,MED-MGS-50,2026-08-28,1.0,0,40.0,swasthya-demand-v1.0
CHC-UP-VAR-001,MED-MGS-50,2026-08-29,1.0,0,39.0,swasthya-demand-v1.0
CHC-UP-VAR-001,MED-MGS-50,2026-08-30,1.0,140,178.0,swasthya-demand-v1.0
CHC-UP-VAR-001,MED-MGS-50,2026-08-31,8.9,0,169.1,swasthya-demand-v1.0
CHC-UP-VAR-001,MED-MGS-50,2026-09-01,1.0,0,168.1,swasthya-demand-v1.0
CHC-UP-VAR-001,MED-MGS-50,2026-09-02,1.0,0,167.1,swasthya-demand-v1.0
CHC-UP-VAR-001,MED-MGS-50,2026-09-03,1.0,0,166.1,swasthya-demand-v1.0
CHC-UP-VAR-001,MED-MGS-50,2026-09-04,1.0,0,165.1,swasthya-demand-v1.0
CHC-UP-VAR-001,MED-MGS-50,2026-09-05,1.0,0,164.1,swasthya-demand-v1.0
CHC-UP-VAR-001,MED-MGS-50,2026-09-06,1.0,0,163.1,swasthya-demand-v1.0
CHC-UP-VAR-001,MED-MGS-50,2026-09-07,9.1,0,154.0,swasthya-demand-v1.0
CHC-UP-VAR-001,MED-MGS-50,2026-09-08,1.0,0,153.0,swasthya-demand-v1.0
CHC-UP-VAR-001,MED-MGS-50,2026-09-09,1.0,0,152.0,swasthya-demand-v1.0
CHC-UP-VAR-001,MED-MGS-50,2026-09-10,1.0,0,151.0,swasthya-demand-v1.0
CHC-UP-VAR-001,MED-IVF-NS500,2026-08-28,18.0,0,0.0,swasthya-demand-v1.0
CHC-UP-VAR-001,MED-IVF-NS500,2026-08-29,1.0,868,849.0,swasthya-demand-v1.0
CHC-UP-VAR-001,MED-IVF-NS500,2026-08-30,1.0,0,848.0,swasthya-demand-v1.0
CHC-UP-VAR-001,MED-IVF-NS500,2026-08-31,11.3,0,836.7,swasthya-demand-v1.0
CHC-UP-VAR-001,MED-IVF-NS500,2026-09-01,1.0,0,835.7,swasthya-demand-v1.0
CHC-UP-VAR-001,MED-IVF-NS500,2026-09-02,1.0,0,834.7,swasthya-demand-v1.0
CHC-UP-VAR-001,MED-IVF-NS500,2026-09-03,1.0,0,833.7,swasthya-demand-v1.0
CHC-UP-VAR-001,MED-IVF-NS500,2026-09-04,1.0,0,832.7,swasthya-demand-v1.0
CHC-UP-VAR-001,MED-IVF-NS500,2026-09-05,1.0,0,831.7,swasthya-demand-v1.0
CHC-UP-VAR-001,MED-IVF-NS500,2026-09-06,1.0,0,830.7,swasthya-demand-v1.0
CHC-UP-VAR-001,MED-IVF-NS500,2026-09-07,7.9,0,822.8,swasthya-demand-v1.0
CHC-UP-VAR-001,MED-IVF-NS500,2026-09-08,1.0,0,821.8,swasthya-demand-v1.0
CHC-UP-VAR-001,MED-IVF-NS500,2026-09-09,1.0,0,820.8,swasthya-demand-v1.0
CHC-UP-VAR-001,MED-IVF-NS500,2026-09-10,1.0,0,819.8,swasthya-demand-v1.0
CHC-UP-VAR-001,MED-IVF-RL500,2026-08-28,6.7,0,0.0,swasthya-demand-v1.0
CHC-UP-VAR-001,MED-IVF-RL500,2026-08-29,1.0,0,0.0,swasthya-demand-v1.0
CHC-UP-VAR-001,MED-IVF-RL500,2026-08-30,1.0,0,0.0,swasthya-demand-v1.0
CHC-UP-VAR-001,MED-IVF-RL500,2026-08-31,8.5,700,682.8,swasthya-demand-v1.0
CHC-UP-VAR-001,MED-IVF-RL500,2026-09-01,1.0,0,681.8,swasthya-demand-v1.0
CHC-UP-VAR-001,MED-IVF-RL500,2026-09-02,1.0,0,680.8,swasthya-demand-v1.0
CHC-UP-VAR-001,MED-IVF-RL500,2026-09-03,1.0,0,679.8,swasthya-demand-v1.0
CHC-UP-VAR-001,MED-IVF-RL500,2026-09-04,1.0,0,678.8,swasthya-demand-v1.0
CHC-UP-VAR-001,MED-IVF-RL500,2026-09-05,1.0,0,677.8,swasthya-demand-v1.0
CHC-UP-VAR-001,MED-IVF-RL500,2026-09-06,1.0,0,676.8,swasthya-demand-v1.0
CHC-UP-VAR-001,MED-IVF-RL500,2026-09-07,8.3,0,668.5,swasthya-demand-v1.0
CHC-UP-VAR-001,MED-IVF-RL500,2026-09-08,1.0,0,667.5,swasthya-demand-v1.0
CHC-UP-VAR-001,MED-IVF-RL500,2026-09-09,1.0,0,666.5,swasthya-demand-v1.0
CHC-UP-VAR-001,MED-IVF-RL500,2026-09-10,1.0,0,665.5,swasthya-demand-v1.0
CHC-UP-VAR-001,MED-IVF-D5500,2026-08-28,1.0,0,0.0,swasthya-demand-v1.0
CHC-UP-VAR-001,MED-IVF-D5500,2026-08-29,1.0,0,0.0,swasthya-demand-v1.0
CHC-UP-VAR-001,MED-IVF-D5500,2026-08-30,1.0,462,459.0,swasthya-demand-v1.0
CHC-UP-VAR-001,MED-IVF-D5500,2026-08-31,8.0,0,451.0,swasthya-demand-v1.0
CHC-UP-VAR-001,MED-IVF-D5500,2026-09-01,1.0,0,450.0,swasthya-demand-v1.0
CHC-UP-VAR-001,MED-IVF-D5500,2026-09-02,1.0,0,449.0,swasthya-demand-v1.0
CHC-UP-VAR-001,MED-IVF-D5500,2026-09-03,1.0,0,448.0,swasthya-demand-v1.0
CHC-UP-VAR-001,MED-IVF-D5500,2026-09-04,1.0,0,447.0,swasthya-demand-v1.0
CHC-UP-VAR-001,MED-IVF-D5500,2026-09-05,1.0,0,446.0,swasthya-demand-v1.0
CHC-UP-VAR-001,MED-IVF-D5500,2026-09-06,1.0,0,445.0,swasthya-demand-v1.0
CHC-UP-VAR-001,MED-IVF-D5500,2026-09-07,8.7,0,436.3,swasthya-demand-v1.0
CHC-UP-VAR-001,MED-IVF-D5500,2026-09-08,1.0,0,435.3,swasthya-demand-v1.0
CHC-UP-VAR-001,MED-IVF-D5500,2026-09-09,1.0,0,434.3,swasthya-demand-v1.0
CHC-UP-VAR-001,MED-IVF-D5500,2026-09-10,1.0,0,433.3,swasthya-demand-v1.0
CHC-UP-VAR-001,MED-ART-60,2026-08-28,1.0,168,191.0,swasthya-demand-v1.0
CHC-UP-VAR-001,MED-ART-60,2026-08-29,1.0,0,190.0,swasthya-demand-v1.0
CHC-UP-VAR-001,MED-ART-60,2026-08-30,1.0,0,189.0,swasthya-demand-v1.0
CHC-UP-VAR-001,MED-ART-60,2026-08-31,8.8,0,180.2,swasthya-demand-v1.0
CHC-UP-VAR-001,MED-ART-60,2026-09-01,1.0,0,179.2,swasthya-demand-v1.0
CHC-UP-VAR-001,MED-ART-60,2026-09-02,1.0,0,178.2,swasthya-demand-v1.0
CHC-UP-VAR-001,MED-ART-60,2026-09-03,1.0,0,177.2,swasthya-demand-v1.0
CHC-UP-VAR-001,MED-ART-60,2026-09-04,1.0,0,176.2,swasthya-demand-v1.0
CHC-UP-VAR-001,MED-ART-60,2026-09-05,1.0,0,175.2,swasthya-demand-v1.0
CHC-UP-VAR-001,MED-ART-60,2026-09-06,1.0,0,174.2,swasthya-demand-v1.0
CHC-UP-VAR-001,MED-ART-60,2026-09-07,9.1,0,165.1,swasthya-demand-v1.0
CHC-UP-VAR-001,MED-ART-60,2026-09-08,1.0,0,164.1,swasthya-demand-v1.0
CHC-UP-VAR-001,MED-ART-60,2026-09-09,1.0,0,163.1,swasthya-demand-v1.0
CHC-UP-VAR-001,MED-ART-60,2026-09-10,1.0,0,162.1,swasthya-demand-v1.0
CHC-UP-VAR-001,MED-ALB-400,2026-08-28,1.0,0,0.0,swasthya-demand-v1.0
CHC-UP-VAR-001,MED-ALB-400,2026-08-29,1.0,462,460.0,swasthya-demand-v1.0
CHC-UP-VAR-001,MED-ALB-400,2026-08-30,1.0,0,459.0,swasthya-demand-v1.0
CHC-UP-VAR-001,MED-ALB-400,2026-08-31,8.0,0,451.0,swasthya-demand-v1.0
CHC-UP-VAR-001,MED-ALB-400,2026-09-01,1.0,0,450.0,swasthya-demand-v1.0
CHC-UP-VAR-001,MED-ALB-400,2026-09-02,1.0,0,449.0,swasthya-demand-v1.0
CHC-UP-VAR-001,MED-ALB-400,2026-09-03,1.0,0,448.0,swasthya-demand-v1.0
CHC-UP-VAR-001,MED-ALB-400,2026-09-04,1.0,0,447.0,swasthya-demand-v1.0
CHC-UP-VAR-001,MED-ALB-400,2026-09-05,1.0,0,446.0,swasthya-demand-v1.0
CHC-UP-VAR-001,MED-ALB-400,2026-09-06,1.0,0,445.0,swasthya-demand-v1.0
CHC-UP-VAR-001,MED-ALB-400,2026-09-07,8.7,0,436.3,swasthya-demand-v1.0
CHC-UP-VAR-001,MED-ALB-400,2026-09-08,1.0,0,435.3,swasthya-demand-v1.0
CHC-UP-VAR-001,MED-ALB-400,2026-09-09,1.0,0,434.3,swasthya-demand-v1.0
CHC-UP-VAR-001,MED-ALB-400,2026-09-10,1.0,0,433.3,swasthya-demand-v1.0
CHC-UP-VAR-001,MED-IFA-TAB,2026-08-28,85.0,0,0.0,swasthya-demand-v1.0
CHC-UP-VAR-001,MED-IFA-TAB,2026-08-29,47.3,0,0.0,swasthya-demand-v1.0
CHC-UP-VAR-001,MED-IFA-TAB,2026-08-30,5.7,1638,1500.0,swasthya-demand-v1.0
CHC-UP-VAR-001,MED-IFA-TAB,2026-08-31,46.1,0,1453.9,swasthya-demand-v1.0
CHC-UP-VAR-001,MED-IFA-TAB,2026-09-01,9.0,0,1444.9,swasthya-demand-v1.0
CHC-UP-VAR-001,MED-IFA-TAB,2026-09-02,1.0,0,1443.9,swasthya-demand-v1.0
CHC-UP-VAR-001,MED-IFA-TAB,2026-09-03,1.0,0,1442.9,swasthya-demand-v1.0
CHC-UP-VAR-001,MED-IFA-TAB,2026-09-04,1.0,0,1441.9,swasthya-demand-v1.0
CHC-UP-VAR-001,MED-IFA-TAB,2026-09-05,1.0,0,1440.9,swasthya-demand-v1.0
CHC-UP-VAR-001,MED-IFA-TAB,2026-09-06,1.0,0,1439.9,swasthya-demand-v1.0
CHC-UP-VAR-001,MED-IFA-TAB,2026-09-07,6.1,0,1433.8,swasthya-demand-v1.0
CHC-UP-VAR-001,MED-IFA-TAB,2026-09-08,1.0,0,1432.8,swasthya-demand-v1.0
CHC-UP-VAR-001,MED-IFA-TAB,2026-09-09,1.0,0,1431.8,swasthya-demand-v1.0
CHC-UP-VAR-001,MED-IFA-TAB,2026-09-10,1.0,0,1430.8,swasthya-demand-v1.0
DH-UP-VAR-001,MED-PCM-500,2026-08-28,1178.9,14532,13353.1,swasthya-demand-v1.0
DH-UP-VAR-001,MED-PCM-500,2026-08-29,1194.1,0,12159.0,swasthya-demand-v1.0
DH-UP-VAR-001,MED-PCM-500,2026-08-30,1093.6,0,11065.4,swasthya-demand-v1.0
DH-UP-VAR-001,MED-PCM-500,2026-08-31,1056.3,0,10009.1,swasthya-demand-v1.0
DH-UP-VAR-001,MED-PCM-500,2026-09-01,992.2,0,9016.9,swasthya-demand-v1.0
DH-UP-VAR-001,MED-PCM-500,2026-09-02,919.2,0,8097.7,swasthya-demand-v1.0
DH-UP-VAR-001,MED-PCM-500,2026-09-03,851.3,0,7246.4,swasthya-demand-v1.0
DH-UP-VAR-001,MED-PCM-500,2026-09-04,776.2,0,6470.2,swasthya-demand-v1.0
DH-UP-VAR-001,MED-PCM-500,2026-09-05,696.5,0,5773.7,swasthya-demand-v1.0
DH-UP-VAR-001,MED-PCM-500,2026-09-06,614.9,0,5158.8,swasthya-demand-v1.0
DH-UP-VAR-001,MED-PCM-500,2026-09-07,629.2,0,4529.6,swasthya-demand-v1.0
DH-UP-VAR-001,MED-PCM-500,2026-09-08,559.4,0,3970.2,swasthya-demand-v1.0
DH-UP-VAR-001,MED-PCM-500,2026-09-09,504.2,0,3466.0,swasthya-demand-v1.0
DH-UP-VAR-001,MED-PCM-500,2026-09-10,458.6,0,3007.4,swasthya-demand-v1.0
DH-UP-VAR-001,MED-PCM-SYR,2026-08-28,466.3,0,0.0,swasthya-demand-v1.0
DH-UP-VAR-001,MED-PCM-SYR,2026-08-29,430.7,0,0.0,swasthya-demand-v1.0
DH-UP-VAR-001,MED-PCM-SYR,2026-08-30,377.0,5810,4536.0,swasthya-demand-v1.0
DH-UP-VAR-001,MED-PCM-SYR,2026-08-31,389.0,0,4147.0,swasthya-demand-v1.0
DH-UP-VAR-001,MED-PCM-SYR,2026-09-01,340.0,0,3807.0,swasthya-demand-v1.0
DH-UP-VAR-001,MED-PCM-SYR,2026-09-02,299.2,0,3507.8,swasthya-demand-v1.0
DH-UP-VAR-001,MED-PCM-SYR,2026-09-03,262.2,0,3245.6,swasthya-demand-v1.0
DH-UP-VAR-001,MED-PCM-SYR,2026-09-04,211.6,0,3034.0,swasthya-demand-v1.0
DH-UP-VAR-001,MED-PCM-SYR,2026-09-05,159.6,0,2874.4,swasthya-demand-v1.0
DH-UP-VAR-001,MED-PCM-SYR,2026-09-06,104.3,0,2770.1,swasthya-demand-v1.0
DH-UP-VAR-001,MED-PCM-SYR,2026-09-07,143.3,0,2626.8,swasthya-demand-v1.0
DH-UP-VAR-001,MED-PCM-SYR,2026-09-08,98.1,0,2528.7,swasthya-demand-v1.0
DH-UP-VAR-001,MED-PCM-SYR,2026-09-09,66.9,0,2461.8,swasthya-demand-v1.0
DH-UP-VAR-001,MED-PCM-SYR,2026-09-10,43.2,0,2418.6,swasthya-demand-v1.0
DH-UP-VAR-001,MED-AMX-500,2026-08-28,627.3,7098,6470.7,swasthya-demand-v1.0
DH-UP-VAR-001,MED-AMX-500,2026-08-29,599.8,0,5870.9,swasthya-demand-v1.0
DH-UP-VAR-001,MED-AMX-500,2026-08-30,543.7,0,5327.2,swasthya-demand-v1.0
DH-UP-VAR-001,MED-AMX-500,2026-08-31,542.2,0,4785.0,swasthya-demand-v1.0
DH-UP-VAR-001,MED-AMX-500,2026-09-01,490.2,0,4294.8,swasthya-demand-v1.0
DH-UP-VAR-001,MED-AMX-500,2026-09-02,443.5,0,3851.3,swasthya-demand-v1.0
DH-UP-VAR-001,MED-AMX-500,2026-09-03,399.1,0,3452.2,swasthya-demand-v1.0
DH-UP-VAR-001,MED-AMX-500,2026-09-04,343.3,0,3108.9,swasthya-demand-v1.0
DH-UP-VAR-001,MED-AMX-500,2026-09-05,285.4,0,2823.5,swasthya-demand-v1.0
DH-UP-VAR-001,MED-AMX-500,2026-09-06,223.9,0,2599.6,swasthya-demand-v1.0
DH-UP-VAR-001,MED-AMX-500,2026-09-07,257.3,0,2342.3,swasthya-demand-v1.0
DH-UP-VAR-001,MED-AMX-500,2026-09-08,206.4,0,2135.9,swasthya-demand-v1.0
DH-UP-VAR-001,MED-AMX-500,2026-09-09,169.7,0,1966.2,swasthya-demand-v1.0
DH-UP-VAR-001,MED-AMX-500,2026-09-10,140.8,0,1825.4,swasthya-demand-v1.0
DH-UP-VAR-001,MED-AMC-625,2026-08-28,355.1,0,0.0,swasthya-demand-v1.0
DH-UP-VAR-001,MED-AMC-625,2026-08-29,328.3,0,0.0,swasthya-demand-v1.0
DH-UP-VAR-001,MED-AMC-625,2026-08-30,279.7,0,0.0,swasthya-demand-v1.0
DH-UP-VAR-001,MED-AMC-625,2026-08-31,294.1,4522,3264.8,swasthya-demand-v1.0
DH-UP-VAR-001,MED-AMC-625,2026-09-01,250.3,0,3014.5,swasthya-demand-v1.0
DH-UP-VAR-001,MED-AMC-625,2026-09-02,213.7,0,2800.8,swasthya-demand-v1.0
DH-UP-VAR-001,MED-AMC-625,2026-09-03,180.4,0,2620.4,swasthya-demand-v1.0
DH-UP-VAR-001,MED-AMC-625,2026-09-04,134.0,0,2486.4,swasthya-demand-v1.0
DH-UP-VAR-001,MED-AMC-625,2026-09-05,85.9,0,2400.5,swasthya-demand-v1.0
DH-UP-VAR-001,MED-AMC-625,2026-09-06,34.2,0,2366.3,swasthya-demand-v1.0
DH-UP-VAR-001,MED-AMC-625,2026-09-07,76.8,0,2289.5,swasthya-demand-v1.0
DH-UP-VAR-001,MED-AMC-625,2026-09-08,35.0,0,2254.5,swasthya-demand-v1.0
DH-UP-VAR-001,MED-AMC-625,2026-09-09,7.0,0,2247.5,swasthya-demand-v1.0
DH-UP-VAR-001,MED-AMC-625,2026-09-10,1.0,0,2246.5,swasthya-demand-v1.0
DH-UP-VAR-001,MED-ORS-SFT,2026-08-28,876.1,0,0.0,swasthya-demand-v1.0
DH-UP-VAR-001,MED-ORS-SFT,2026-08-29,810.1,0,0.0,swasthya-demand-v1.0
DH-UP-VAR-001,MED-ORS-SFT,2026-08-30,706.7,0,0.0,swasthya-demand-v1.0
DH-UP-VAR-001,MED-ORS-SFT,2026-08-31,723.6,10332,7215.5,swasthya-demand-v1.0
DH-UP-VAR-001,MED-ORS-SFT,2026-09-01,651.8,0,6563.7,swasthya-demand-v1.0
DH-UP-VAR-001,MED-ORS-SFT,2026-09-02,590.2,0,5973.5,swasthya-demand-v1.0
DH-UP-VAR-001,MED-ORS-SFT,2026-09-03,542.0,0,5431.5,swasthya-demand-v1.0
DH-UP-VAR-001,MED-ORS-SFT,2026-09-04,474.3,0,4957.2,swasthya-demand-v1.0
DH-UP-VAR-001,MED-ORS-SFT,2026-09-05,407.9,0,4549.3,swasthya-demand-v1.0
DH-UP-VAR-001,MED-ORS-SFT,2026-09-06,339.9,0,4209.4,swasthya-demand-v1.0
DH-UP-VAR-001,MED-ORS-SFT,2026-09-07,365.9,0,3843.5,swasthya-demand-v1.0
DH-UP-VAR-001,MED-ORS-SFT,2026-09-08,309.2,0,3534.3,swasthya-demand-v1.0
DH-UP-VAR-001,MED-ORS-SFT,2026-09-09,267.0,0,3267.3,swasthya-demand-v1.0
DH-UP-VAR-001,MED-ORS-SFT,2026-09-10,233.1,0,3034.2,swasthya-demand-v1.0
DH-UP-VAR-001,MED-ZNC-20,2026-08-28,368.9,0,0.0,swasthya-demand-v1.0
DH-UP-VAR-001,MED-ZNC-20,2026-08-29,334.1,5166,4463.0,swasthya-demand-v1.0
DH-UP-VAR-001,MED-ZNC-20,2026-08-30,274.6,0,4188.4,swasthya-demand-v1.0
DH-UP-VAR-001,MED-ZNC-20,2026-08-31,298.2,0,3890.2,swasthya-demand-v1.0
DH-UP-VAR-001,MED-ZNC-20,2026-09-01,251.5,0,3638.7,swasthya-demand-v1.0
DH-UP-VAR-001,MED-ZNC-20,2026-09-02,213.3,0,3425.4,swasthya-demand-v1.0
DH-UP-VAR-001,MED-ZNC-20,2026-09-03,181.6,0,3243.8,swasthya-demand-v1.0
DH-UP-VAR-001,MED-ZNC-20,2026-09-04,134.0,0,3109.8,swasthya-demand-v1.0
DH-UP-VAR-001,MED-ZNC-20,2026-09-05,85.6,0,3024.2,swasthya-demand-v1.0
DH-UP-VAR-001,MED-ZNC-20,2026-09-06,34.0,0,2990.2,swasthya-demand-v1.0
DH-UP-VAR-001,MED-ZNC-20,2026-09-07,76.3,0,2913.9,swasthya-demand-v1.0
DH-UP-VAR-001,MED-ZNC-20,2026-09-08,34.5,0,2879.4,swasthya-demand-v1.0
DH-UP-VAR-001,MED-ZNC-20,2026-09-09,6.5,0,2872.9,swasthya-demand-v1.0
DH-UP-VAR-001,MED-ZNC-20,2026-09-10,1.0,0,2871.9,swasthya-demand-v1.0
DH-UP-VAR-001,MED-AZI-500,2026-08-28,314.9,0,0.0,swasthya-demand-v1.0
DH-UP-VAR-001,MED-AZI-500,2026-08-29,291.2,0,0.0,swasthya-demand-v1.0
DH-UP-VAR-001,MED-AZI-500,2026-08-30,237.6,3878,3034.3,swasthya-demand-v1.0
DH-UP-VAR-001,MED-AZI-500,2026-08-31,260.3,0,2774.0,swasthya-demand-v1.0
DH-UP-VAR-001,MED-AZI-500,2026-09-01,218.0,0,2556.0,swasthya-demand-v1.0
DH-UP-VAR-001,MED-AZI-500,2026-09-02,182.8,0,2373.2,swasthya-demand-v1.0
DH-UP-VAR-001,MED-AZI-500,2026-09-03,152.7,0,2220.5,swasthya-demand-v1.0
DH-UP-VAR-001,MED-AZI-500,2026-09-04,107.8,0,2112.7,swasthya-demand-v1.0
DH-UP-VAR-001,MED-AZI-500,2026-09-05,61.3,0,2051.4,swasthya-demand-v1.0
DH-UP-VAR-001,MED-AZI-500,2026-09-06,11.2,0,2040.2,swasthya-demand-v1.0
DH-UP-VAR-001,MED-AZI-500,2026-09-07,55.1,0,1985.1,swasthya-demand-v1.0
DH-UP-VAR-001,MED-AZI-500,2026-09-08,14.4,0,1970.7,swasthya-demand-v1.0
DH-UP-VAR-001,MED-AZI-500,2026-09-09,1.0,0,1969.7,swasthya-demand-v1.0
DH-UP-VAR-001,MED-AZI-500,2026-09-10,1.0,0,1968.7,swasthya-demand-v1.0
DH-UP-VAR-001,MED-CTX-1G,2026-08-28,134.7,0,0.0,swasthya-demand-v1.0
DH-UP-VAR-001,MED-CTX-1G,2026-08-29,107.1,0,0.0,swasthya-demand-v1.0
DH-UP-VAR-001,MED-CTX-1G,2026-08-30,66.1,0,0.0,swasthya-demand-v1.0
DH-UP-VAR-001,MED-CTX-1G,2026-08-31,99.1,1932,1525.0,swasthya-demand-v1.0
DH-UP-VAR-001,MED-CTX-1G,2026-09-01,62.8,0,1462.2,swasthya-demand-v1.0
DH-UP-VAR-001,MED-CTX-1G,2026-09-02,36.1,0,1426.1,swasthya-demand-v1.0
DH-UP-VAR-001,MED-CTX-1G,2026-09-03,13.7,0,1412.4,swasthya-demand-v1.0
DH-UP-VAR-001,MED-CTX-1G,2026-09-04,1.0,0,1411.4,swasthya-demand-v1.0
DH-UP-VAR-001,MED-CTX-1G,2026-09-05,1.0,0,1410.4,swasthya-demand-v1.0
DH-UP-VAR-001,MED-CTX-1G,2026-09-06,1.0,0,1409.4,swasthya-demand-v1.0
DH-UP-VAR-001,MED-CTX-1G,2026-09-07,4.7,0,1404.7,swasthya-demand-v1.0
DH-UP-VAR-001,MED-CTX-1G,2026-09-08,1.0,0,1403.7,swasthya-demand-v1.0
DH-UP-VAR-001,MED-CTX-1G,2026-09-09,1.0,0,1402.7,swasthya-demand-v1.0
DH-UP-VAR-001,MED-CTX-1G,2026-09-10,1.0,0,1401.7,swasthya-demand-v1.0
DH-UP-VAR-001,MED-RAB-VAC,2026-08-28,42.0,1120,1078.0,swasthya-demand-v1.0
DH-UP-VAR-001,MED-RAB-VAC,2026-08-29,12.2,0,1065.8,swasthya-demand-v1.0
DH-UP-VAR-001,MED-RAB-VAC,2026-08-30,1.0,0,1064.8,swasthya-demand-v1.0
DH-UP-VAR-001,MED-RAB-VAC,2026-08-31,22.2,0,1042.6,swasthya-demand-v1.0
DH-UP-VAR-001,MED-RAB-VAC,2026-09-01,1.0,0,1041.6,swasthya-demand-v1.0
DH-UP-VAR-001,MED-RAB-VAC,2026-09-02,1.0,0,1040.6,swasthya-demand-v1.0
DH-UP-VAR-001,MED-RAB-VAC,2026-09-03,1.0,0,1039.6,swasthya-demand-v1.0
DH-UP-VAR-001,MED-RAB-VAC,2026-09-04,1.0,0,1038.6,swasthya-demand-v1.0
DH-UP-VAR-001,MED-RAB-VAC,2026-09-05,1.0,0,1037.6,swasthya-demand-v1.0
DH-UP-VAR-001,MED-RAB-VAC,2026-09-06,1.0,0,1036.6,swasthya-demand-v1.0
DH-UP-VAR-001,MED-RAB-VAC,2026-09-07,7.4,0,1029.2,swasthya-demand-v1.0
DH-UP-VAR-001,MED-RAB-VAC,2026-09-08,1.0,0,1028.2,swasthya-demand-v1.0
DH-UP-VAR-001,MED-RAB-VAC,2026-09-09,1.0,0,1027.2,swasthya-demand-v1.0
DH-UP-VAR-001,MED-RAB-VAC,2026-09-10,1.0,0,1026.2,swasthya-demand-v1.0
DH-UP-VAR-001,MED-ASV-VIAL,2026-08-28,1.0,0,0.0,swasthya-demand-v1.0
DH-UP-VAR-001,MED-ASV-VIAL,2026-08-29,1.0,0,0.0,swasthya-demand-v1.0
DH-UP-VAR-001,MED-ASV-VIAL,2026-08-30,1.0,378,375.0,swasthya-demand-v1.0
DH-UP-VAR-001,MED-ASV-VIAL,2026-08-31,8.1,0,366.9,swasthya-demand-v1.0
DH-UP-VAR-001,MED-ASV-VIAL,2026-09-01,1.0,0,365.9,swasthya-demand-v1.0
DH-UP-VAR-001,MED-ASV-VIAL,2026-09-02,1.0,0,364.9,swasthya-demand-v1.0
DH-UP-VAR-001,MED-ASV-VIAL,2026-09-03,1.0,0,363.9,swasthya-demand-v1.0
DH-UP-VAR-001,MED-ASV-VIAL,2026-09-04,1.0,0,362.9,swasthya-demand-v1.0
DH-UP-VAR-001,MED-ASV-VIAL,2026-09-05,1.0,0,361.9,swasthya-demand-v1.0
DH-UP-VAR-001,MED-ASV-VIAL,2026-09-06,1.0,0,360.9,swasthya-demand-v1.0
DH-UP-VAR-001,MED-ASV-VIAL,2026-09-07,8.8,0,352.1,swasthya-demand-v1.0
DH-UP-VAR-001,MED-ASV-VIAL,2026-09-08,1.0,0,351.1,swasthya-demand-v1.0
DH-UP-VAR-001,MED-ASV-VIAL,2026-09-09,1.0,0,350.1,swasthya-demand-v1.0
DH-UP-VAR-001,MED-ASV-VIAL,2026-09-10,1.0,0,349.1,swasthya-demand-v1.0
DH-UP-VAR-001,MED-INS-REG,2026-08-28,54.1,0,0.0,swasthya-demand-v1.0
DH-UP-VAR-001,MED-INS-REG,2026-08-29,24.6,0,0.0,swasthya-demand-v1.0
DH-UP-VAR-001,MED-INS-REG,2026-08-30,1.0,1288,1208.3,swasthya-demand-v1.0
DH-UP-VAR-001,MED-INS-REG,2026-08-31,28.8,0,1179.5,swasthya-demand-v1.0
DH-UP-VAR-001,MED-INS-REG,2026-09-01,1.0,0,1178.5,swasthya-demand-v1.0
DH-UP-VAR-001,MED-INS-REG,2026-09-02,1.0,0,1177.5,swasthya-demand-v1.0
DH-UP-VAR-001,MED-INS-REG,2026-09-03,1.0,0,1176.5,swasthya-demand-v1.0
DH-UP-VAR-001,MED-INS-REG,2026-09-04,1.0,0,1175.5,swasthya-demand-v1.0
DH-UP-VAR-001,MED-INS-REG,2026-09-05,1.0,0,1174.5,swasthya-demand-v1.0
DH-UP-VAR-001,MED-INS-REG,2026-09-06,1.0,0,1173.5,swasthya-demand-v1.0
DH-UP-VAR-001,MED-INS-REG,2026-09-07,6.9,0,1166.6,swasthya-demand-v1.0
DH-UP-VAR-001,MED-INS-REG,2026-09-08,1.0,0,1165.6,swasthya-demand-v1.0
DH-UP-VAR-001,MED-INS-REG,2026-09-09,1.0,0,1164.6,swasthya-demand-v1.0
DH-UP-VAR-001,MED-INS-REG,2026-09-10,1.0,0,1163.6,swasthya-demand-v1.0
DH-UP-VAR-001,MED-MET-500,2026-08-28,661.3,0,0.0,swasthya-demand-v1.0
DH-UP-VAR-001,MED-MET-500,2026-08-29,654.0,0,0.0,swasthya-demand-v1.0
DH-UP-VAR-001,MED-MET-500,2026-08-30,572.4,0,0.0,swasthya-demand-v1.0
DH-UP-VAR-001,MED-MET-500,2026-08-31,575.7,8078,5614.6,swasthya-demand-v1.0
DH-UP-VAR-001,MED-MET-500,2026-09-01,523.6,0,5091.0,swasthya-demand-v1.0
DH-UP-VAR-001,MED-MET-500,2026-09-02,471.6,0,4619.4,swasthya-demand-v1.0
DH-UP-VAR-001,MED-MET-500,2026-09-03,427.3,0,4192.1,swasthya-demand-v1.0
DH-UP-VAR-001,MED-MET-500,2026-09-04,369.7,0,3822.4,swasthya-demand-v1.0
DH-UP-VAR-001,MED-MET-500,2026-09-05,309.7,0,3512.7,swasthya-demand-v1.0
DH-UP-VAR-001,MED-MET-500,2026-09-06,247.3,0,3265.4,swasthya-demand-v1.0
DH-UP-VAR-001,MED-MET-500,2026-09-07,279.3,0,2986.1,swasthya-demand-v1.0
DH-UP-VAR-001,MED-MET-500,2026-09-08,227.3,0,2758.8,swasthya-demand-v1.0
DH-UP-VAR-001,MED-MET-500,2026-09-09,189.3,0,2569.5,swasthya-demand-v1.0
DH-UP-VAR-001,MED-MET-500,2026-09-10,159.6,0,2409.9,swasthya-demand-v1.0
DH-UP-VAR-001,MED-OXY-AMP,2026-08-28,91.5,1610,1518.5,swasthya-demand-v1.0
DH-UP-VAR-001,MED-OXY-AMP,2026-08-29,61.1,0,1457.4,swasthya-demand-v1.0
DH-UP-VAR-001,MED-OXY-AMP,2026-08-30,16.6,0,1440.8,swasthya-demand-v1.0
DH-UP-VAR-001,MED-OXY-AMP,2026-08-31,55.9,0,1384.9,swasthya-demand-v1.0
DH-UP-VAR-001,MED-OXY-AMP,2026-09-01,19.7,0,1365.2,swasthya-demand-v1.0
DH-UP-VAR-001,MED-OXY-AMP,2026-09-02,1.0,0,1364.2,swasthya-demand-v1.0
DH-UP-VAR-001,MED-OXY-AMP,2026-09-03,1.0,0,1363.2,swasthya-demand-v1.0
DH-UP-VAR-001,MED-OXY-AMP,2026-09-04,1.0,0,1362.2,swasthya-demand-v1.0
DH-UP-VAR-001,MED-OXY-AMP,2026-09-05,1.0,0,1361.2,swasthya-demand-v1.0
DH-UP-VAR-001,MED-OXY-AMP,2026-09-06,1.0,0,1360.2,swasthya-demand-v1.0
DH-UP-VAR-001,MED-OXY-AMP,2026-09-07,5.8,0,1354.4,swasthya-demand-v1.0
DH-UP-VAR-001,MED-OXY-AMP,2026-09-08,1.0,0,1353.4,swasthya-demand-v1.0
DH-UP-VAR-001,MED-OXY-AMP,2026-09-09,1.0,0,1352.4,swasthya-demand-v1.0
DH-UP-VAR-001,MED-OXY-AMP,2026-09-10,1.0,0,1351.4,swasthya-demand-v1.0
DH-UP-VAR-001,MED-MGS-50,2026-08-28,14.4,798,783.6,swasthya-demand-v1.0
DH-UP-VAR-001,MED-MGS-50,2026-08-29,1.0,0,782.6,swasthya-demand-v1.0
DH-UP-VAR-001,MED-MGS-50,2026-08-30,1.0,0,781.6,swasthya-demand-v1.0
DH-UP-VAR-001,MED-MGS-50,2026-08-31,11.1,0,770.5,swasthya-demand-v1.0
DH-UP-VAR-001,MED-MGS-50,2026-09-01,1.0,0,769.5,swasthya-demand-v1.0
DH-UP-VAR-001,MED-MGS-50,2026-09-02,1.0,0,768.5,swasthya-demand-v1.0
DH-UP-VAR-001,MED-MGS-50,2026-09-03,1.0,0,767.5,swasthya-demand-v1.0
DH-UP-VAR-001,MED-MGS-50,2026-09-04,1.0,0,766.5,swasthya-demand-v1.0
DH-UP-VAR-001,MED-MGS-50,2026-09-05,1.0,0,765.5,swasthya-demand-v1.0
DH-UP-VAR-001,MED-MGS-50,2026-09-06,1.0,0,764.5,swasthya-demand-v1.0
DH-UP-VAR-001,MED-MGS-50,2026-09-07,8.1,0,756.4,swasthya-demand-v1.0
DH-UP-VAR-001,MED-MGS-50,2026-09-08,1.0,0,755.4,swasthya-demand-v1.0
DH-UP-VAR-001,MED-MGS-50,2026-09-09,1.0,0,754.4,swasthya-demand-v1.0
DH-UP-VAR-001,MED-MGS-50,2026-09-10,1.0,0,753.4,swasthya-demand-v1.0
DH-UP-VAR-001,MED-IVF-NS500,2026-08-28,361.1,0,0.0,swasthya-demand-v1.0
DH-UP-VAR-001,MED-IVF-NS500,2026-08-29,330.4,0,0.0,swasthya-demand-v1.0
DH-UP-VAR-001,MED-IVF-NS500,2026-08-30,278.7,0,0.0,swasthya-demand-v1.0
DH-UP-VAR-001,MED-IVF-NS500,2026-08-31,298.6,4844,3575.2,swasthya-demand-v1.0
DH-UP-VAR-001,MED-IVF-NS500,2026-09-01,253.9,0,3321.3,swasthya-demand-v1.0
DH-UP-VAR-001,MED-IVF-NS500,2026-09-02,217.4,0,3103.9,swasthya-demand-v1.0
DH-UP-VAR-001,MED-IVF-NS500,2026-09-03,185.4,0,2918.5,swasthya-demand-v1.0
DH-UP-VAR-001,MED-IVF-NS500,2026-09-04,138.7,0,2779.8,swasthya-demand-v1.0
DH-UP-VAR-001,MED-IVF-NS500,2026-09-05,90.7,0,2689.1,swasthya-demand-v1.0
DH-UP-VAR-001,MED-IVF-NS500,2026-09-06,39.1,0,2650.0,swasthya-demand-v1.0
DH-UP-VAR-001,MED-IVF-NS500,2026-09-07,81.5,0,2568.5,swasthya-demand-v1.0
DH-UP-VAR-001,MED-IVF-NS500,2026-09-08,39.5,0,2529.0,swasthya-demand-v1.0
DH-UP-VAR-001,MED-IVF-NS500,2026-09-09,11.4,0,2517.6,swasthya-demand-v1.0
DH-UP-VAR-001,MED-IVF-NS500,2026-09-10,1.0,0,2516.6,swasthya-demand-v1.0
DH-UP-VAR-001,MED-IVF-RL500,2026-08-28,277.5,0,0.0,swasthya-demand-v1.0
DH-UP-VAR-001,MED-IVF-RL500,2026-08-29,256.6,3878,3343.9,swasthya-demand-v1.0
DH-UP-VAR-001,MED-IVF-RL500,2026-08-30,189.1,0,3154.8,swasthya-demand-v1.0
DH-UP-VAR-001,MED-IVF-RL500,2026-08-31,222.5,0,2932.3,swasthya-demand-v1.0
DH-UP-VAR-001,MED-IVF-RL500,2026-09-01,180.3,0,2752.0,swasthya-demand-v1.0
DH-UP-VAR-001,MED-IVF-RL500,2026-09-02,144.3,0,2607.7,swasthya-demand-v1.0
DH-UP-VAR-001,MED-IVF-RL500,2026-09-03,117.7,0,2490.0,swasthya-demand-v1.0
DH-UP-VAR-001,MED-IVF-RL500,2026-09-04,73.5,0,2416.5,swasthya-demand-v1.0
DH-UP-VAR-001,MED-IVF-RL500,2026-09-05,28.2,0,2388.3,swasthya-demand-v1.0
DH-UP-VAR-001,MED-IVF-RL500,2026-09-06,1.0,0,2387.3,swasthya-demand-v1.0
DH-UP-VAR-001,MED-IVF-RL500,2026-09-07,31.8,0,2355.5,swasthya-demand-v1.0
DH-UP-VAR-001,MED-IVF-RL500,2026-09-08,1.0,0,2354.5,swasthya-demand-v1.0
DH-UP-VAR-001,MED-IVF-RL500,2026-09-09,1.0,0,2353.5,swasthya-demand-v1.0
DH-UP-VAR-001,MED-IVF-RL500,2026-09-10,1.0,0,2352.5,swasthya-demand-v1.0
DH-UP-VAR-001,MED-IVF-D5500,2026-08-28,183.2,0,0.0,swasthya-demand-v1.0
DH-UP-VAR-001,MED-IVF-D5500,2026-08-29,151.8,2576,2241.0,swasthya-demand-v1.0
DH-UP-VAR-001,MED-IVF-D5500,2026-08-30,107.4,0,2133.6,swasthya-demand-v1.0
DH-UP-VAR-001,MED-IVF-D5500,2026-08-31,139.1,0,1994.5,swasthya-demand-v1.0
DH-UP-VAR-001,MED-IVF-D5500,2026-09-01,100.1,0,1894.4,swasthya-demand-v1.0
DH-UP-VAR-001,MED-IVF-D5500,2026-09-02,71.2,0,1823.2,swasthya-demand-v1.0
DH-UP-VAR-001,MED-IVF-D5500,2026-09-03,46.9,0,1776.3,swasthya-demand-v1.0
DH-UP-VAR-001,MED-IVF-D5500,2026-09-04,6.7,0,1769.6,swasthya-demand-v1.0
DH-UP-VAR-001,MED-IVF-D5500,2026-09-05,1.0,0,1768.6,swasthya-demand-v1.0
DH-UP-VAR-001,MED-IVF-D5500,2026-09-06,1.0,0,1767.6,swasthya-demand-v1.0
DH-UP-VAR-001,MED-IVF-D5500,2026-09-07,5.2,0,1762.4,swasthya-demand-v1.0
DH-UP-VAR-001,MED-IVF-D5500,2026-09-08,1.0,0,1761.4,swasthya-demand-v1.0
DH-UP-VAR-001,MED-IVF-D5500,2026-09-09,1.0,0,1760.4,swasthya-demand-v1.0
DH-UP-VAR-001,MED-IVF-D5500,2026-09-10,1.0,0,1759.4,swasthya-demand-v1.0
DH-UP-VAR-001,MED-ART-60,2026-08-28,27.4,966,938.6,swasthya-demand-v1.0
DH-UP-VAR-001,MED-ART-60,2026-08-29,1.0,0,937.6,swasthya-demand-v1.0
DH-UP-VAR-001,MED-ART-60,2026-08-30,1.0,0,936.6,swasthya-demand-v1.0
DH-UP-VAR-001,MED-ART-60,2026-08-31,14.6,0,922.0,swasthya-demand-v1.0
DH-UP-VAR-001,MED-ART-60,2026-09-01,1.0,0,921.0,swasthya-demand-v1.0
DH-UP-VAR-001,MED-ART-60,2026-09-02,1.0,0,920.0,swasthya-demand-v1.0
DH-UP-VAR-001,MED-ART-60,2026-09-03,1.0,0,919.0,swasthya-demand-v1.0
DH-UP-VAR-001,MED-ART-60,2026-09-04,1.0,0,918.0,swasthya-demand-v1.0
DH-UP-VAR-001,MED-ART-60,2026-09-05,1.0,0,917.0,swasthya-demand-v1.0
DH-UP-VAR-001,MED-ART-60,2026-09-06,1.0,0,916.0,swasthya-demand-v1.0
DH-UP-VAR-001,MED-ART-60,2026-09-07,7.8,0,908.2,swasthya-demand-v1.0
DH-UP-VAR-001,MED-ART-60,2026-09-08,1.0,0,907.2,swasthya-demand-v1.0
DH-UP-VAR-001,MED-ART-60,2026-09-09,1.0,0,906.2,swasthya-demand-v1.0
DH-UP-VAR-001,MED-ART-60,2026-09-10,1.0,0,905.2,swasthya-demand-v1.0
DH-UP-VAR-001,MED-ALB-400,2026-08-28,173.9,2576,2402.1,swasthya-demand-v1.0
DH-UP-VAR-001,MED-ALB-400,2026-08-29,143.6,0,2258.5,swasthya-demand-v1.0
DH-UP-VAR-001,MED-ALB-400,2026-08-30,91.4,0,2167.1,swasthya-demand-v1.0
DH-UP-VAR-001,MED-ALB-400,2026-08-31,128.9,0,2038.2,swasthya-demand-v1.0
DH-UP-VAR-001,MED-ALB-400,2026-09-01,89.7,0,1948.5,swasthya-demand-v1.0
DH-UP-VAR-001,MED-ALB-400,2026-09-02,60.2,0,1888.3,swasthya-demand-v1.0
DH-UP-VAR-001,MED-ALB-400,2026-09-03,37.5,0,1850.8,swasthya-demand-v1.0
DH-UP-VAR-001,MED-ALB-400,2026-09-04,1.0,0,1849.8,swasthya-demand-v1.0
DH-UP-VAR-001,MED-ALB-400,2026-09-05,1.0,0,1848.8,swasthya-demand-v1.0
DH-UP-VAR-001,MED-ALB-400,2026-09-06,1.0,0,1847.8,swasthya-demand-v1.0
DH-UP-VAR-001,MED-ALB-400,2026-09-07,3.7,0,1844.1,swasthya-demand-v1.0
DH-UP-VAR-001,MED-ALB-400,2026-09-08,1.0,0,1843.1,swasthya-demand-v1.0
DH-UP-VAR-001,MED-ALB-400,2026-09-09,1.0,0,1842.1,swasthya-demand-v1.0
DH-UP-VAR-001,MED-ALB-400,2026-09-10,1.0,0,1841.1,swasthya-demand-v1.0
DH-UP-VAR-001,MED-IFA-TAB,2026-08-28,769.7,0,0.0,swasthya-demand-v1.0
DH-UP-VAR-001,MED-IFA-TAB,2026-08-29,729.2,9044,7545.1,swasthya-demand-v1.0
DH-UP-VAR-001,MED-IFA-TAB,2026-08-30,672.0,0,6873.1,swasthya-demand-v1.0
DH-UP-VAR-001,MED-IFA-TAB,2026-08-31,662.7,0,6210.4,swasthya-demand-v1.0
DH-UP-VAR-001,MED-IFA-TAB,2026-09-01,604.0,0,5606.4,swasthya-demand-v1.0
DH-UP-VAR-001,MED-IFA-TAB,2026-09-02,552.2,0,5054.2,swasthya-demand-v1.0
DH-UP-VAR-001,MED-IFA-TAB,2026-09-03,501.9,0,4552.3,swasthya-demand-v1.0
DH-UP-VAR-001,MED-IFA-TAB,2026-09-04,440.7,0,4111.6,swasthya-demand-v1.0
DH-UP-VAR-001,MED-IFA-TAB,2026-09-05,377.8,0,3733.8,swasthya-demand-v1.0
DH-UP-VAR-001,MED-IFA-TAB,2026-09-06,311.5,0,3422.3,swasthya-demand-v1.0
DH-UP-VAR-001,MED-IFA-TAB,2026-09-07,340.3,0,3082.0,swasthya-demand-v1.0
DH-UP-VAR-001,MED-IFA-TAB,2026-09-08,285.2,0,2796.8,swasthya-demand-v1.0
DH-UP-VAR-001,MED-IFA-TAB,2026-09-09,244.4,0,2552.4,swasthya-demand-v1.0
DH-UP-VAR-001,MED-IFA-TAB,2026-09-10,211.6,0,2340.8,swasthya-demand-v1.0
PHC-UP-LUK-001,MED-PCM-500,2026-08-28,38.0,1092,1054.0,swasthya-demand-v1.0
PHC-UP-LUK-001,MED-PCM-500,2026-08-29,5.2,0,1048.8,swasthya-demand-v1.0
PHC-UP-LUK-001,MED-PCM-500,2026-08-30,1.0,0,1047.8,swasthya-demand-v1.0
PHC-UP-LUK-001,MED-PCM-500,2026-08-31,18.9,0,1028.9,swasthya-demand-v1.0
PHC-UP-LUK-001,MED-PCM-500,2026-09-01,1.0,0,1027.9,swasthya-demand-v1.0
PHC-UP-LUK-001,MED-PCM-500,2026-09-02,1.0,0,1026.9,swasthya-demand-v1.0
PHC-UP-LUK-001,MED-PCM-500,2026-09-03,1.0,0,1025.9,swasthya-demand-v1.0
PHC-UP-LUK-001,MED-PCM-500,2026-09-04,1.0,0,1024.9,swasthya-demand-v1.0
PHC-UP-LUK-001,MED-PCM-500,2026-09-05,1.0,0,1023.9,swasthya-demand-v1.0
PHC-UP-LUK-001,MED-PCM-500,2026-09-06,1.0,0,1022.9,swasthya-demand-v1.0
PHC-UP-LUK-001,MED-PCM-500,2026-09-07,7.5,0,1015.4,swasthya-demand-v1.0
PHC-UP-LUK-001,MED-PCM-500,2026-09-08,1.0,0,1014.4,swasthya-demand-v1.0
PHC-UP-LUK-001,MED-PCM-500,2026-09-09,1.0,0,1013.4,swasthya-demand-v1.0
PHC-UP-LUK-001,MED-PCM-500,2026-09-10,1.0,0,1012.4,swasthya-demand-v1.0
PHC-UP-LUK-001,MED-PCM-SYR,2026-08-28,1.0,434,433.0,swasthya-demand-v1.0
PHC-UP-LUK-001,MED-PCM-SYR,2026-08-29,1.0,0,432.0,swasthya-demand-v1.0
PHC-UP-LUK-001,MED-PCM-SYR,2026-08-30,1.0,0,431.0,swasthya-demand-v1.0
PHC-UP-LUK-001,MED-PCM-SYR,2026-08-31,7.9,0,423.1,swasthya-demand-v1.0
PHC-UP-LUK-001,MED-PCM-SYR,2026-09-01,1.0,0,422.1,swasthya-demand-v1.0
PHC-UP-LUK-001,MED-PCM-SYR,2026-09-02,1.0,0,421.1,swasthya-demand-v1.0
PHC-UP-LUK-001,MED-PCM-SYR,2026-09-03,1.0,0,420.1,swasthya-demand-v1.0
PHC-UP-LUK-001,MED-PCM-SYR,2026-09-04,1.0,0,419.1,swasthya-demand-v1.0
PHC-UP-LUK-001,MED-PCM-SYR,2026-09-05,1.0,0,418.1,swasthya-demand-v1.0
PHC-UP-LUK-001,MED-PCM-SYR,2026-09-06,1.0,0,417.1,swasthya-demand-v1.0
PHC-UP-LUK-001,MED-PCM-SYR,2026-09-07,8.7,0,408.4,swasthya-demand-v1.0
PHC-UP-LUK-001,MED-PCM-SYR,2026-09-08,1.0,0,407.4,swasthya-demand-v1.0
PHC-UP-LUK-001,MED-PCM-SYR,2026-09-09,1.0,0,406.4,swasthya-demand-v1.0
PHC-UP-LUK-001,MED-PCM-SYR,2026-09-10,1.0,0,405.4,swasthya-demand-v1.0
PHC-UP-LUK-001,MED-AMX-500,2026-08-28,1.0,532,531.0,swasthya-demand-v1.0
PHC-UP-LUK-001,MED-AMX-500,2026-08-29,1.0,0,530.0,swasthya-demand-v1.0
PHC-UP-LUK-001,MED-AMX-500,2026-08-30,1.0,0,529.0,swasthya-demand-v1.0
PHC-UP-LUK-001,MED-AMX-500,2026-08-31,7.9,0,521.1,swasthya-demand-v1.0
PHC-UP-LUK-001,MED-AMX-500,2026-09-01,1.0,0,520.1,swasthya-demand-v1.0
PHC-UP-LUK-001,MED-AMX-500,2026-09-02,1.0,0,519.1,swasthya-demand-v1.0
PHC-UP-LUK-001,MED-AMX-500,2026-09-03,1.0,0,518.1,swasthya-demand-v1.0
PHC-UP-LUK-001,MED-AMX-500,2026-09-04,1.0,0,517.1,swasthya-demand-v1.0
PHC-UP-LUK-001,MED-AMX-500,2026-09-05,1.0,0,516.1,swasthya-demand-v1.0
PHC-UP-LUK-001,MED-AMX-500,2026-09-06,1.0,0,515.1,swasthya-demand-v1.0
PHC-UP-LUK-001,MED-AMX-500,2026-09-07,8.6,0,506.5,swasthya-demand-v1.0
PHC-UP-LUK-001,MED-AMX-500,2026-09-08,1.0,0,505.5,swasthya-demand-v1.0
PHC-UP-LUK-001,MED-AMX-500,2026-09-09,1.0,0,504.5,swasthya-demand-v1.0
PHC-UP-LUK-001,MED-AMX-500,2026-09-10,1.0,0,503.5,swasthya-demand-v1.0
PHC-UP-LUK-001,MED-AMC-625,2026-08-28,1.0,0,0.0,swasthya-demand-v1.0
PHC-UP-LUK-001,MED-AMC-625,2026-08-29,1.0,0,0.0,swasthya-demand-v1.0
PHC-UP-LUK-001,MED-AMC-625,2026-08-30,1.0,0,0.0,swasthya-demand-v1.0
PHC-UP-LUK-001,MED-AMC-625,2026-08-31,8.3,336,324.7,swasthya-demand-v1.0
PHC-UP-LUK-001,MED-AMC-625,2026-09-01,1.0,0,323.7,swasthya-demand-v1.0
PHC-UP-LUK-001,MED-AMC-625,2026-09-02,1.0,0,322.7,swasthya-demand-v1.0
PHC-UP-LUK-001,MED-AMC-625,2026-09-03,1.0,0,321.7,swasthya-demand-v1.0
PHC-UP-LUK-001,MED-AMC-625,2026-09-04,1.0,0,320.7,swasthya-demand-v1.0
PHC-UP-LUK-001,MED-AMC-625,2026-09-05,1.0,0,319.7,swasthya-demand-v1.0
PHC-UP-LUK-001,MED-AMC-625,2026-09-06,1.0,0,318.7,swasthya-demand-v1.0
PHC-UP-LUK-001,MED-AMC-625,2026-09-07,8.8,0,309.9,swasthya-demand-v1.0
PHC-UP-LUK-001,MED-AMC-625,2026-09-08,1.0,0,308.9,swasthya-demand-v1.0
PHC-UP-LUK-001,MED-AMC-625,2026-09-09,1.0,0,307.9,swasthya-demand-v1.0
PHC-UP-LUK-001,MED-AMC-625,2026-09-10,1.0,0,306.9,swasthya-demand-v1.0
PHC-UP-LUK-001,MED-ORS-SFT,2026-08-28,15.4,0,0.0,swasthya-demand-v1.0
PHC-UP-LUK-001,MED-ORS-SFT,2026-08-29,1.0,0,0.0,swasthya-demand-v1.0
PHC-UP-LUK-001,MED-ORS-SFT,2026-08-30,1.0,0,0.0,swasthya-demand-v1.0
PHC-UP-LUK-001,MED-ORS-SFT,2026-08-31,11.1,784,755.5,swasthya-demand-v1.0
PHC-UP-LUK-001,MED-ORS-SFT,2026-09-01,1.0,0,754.5,swasthya-demand-v1.0
PHC-UP-LUK-001,MED-ORS-SFT,2026-09-02,1.0,0,753.5,swasthya-demand-v1.0
PHC-UP-LUK-001,MED-ORS-SFT,2026-09-03,1.0,0,752.5,swasthya-demand-v1.0
PHC-UP-LUK-001,MED-ORS-SFT,2026-09-04,1.0,0,751.5,swasthya-demand-v1.0
PHC-UP-LUK-001,MED-ORS-SFT,2026-09-05,1.0,0,750.5,swasthya-demand-v1.0
PHC-UP-LUK-001,MED-ORS-SFT,2026-09-06,1.0,0,749.5,swasthya-demand-v1.0
PHC-UP-LUK-001,MED-ORS-SFT,2026-09-07,8.1,0,741.4,swasthya-demand-v1.0
PHC-UP-LUK-001,MED-ORS-SFT,2026-09-08,1.0,0,740.4,swasthya-demand-v1.0
PHC-UP-LUK-001,MED-ORS-SFT,2026-09-09,1.0,0,739.4,swasthya-demand-v1.0
PHC-UP-LUK-001,MED-ORS-SFT,2026-09-10,1.0,0,738.4,swasthya-demand-v1.0
PHC-UP-LUK-001,MED-ZNC-20,2026-08-28,1.0,0,0.0,swasthya-demand-v1.0
PHC-UP-LUK-001,MED-ZNC-20,2026-08-29,1.0,0,0.0,swasthya-demand-v1.0
PHC-UP-LUK-001,MED-ZNC-20,2026-08-30,1.0,0,0.0,swasthya-demand-v1.0
PHC-UP-LUK-001,MED-ZNC-20,2026-08-31,7.9,392,381.1,swasthya-demand-v1.0
PHC-UP-LUK-001,MED-ZNC-20,2026-09-01,1.0,0,380.1,swasthya-demand-v1.0
PHC-UP-LUK-001,MED-ZNC-20,2026-09-02,1.0,0,379.1,swasthya-demand-v1.0
PHC-UP-LUK-001,MED-ZNC-20,2026-09-03,1.0,0,378.1,swasthya-demand-v1.0
PHC-UP-LUK-001,MED-ZNC-20,2026-09-04,1.0,0,377.1,swasthya-demand-v1.0
PHC-UP-LUK-001,MED-ZNC-20,2026-09-05,1.0,0,376.1,swasthya-demand-v1.0
PHC-UP-LUK-001,MED-ZNC-20,2026-09-06,1.0,0,375.1,swasthya-demand-v1.0
PHC-UP-LUK-001,MED-ZNC-20,2026-09-07,8.7,0,366.4,swasthya-demand-v1.0
PHC-UP-LUK-001,MED-ZNC-20,2026-09-08,1.0,0,365.4,swasthya-demand-v1.0
PHC-UP-LUK-001,MED-ZNC-20,2026-09-09,1.0,0,364.4,swasthya-demand-v1.0
PHC-UP-LUK-001,MED-ZNC-20,2026-09-10,1.0,0,363.4,swasthya-demand-v1.0
PHC-UP-LUK-001,MED-AZI-500,2026-08-28,1.0,0,0.0,swasthya-demand-v1.0
PHC-UP-LUK-001,MED-AZI-500,2026-08-29,1.0,0,0.0,swasthya-demand-v1.0
PHC-UP-LUK-001,MED-AZI-500,2026-08-30,1.0,294,291.0,swasthya-demand-v1.0
PHC-UP-LUK-001,MED-AZI-500,2026-08-31,8.4,0,282.6,swasthya-demand-v1.0
PHC-UP-LUK-001,MED-AZI-500,2026-09-01,1.0,0,281.6,swasthya-demand-v1.0
PHC-UP-LUK-001,MED-AZI-500,2026-09-02,1.0,0,280.6,swasthya-demand-v1.0
PHC-UP-LUK-001,MED-AZI-500,2026-09-03,1.0,0,279.6,swasthya-demand-v1.0
PHC-UP-LUK-001,MED-AZI-500,2026-09-04,1.0,0,278.6,swasthya-demand-v1.0
PHC-UP-LUK-001,MED-AZI-500,2026-09-05,1.0,0,277.6,swasthya-demand-v1.0
PHC-UP-LUK-001,MED-AZI-500,2026-09-06,1.0,0,276.6,swasthya-demand-v1.0
PHC-UP-LUK-001,MED-AZI-500,2026-09-07,8.9,0,267.7,swasthya-demand-v1.0
PHC-UP-LUK-001,MED-AZI-500,2026-09-08,1.0,0,266.7,swasthya-demand-v1.0
PHC-UP-LUK-001,MED-AZI-500,2026-09-09,1.0,0,265.7,swasthya-demand-v1.0
PHC-UP-LUK-001,MED-AZI-500,2026-09-10,1.0,0,264.7,swasthya-demand-v1.0
PHC-UP-LUK-001,MED-CTX-1G,2026-08-28,1.0,0,33.0,swasthya-demand-v1.0
PHC-UP-LUK-001,MED-CTX-1G,2026-08-29,1.0,0,32.0,swasthya-demand-v1.0
PHC-UP-LUK-001,MED-CTX-1G,2026-08-30,1.0,0,31.0,swasthya-demand-v1.0
PHC-UP-LUK-001,MED-CTX-1G,2026-08-31,8.9,140,162.1,swasthya-demand-v1.0
PHC-UP-LUK-001,MED-CTX-1G,2026-09-01,1.0,0,161.1,swasthya-demand-v1.0
PHC-UP-LUK-001,MED-CTX-1G,2026-09-02,1.0,0,160.1,swasthya-demand-v1.0
PHC-UP-LUK-001,MED-CTX-1G,2026-09-03,1.0,0,159.1,swasthya-demand-v1.0
PHC-UP-LUK-001,MED-CTX-1G,2026-09-04,1.0,0,158.1,swasthya-demand-v1.0
PHC-UP-LUK-001,MED-CTX-1G,2026-09-05,1.0,0,157.1,swasthya-demand-v1.0
PHC-UP-LUK-001,MED-CTX-1G,2026-09-06,1.0,0,156.1,swasthya-demand-v1.0
PHC-UP-LUK-001,MED-CTX-1G,2026-09-07,9.1,0,147.0,swasthya-demand-v1.0
PHC-UP-LUK-001,MED-CTX-1G,2026-09-08,1.0,0,146.0,swasthya-demand-v1.0
PHC-UP-LUK-001,MED-CTX-1G,2026-09-09,1.0,0,145.0,swasthya-demand-v1.0
PHC-UP-LUK-001,MED-CTX-1G,2026-09-10,1.0,0,144.0,swasthya-demand-v1.0
PHC-UP-LUK-001,MED-RAB-VAC,2026-08-28,1.0,0,66.0,swasthya-demand-v1.0
PHC-UP-LUK-001,MED-RAB-VAC,2026-08-29,1.0,0,65.0,swasthya-demand-v1.0
PHC-UP-LUK-001,MED-RAB-VAC,2026-08-30,1.0,0,64.0,swasthya-demand-v1.0
PHC-UP-LUK-001,MED-RAB-VAC,2026-08-31,9.2,0,54.8,swasthya-demand-v1.0
PHC-UP-LUK-001,MED-RAB-VAC,2026-09-01,1.0,0,53.8,swasthya-demand-v1.0
PHC-UP-LUK-001,MED-RAB-VAC,2026-09-02,1.0,0,52.8,swasthya-demand-v1.0
PHC-UP-LUK-001,MED-RAB-VAC,2026-09-03,1.0,0,51.8,swasthya-demand-v1.0
PHC-UP-LUK-001,MED-RAB-VAC,2026-09-04,1.0,0,50.8,swasthya-demand-v1.0
PHC-UP-LUK-001,MED-RAB-VAC,2026-09-05,1.0,0,49.8,swasthya-demand-v1.0
PHC-UP-LUK-001,MED-RAB-VAC,2026-09-06,1.0,0,48.8,swasthya-demand-v1.0
PHC-UP-LUK-001,MED-RAB-VAC,2026-09-07,9.2,0,39.6,swasthya-demand-v1.0
PHC-UP-LUK-001,MED-RAB-VAC,2026-09-08,1.0,0,38.6,swasthya-demand-v1.0
PHC-UP-LUK-001,MED-RAB-VAC,2026-09-09,1.0,0,37.6,swasthya-demand-v1.0
PHC-UP-LUK-001,MED-RAB-VAC,2026-09-10,1.0,0,36.6,swasthya-demand-v1.0
PHC-UP-LUK-001,MED-ASV-VIAL,2026-08-28,1.0,0,87.0,swasthya-demand-v1.0
PHC-UP-LUK-001,MED-ASV-VIAL,2026-08-29,1.0,0,86.0,swasthya-demand-v1.0
PHC-UP-LUK-001,MED-ASV-VIAL,2026-08-30,1.0,0,85.0,swasthya-demand-v1.0
PHC-UP-LUK-001,MED-ASV-VIAL,2026-08-31,9.3,0,75.7,swasthya-demand-v1.0
PHC-UP-LUK-001,MED-ASV-VIAL,2026-09-01,1.0,0,74.7,swasthya-demand-v1.0
PHC-UP-LUK-001,MED-ASV-VIAL,2026-09-02,1.0,0,73.7,swasthya-demand-v1.0
PHC-UP-LUK-001,MED-ASV-VIAL,2026-09-03,1.0,0,72.7,swasthya-demand-v1.0
PHC-UP-LUK-001,MED-ASV-VIAL,2026-09-04,1.0,0,71.7,swasthya-demand-v1.0
PHC-UP-LUK-001,MED-ASV-VIAL,2026-09-05,1.0,0,70.7,swasthya-demand-v1.0
PHC-UP-LUK-001,MED-ASV-VIAL,2026-09-06,1.0,0,69.7,swasthya-demand-v1.0
PHC-UP-LUK-001,MED-ASV-VIAL,2026-09-07,9.3,0,60.4,swasthya-demand-v1.0
PHC-UP-LUK-001,MED-ASV-VIAL,2026-09-08,1.0,0,59.4,swasthya-demand-v1.0
PHC-UP-LUK-001,MED-ASV-VIAL,2026-09-09,1.0,0,58.4,swasthya-demand-v1.0
PHC-UP-LUK-001,MED-ASV-VIAL,2026-09-10,1.0,0,57.4,swasthya-demand-v1.0
PHC-UP-LUK-001,MED-INS-REG,2026-08-28,1.0,0,57.0,swasthya-demand-v1.0
PHC-UP-LUK-001,MED-INS-REG,2026-08-29,1.0,0,56.0,swasthya-demand-v1.0
PHC-UP-LUK-001,MED-INS-REG,2026-08-30,1.0,0,55.0,swasthya-demand-v1.0
PHC-UP-LUK-001,MED-INS-REG,2026-08-31,9.1,0,45.9,swasthya-demand-v1.0
PHC-UP-LUK-001,MED-INS-REG,2026-09-01,1.0,0,44.9,swasthya-demand-v1.0
PHC-UP-LUK-001,MED-INS-REG,2026-09-02,1.0,0,43.9,swasthya-demand-v1.0
PHC-UP-LUK-001,MED-INS-REG,2026-09-03,1.0,0,42.9,swasthya-demand-v1.0
PHC-UP-LUK-001,MED-INS-REG,2026-09-04,1.0,0,41.9,swasthya-demand-v1.0
PHC-UP-LUK-001,MED-INS-REG,2026-09-05,1.0,0,40.9,swasthya-demand-v1.0
PHC-UP-LUK-001,MED-INS-REG,2026-09-06,1.0,0,39.9,swasthya-demand-v1.0
PHC-UP-LUK-001,MED-INS-REG,2026-09-07,9.2,0,30.7,swasthya-demand-v1.0
PHC-UP-LUK-001,MED-INS-REG,2026-09-08,1.0,0,29.7,swasthya-demand-v1.0
PHC-UP-LUK-001,MED-INS-REG,2026-09-09,1.0,0,28.7,swasthya-demand-v1.0
PHC-UP-LUK-001,MED-INS-REG,2026-09-10,1.0,0,27.7,swasthya-demand-v1.0
PHC-UP-LUK-001,MED-MET-500,2026-08-28,1.0,602,601.0,swasthya-demand-v1.0
PHC-UP-LUK-001,MED-MET-500,2026-08-29,1.0,0,600.0,swasthya-demand-v1.0
PHC-UP-LUK-001,MED-MET-500,2026-08-30,1.0,0,599.0,swasthya-demand-v1.0
PHC-UP-LUK-001,MED-MET-500,2026-08-31,7.5,0,591.5,swasthya-demand-v1.0
PHC-UP-LUK-001,MED-MET-500,2026-09-01,1.0,0,590.5,swasthya-demand-v1.0
PHC-UP-LUK-001,MED-MET-500,2026-09-02,1.0,0,589.5,swasthya-demand-v1.0
PHC-UP-LUK-001,MED-MET-500,2026-09-03,1.0,0,588.5,swasthya-demand-v1.0
PHC-UP-LUK-001,MED-MET-500,2026-09-04,1.0,0,587.5,swasthya-demand-v1.0
PHC-UP-LUK-001,MED-MET-500,2026-09-05,1.0,0,586.5,swasthya-demand-v1.0
PHC-UP-LUK-001,MED-MET-500,2026-09-06,1.0,0,585.5,swasthya-demand-v1.0
PHC-UP-LUK-001,MED-MET-500,2026-09-07,8.5,0,577.0,swasthya-demand-v1.0
PHC-UP-LUK-001,MED-MET-500,2026-09-08,1.0,0,576.0,swasthya-demand-v1.0
PHC-UP-LUK-001,MED-MET-500,2026-09-09,1.0,0,575.0,swasthya-demand-v1.0
PHC-UP-LUK-001,MED-MET-500,2026-09-10,1.0,0,574.0,swasthya-demand-v1.0
PHC-UP-LUK-001,MED-OXY-AMP,2026-08-28,1.0,0,47.0,swasthya-demand-v1.0
PHC-UP-LUK-001,MED-OXY-AMP,2026-08-29,1.0,0,46.0,swasthya-demand-v1.0
PHC-UP-LUK-001,MED-OXY-AMP,2026-08-30,1.0,0,45.0,swasthya-demand-v1.0
PHC-UP-LUK-001,MED-OXY-AMP,2026-08-31,9.0,0,36.0,swasthya-demand-v1.0
PHC-UP-LUK-001,MED-OXY-AMP,2026-09-01,1.0,0,35.0,swasthya-demand-v1.0
PHC-UP-LUK-001,MED-OXY-AMP,2026-09-02,1.0,0,34.0,swasthya-demand-v1.0
PHC-UP-LUK-001,MED-OXY-AMP,2026-09-03,1.0,112,145.0,swasthya-demand-v1.0
PHC-UP-LUK-001,MED-OXY-AMP,2026-09-04,1.0,0,144.0,swasthya-demand-v1.0
PHC-UP-LUK-001,MED-OXY-AMP,2026-09-05,1.0,0,143.0,swasthya-demand-v1.0
PHC-UP-LUK-001,MED-OXY-AMP,2026-09-06,1.0,0,142.0,swasthya-demand-v1.0
PHC-UP-LUK-001,MED-OXY-AMP,2026-09-07,9.1,0,132.9,swasthya-demand-v1.0
PHC-UP-LUK-001,MED-OXY-AMP,2026-09-08,1.0,0,131.9,swasthya-demand-v1.0
PHC-UP-LUK-001,MED-OXY-AMP,2026-09-09,1.0,0,130.9,swasthya-demand-v1.0
PHC-UP-LUK-001,MED-OXY-AMP,2026-09-10,1.0,0,129.9,swasthya-demand-v1.0
PHC-UP-LUK-001,MED-MGS-50,2026-08-28,1.0,0,72.0,swasthya-demand-v1.0
PHC-UP-LUK-001,MED-MGS-50,2026-08-29,1.0,0,71.0,swasthya-demand-v1.0
PHC-UP-LUK-001,MED-MGS-50,2026-08-30,1.0,0,70.0,swasthya-demand-v1.0
PHC-UP-LUK-001,MED-MGS-50,2026-08-31,9.2,0,60.8,swasthya-demand-v1.0
PHC-UP-LUK-001,MED-MGS-50,2026-09-01,1.0,0,59.8,swasthya-demand-v1.0
PHC-UP-LUK-001,MED-MGS-50,2026-09-02,1.0,0,58.8,swasthya-demand-v1.0
PHC-UP-LUK-001,MED-MGS-50,2026-09-03,1.0,0,57.8,swasthya-demand-v1.0
PHC-UP-LUK-001,MED-MGS-50,2026-09-04,1.0,0,56.8,swasthya-demand-v1.0
PHC-UP-LUK-001,MED-MGS-50,2026-09-05,1.0,0,55.8,swasthya-demand-v1.0
PHC-UP-LUK-001,MED-MGS-50,2026-09-06,1.0,0,54.8,swasthya-demand-v1.0
PHC-UP-LUK-001,MED-MGS-50,2026-09-07,9.2,0,45.6,swasthya-demand-v1.0
PHC-UP-LUK-001,MED-MGS-50,2026-09-08,1.0,0,44.6,swasthya-demand-v1.0
PHC-UP-LUK-001,MED-MGS-50,2026-09-09,1.0,0,43.6,swasthya-demand-v1.0
PHC-UP-LUK-001,MED-MGS-50,2026-09-10,1.0,0,42.6,swasthya-demand-v1.0
PHC-UP-LUK-001,MED-IVF-NS500,2026-08-28,1.0,0,0.0,swasthya-demand-v1.0
PHC-UP-LUK-001,MED-IVF-NS500,2026-08-29,1.0,364,362.0,swasthya-demand-v1.0
PHC-UP-LUK-001,MED-IVF-NS500,2026-08-30,1.0,0,361.0,swasthya-demand-v1.0
PHC-UP-LUK-001,MED-IVF-NS500,2026-08-31,8.4,0,352.6,swasthya-demand-v1.0
PHC-UP-LUK-001,MED-IVF-NS500,2026-09-01,1.0,0,351.6,swasthya-demand-v1.0
PHC-UP-LUK-001,MED-IVF-NS500,2026-09-02,1.0,0,350.6,swasthya-demand-v1.0
PHC-UP-LUK-001,MED-IVF-NS500,2026-09-03,1.0,0,349.6,swasthya-demand-v1.0
PHC-UP-LUK-001,MED-IVF-NS500,2026-09-04,1.0,0,348.6,swasthya-demand-v1.0
PHC-UP-LUK-001,MED-IVF-NS500,2026-09-05,1.0,0,347.6,swasthya-demand-v1.0
PHC-UP-LUK-001,MED-IVF-NS500,2026-09-06,1.0,0,346.6,swasthya-demand-v1.0
PHC-UP-LUK-001,MED-IVF-NS500,2026-09-07,8.8,0,337.8,swasthya-demand-v1.0
PHC-UP-LUK-001,MED-IVF-NS500,2026-09-08,1.0,0,336.8,swasthya-demand-v1.0
PHC-UP-LUK-001,MED-IVF-NS500,2026-09-09,1.0,0,335.8,swasthya-demand-v1.0
PHC-UP-LUK-001,MED-IVF-NS500,2026-09-10,1.0,0,334.8,swasthya-demand-v1.0
PHC-UP-LUK-001,MED-IVF-RL500,2026-08-28,1.0,0,0.0,swasthya-demand-v1.0
PHC-UP-LUK-001,MED-IVF-RL500,2026-08-29,1.0,0,0.0,swasthya-demand-v1.0
PHC-UP-LUK-001,MED-IVF-RL500,2026-08-30,1.0,294,291.0,swasthya-demand-v1.0
PHC-UP-LUK-001,MED-IVF-RL500,2026-08-31,8.4,0,282.6,swasthya-demand-v1.0
PHC-UP-LUK-001,MED-IVF-RL500,2026-09-01,1.0,0,281.6,swasthya-demand-v1.0
PHC-UP-LUK-001,MED-IVF-RL500,2026-09-02,1.0,0,280.6,swasthya-demand-v1.0
PHC-UP-LUK-001,MED-IVF-RL500,2026-09-03,1.0,0,279.6,swasthya-demand-v1.0
PHC-UP-LUK-001,MED-IVF-RL500,2026-09-04,1.0,0,278.6,swasthya-demand-v1.0
PHC-UP-LUK-001,MED-IVF-RL500,2026-09-05,1.0,0,277.6,swasthya-demand-v1.0
PHC-UP-LUK-001,MED-IVF-RL500,2026-09-06,1.0,0,276.6,swasthya-demand-v1.0
PHC-UP-LUK-001,MED-IVF-RL500,2026-09-07,8.9,0,267.7,swasthya-demand-v1.0
PHC-UP-LUK-001,MED-IVF-RL500,2026-09-08,1.0,0,266.7,swasthya-demand-v1.0
PHC-UP-LUK-001,MED-IVF-RL500,2026-09-09,1.0,0,265.7,swasthya-demand-v1.0
PHC-UP-LUK-001,MED-IVF-RL500,2026-09-10,1.0,0,264.7,swasthya-demand-v1.0
PHC-UP-LUK-001,MED-IVF-D5500,2026-08-28,1.0,0,15.0,swasthya-demand-v1.0
PHC-UP-LUK-001,MED-IVF-D5500,2026-08-29,1.0,0,14.0,swasthya-demand-v1.0
PHC-UP-LUK-001,MED-IVF-D5500,2026-08-30,1.0,196,209.0,swasthya-demand-v1.0
PHC-UP-LUK-001,MED-IVF-D5500,2026-08-31,8.8,0,200.2,swasthya-demand-v1.0
PHC-UP-LUK-001,MED-IVF-D5500,2026-09-01,1.0,0,199.2,swasthya-demand-v1.0
PHC-UP-LUK-001,MED-IVF-D5500,2026-09-02,1.0,0,198.2,swasthya-demand-v1.0
PHC-UP-LUK-001,MED-IVF-D5500,2026-09-03,1.0,0,197.2,swasthya-demand-v1.0
PHC-UP-LUK-001,MED-IVF-D5500,2026-09-04,1.0,0,196.2,swasthya-demand-v1.0
PHC-UP-LUK-001,MED-IVF-D5500,2026-09-05,1.0,0,195.2,swasthya-demand-v1.0
PHC-UP-LUK-001,MED-IVF-D5500,2026-09-06,1.0,0,194.2,swasthya-demand-v1.0
PHC-UP-LUK-001,MED-IVF-D5500,2026-09-07,9.0,0,185.2,swasthya-demand-v1.0
PHC-UP-LUK-001,MED-IVF-D5500,2026-09-08,1.0,0,184.2,swasthya-demand-v1.0
PHC-UP-LUK-001,MED-IVF-D5500,2026-09-09,1.0,0,183.2,swasthya-demand-v1.0
PHC-UP-LUK-001,MED-IVF-D5500,2026-09-10,1.0,0,182.2,swasthya-demand-v1.0
PHC-UP-LUK-001,MED-ART-60,2026-08-28,1.0,0,69.0,swasthya-demand-v1.0
PHC-UP-LUK-001,MED-ART-60,2026-08-29,1.0,0,68.0,swasthya-demand-v1.0
PHC-UP-LUK-001,MED-ART-60,2026-08-30,1.0,0,67.0,swasthya-demand-v1.0
PHC-UP-LUK-001,MED-ART-60,2026-08-31,9.2,0,57.8,swasthya-demand-v1.0
PHC-UP-LUK-001,MED-ART-60,2026-09-01,1.0,0,56.8,swasthya-demand-v1.0
PHC-UP-LUK-001,MED-ART-60,2026-09-02,1.0,0,55.8,swasthya-demand-v1.0
PHC-UP-LUK-001,MED-ART-60,2026-09-03,1.0,0,54.8,swasthya-demand-v1.0
PHC-UP-LUK-001,MED-ART-60,2026-09-04,1.0,0,53.8,swasthya-demand-v1.0
PHC-UP-LUK-001,MED-ART-60,2026-09-05,1.0,0,52.8,swasthya-demand-v1.0
PHC-UP-LUK-001,MED-ART-60,2026-09-06,1.0,0,51.8,swasthya-demand-v1.0
PHC-UP-LUK-001,MED-ART-60,2026-09-07,9.2,0,42.6,swasthya-demand-v1.0
PHC-UP-LUK-001,MED-ART-60,2026-09-08,1.0,0,41.6,swasthya-demand-v1.0
PHC-UP-LUK-001,MED-ART-60,2026-09-09,1.0,0,40.6,swasthya-demand-v1.0
PHC-UP-LUK-001,MED-ART-60,2026-09-10,1.0,0,39.6,swasthya-demand-v1.0
PHC-UP-LUK-001,MED-ALB-400,2026-08-28,1.0,0,18.0,swasthya-demand-v1.0
PHC-UP-LUK-001,MED-ALB-400,2026-08-29,1.0,196,213.0,swasthya-demand-v1.0
PHC-UP-LUK-001,MED-ALB-400,2026-08-30,1.0,0,212.0,swasthya-demand-v1.0
PHC-UP-LUK-001,MED-ALB-400,2026-08-31,8.8,0,203.2,swasthya-demand-v1.0
PHC-UP-LUK-001,MED-ALB-400,2026-09-01,1.0,0,202.2,swasthya-demand-v1.0
PHC-UP-LUK-001,MED-ALB-400,2026-09-02,1.0,0,201.2,swasthya-demand-v1.0
PHC-UP-LUK-001,MED-ALB-400,2026-09-03,1.0,0,200.2,swasthya-demand-v1.0
PHC-UP-LUK-001,MED-ALB-400,2026-09-04,1.0,0,199.2,swasthya-demand-v1.0
PHC-UP-LUK-001,MED-ALB-400,2026-09-05,1.0,0,198.2,swasthya-demand-v1.0
PHC-UP-LUK-001,MED-ALB-400,2026-09-06,1.0,0,197.2,swasthya-demand-v1.0
PHC-UP-LUK-001,MED-ALB-400,2026-09-07,9.0,0,188.2,swasthya-demand-v1.0
PHC-UP-LUK-001,MED-ALB-400,2026-09-08,1.0,0,187.2,swasthya-demand-v1.0
PHC-UP-LUK-001,MED-ALB-400,2026-09-09,1.0,0,186.2,swasthya-demand-v1.0
PHC-UP-LUK-001,MED-ALB-400,2026-09-10,1.0,0,185.2,swasthya-demand-v1.0
PHC-UP-LUK-001,MED-IFA-TAB,2026-08-28,9.2,0,0.0,swasthya-demand-v1.0
PHC-UP-LUK-001,MED-IFA-TAB,2026-08-29,1.0,0,0.0,swasthya-demand-v1.0
PHC-UP-LUK-001,MED-IFA-TAB,2026-08-30,1.0,686,674.8,swasthya-demand-v1.0
PHC-UP-LUK-001,MED-IFA-TAB,2026-08-31,9.6,0,665.2,swasthya-demand-v1.0
PHC-UP-LUK-001,MED-IFA-TAB,2026-09-01,1.0,0,664.2,swasthya-demand-v1.0
PHC-UP-LUK-001,MED-IFA-TAB,2026-09-02,1.0,0,663.2,swasthya-demand-v1.0
PHC-UP-LUK-001,MED-IFA-TAB,2026-09-03,1.0,0,662.2,swasthya-demand-v1.0
PHC-UP-LUK-001,MED-IFA-TAB,2026-09-04,1.0,0,661.2,swasthya-demand-v1.0
PHC-UP-LUK-001,MED-IFA-TAB,2026-09-05,1.0,0,660.2,swasthya-demand-v1.0
PHC-UP-LUK-001,MED-IFA-TAB,2026-09-06,1.0,0,659.2,swasthya-demand-v1.0
PHC-UP-LUK-001,MED-IFA-TAB,2026-09-07,8.2,0,651.0,swasthya-demand-v1.0
PHC-UP-LUK-001,MED-IFA-TAB,2026-09-08,1.0,0,650.0,swasthya-demand-v1.0
PHC-UP-LUK-001,MED-IFA-TAB,2026-09-09,1.0,0,649.0,swasthya-demand-v1.0
PHC-UP-LUK-001,MED-IFA-TAB,2026-09-10,1.0,0,648.0,swasthya-demand-v1.0
PHC-UP-LUK-002,MED-PCM-500,2026-08-28,25.4,0,0.0,swasthya-demand-v1.0
PHC-UP-LUK-002,MED-PCM-500,2026-08-29,1.0,0,0.0,swasthya-demand-v1.0
PHC-UP-LUK-002,MED-PCM-500,2026-08-30,1.0,0,0.0,swasthya-demand-v1.0
PHC-UP-LUK-002,MED-PCM-500,2026-08-31,14.6,910,868.0,swasthya-demand-v1.0
PHC-UP-LUK-002,MED-PCM-500,2026-09-01,1.0,0,867.0,swasthya-demand-v1.0
PHC-UP-LUK-002,MED-PCM-500,2026-09-02,1.0,0,866.0,swasthya-demand-v1.0
PHC-UP-LUK-002,MED-PCM-500,2026-09-03,1.0,0,865.0,swasthya-demand-v1.0
PHC-UP-LUK-002,MED-PCM-500,2026-09-04,1.0,0,864.0,swasthya-demand-v1.0
PHC-UP-LUK-002,MED-PCM-500,2026-09-05,1.0,0,863.0,swasthya-demand-v1.0
PHC-UP-LUK-002,MED-PCM-500,2026-09-06,1.0,0,862.0,swasthya-demand-v1.0
PHC-UP-LUK-002,MED-PCM-500,2026-09-07,7.9,0,854.1,swasthya-demand-v1.0
PHC-UP-LUK-002,MED-PCM-500,2026-09-08,1.0,0,853.1,swasthya-demand-v1.0
PHC-UP-LUK-002,MED-PCM-500,2026-09-09,1.0,0,852.1,swasthya-demand-v1.0
PHC-UP-LUK-002,MED-PCM-500,2026-09-10,1.0,0,851.1,swasthya-demand-v1.0
PHC-UP-LUK-002,MED-PCM-SYR,2026-08-28,1.0,0,0.0,swasthya-demand-v1.0
PHC-UP-LUK-002,MED-PCM-SYR,2026-08-29,1.0,0,0.0,swasthya-demand-v1.0
PHC-UP-LUK-002,MED-PCM-SYR,2026-08-30,1.0,364,361.0,swasthya-demand-v1.0
PHC-UP-LUK-002,MED-PCM-SYR,2026-08-31,8.4,0,352.6,swasthya-demand-v1.0
PHC-UP-LUK-002,MED-PCM-SYR,2026-09-01,1.0,0,351.6,swasthya-demand-v1.0
PHC-UP-LUK-002,MED-PCM-SYR,2026-09-02,1.0,0,350.6,swasthya-demand-v1.0
PHC-UP-LUK-002,MED-PCM-SYR,2026-09-03,1.0,0,349.6,swasthya-demand-v1.0
PHC-UP-LUK-002,MED-PCM-SYR,2026-09-04,1.0,0,348.6,swasthya-demand-v1.0
PHC-UP-LUK-002,MED-PCM-SYR,2026-09-05,1.0,0,347.6,swasthya-demand-v1.0
PHC-UP-LUK-002,MED-PCM-SYR,2026-09-06,1.0,0,346.6,swasthya-demand-v1.0
PHC-UP-LUK-002,MED-PCM-SYR,2026-09-07,8.9,0,337.7,swasthya-demand-v1.0
PHC-UP-LUK-002,MED-PCM-SYR,2026-09-08,1.0,0,336.7,swasthya-demand-v1.0
PHC-UP-LUK-002,MED-PCM-SYR,2026-09-09,1.0,0,335.7,swasthya-demand-v1.0
PHC-UP-LUK-002,MED-PCM-SYR,2026-09-10,1.0,0,334.7,swasthya-demand-v1.0
PHC-UP-LUK-002,MED-AMX-500,2026-08-28,1.0,0,0.0,swasthya-demand-v1.0
PHC-UP-LUK-002,MED-AMX-500,2026-08-29,1.0,0,0.0,swasthya-demand-v1.0
PHC-UP-LUK-002,MED-AMX-500,2026-08-30,1.0,434,431.0,swasthya-demand-v1.0
PHC-UP-LUK-002,MED-AMX-500,2026-08-31,8.0,0,423.0,swasthya-demand-v1.0
PHC-UP-LUK-002,MED-AMX-500,2026-09-01,1.0,0,422.0,swasthya-demand-v1.0
PHC-UP-LUK-002,MED-AMX-500,2026-09-02,1.0,0,421.0,swasthya-demand-v1.0
PHC-UP-LUK-002,MED-AMX-500,2026-09-03,1.0,0,420.0,swasthya-demand-v1.0
PHC-UP-LUK-002,MED-AMX-500,2026-09-04,1.0,0,419.0,swasthya-demand-v1.0
PHC-UP-LUK-002,MED-AMX-500,2026-09-05,1.0,0,418.0,swasthya-demand-v1.0
PHC-UP-LUK-002,MED-AMX-500,2026-09-06,1.0,0,417.0,swasthya-demand-v1.0
PHC-UP-LUK-002,MED-AMX-500,2026-09-07,8.7,0,408.3,swasthya-demand-v1.0
PHC-UP-LUK-002,MED-AMX-500,2026-09-08,1.0,0,407.3,swasthya-demand-v1.0
PHC-UP-LUK-002,MED-AMX-500,2026-09-09,1.0,0,406.3,swasthya-demand-v1.0
PHC-UP-LUK-002,MED-AMX-500,2026-09-10,1.0,0,405.3,swasthya-demand-v1.0
PHC-UP-LUK-002,MED-AMC-625,2026-08-28,1.0,0,0.0,swasthya-demand-v1.0
PHC-UP-LUK-002,MED-AMC-625,2026-08-29,1.0,0,0.0,swasthya-demand-v1.0
PHC-UP-LUK-002,MED-AMC-625,2026-08-30,1.0,0,0.0,swasthya-demand-v1.0
PHC-UP-LUK-002,MED-AMC-625,2026-08-31,8.6,280,268.4,swasthya-demand-v1.0
PHC-UP-LUK-002,MED-AMC-625,2026-09-01,1.0,0,267.4,swasthya-demand-v1.0
PHC-UP-LUK-002,MED-AMC-625,2026-09-02,1.0,0,266.4,swasthya-demand-v1.0
PHC-UP-LUK-002,MED-AMC-625,2026-09-03,1.0,0,265.4,swasthya-demand-v1.0
PHC-UP-LUK-002,MED-AMC-625,2026-09-04,1.0,0,264.4,swasthya-demand-v1.0
PHC-UP-LUK-002,MED-AMC-625,2026-09-05,1.0,0,263.4,swasthya-demand-v1.0
PHC-UP-LUK-002,MED-AMC-625,2026-09-06,1.0,0,262.4,swasthya-demand-v1.0
PHC-UP-LUK-002,MED-AMC-625,2026-09-07,8.9,0,253.5,swasthya-demand-v1.0
PHC-UP-LUK-002,MED-AMC-625,2026-09-08,1.0,0,252.5,swasthya-demand-v1.0
PHC-UP-LUK-002,MED-AMC-625,2026-09-09,1.0,0,251.5,swasthya-demand-v1.0
PHC-UP-LUK-002,MED-AMC-625,2026-09-10,1.0,0,250.5,swasthya-demand-v1.0
PHC-UP-LUK-002,MED-ORS-SFT,2026-08-28,1.0,0,0.0,swasthya-demand-v1.0
PHC-UP-LUK-002,MED-ORS-SFT,2026-08-29,1.0,644,642.0,swasthya-demand-v1.0
PHC-UP-LUK-002,MED-ORS-SFT,2026-08-30,1.0,0,641.0,swasthya-demand-v1.0
PHC-UP-LUK-002,MED-ORS-SFT,2026-08-31,7.7,0,633.3,swasthya-demand-v1.0
PHC-UP-LUK-002,MED-ORS-SFT,2026-09-01,1.0,0,632.3,swasthya-demand-v1.0
PHC-UP-LUK-002,MED-ORS-SFT,2026-09-02,1.0,0,631.3,swasthya-demand-v1.0
PHC-UP-LUK-002,MED-ORS-SFT,2026-09-03,1.0,0,630.3,swasthya-demand-v1.0
PHC-UP-LUK-002,MED-ORS-SFT,2026-09-04,1.0,0,629.3,swasthya-demand-v1.0
PHC-UP-LUK-002,MED-ORS-SFT,2026-09-05,1.0,0,628.3,swasthya-demand-v1.0
PHC-UP-LUK-002,MED-ORS-SFT,2026-09-06,1.0,0,627.3,swasthya-demand-v1.0
PHC-UP-LUK-002,MED-ORS-SFT,2026-09-07,8.5,0,618.8,swasthya-demand-v1.0
PHC-UP-LUK-002,MED-ORS-SFT,2026-09-08,1.0,0,617.8,swasthya-demand-v1.0
PHC-UP-LUK-002,MED-ORS-SFT,2026-09-09,1.0,0,616.8,swasthya-demand-v1.0
PHC-UP-LUK-002,MED-ORS-SFT,2026-09-10,1.0,0,615.8,swasthya-demand-v1.0
PHC-UP-LUK-002,MED-ZNC-20,2026-08-28,1.0,0,0.0,swasthya-demand-v1.0
PHC-UP-LUK-002,MED-ZNC-20,2026-08-29,1.0,322,320.0,swasthya-demand-v1.0
PHC-UP-LUK-002,MED-ZNC-20,2026-08-30,1.0,0,319.0,swasthya-demand-v1.0
PHC-UP-LUK-002,MED-ZNC-20,2026-08-31,8.5,0,310.5,swasthya-demand-v1.0
PHC-UP-LUK-002,MED-ZNC-20,2026-09-01,1.0,0,309.5,swasthya-demand-v1.0
PHC-UP-LUK-002,MED-ZNC-20,2026-09-02,1.0,0,308.5,swasthya-demand-v1.0
PHC-UP-LUK-002,MED-ZNC-20,2026-09-03,1.0,0,307.5,swasthya-demand-v1.0
PHC-UP-LUK-002,MED-ZNC-20,2026-09-04,1.0,0,306.5,swasthya-demand-v1.0
PHC-UP-LUK-002,MED-ZNC-20,2026-09-05,1.0,0,305.5,swasthya-demand-v1.0
PHC-UP-LUK-002,MED-ZNC-20,2026-09-06,1.0,0,304.5,swasthya-demand-v1.0
PHC-UP-LUK-002,MED-ZNC-20,2026-09-07,8.9,0,295.6,swasthya-demand-v1.0
PHC-UP-LUK-002,MED-ZNC-20,2026-09-08,1.0,0,294.6,swasthya-demand-v1.0
PHC-UP-LUK-002,MED-ZNC-20,2026-09-09,1.0,0,293.6,swasthya-demand-v1.0
PHC-UP-LUK-002,MED-ZNC-20,2026-09-10,1.0,0,292.6,swasthya-demand-v1.0
PHC-UP-LUK-002,MED-AZI-500,2026-08-28,1.0,0,4.0,swasthya-demand-v1.0
PHC-UP-LUK-002,MED-AZI-500,2026-08-29,1.0,0,3.0,swasthya-demand-v1.0
PHC-UP-LUK-002,MED-AZI-500,2026-08-30,1.0,0,2.0,swasthya-demand-v1.0
PHC-UP-LUK-002,MED-AZI-500,2026-08-31,8.6,238,231.4,swasthya-demand-v1.0
PHC-UP-LUK-002,MED-AZI-500,2026-09-01,1.0,0,230.4,swasthya-demand-v1.0
PHC-UP-LUK-002,MED-AZI-500,2026-09-02,1.0,0,229.4,swasthya-demand-v1.0
PHC-UP-LUK-002,MED-AZI-500,2026-09-03,1.0,0,228.4,swasthya-demand-v1.0
PHC-UP-LUK-002,MED-AZI-500,2026-09-04,1.0,0,227.4,swasthya-demand-v1.0
PHC-UP-LUK-002,MED-AZI-500,2026-09-05,1.0,0,226.4,swasthya-demand-v1.0
PHC-UP-LUK-002,MED-AZI-500,2026-09-06,1.0,0,225.4,swasthya-demand-v1.0
PHC-UP-LUK-002,MED-AZI-500,2026-09-07,9.0,0,216.4,swasthya-demand-v1.0
PHC-UP-LUK-002,MED-AZI-500,2026-09-08,1.0,0,215.4,swasthya-demand-v1.0
PHC-UP-LUK-002,MED-AZI-500,2026-09-09,1.0,0,214.4,swasthya-demand-v1.0
PHC-UP-LUK-002,MED-AZI-500,2026-09-10,1.0,0,213.4,swasthya-demand-v1.0
PHC-UP-LUK-002,MED-CTX-1G,2026-08-28,1.0,0,50.0,swasthya-demand-v1.0
PHC-UP-LUK-002,MED-CTX-1G,2026-08-29,1.0,0,49.0,swasthya-demand-v1.0
PHC-UP-LUK-002,MED-CTX-1G,2026-08-30,1.0,0,48.0,swasthya-demand-v1.0
PHC-UP-LUK-002,MED-CTX-1G,2026-08-31,9.1,0,38.9,swasthya-demand-v1.0
PHC-UP-LUK-002,MED-CTX-1G,2026-09-01,1.0,0,37.9,swasthya-demand-v1.0
PHC-UP-LUK-002,MED-CTX-1G,2026-09-02,1.0,112,148.9,swasthya-demand-v1.0
PHC-UP-LUK-002,MED-CTX-1G,2026-09-03,1.0,0,147.9,swasthya-demand-v1.0
PHC-UP-LUK-002,MED-CTX-1G,2026-09-04,1.0,0,146.9,swasthya-demand-v1.0
PHC-UP-LUK-002,MED-CTX-1G,2026-09-05,1.0,0,145.9,swasthya-demand-v1.0
PHC-UP-LUK-002,MED-CTX-1G,2026-09-06,1.0,0,144.9,swasthya-demand-v1.0
PHC-UP-LUK-002,MED-CTX-1G,2026-09-07,9.2,0,135.7,swasthya-demand-v1.0
PHC-UP-LUK-002,MED-CTX-1G,2026-09-08,1.0,0,134.7,swasthya-demand-v1.0
PHC-UP-LUK-002,MED-CTX-1G,2026-09-09,1.0,0,133.7,swasthya-demand-v1.0
PHC-UP-LUK-002,MED-CTX-1G,2026-09-10,1.0,0,132.7,swasthya-demand-v1.0
PHC-UP-LUK-002,MED-RAB-VAC,2026-08-28,1.0,0,73.0,swasthya-demand-v1.0
PHC-UP-LUK-002,MED-RAB-VAC,2026-08-29,1.0,0,72.0,swasthya-demand-v1.0
PHC-UP-LUK-002,MED-RAB-VAC,2026-08-30,1.0,0,71.0,swasthya-demand-v1.0
PHC-UP-LUK-002,MED-RAB-VAC,2026-08-31,9.3,0,61.7,swasthya-demand-v1.0
PHC-UP-LUK-002,MED-RAB-VAC,2026-09-01,1.0,0,60.7,swasthya-demand-v1.0
PHC-UP-LUK-002,MED-RAB-VAC,2026-09-02,1.0,0,59.7,swasthya-demand-v1.0
PHC-UP-LUK-002,MED-RAB-VAC,2026-09-03,1.0,0,58.7,swasthya-demand-v1.0
PHC-UP-LUK-002,MED-RAB-VAC,2026-09-04,1.0,0,57.7,swasthya-demand-v1.0
PHC-UP-LUK-002,MED-RAB-VAC,2026-09-05,1.0,0,56.7,swasthya-demand-v1.0
PHC-UP-LUK-002,MED-RAB-VAC,2026-09-06,1.0,0,55.7,swasthya-demand-v1.0
PHC-UP-LUK-002,MED-RAB-VAC,2026-09-07,9.2,0,46.5,swasthya-demand-v1.0
PHC-UP-LUK-002,MED-RAB-VAC,2026-09-08,1.0,0,45.5,swasthya-demand-v1.0
PHC-UP-LUK-002,MED-RAB-VAC,2026-09-09,1.0,0,44.5,swasthya-demand-v1.0
PHC-UP-LUK-002,MED-RAB-VAC,2026-09-10,1.0,0,43.5,swasthya-demand-v1.0
PHC-UP-LUK-002,MED-ASV-VIAL,2026-08-28,1.0,0,90.0,swasthya-demand-v1.0
PHC-UP-LUK-002,MED-ASV-VIAL,2026-08-29,1.0,0,89.0,swasthya-demand-v1.0
PHC-UP-LUK-002,MED-ASV-VIAL,2026-08-30,1.0,0,88.0,swasthya-demand-v1.0
PHC-UP-LUK-002,MED-ASV-VIAL,2026-08-31,9.4,0,78.6,swasthya-demand-v1.0
PHC-UP-LUK-002,MED-ASV-VIAL,2026-09-01,1.0,0,77.6,swasthya-demand-v1.0
PHC-UP-LUK-002,MED-ASV-VIAL,2026-09-02,1.0,0,76.6,swasthya-demand-v1.0
PHC-UP-LUK-002,MED-ASV-VIAL,2026-09-03,1.0,0,75.6,swasthya-demand-v1.0
PHC-UP-LUK-002,MED-ASV-VIAL,2026-09-04,1.0,0,74.6,swasthya-demand-v1.0
PHC-UP-LUK-002,MED-ASV-VIAL,2026-09-05,1.0,0,73.6,swasthya-demand-v1.0
PHC-UP-LUK-002,MED-ASV-VIAL,2026-09-06,1.0,0,72.6,swasthya-demand-v1.0
PHC-UP-LUK-002,MED-ASV-VIAL,2026-09-07,9.3,0,63.3,swasthya-demand-v1.0
PHC-UP-LUK-002,MED-ASV-VIAL,2026-09-08,1.0,0,62.3,swasthya-demand-v1.0
PHC-UP-LUK-002,MED-ASV-VIAL,2026-09-09,1.0,0,61.3,swasthya-demand-v1.0
PHC-UP-LUK-002,MED-ASV-VIAL,2026-09-10,1.0,0,60.3,swasthya-demand-v1.0
PHC-UP-LUK-002,MED-INS-REG,2026-08-28,1.0,0,69.0,swasthya-demand-v1.0
PHC-UP-LUK-002,MED-INS-REG,2026-08-29,1.0,0,68.0,swasthya-demand-v1.0
PHC-UP-LUK-002,MED-INS-REG,2026-08-30,1.0,0,67.0,swasthya-demand-v1.0
PHC-UP-LUK-002,MED-INS-REG,2026-08-31,9.2,0,57.8,swasthya-demand-v1.0
PHC-UP-LUK-002,MED-INS-REG,2026-09-01,1.0,0,56.8,swasthya-demand-v1.0
PHC-UP-LUK-002,MED-INS-REG,2026-09-02,1.0,0,55.8,swasthya-demand-v1.0
PHC-UP-LUK-002,MED-INS-REG,2026-09-03,1.0,0,54.8,swasthya-demand-v1.0
PHC-UP-LUK-002,MED-INS-REG,2026-09-04,1.0,0,53.8,swasthya-demand-v1.0
PHC-UP-LUK-002,MED-INS-REG,2026-09-05,1.0,0,52.8,swasthya-demand-v1.0
PHC-UP-LUK-002,MED-INS-REG,2026-09-06,1.0,0,51.8,swasthya-demand-v1.0
PHC-UP-LUK-002,MED-INS-REG,2026-09-07,9.2,0,42.6,swasthya-demand-v1.0
PHC-UP-LUK-002,MED-INS-REG,2026-09-08,1.0,0,41.6,swasthya-demand-v1.0
PHC-UP-LUK-002,MED-INS-REG,2026-09-09,1.0,0,40.6,swasthya-demand-v1.0
PHC-UP-LUK-002,MED-INS-REG,2026-09-10,1.0,0,39.6,swasthya-demand-v1.0
PHC-UP-LUK-002,MED-MET-500,2026-08-28,1.0,504,503.0,swasthya-demand-v1.0
PHC-UP-LUK-002,MED-MET-500,2026-08-29,1.0,0,502.0,swasthya-demand-v1.0
PHC-UP-LUK-002,MED-MET-500,2026-08-30,1.0,0,501.0,swasthya-demand-v1.0
PHC-UP-LUK-002,MED-MET-500,2026-08-31,8.0,0,493.0,swasthya-demand-v1.0
PHC-UP-LUK-002,MED-MET-500,2026-09-01,1.0,0,492.0,swasthya-demand-v1.0
PHC-UP-LUK-002,MED-MET-500,2026-09-02,1.0,0,491.0,swasthya-demand-v1.0
PHC-UP-LUK-002,MED-MET-500,2026-09-03,1.0,0,490.0,swasthya-demand-v1.0
PHC-UP-LUK-002,MED-MET-500,2026-09-04,1.0,0,489.0,swasthya-demand-v1.0
PHC-UP-LUK-002,MED-MET-500,2026-09-05,1.0,0,488.0,swasthya-demand-v1.0
PHC-UP-LUK-002,MED-MET-500,2026-09-06,1.0,0,487.0,swasthya-demand-v1.0
PHC-UP-LUK-002,MED-MET-500,2026-09-07,8.7,0,478.3,swasthya-demand-v1.0
PHC-UP-LUK-002,MED-MET-500,2026-09-08,1.0,0,477.3,swasthya-demand-v1.0
PHC-UP-LUK-002,MED-MET-500,2026-09-09,1.0,0,476.3,swasthya-demand-v1.0
PHC-UP-LUK-002,MED-MET-500,2026-09-10,1.0,0,475.3,swasthya-demand-v1.0
PHC-UP-LUK-002,MED-OXY-AMP,2026-08-28,1.0,0,62.0,swasthya-demand-v1.0
PHC-UP-LUK-002,MED-OXY-AMP,2026-08-29,1.0,0,61.0,swasthya-demand-v1.0
PHC-UP-LUK-002,MED-OXY-AMP,2026-08-30,1.0,0,60.0,swasthya-demand-v1.0
PHC-UP-LUK-002,MED-OXY-AMP,2026-08-31,9.2,0,50.8,swasthya-demand-v1.0
PHC-UP-LUK-002,MED-OXY-AMP,2026-09-01,1.0,0,49.8,swasthya-demand-v1.0
PHC-UP-LUK-002,MED-OXY-AMP,2026-09-02,1.0,0,48.8,swasthya-demand-v1.0
PHC-UP-LUK-002,MED-OXY-AMP,2026-09-03,1.0,0,47.8,swasthya-demand-v1.0
PHC-UP-LUK-002,MED-OXY-AMP,2026-09-04,1.0,0,46.8,swasthya-demand-v1.0
PHC-UP-LUK-002,MED-OXY-AMP,2026-09-05,1.0,0,45.8,swasthya-demand-v1.0
PHC-UP-LUK-002,MED-OXY-AMP,2026-09-06,1.0,0,44.8,swasthya-demand-v1.0
PHC-UP-LUK-002,MED-OXY-AMP,2026-09-07,9.2,0,35.6,swasthya-demand-v1.0
PHC-UP-LUK-002,MED-OXY-AMP,2026-09-08,1.0,0,34.6,swasthya-demand-v1.0
PHC-UP-LUK-002,MED-OXY-AMP,2026-09-09,1.0,0,33.6,swasthya-demand-v1.0
PHC-UP-LUK-002,MED-OXY-AMP,2026-09-10,1.0,0,32.6,swasthya-demand-v1.0
PHC-UP-LUK-002,MED-MGS-50,2026-08-28,1.0,0,78.0,swasthya-demand-v1.0
PHC-UP-LUK-002,MED-MGS-50,2026-08-29,1.0,0,77.0,swasthya-demand-v1.0
PHC-UP-LUK-002,MED-MGS-50,2026-08-30,1.0,0,76.0,swasthya-demand-v1.0
PHC-UP-LUK-002,MED-MGS-50,2026-08-31,9.3,0,66.7,swasthya-demand-v1.0
PHC-UP-LUK-002,MED-MGS-50,2026-09-01,1.0,0,65.7,swasthya-demand-v1.0
PHC-UP-LUK-002,MED-MGS-50,2026-09-02,1.0,0,64.7,swasthya-demand-v1.0
PHC-UP-LUK-002,MED-MGS-50,2026-09-03,1.0,0,63.7,swasthya-demand-v1.0
PHC-UP-LUK-002,MED-MGS-50,2026-09-04,1.0,0,62.7,swasthya-demand-v1.0
PHC-UP-LUK-002,MED-MGS-50,2026-09-05,1.0,0,61.7,swasthya-demand-v1.0
PHC-UP-LUK-002,MED-MGS-50,2026-09-06,1.0,0,60.7,swasthya-demand-v1.0
PHC-UP-LUK-002,MED-MGS-50,2026-09-07,9.2,0,51.5,swasthya-demand-v1.0
PHC-UP-LUK-002,MED-MGS-50,2026-09-08,1.0,0,50.5,swasthya-demand-v1.0
PHC-UP-LUK-002,MED-MGS-50,2026-09-09,1.0,0,49.5,swasthya-demand-v1.0
PHC-UP-LUK-002,MED-MGS-50,2026-09-10,1.0,0,48.5,swasthya-demand-v1.0
PHC-UP-LUK-002,MED-IVF-NS500,2026-08-28,1.0,0,0.0,swasthya-demand-v1.0
PHC-UP-LUK-002,MED-IVF-NS500,2026-08-29,1.0,0,0.0,swasthya-demand-v1.0
PHC-UP-LUK-002,MED-IVF-NS500,2026-08-30,1.0,0,0.0,swasthya-demand-v1.0
PHC-UP-LUK-002,MED-IVF-NS500,2026-08-31,8.5,294,282.5,swasthya-demand-v1.0
PHC-UP-LUK-002,MED-IVF-NS500,2026-09-01,1.0,0,281.5,swasthya-demand-v1.0
PHC-UP-LUK-002,MED-IVF-NS500,2026-09-02,1.0,0,280.5,swasthya-demand-v1.0
PHC-UP-LUK-002,MED-IVF-NS500,2026-09-03,1.0,0,279.5,swasthya-demand-v1.0
PHC-UP-LUK-002,MED-IVF-NS500,2026-09-04,1.0,0,278.5,swasthya-demand-v1.0
PHC-UP-LUK-002,MED-IVF-NS500,2026-09-05,1.0,0,277.5,swasthya-demand-v1.0
PHC-UP-LUK-002,MED-IVF-NS500,2026-09-06,1.0,0,276.5,swasthya-demand-v1.0
PHC-UP-LUK-002,MED-IVF-NS500,2026-09-07,8.9,0,267.6,swasthya-demand-v1.0
PHC-UP-LUK-002,MED-IVF-NS500,2026-09-08,1.0,0,266.6,swasthya-demand-v1.0
PHC-UP-LUK-002,MED-IVF-NS500,2026-09-09,1.0,0,265.6,swasthya-demand-v1.0
PHC-UP-LUK-002,MED-IVF-NS500,2026-09-10,1.0,0,264.6,swasthya-demand-v1.0
PHC-UP-LUK-002,MED-IVF-RL500,2026-08-28,1.0,0,10.0,swasthya-demand-v1.0
PHC-UP-LUK-002,MED-IVF-RL500,2026-08-29,1.0,0,9.0,swasthya-demand-v1.0
PHC-UP-LUK-002,MED-IVF-RL500,2026-08-30,1.0,0,8.0,swasthya-demand-v1.0
PHC-UP-LUK-002,MED-IVF-RL500,2026-08-31,8.8,238,237.2,swasthya-demand-v1.0
PHC-UP-LUK-002,MED-IVF-RL500,2026-09-01,1.0,0,236.2,swasthya-demand-v1.0
PHC-UP-LUK-002,MED-IVF-RL500,2026-09-02,1.0,0,235.2,swasthya-demand-v1.0
PHC-UP-LUK-002,MED-IVF-RL500,2026-09-03,1.0,0,234.2,swasthya-demand-v1.0
PHC-UP-LUK-002,MED-IVF-RL500,2026-09-04,1.0,0,233.2,swasthya-demand-v1.0
PHC-UP-LUK-002,MED-IVF-RL500,2026-09-05,1.0,0,232.2,swasthya-demand-v1.0
PHC-UP-LUK-002,MED-IVF-RL500,2026-09-06,1.0,0,231.2,swasthya-demand-v1.0
PHC-UP-LUK-002,MED-IVF-RL500,2026-09-07,9.0,0,222.2,swasthya-demand-v1.0
PHC-UP-LUK-002,MED-IVF-RL500,2026-09-08,1.0,0,221.2,swasthya-demand-v1.0
PHC-UP-LUK-002,MED-IVF-RL500,2026-09-09,1.0,0,220.2,swasthya-demand-v1.0
PHC-UP-LUK-002,MED-IVF-RL500,2026-09-10,1.0,0,219.2,swasthya-demand-v1.0
PHC-UP-LUK-002,MED-IVF-D5500,2026-08-28,1.0,0,34.0,swasthya-demand-v1.0
PHC-UP-LUK-002,MED-IVF-D5500,2026-08-29,1.0,0,33.0,swasthya-demand-v1.0
PHC-UP-LUK-002,MED-IVF-D5500,2026-08-30,1.0,0,32.0,swasthya-demand-v1.0
PHC-UP-LUK-002,MED-IVF-D5500,2026-08-31,9.0,0,23.0,swasthya-demand-v1.0
PHC-UP-LUK-002,MED-IVF-D5500,2026-09-01,1.0,154,176.0,swasthya-demand-v1.0
PHC-UP-LUK-002,MED-IVF-D5500,2026-09-02,1.0,0,175.0,swasthya-demand-v1.0
PHC-UP-LUK-002,MED-IVF-D5500,2026-09-03,1.0,0,174.0,swasthya-demand-v1.0
PHC-UP-LUK-002,MED-IVF-D5500,2026-09-04,1.0,0,173.0,swasthya-demand-v1.0
PHC-UP-LUK-002,MED-IVF-D5500,2026-09-05,1.0,0,172.0,swasthya-demand-v1.0
PHC-UP-LUK-002,MED-IVF-D5500,2026-09-06,1.0,0,171.0,swasthya-demand-v1.0
PHC-UP-LUK-002,MED-IVF-D5500,2026-09-07,9.1,0,161.9,swasthya-demand-v1.0
PHC-UP-LUK-002,MED-IVF-D5500,2026-09-08,1.0,0,160.9,swasthya-demand-v1.0
PHC-UP-LUK-002,MED-IVF-D5500,2026-09-09,1.0,0,159.9,swasthya-demand-v1.0
PHC-UP-LUK-002,MED-IVF-D5500,2026-09-10,1.0,0,158.9,swasthya-demand-v1.0
PHC-UP-LUK-002,MED-ART-60,2026-08-28,1.0,0,77.0,swasthya-demand-v1.0
PHC-UP-LUK-002,MED-ART-60,2026-08-29,1.0,0,76.0,swasthya-demand-v1.0
PHC-UP-LUK-002,MED-ART-60,2026-08-30,1.0,0,75.0,swasthya-demand-v1.0
PHC-UP-LUK-002,MED-ART-60,2026-08-31,9.3,0,65.7,swasthya-demand-v1.0
PHC-UP-LUK-002,MED-ART-60,2026-09-01,1.0,0,64.7,swasthya-demand-v1.0
PHC-UP-LUK-002,MED-ART-60,2026-09-02,1.0,0,63.7,swasthya-demand-v1.0
PHC-UP-LUK-002,MED-ART-60,2026-09-03,1.0,0,62.7,swasthya-demand-v1.0
PHC-UP-LUK-002,MED-ART-60,2026-09-04,1.0,0,61.7,swasthya-demand-v1.0
PHC-UP-LUK-002,MED-ART-60,2026-09-05,1.0,0,60.7,swasthya-demand-v1.0
PHC-UP-LUK-002,MED-ART-60,2026-09-06,1.0,0,59.7,swasthya-demand-v1.0
PHC-UP-LUK-002,MED-ART-60,2026-09-07,9.2,0,50.5,swasthya-demand-v1.0
PHC-UP-LUK-002,MED-ART-60,2026-09-08,1.0,0,49.5,swasthya-demand-v1.0
PHC-UP-LUK-002,MED-ART-60,2026-09-09,1.0,0,48.5,swasthya-demand-v1.0
PHC-UP-LUK-002,MED-ART-60,2026-09-10,1.0,0,47.5,swasthya-demand-v1.0
PHC-UP-LUK-002,MED-ALB-400,2026-08-28,1.0,0,36.0,swasthya-demand-v1.0
PHC-UP-LUK-002,MED-ALB-400,2026-08-29,1.0,0,35.0,swasthya-demand-v1.0
PHC-UP-LUK-002,MED-ALB-400,2026-08-30,1.0,154,188.0,swasthya-demand-v1.0
PHC-UP-LUK-002,MED-ALB-400,2026-08-31,9.0,0,179.0,swasthya-demand-v1.0
PHC-UP-LUK-002,MED-ALB-400,2026-09-01,1.0,0,178.0,swasthya-demand-v1.0
PHC-UP-LUK-002,MED-ALB-400,2026-09-02,1.0,0,177.0,swasthya-demand-v1.0
PHC-UP-LUK-002,MED-ALB-400,2026-09-03,1.0,0,176.0,swasthya-demand-v1.0
PHC-UP-LUK-002,MED-ALB-400,2026-09-04,1.0,0,175.0,swasthya-demand-v1.0
PHC-UP-LUK-002,MED-ALB-400,2026-09-05,1.0,0,174.0,swasthya-demand-v1.0
PHC-UP-LUK-002,MED-ALB-400,2026-09-06,1.0,0,173.0,swasthya-demand-v1.0
PHC-UP-LUK-002,MED-ALB-400,2026-09-07,9.1,0,163.9,swasthya-demand-v1.0
PHC-UP-LUK-002,MED-ALB-400,2026-09-08,1.0,0,162.9,swasthya-demand-v1.0
PHC-UP-LUK-002,MED-ALB-400,2026-09-09,1.0,0,161.9,swasthya-demand-v1.0
PHC-UP-LUK-002,MED-ALB-400,2026-09-10,1.0,0,160.9,swasthya-demand-v1.0
PHC-UP-LUK-002,MED-IFA-TAB,2026-08-28,1.0,0,0.0,swasthya-demand-v1.0
PHC-UP-LUK-002,MED-IFA-TAB,2026-08-29,1.0,0,0.0,swasthya-demand-v1.0
PHC-UP-LUK-002,MED-IFA-TAB,2026-08-30,1.0,0,0.0,swasthya-demand-v1.0
PHC-UP-LUK-002,MED-IFA-TAB,2026-08-31,7.7,560,549.3,swasthya-demand-v1.0
PHC-UP-LUK-002,MED-IFA-TAB,2026-09-01,1.0,0,548.3,swasthya-demand-v1.0
PHC-UP-LUK-002,MED-IFA-TAB,2026-09-02,1.0,0,547.3,swasthya-demand-v1.0
PHC-UP-LUK-002,MED-IFA-TAB,2026-09-03,1.0,0,546.3,swasthya-demand-v1.0
PHC-UP-LUK-002,MED-IFA-TAB,2026-09-04,1.0,0,545.3,swasthya-demand-v1.0
PHC-UP-LUK-002,MED-IFA-TAB,2026-09-05,1.0,0,544.3,swasthya-demand-v1.0
PHC-UP-LUK-002,MED-IFA-TAB,2026-09-06,1.0,0,543.3,swasthya-demand-v1.0
PHC-UP-LUK-002,MED-IFA-TAB,2026-09-07,8.5,0,534.8,swasthya-demand-v1.0
PHC-UP-LUK-002,MED-IFA-TAB,2026-09-08,1.0,0,533.8,swasthya-demand-v1.0
PHC-UP-LUK-002,MED-IFA-TAB,2026-09-09,1.0,0,532.8,swasthya-demand-v1.0
PHC-UP-LUK-002,MED-IFA-TAB,2026-09-10,1.0,0,531.8,swasthya-demand-v1.0
PHC-UP-LUK-003,MED-PCM-500,2026-08-28,24.9,0,0.0,swasthya-demand-v1.0
PHC-UP-LUK-003,MED-PCM-500,2026-08-29,1.0,938,912.1,swasthya-demand-v1.0
PHC-UP-LUK-003,MED-PCM-500,2026-08-30,1.0,0,911.1,swasthya-demand-v1.0
PHC-UP-LUK-003,MED-PCM-500,2026-08-31,13.8,0,897.3,swasthya-demand-v1.0
PHC-UP-LUK-003,MED-PCM-500,2026-09-01,1.0,0,896.3,swasthya-demand-v1.0
PHC-UP-LUK-003,MED-PCM-500,2026-09-02,1.0,0,895.3,swasthya-demand-v1.0
PHC-UP-LUK-003,MED-PCM-500,2026-09-03,1.0,0,894.3,swasthya-demand-v1.0
PHC-UP-LUK-003,MED-PCM-500,2026-09-04,1.0,0,893.3,swasthya-demand-v1.0
PHC-UP-LUK-003,MED-PCM-500,2026-09-05,1.0,0,892.3,swasthya-demand-v1.0
PHC-UP-LUK-003,MED-PCM-500,2026-09-06,1.0,0,891.3,swasthya-demand-v1.0
PHC-UP-LUK-003,MED-PCM-500,2026-09-07,7.8,0,883.5,swasthya-demand-v1.0
PHC-UP-LUK-003,MED-PCM-500,2026-09-08,1.0,0,882.5,swasthya-demand-v1.0
PHC-UP-LUK-003,MED-PCM-500,2026-09-09,1.0,0,881.5,swasthya-demand-v1.0
PHC-UP-LUK-003,MED-PCM-500,2026-09-10,1.0,0,880.5,swasthya-demand-v1.0
PHC-UP-LUK-003,MED-PCM-SYR,2026-08-28,1.0,0,0.0,swasthya-demand-v1.0
PHC-UP-LUK-003,MED-PCM-SYR,2026-08-29,1.0,378,376.0,swasthya-demand-v1.0
PHC-UP-LUK-003,MED-PCM-SYR,2026-08-30,1.0,0,375.0,swasthya-demand-v1.0
PHC-UP-LUK-003,MED-PCM-SYR,2026-08-31,8.3,0,366.7,swasthya-demand-v1.0
PHC-UP-LUK-003,MED-PCM-SYR,2026-09-01,1.0,0,365.7,swasthya-demand-v1.0
PHC-UP-LUK-003,MED-PCM-SYR,2026-09-02,1.0,0,364.7,swasthya-demand-v1.0
PHC-UP-LUK-003,MED-PCM-SYR,2026-09-03,1.0,0,363.7,swasthya-demand-v1.0
PHC-UP-LUK-003,MED-PCM-SYR,2026-09-04,1.0,0,362.7,swasthya-demand-v1.0
PHC-UP-LUK-003,MED-PCM-SYR,2026-09-05,1.0,0,361.7,swasthya-demand-v1.0
PHC-UP-LUK-003,MED-PCM-SYR,2026-09-06,1.0,0,360.7,swasthya-demand-v1.0
PHC-UP-LUK-003,MED-PCM-SYR,2026-09-07,8.8,0,351.9,swasthya-demand-v1.0
PHC-UP-LUK-003,MED-PCM-SYR,2026-09-08,1.0,0,350.9,swasthya-demand-v1.0
PHC-UP-LUK-003,MED-PCM-SYR,2026-09-09,1.0,0,349.9,swasthya-demand-v1.0
PHC-UP-LUK-003,MED-PCM-SYR,2026-09-10,1.0,0,348.9,swasthya-demand-v1.0
PHC-UP-LUK-003,MED-AMX-500,2026-08-28,1.0,0,0.0,swasthya-demand-v1.0
PHC-UP-LUK-003,MED-AMX-500,2026-08-29,1.0,0,0.0,swasthya-demand-v1.0
PHC-UP-LUK-003,MED-AMX-500,2026-08-30,1.0,0,0.0,swasthya-demand-v1.0
PHC-UP-LUK-003,MED-AMX-500,2026-08-31,8.1,462,450.9,swasthya-demand-v1.0
PHC-UP-LUK-003,MED-AMX-500,2026-09-01,1.0,0,449.9,swasthya-demand-v1.0
PHC-UP-LUK-003,MED-AMX-500,2026-09-02,1.0,0,448.9,swasthya-demand-v1.0
PHC-UP-LUK-003,MED-AMX-500,2026-09-03,1.0,0,447.9,swasthya-demand-v1.0
PHC-UP-LUK-003,MED-AMX-500,2026-09-04,1.0,0,446.9,swasthya-demand-v1.0
PHC-UP-LUK-003,MED-AMX-500,2026-09-05,1.0,0,445.9,swasthya-demand-v1.0
PHC-UP-LUK-003,MED-AMX-500,2026-09-06,1.0,0,444.9,swasthya-demand-v1.0
PHC-UP-LUK-003,MED-AMX-500,2026-09-07,8.7,0,436.2,swasthya-demand-v1.0
PHC-UP-LUK-003,MED-AMX-500,2026-09-08,1.0,0,435.2,swasthya-demand-v1.0
PHC-UP-LUK-003,MED-AMX-500,2026-09-09,1.0,0,434.2,swasthya-demand-v1.0
PHC-UP-LUK-003,MED-AMX-500,2026-09-10,1.0,0,433.2,swasthya-demand-v1.0
PHC-UP-LUK-003,MED-AMC-625,2026-08-28,1.0,0,0.0,swasthya-demand-v1.0
PHC-UP-LUK-003,MED-AMC-625,2026-08-29,1.0,0,0.0,swasthya-demand-v1.0
PHC-UP-LUK-003,MED-AMC-625,2026-08-30,1.0,0,0.0,swasthya-demand-v1.0
PHC-UP-LUK-003,MED-AMC-625,2026-08-31,8.6,294,282.4,swasthya-demand-v1.0
PHC-UP-LUK-003,MED-AMC-625,2026-09-01,1.0,0,281.4,swasthya-demand-v1.0
PHC-UP-LUK-003,MED-AMC-625,2026-09-02,1.0,0,280.4,swasthya-demand-v1.0
PHC-UP-LUK-003,MED-AMC-625,2026-09-03,1.0,0,279.4,swasthya-demand-v1.0
PHC-UP-LUK-003,MED-AMC-625,2026-09-04,1.0,0,278.4,swasthya-demand-v1.0
PHC-UP-LUK-003,MED-AMC-625,2026-09-05,1.0,0,277.4,swasthya-demand-v1.0
PHC-UP-LUK-003,MED-AMC-625,2026-09-06,1.0,0,276.4,swasthya-demand-v1.0
PHC-UP-LUK-003,MED-AMC-625,2026-09-07,8.9,0,267.5,swasthya-demand-v1.0
PHC-UP-LUK-003,MED-AMC-625,2026-09-08,1.0,0,266.5,swasthya-demand-v1.0
PHC-UP-LUK-003,MED-AMC-625,2026-09-09,1.0,0,265.5,swasthya-demand-v1.0
PHC-UP-LUK-003,MED-AMC-625,2026-09-10,1.0,0,264.5,swasthya-demand-v1.0
PHC-UP-LUK-003,MED-ORS-SFT,2026-08-28,6.0,672,666.0,swasthya-demand-v1.0
PHC-UP-LUK-003,MED-ORS-SFT,2026-08-29,1.0,0,665.0,swasthya-demand-v1.0
PHC-UP-LUK-003,MED-ORS-SFT,2026-08-30,1.0,0,664.0,swasthya-demand-v1.0
PHC-UP-LUK-003,MED-ORS-SFT,2026-08-31,9.2,0,654.8,swasthya-demand-v1.0
PHC-UP-LUK-003,MED-ORS-SFT,2026-09-01,1.0,0,653.8,swasthya-demand-v1.0
PHC-UP-LUK-003,MED-ORS-SFT,2026-09-02,1.0,0,652.8,swasthya-demand-v1.0
PHC-UP-LUK-003,MED-ORS-SFT,2026-09-03,1.0,0,651.8,swasthya-demand-v1.0
PHC-UP-LUK-003,MED-ORS-SFT,2026-09-04,1.0,0,650.8,swasthya-demand-v1.0
PHC-UP-LUK-003,MED-ORS-SFT,2026-09-05,1.0,0,649.8,swasthya-demand-v1.0
PHC-UP-LUK-003,MED-ORS-SFT,2026-09-06,1.0,0,648.8,swasthya-demand-v1.0
PHC-UP-LUK-003,MED-ORS-SFT,2026-09-07,8.4,0,640.4,swasthya-demand-v1.0
PHC-UP-LUK-003,MED-ORS-SFT,2026-09-08,1.0,0,639.4,swasthya-demand-v1.0
PHC-UP-LUK-003,MED-ORS-SFT,2026-09-09,1.0,0,638.4,swasthya-demand-v1.0
PHC-UP-LUK-003,MED-ORS-SFT,2026-09-10,1.0,0,637.4,swasthya-demand-v1.0
PHC-UP-LUK-003,MED-ZNC-20,2026-08-28,1.0,0,0.0,swasthya-demand-v1.0
PHC-UP-LUK-003,MED-ZNC-20,2026-08-29,1.0,336,334.0,swasthya-demand-v1.0
PHC-UP-LUK-003,MED-ZNC-20,2026-08-30,1.0,0,333.0,swasthya-demand-v1.0
PHC-UP-LUK-003,MED-ZNC-20,2026-08-31,8.5,0,324.5,swasthya-demand-v1.0
PHC-UP-LUK-003,MED-ZNC-20,2026-09-01,1.0,0,323.5,swasthya-demand-v1.0
PHC-UP-LUK-003,MED-ZNC-20,2026-09-02,1.0,0,322.5,swasthya-demand-v1.0
PHC-UP-LUK-003,MED-ZNC-20,2026-09-03,1.0,0,321.5,swasthya-demand-v1.0
PHC-UP-LUK-003,MED-ZNC-20,2026-09-04,1.0,0,320.5,swasthya-demand-v1.0
PHC-UP-LUK-003,MED-ZNC-20,2026-09-05,1.0,0,319.5,swasthya-demand-v1.0
PHC-UP-LUK-003,MED-ZNC-20,2026-09-06,1.0,0,318.5,swasthya-demand-v1.0
PHC-UP-LUK-003,MED-ZNC-20,2026-09-07,8.9,0,309.6,swasthya-demand-v1.0
PHC-UP-LUK-003,MED-ZNC-20,2026-09-08,1.0,0,308.6,swasthya-demand-v1.0
PHC-UP-LUK-003,MED-ZNC-20,2026-09-09,1.0,0,307.6,swasthya-demand-v1.0
PHC-UP-LUK-003,MED-ZNC-20,2026-09-10,1.0,0,306.6,swasthya-demand-v1.0
PHC-UP-LUK-003,MED-AZI-500,2026-08-28,1.0,252,251.0,swasthya-demand-v1.0
PHC-UP-LUK-003,MED-AZI-500,2026-08-29,1.0,0,250.0,swasthya-demand-v1.0
PHC-UP-LUK-003,MED-AZI-500,2026-08-30,1.0,0,249.0,swasthya-demand-v1.0
PHC-UP-LUK-003,MED-AZI-500,2026-08-31,8.5,0,240.5,swasthya-demand-v1.0
PHC-UP-LUK-003,MED-AZI-500,2026-09-01,1.0,0,239.5,swasthya-demand-v1.0
PHC-UP-LUK-003,MED-AZI-500,2026-09-02,1.0,0,238.5,swasthya-demand-v1.0
PHC-UP-LUK-003,MED-AZI-500,2026-09-03,1.0,0,237.5,swasthya-demand-v1.0
PHC-UP-LUK-003,MED-AZI-500,2026-09-04,1.0,0,236.5,swasthya-demand-v1.0
PHC-UP-LUK-003,MED-AZI-500,2026-09-05,1.0,0,235.5,swasthya-demand-v1.0
PHC-UP-LUK-003,MED-AZI-500,2026-09-06,1.0,0,234.5,swasthya-demand-v1.0
PHC-UP-LUK-003,MED-AZI-500,2026-09-07,9.0,0,225.5,swasthya-demand-v1.0
PHC-UP-LUK-003,MED-AZI-500,2026-09-08,1.0,0,224.5,swasthya-demand-v1.0
PHC-UP-LUK-003,MED-AZI-500,2026-09-09,1.0,0,223.5,swasthya-demand-v1.0
PHC-UP-LUK-003,MED-AZI-500,2026-09-10,1.0,0,222.5,swasthya-demand-v1.0
PHC-UP-LUK-003,MED-CTX-1G,2026-08-28,1.0,0,50.0,swasthya-demand-v1.0
PHC-UP-LUK-003,MED-CTX-1G,2026-08-29,1.0,0,49.0,swasthya-demand-v1.0
PHC-UP-LUK-003,MED-CTX-1G,2026-08-30,1.0,126,174.0,swasthya-demand-v1.0
PHC-UP-LUK-003,MED-CTX-1G,2026-08-31,9.0,0,165.0,swasthya-demand-v1.0
PHC-UP-LUK-003,MED-CTX-1G,2026-09-01,1.0,0,164.0,swasthya-demand-v1.0
PHC-UP-LUK-003,MED-CTX-1G,2026-09-02,1.0,0,163.0,swasthya-demand-v1.0
PHC-UP-LUK-003,MED-CTX-1G,2026-09-03,1.0,0,162.0,swasthya-demand-v1.0
PHC-UP-LUK-003,MED-CTX-1G,2026-09-04,1.0,0,161.0,swasthya-demand-v1.0
PHC-UP-LUK-003,MED-CTX-1G,2026-09-05,1.0,0,160.0,swasthya-demand-v1.0
PHC-UP-LUK-003,MED-CTX-1G,2026-09-06,1.0,0,159.0,swasthya-demand-v1.0
PHC-UP-LUK-003,MED-CTX-1G,2026-09-07,9.2,0,149.8,swasthya-demand-v1.0
PHC-UP-LUK-003,MED-CTX-1G,2026-09-08,1.0,0,148.8,swasthya-demand-v1.0
PHC-UP-LUK-003,MED-CTX-1G,2026-09-09,1.0,0,147.8,swasthya-demand-v1.0
PHC-UP-LUK-003,MED-CTX-1G,2026-09-10,1.0,0,146.8,swasthya-demand-v1.0
PHC-UP-LUK-003,MED-RAB-VAC,2026-08-28,1.0,0,68.0,swasthya-demand-v1.0
PHC-UP-LUK-003,MED-RAB-VAC,2026-08-29,1.0,0,67.0,swasthya-demand-v1.0
PHC-UP-LUK-003,MED-RAB-VAC,2026-08-30,1.0,0,66.0,swasthya-demand-v1.0
PHC-UP-LUK-003,MED-RAB-VAC,2026-08-31,9.2,0,56.8,swasthya-demand-v1.0
PHC-UP-LUK-003,MED-RAB-VAC,2026-09-01,1.0,0,55.8,swasthya-demand-v1.0
PHC-UP-LUK-003,MED-RAB-VAC,2026-09-02,1.0,0,54.8,swasthya-demand-v1.0
PHC-UP-LUK-003,MED-RAB-VAC,2026-09-03,1.0,0,53.8,swasthya-demand-v1.0
PHC-UP-LUK-003,MED-RAB-VAC,2026-09-04,1.0,0,52.8,swasthya-demand-v1.0
PHC-UP-LUK-003,MED-RAB-VAC,2026-09-05,1.0,0,51.8,swasthya-demand-v1.0
PHC-UP-LUK-003,MED-RAB-VAC,2026-09-06,1.0,0,50.8,swasthya-demand-v1.0
PHC-UP-LUK-003,MED-RAB-VAC,2026-09-07,9.2,0,41.6,swasthya-demand-v1.0
PHC-UP-LUK-003,MED-RAB-VAC,2026-09-08,1.0,0,40.6,swasthya-demand-v1.0
PHC-UP-LUK-003,MED-RAB-VAC,2026-09-09,1.0,0,39.6,swasthya-demand-v1.0
PHC-UP-LUK-003,MED-RAB-VAC,2026-09-10,1.0,0,38.6,swasthya-demand-v1.0
PHC-UP-LUK-003,MED-ASV-VIAL,2026-08-28,1.0,0,89.0,swasthya-demand-v1.0
PHC-UP-LUK-003,MED-ASV-VIAL,2026-08-29,1.0,0,88.0,swasthya-demand-v1.0
PHC-UP-LUK-003,MED-ASV-VIAL,2026-08-30,1.0,0,87.0,swasthya-demand-v1.0
PHC-UP-LUK-003,MED-ASV-VIAL,2026-08-31,9.4,0,77.6,swasthya-demand-v1.0
PHC-UP-LUK-003,MED-ASV-VIAL,2026-09-01,1.0,0,76.6,swasthya-demand-v1.0
PHC-UP-LUK-003,MED-ASV-VIAL,2026-09-02,1.0,0,75.6,swasthya-demand-v1.0
PHC-UP-LUK-003,MED-ASV-VIAL,2026-09-03,1.0,0,74.6,swasthya-demand-v1.0
PHC-UP-LUK-003,MED-ASV-VIAL,2026-09-04,1.0,0,73.6,swasthya-demand-v1.0
PHC-UP-LUK-003,MED-ASV-VIAL,2026-09-05,1.0,0,72.6,swasthya-demand-v1.0
PHC-UP-LUK-003,MED-ASV-VIAL,2026-09-06,1.0,0,71.6,swasthya-demand-v1.0
PHC-UP-LUK-003,MED-ASV-VIAL,2026-09-07,9.3,0,62.3,swasthya-demand-v1.0
PHC-UP-LUK-003,MED-ASV-VIAL,2026-09-08,1.0,0,61.3,swasthya-demand-v1.0
PHC-UP-LUK-003,MED-ASV-VIAL,2026-09-09,1.0,0,60.3,swasthya-demand-v1.0
PHC-UP-LUK-003,MED-ASV-VIAL,2026-09-10,1.0,0,59.3,swasthya-demand-v1.0
PHC-UP-LUK-003,MED-INS-REG,2026-08-28,1.0,0,66.0,swasthya-demand-v1.0
PHC-UP-LUK-003,MED-INS-REG,2026-08-29,1.0,0,65.0,swasthya-demand-v1.0
PHC-UP-LUK-003,MED-INS-REG,2026-08-30,1.0,0,64.0,swasthya-demand-v1.0
PHC-UP-LUK-003,MED-INS-REG,2026-08-31,9.2,0,54.8,swasthya-demand-v1.0
PHC-UP-LUK-003,MED-INS-REG,2026-09-01,1.0,0,53.8,swasthya-demand-v1.0
PHC-UP-LUK-003,MED-INS-REG,2026-09-02,1.0,0,52.8,swasthya-demand-v1.0
PHC-UP-LUK-003,MED-INS-REG,2026-09-03,1.0,0,51.8,swasthya-demand-v1.0
PHC-UP-LUK-003,MED-INS-REG,2026-09-04,1.0,0,50.8,swasthya-demand-v1.0
PHC-UP-LUK-003,MED-INS-REG,2026-09-05,1.0,0,49.8,swasthya-demand-v1.0
PHC-UP-LUK-003,MED-INS-REG,2026-09-06,1.0,0,48.8,swasthya-demand-v1.0
PHC-UP-LUK-003,MED-INS-REG,2026-09-07,9.2,0,39.6,swasthya-demand-v1.0
PHC-UP-LUK-003,MED-INS-REG,2026-09-08,1.0,0,38.6,swasthya-demand-v1.0
PHC-UP-LUK-003,MED-INS-REG,2026-09-09,1.0,0,37.6,swasthya-demand-v1.0
PHC-UP-LUK-003,MED-INS-REG,2026-09-10,1.0,0,36.6,swasthya-demand-v1.0
PHC-UP-LUK-003,MED-MET-500,2026-08-28,1.0,0,0.0,swasthya-demand-v1.0
PHC-UP-LUK-003,MED-MET-500,2026-08-29,1.0,0,0.0,swasthya-demand-v1.0
PHC-UP-LUK-003,MED-MET-500,2026-08-30,1.0,0,0.0,swasthya-demand-v1.0
PHC-UP-LUK-003,MED-MET-500,2026-08-31,7.9,518,507.1,swasthya-demand-v1.0
PHC-UP-LUK-003,MED-MET-500,2026-09-01,1.0,0,506.1,swasthya-demand-v1.0
PHC-UP-LUK-003,MED-MET-500,2026-09-02,1.0,0,505.1,swasthya-demand-v1.0
PHC-UP-LUK-003,MED-MET-500,2026-09-03,1.0,0,504.1,swasthya-demand-v1.0
PHC-UP-LUK-003,MED-MET-500,2026-09-04,1.0,0,503.1,swasthya-demand-v1.0
PHC-UP-LUK-003,MED-MET-500,2026-09-05,1.0,0,502.1,swasthya-demand-v1.0
PHC-UP-LUK-003,MED-MET-500,2026-09-06,1.0,0,501.1,swasthya-demand-v1.0
PHC-UP-LUK-003,MED-MET-500,2026-09-07,8.6,0,492.5,swasthya-demand-v1.0
PHC-UP-LUK-003,MED-MET-500,2026-09-08,1.0,0,491.5,swasthya-demand-v1.0
PHC-UP-LUK-003,MED-MET-500,2026-09-09,1.0,0,490.5,swasthya-demand-v1.0
PHC-UP-LUK-003,MED-MET-500,2026-09-10,1.0,0,489.5,swasthya-demand-v1.0
PHC-UP-LUK-003,MED-OXY-AMP,2026-08-28,1.0,0,60.0,swasthya-demand-v1.0
PHC-UP-LUK-003,MED-OXY-AMP,2026-08-29,1.0,0,59.0,swasthya-demand-v1.0
PHC-UP-LUK-003,MED-OXY-AMP,2026-08-30,1.0,0,58.0,swasthya-demand-v1.0
PHC-UP-LUK-003,MED-OXY-AMP,2026-08-31,9.2,0,48.8,swasthya-demand-v1.0
PHC-UP-LUK-003,MED-OXY-AMP,2026-09-01,1.0,0,47.8,swasthya-demand-v1.0
PHC-UP-LUK-003,MED-OXY-AMP,2026-09-02,1.0,0,46.8,swasthya-demand-v1.0
PHC-UP-LUK-003,MED-OXY-AMP,2026-09-03,1.0,0,45.8,swasthya-demand-v1.0
PHC-UP-LUK-003,MED-OXY-AMP,2026-09-04,1.0,0,44.8,swasthya-demand-v1.0
PHC-UP-LUK-003,MED-OXY-AMP,2026-09-05,1.0,0,43.8,swasthya-demand-v1.0
PHC-UP-LUK-003,MED-OXY-AMP,2026-09-06,1.0,0,42.8,swasthya-demand-v1.0
PHC-UP-LUK-003,MED-OXY-AMP,2026-09-07,9.2,0,33.6,swasthya-demand-v1.0
PHC-UP-LUK-003,MED-OXY-AMP,2026-09-08,1.0,0,32.6,swasthya-demand-v1.0
PHC-UP-LUK-003,MED-OXY-AMP,2026-09-09,1.0,0,31.6,swasthya-demand-v1.0
PHC-UP-LUK-003,MED-OXY-AMP,2026-09-10,1.0,0,30.6,swasthya-demand-v1.0
PHC-UP-LUK-003,MED-MGS-50,2026-08-28,1.0,0,79.0,swasthya-demand-v1.0
PHC-UP-LUK-003,MED-MGS-50,2026-08-29,1.0,0,78.0,swasthya-demand-v1.0
PHC-UP-LUK-003,MED-MGS-50,2026-08-30,1.0,0,77.0,swasthya-demand-v1.0
PHC-UP-LUK-003,MED-MGS-50,2026-08-31,9.3,0,67.7,swasthya-demand-v1.0
PHC-UP-LUK-003,MED-MGS-50,2026-09-01,1.0,0,66.7,swasthya-demand-v1.0
PHC-UP-LUK-003,MED-MGS-50,2026-09-02,1.0,0,65.7,swasthya-demand-v1.0
PHC-UP-LUK-003,MED-MGS-50,2026-09-03,1.0,0,64.7,swasthya-demand-v1.0
PHC-UP-LUK-003,MED-MGS-50,2026-09-04,1.0,0,63.7,swasthya-demand-v1.0
PHC-UP-LUK-003,MED-MGS-50,2026-09-05,1.0,0,62.7,swasthya-demand-v1.0
PHC-UP-LUK-003,MED-MGS-50,2026-09-06,1.0,0,61.7,swasthya-demand-v1.0
PHC-UP-LUK-003,MED-MGS-50,2026-09-07,9.3,0,52.4,swasthya-demand-v1.0
PHC-UP-LUK-003,MED-MGS-50,2026-09-08,1.0,0,51.4,swasthya-demand-v1.0
PHC-UP-LUK-003,MED-MGS-50,2026-09-09,1.0,0,50.4,swasthya-demand-v1.0
PHC-UP-LUK-003,MED-MGS-50,2026-09-10,1.0,0,49.4,swasthya-demand-v1.0
PHC-UP-LUK-003,MED-IVF-NS500,2026-08-28,1.0,0,0.0,swasthya-demand-v1.0
PHC-UP-LUK-003,MED-IVF-NS500,2026-08-29,1.0,0,0.0,swasthya-demand-v1.0
PHC-UP-LUK-003,MED-IVF-NS500,2026-08-30,1.0,0,0.0,swasthya-demand-v1.0
PHC-UP-LUK-003,MED-IVF-NS500,2026-08-31,8.6,308,296.4,swasthya-demand-v1.0
PHC-UP-LUK-003,MED-IVF-NS500,2026-09-01,1.0,0,295.4,swasthya-demand-v1.0
PHC-UP-LUK-003,MED-IVF-NS500,2026-09-02,1.0,0,294.4,swasthya-demand-v1.0
PHC-UP-LUK-003,MED-IVF-NS500,2026-09-03,1.0,0,293.4,swasthya-demand-v1.0
PHC-UP-LUK-003,MED-IVF-NS500,2026-09-04,1.0,0,292.4,swasthya-demand-v1.0
PHC-UP-LUK-003,MED-IVF-NS500,2026-09-05,1.0,0,291.4,swasthya-demand-v1.0
PHC-UP-LUK-003,MED-IVF-NS500,2026-09-06,1.0,0,290.4,swasthya-demand-v1.0
PHC-UP-LUK-003,MED-IVF-NS500,2026-09-07,8.9,0,281.5,swasthya-demand-v1.0
PHC-UP-LUK-003,MED-IVF-NS500,2026-09-08,1.0,0,280.5,swasthya-demand-v1.0
PHC-UP-LUK-003,MED-IVF-NS500,2026-09-09,1.0,0,279.5,swasthya-demand-v1.0
PHC-UP-LUK-003,MED-IVF-NS500,2026-09-10,1.0,0,278.5,swasthya-demand-v1.0
PHC-UP-LUK-003,MED-IVF-RL500,2026-08-28,1.0,0,3.0,swasthya-demand-v1.0
PHC-UP-LUK-003,MED-IVF-RL500,2026-08-29,1.0,0,2.0,swasthya-demand-v1.0
PHC-UP-LUK-003,MED-IVF-RL500,2026-08-30,1.0,0,1.0,swasthya-demand-v1.0
PHC-UP-LUK-003,MED-IVF-RL500,2026-08-31,8.7,252,244.3,swasthya-demand-v1.0
PHC-UP-LUK-003,MED-IVF-RL500,2026-09-01,1.0,0,243.3,swasthya-demand-v1.0
PHC-UP-LUK-003,MED-IVF-RL500,2026-09-02,1.0,0,242.3,swasthya-demand-v1.0
PHC-UP-LUK-003,MED-IVF-RL500,2026-09-03,1.0,0,241.3,swasthya-demand-v1.0
PHC-UP-LUK-003,MED-IVF-RL500,2026-09-04,1.0,0,240.3,swasthya-demand-v1.0
PHC-UP-LUK-003,MED-IVF-RL500,2026-09-05,1.0,0,239.3,swasthya-demand-v1.0
PHC-UP-LUK-003,MED-IVF-RL500,2026-09-06,1.0,0,238.3,swasthya-demand-v1.0
PHC-UP-LUK-003,MED-IVF-RL500,2026-09-07,9.0,0,229.3,swasthya-demand-v1.0
PHC-UP-LUK-003,MED-IVF-RL500,2026-09-08,1.0,0,228.3,swasthya-demand-v1.0
PHC-UP-LUK-003,MED-IVF-RL500,2026-09-09,1.0,0,227.3,swasthya-demand-v1.0
PHC-UP-LUK-003,MED-IVF-RL500,2026-09-10,1.0,0,226.3,swasthya-demand-v1.0
PHC-UP-LUK-003,MED-IVF-D5500,2026-08-28,1.0,168,201.0,swasthya-demand-v1.0
PHC-UP-LUK-003,MED-IVF-D5500,2026-08-29,1.0,0,200.0,swasthya-demand-v1.0
PHC-UP-LUK-003,MED-IVF-D5500,2026-08-30,1.0,0,199.0,swasthya-demand-v1.0
PHC-UP-LUK-003,MED-IVF-D5500,2026-08-31,8.9,0,190.1,swasthya-demand-v1.0
PHC-UP-LUK-003,MED-IVF-D5500,2026-09-01,1.0,0,189.1,swasthya-demand-v1.0
PHC-UP-LUK-003,MED-IVF-D5500,2026-09-02,1.0,0,188.1,swasthya-demand-v1.0
PHC-UP-LUK-003,MED-IVF-D5500,2026-09-03,1.0,0,187.1,swasthya-demand-v1.0
PHC-UP-LUK-003,MED-IVF-D5500,2026-09-04,1.0,0,186.1,swasthya-demand-v1.0
PHC-UP-LUK-003,MED-IVF-D5500,2026-09-05,1.0,0,185.1,swasthya-demand-v1.0
PHC-UP-LUK-003,MED-IVF-D5500,2026-09-06,1.0,0,184.1,swasthya-demand-v1.0
PHC-UP-LUK-003,MED-IVF-D5500,2026-09-07,9.1,0,175.0,swasthya-demand-v1.0
PHC-UP-LUK-003,MED-IVF-D5500,2026-09-08,1.0,0,174.0,swasthya-demand-v1.0
PHC-UP-LUK-003,MED-IVF-D5500,2026-09-09,1.0,0,173.0,swasthya-demand-v1.0
PHC-UP-LUK-003,MED-IVF-D5500,2026-09-10,1.0,0,172.0,swasthya-demand-v1.0
PHC-UP-LUK-003,MED-ART-60,2026-08-28,1.0,0,74.0,swasthya-demand-v1.0
PHC-UP-LUK-003,MED-ART-60,2026-08-29,1.0,0,73.0,swasthya-demand-v1.0
PHC-UP-LUK-003,MED-ART-60,2026-08-30,1.0,0,72.0,swasthya-demand-v1.0
PHC-UP-LUK-003,MED-ART-60,2026-08-31,9.2,0,62.8,swasthya-demand-v1.0
PHC-UP-LUK-003,MED-ART-60,2026-09-01,1.0,0,61.8,swasthya-demand-v1.0
PHC-UP-LUK-003,MED-ART-60,2026-09-02,1.0,0,60.8,swasthya-demand-v1.0
PHC-UP-LUK-003,MED-ART-60,2026-09-03,1.0,0,59.8,swasthya-demand-v1.0
PHC-UP-LUK-003,MED-ART-60,2026-09-04,1.0,0,58.8,swasthya-demand-v1.0
PHC-UP-LUK-003,MED-ART-60,2026-09-05,1.0,0,57.8,swasthya-demand-v1.0
PHC-UP-LUK-003,MED-ART-60,2026-09-06,1.0,0,56.8,swasthya-demand-v1.0
PHC-UP-LUK-003,MED-ART-60,2026-09-07,9.2,0,47.6,swasthya-demand-v1.0
PHC-UP-LUK-003,MED-ART-60,2026-09-08,1.0,0,46.6,swasthya-demand-v1.0
PHC-UP-LUK-003,MED-ART-60,2026-09-09,1.0,0,45.6,swasthya-demand-v1.0
PHC-UP-LUK-003,MED-ART-60,2026-09-10,1.0,0,44.6,swasthya-demand-v1.0
PHC-UP-LUK-003,MED-ALB-400,2026-08-28,1.0,168,202.0,swasthya-demand-v1.0
PHC-UP-LUK-003,MED-ALB-400,2026-08-29,1.0,0,201.0,swasthya-demand-v1.0
PHC-UP-LUK-003,MED-ALB-400,2026-08-30,1.0,0,200.0,swasthya-demand-v1.0
PHC-UP-LUK-003,MED-ALB-400,2026-08-31,8.9,0,191.1,swasthya-demand-v1.0
PHC-UP-LUK-003,MED-ALB-400,2026-09-01,1.0,0,190.1,swasthya-demand-v1.0
PHC-UP-LUK-003,MED-ALB-400,2026-09-02,1.0,0,189.1,swasthya-demand-v1.0
PHC-UP-LUK-003,MED-ALB-400,2026-09-03,1.0,0,188.1,swasthya-demand-v1.0
PHC-UP-LUK-003,MED-ALB-400,2026-09-04,1.0,0,187.1,swasthya-demand-v1.0
PHC-UP-LUK-003,MED-ALB-400,2026-09-05,1.0,0,186.1,swasthya-demand-v1.0
PHC-UP-LUK-003,MED-ALB-400,2026-09-06,1.0,0,185.1,swasthya-demand-v1.0
PHC-UP-LUK-003,MED-ALB-400,2026-09-07,9.1,0,176.0,swasthya-demand-v1.0
PHC-UP-LUK-003,MED-ALB-400,2026-09-08,1.0,0,175.0,swasthya-demand-v1.0
PHC-UP-LUK-003,MED-ALB-400,2026-09-09,1.0,0,174.0,swasthya-demand-v1.0
PHC-UP-LUK-003,MED-ALB-400,2026-09-10,1.0,0,173.0,swasthya-demand-v1.0
PHC-UP-LUK-003,MED-IFA-TAB,2026-08-28,1.0,0,0.0,swasthya-demand-v1.0
PHC-UP-LUK-003,MED-IFA-TAB,2026-08-29,1.0,588,586.0,swasthya-demand-v1.0
PHC-UP-LUK-003,MED-IFA-TAB,2026-08-30,1.0,0,585.0,swasthya-demand-v1.0
PHC-UP-LUK-003,MED-IFA-TAB,2026-08-31,7.3,0,577.7,swasthya-demand-v1.0
PHC-UP-LUK-003,MED-IFA-TAB,2026-09-01,1.0,0,576.7,swasthya-demand-v1.0
PHC-UP-LUK-003,MED-IFA-TAB,2026-09-02,1.0,0,575.7,swasthya-demand-v1.0
PHC-UP-LUK-003,MED-IFA-TAB,2026-09-03,1.0,0,574.7,swasthya-demand-v1.0
PHC-UP-LUK-003,MED-IFA-TAB,2026-09-04,1.0,0,573.7,swasthya-demand-v1.0
PHC-UP-LUK-003,MED-IFA-TAB,2026-09-05,1.0,0,572.7,swasthya-demand-v1.0
PHC-UP-LUK-003,MED-IFA-TAB,2026-09-06,1.0,0,571.7,swasthya-demand-v1.0
PHC-UP-LUK-003,MED-IFA-TAB,2026-09-07,8.5,0,563.2,swasthya-demand-v1.0
PHC-UP-LUK-003,MED-IFA-TAB,2026-09-08,1.0,0,562.2,swasthya-demand-v1.0
PHC-UP-LUK-003,MED-IFA-TAB,2026-09-09,1.0,0,561.2,swasthya-demand-v1.0
PHC-UP-LUK-003,MED-IFA-TAB,2026-09-10,1.0,0,560.2,swasthya-demand-v1.0
DH-UP-LUK-001,MED-PCM-500,2026-08-28,1510.0,0,0.0,swasthya-demand-v1.0
DH-UP-LUK-001,MED-PCM-500,2026-08-29,1359.3,0,0.0,swasthya-demand-v1.0
DH-UP-LUK-001,MED-PCM-500,2026-08-30,1271.0,18368,14227.7,swasthya-demand-v1.0
DH-UP-LUK-001,MED-PCM-500,2026-08-31,1251.4,0,12976.3,swasthya-demand-v1.0
DH-UP-LUK-001,MED-PCM-500,2026-09-01,1146.2,0,11830.1,swasthya-demand-v1.0
DH-UP-LUK-001,MED-PCM-500,2026-09-02,1068.5,0,10761.6,swasthya-demand-v1.0
DH-UP-LUK-001,MED-PCM-500,2026-09-03,993.1,0,9768.5,swasthya-demand-v1.0
DH-UP-LUK-001,MED-PCM-500,2026-09-04,901.9,0,8866.6,swasthya-demand-v1.0
DH-UP-LUK-001,MED-PCM-500,2026-09-05,815.0,0,8051.6,swasthya-demand-v1.0
DH-UP-LUK-001,MED-PCM-500,2026-09-06,725.3,0,7326.3,swasthya-demand-v1.0
DH-UP-LUK-001,MED-PCM-500,2026-09-07,731.4,0,6594.9,swasthya-demand-v1.0
DH-UP-LUK-001,MED-PCM-500,2026-09-08,656.0,0,5938.9,swasthya-demand-v1.0
DH-UP-LUK-001,MED-PCM-500,2026-09-09,596.4,0,5342.5,swasthya-demand-v1.0
DH-UP-LUK-001,MED-PCM-500,2026-09-10,545.0,0,4797.5,swasthya-demand-v1.0
DH-UP-LUK-001,MED-PCM-SYR,2026-08-28,555.6,7336,6780.4,swasthya-demand-v1.0
DH-UP-LUK-001,MED-PCM-SYR,2026-08-29,473.8,0,6306.6,swasthya-demand-v1.0
DH-UP-LUK-001,MED-PCM-SYR,2026-08-30,392.9,0,5913.7,swasthya-demand-v1.0
DH-UP-LUK-001,MED-PCM-SYR,2026-08-31,428.5,0,5485.2,swasthya-demand-v1.0
DH-UP-LUK-001,MED-PCM-SYR,2026-09-01,364.7,0,5120.5,swasthya-demand-v1.0
DH-UP-LUK-001,MED-PCM-SYR,2026-09-02,318.8,0,4801.7,swasthya-demand-v1.0
DH-UP-LUK-001,MED-PCM-SYR,2026-09-03,283.8,0,4517.9,swasthya-demand-v1.0
DH-UP-LUK-001,MED-PCM-SYR,2026-09-04,227.6,0,4290.3,swasthya-demand-v1.0
DH-UP-LUK-001,MED-PCM-SYR,2026-09-05,173.8,0,4116.5,swasthya-demand-v1.0
DH-UP-LUK-001,MED-PCM-SYR,2026-09-06,117.3,0,3999.2,swasthya-demand-v1.0
DH-UP-LUK-001,MED-PCM-SYR,2026-09-07,154.3,0,3844.9,swasthya-demand-v1.0
DH-UP-LUK-001,MED-PCM-SYR,2026-09-08,108.3,0,3736.6,swasthya-demand-v1.0
DH-UP-LUK-001,MED-PCM-SYR,2026-09-09,76.6,0,3660.0,swasthya-demand-v1.0
DH-UP-LUK-001,MED-PCM-SYR,2026-09-10,52.2,0,3607.8,swasthya-demand-v1.0
DH-UP-LUK-001,MED-AMX-500,2026-08-28,655.2,0,0.0,swasthya-demand-v1.0
DH-UP-LUK-001,MED-AMX-500,2026-08-29,585.5,0,0.0,swasthya-demand-v1.0
DH-UP-LUK-001,MED-AMX-500,2026-08-30,504.8,8974,7228.5,swasthya-demand-v1.0
DH-UP-LUK-001,MED-AMX-500,2026-08-31,524.2,0,6704.3,swasthya-demand-v1.0
DH-UP-LUK-001,MED-AMX-500,2026-09-01,460.1,0,6244.2,swasthya-demand-v1.0
DH-UP-LUK-001,MED-AMX-500,2026-09-02,409.1,0,5835.1,swasthya-demand-v1.0
DH-UP-LUK-001,MED-AMX-500,2026-09-03,367.4,0,5467.7,swasthya-demand-v1.0
DH-UP-LUK-001,MED-AMX-500,2026-09-04,307.9,0,5159.8,swasthya-demand-v1.0
DH-UP-LUK-001,MED-AMX-500,2026-09-05,249.5,0,4910.3,swasthya-demand-v1.0
DH-UP-LUK-001,MED-AMX-500,2026-09-06,188.9,0,4721.4,swasthya-demand-v1.0
DH-UP-LUK-001,MED-AMX-500,2026-09-07,222.5,0,4498.9,swasthya-demand-v1.0
DH-UP-LUK-001,MED-AMX-500,2026-09-08,173.0,0,4325.9,swasthya-demand-v1.0
DH-UP-LUK-001,MED-AMX-500,2026-09-09,137.8,0,4188.1,swasthya-demand-v1.0
DH-UP-LUK-001,MED-AMX-500,2026-09-10,110.2,0,4077.9,swasthya-demand-v1.0
DH-UP-LUK-001,MED-AMC-625,2026-08-28,481.3,0,0.0,swasthya-demand-v1.0
DH-UP-LUK-001,MED-AMC-625,2026-08-29,408.7,0,0.0,swasthya-demand-v1.0
DH-UP-LUK-001,MED-AMC-625,2026-08-30,341.1,5712,4480.9,swasthya-demand-v1.0
DH-UP-LUK-001,MED-AMC-625,2026-08-31,378.0,0,4102.9,swasthya-demand-v1.0
DH-UP-LUK-001,MED-AMC-625,2026-09-01,320.6,0,3782.3,swasthya-demand-v1.0
DH-UP-LUK-001,MED-AMC-625,2026-09-02,280.5,0,3501.8,swasthya-demand-v1.0
DH-UP-LUK-001,MED-AMC-625,2026-09-03,248.7,0,3253.1,swasthya-demand-v1.0
DH-UP-LUK-001,MED-AMC-625,2026-09-04,196.5,0,3056.6,swasthya-demand-v1.0
DH-UP-LUK-001,MED-AMC-625,2026-09-05,145.8,0,2910.8,swasthya-demand-v1.0
DH-UP-LUK-001,MED-AMC-625,2026-09-06,91.6,0,2819.2,swasthya-demand-v1.0
DH-UP-LUK-001,MED-AMC-625,2026-09-07,130.6,0,2688.6,swasthya-demand-v1.0
DH-UP-LUK-001,MED-AMC-625,2026-09-08,85.9,0,2602.7,swasthya-demand-v1.0
DH-UP-LUK-001,MED-AMC-625,2026-09-09,55.8,0,2546.9,swasthya-demand-v1.0
DH-UP-LUK-001,MED-AMC-625,2026-09-10,32.7,0,2514.2,swasthya-demand-v1.0
DH-UP-LUK-001,MED-ORS-SFT,2026-08-28,1138.1,0,0.0,swasthya-demand-v1.0
DH-UP-LUK-001,MED-ORS-SFT,2026-08-29,1007.2,0,0.0,swasthya-demand-v1.0
DH-UP-LUK-001,MED-ORS-SFT,2026-08-30,913.1,13062,10003.6,swasthya-demand-v1.0
DH-UP-LUK-001,MED-ORS-SFT,2026-08-31,922.6,0,9081.0,swasthya-demand-v1.0
DH-UP-LUK-001,MED-ORS-SFT,2026-09-01,831.1,0,8249.9,swasthya-demand-v1.0
DH-UP-LUK-001,MED-ORS-SFT,2026-09-02,765.0,0,7484.9,swasthya-demand-v1.0
DH-UP-LUK-001,MED-ORS-SFT,2026-09-03,706.8,0,6778.1,swasthya-demand-v1.0
DH-UP-LUK-001,MED-ORS-SFT,2026-09-04,628.7,0,6149.4,swasthya-demand-v1.0
DH-UP-LUK-001,MED-ORS-SFT,2026-09-05,555.0,0,5594.4,swasthya-demand-v1.0
DH-UP-LUK-001,MED-ORS-SFT,2026-09-06,478.7,0,5115.7,swasthya-demand-v1.0
DH-UP-LUK-001,MED-ORS-SFT,2026-09-07,497.0,0,4618.7,swasthya-demand-v1.0
DH-UP-LUK-001,MED-ORS-SFT,2026-09-08,433.5,0,4185.2,swasthya-demand-v1.0
DH-UP-LUK-001,MED-ORS-SFT,2026-09-09,385.3,0,3799.9,swasthya-demand-v1.0
DH-UP-LUK-001,MED-ORS-SFT,2026-09-10,344.8,0,3455.1,swasthya-demand-v1.0
DH-UP-LUK-001,MED-ZNC-20,2026-08-28,565.4,0,0.0,swasthya-demand-v1.0
DH-UP-LUK-001,MED-ZNC-20,2026-08-29,480.1,0,0.0,swasthya-demand-v1.0
DH-UP-LUK-001,MED-ZNC-20,2026-08-30,406.4,6524,5072.1,swasthya-demand-v1.0
DH-UP-LUK-001,MED-ZNC-20,2026-08-31,443.9,0,4628.2,swasthya-demand-v1.0
DH-UP-LUK-001,MED-ZNC-20,2026-09-01,380.9,0,4247.3,swasthya-demand-v1.0
DH-UP-LUK-001,MED-ZNC-20,2026-09-02,337.5,0,3909.8,swasthya-demand-v1.0
DH-UP-LUK-001,MED-ZNC-20,2026-09-03,303.3,0,3606.5,swasthya-demand-v1.0
DH-UP-LUK-001,MED-ZNC-20,2026-09-04,247.6,0,3358.9,swasthya-demand-v1.0
DH-UP-LUK-001,MED-ZNC-20,2026-09-05,194.2,0,3164.7,swasthya-demand-v1.0
DH-UP-LUK-001,MED-ZNC-20,2026-09-06,137.4,0,3027.3,swasthya-demand-v1.0
DH-UP-LUK-001,MED-ZNC-20,2026-09-07,173.9,0,2853.4,swasthya-demand-v1.0
DH-UP-LUK-001,MED-ZNC-20,2026-09-08,126.9,0,2726.5,swasthya-demand-v1.0
DH-UP-LUK-001,MED-ZNC-20,2026-09-09,94.7,0,2631.8,swasthya-demand-v1.0
DH-UP-LUK-001,MED-ZNC-20,2026-09-10,69.6,0,2562.2,swasthya-demand-v1.0
DH-UP-LUK-001,MED-AZI-500,2026-08-28,332.0,0,0.0,swasthya-demand-v1.0
DH-UP-LUK-001,MED-AZI-500,2026-08-29,279.1,0,0.0,swasthya-demand-v1.0
DH-UP-LUK-001,MED-AZI-500,2026-08-30,232.4,4886,4042.5,swasthya-demand-v1.0
DH-UP-LUK-001,MED-AZI-500,2026-08-31,256.8,0,3785.7,swasthya-demand-v1.0
DH-UP-LUK-001,MED-AZI-500,2026-09-01,208.8,0,3576.9,swasthya-demand-v1.0
DH-UP-LUK-001,MED-AZI-500,2026-09-02,174.5,0,3402.4,swasthya-demand-v1.0
DH-UP-LUK-001,MED-AZI-500,2026-09-03,143.8,0,3258.6,swasthya-demand-v1.0
DH-UP-LUK-001,MED-AZI-500,2026-09-04,97.5,0,3161.1,swasthya-demand-v1.0
DH-UP-LUK-001,MED-AZI-500,2026-09-05,51.1,0,3110.0,swasthya-demand-v1.0
DH-UP-LUK-001,MED-AZI-500,2026-09-06,1.0,0,3109.0,swasthya-demand-v1.0
DH-UP-LUK-001,MED-AZI-500,2026-09-07,44.8,0,3064.2,swasthya-demand-v1.0
DH-UP-LUK-001,MED-AZI-500,2026-09-08,4.6,0,3059.6,swasthya-demand-v1.0
DH-UP-LUK-001,MED-AZI-500,2026-09-09,1.0,0,3058.6,swasthya-demand-v1.0
DH-UP-LUK-001,MED-AZI-500,2026-09-10,1.0,0,3057.6,swasthya-demand-v1.0
DH-UP-LUK-001,MED-CTX-1G,2026-08-28,165.1,0,0.0,swasthya-demand-v1.0
DH-UP-LUK-001,MED-CTX-1G,2026-08-29,116.2,2436,2154.7,swasthya-demand-v1.0
DH-UP-LUK-001,MED-CTX-1G,2026-08-30,70.9,0,2083.8,swasthya-demand-v1.0
DH-UP-LUK-001,MED-CTX-1G,2026-08-31,112.2,0,1971.6,swasthya-demand-v1.0
DH-UP-LUK-001,MED-CTX-1G,2026-09-01,70.5,0,1901.1,swasthya-demand-v1.0
DH-UP-LUK-001,MED-CTX-1G,2026-09-02,43.5,0,1857.6,swasthya-demand-v1.0
DH-UP-LUK-001,MED-CTX-1G,2026-09-03,21.9,0,1835.7,swasthya-demand-v1.0
DH-UP-LUK-001,MED-CTX-1G,2026-09-04,1.0,0,1834.7,swasthya-demand-v1.0
DH-UP-LUK-001,MED-CTX-1G,2026-09-05,1.0,0,1833.7,swasthya-demand-v1.0
DH-UP-LUK-001,MED-CTX-1G,2026-09-06,1.0,0,1832.7,swasthya-demand-v1.0
DH-UP-LUK-001,MED-CTX-1G,2026-09-07,4.1,0,1828.6,swasthya-demand-v1.0
DH-UP-LUK-001,MED-CTX-1G,2026-09-08,1.0,0,1827.6,swasthya-demand-v1.0
DH-UP-LUK-001,MED-CTX-1G,2026-09-09,1.0,0,1826.6,swasthya-demand-v1.0
DH-UP-LUK-001,MED-CTX-1G,2026-09-10,1.0,0,1825.6,swasthya-demand-v1.0
DH-UP-LUK-001,MED-RAB-VAC,2026-08-28,64.4,0,0.0,swasthya-demand-v1.0
DH-UP-LUK-001,MED-RAB-VAC,2026-08-29,26.0,0,0.0,swasthya-demand-v1.0
DH-UP-LUK-001,MED-RAB-VAC,2026-08-30,1.0,1428,1336.6,swasthya-demand-v1.0
DH-UP-LUK-001,MED-RAB-VAC,2026-08-31,32.4,0,1304.2,swasthya-demand-v1.0
DH-UP-LUK-001,MED-RAB-VAC,2026-09-01,1.0,0,1303.2,swasthya-demand-v1.0
DH-UP-LUK-001,MED-RAB-VAC,2026-09-02,1.0,0,1302.2,swasthya-demand-v1.0
DH-UP-LUK-001,MED-RAB-VAC,2026-09-03,1.0,0,1301.2,swasthya-demand-v1.0
DH-UP-LUK-001,MED-RAB-VAC,2026-09-04,1.0,0,1300.2,swasthya-demand-v1.0
DH-UP-LUK-001,MED-RAB-VAC,2026-09-05,1.0,0,1299.2,swasthya-demand-v1.0
DH-UP-LUK-001,MED-RAB-VAC,2026-09-06,1.0,0,1298.2,swasthya-demand-v1.0
DH-UP-LUK-001,MED-RAB-VAC,2026-09-07,6.7,0,1291.5,swasthya-demand-v1.0
DH-UP-LUK-001,MED-RAB-VAC,2026-09-08,1.0,0,1290.5,swasthya-demand-v1.0
DH-UP-LUK-001,MED-RAB-VAC,2026-09-09,1.0,0,1289.5,swasthya-demand-v1.0
DH-UP-LUK-001,MED-RAB-VAC,2026-09-10,1.0,0,1288.5,swasthya-demand-v1.0
DH-UP-LUK-001,MED-ASV-VIAL,2026-08-28,1.0,0,0.0,swasthya-demand-v1.0
DH-UP-LUK-001,MED-ASV-VIAL,2026-08-29,1.0,0,0.0,swasthya-demand-v1.0
DH-UP-LUK-001,MED-ASV-VIAL,2026-08-30,1.0,476,473.0,swasthya-demand-v1.0
DH-UP-LUK-001,MED-ASV-VIAL,2026-08-31,7.9,0,465.1,swasthya-demand-v1.0
DH-UP-LUK-001,MED-ASV-VIAL,2026-09-01,1.0,0,464.1,swasthya-demand-v1.0
DH-UP-LUK-001,MED-ASV-VIAL,2026-09-02,1.0,0,463.1,swasthya-demand-v1.0
DH-UP-LUK-001,MED-ASV-VIAL,2026-09-03,1.0,0,462.1,swasthya-demand-v1.0
DH-UP-LUK-001,MED-ASV-VIAL,2026-09-04,1.0,0,461.1,swasthya-demand-v1.0
DH-UP-LUK-001,MED-ASV-VIAL,2026-09-05,1.0,0,460.1,swasthya-demand-v1.0
DH-UP-LUK-001,MED-ASV-VIAL,2026-09-06,1.0,0,459.1,swasthya-demand-v1.0
DH-UP-LUK-001,MED-ASV-VIAL,2026-09-07,8.6,0,450.5,swasthya-demand-v1.0
DH-UP-LUK-001,MED-ASV-VIAL,2026-09-08,1.0,0,449.5,swasthya-demand-v1.0
DH-UP-LUK-001,MED-ASV-VIAL,2026-09-09,1.0,0,448.5,swasthya-demand-v1.0
DH-UP-LUK-001,MED-ASV-VIAL,2026-09-10,1.0,0,447.5,swasthya-demand-v1.0
DH-UP-LUK-001,MED-INS-REG,2026-08-28,103.6,0,0.0,swasthya-demand-v1.0
DH-UP-LUK-001,MED-INS-REG,2026-08-29,58.4,1624,1462.0,swasthya-demand-v1.0
DH-UP-LUK-001,MED-INS-REG,2026-08-30,15.2,0,1446.8,swasthya-demand-v1.0
DH-UP-LUK-001,MED-INS-REG,2026-08-31,58.1,0,1388.7,swasthya-demand-v1.0
DH-UP-LUK-001,MED-INS-REG,2026-09-01,18.8,0,1369.9,swasthya-demand-v1.0
DH-UP-LUK-001,MED-INS-REG,2026-09-02,1.0,0,1368.9,swasthya-demand-v1.0
DH-UP-LUK-001,MED-INS-REG,2026-09-03,1.0,0,1367.9,swasthya-demand-v1.0
DH-UP-LUK-001,MED-INS-REG,2026-09-04,1.0,0,1366.9,swasthya-demand-v1.0
DH-UP-LUK-001,MED-INS-REG,2026-09-05,1.0,0,1365.9,swasthya-demand-v1.0
DH-UP-LUK-001,MED-INS-REG,2026-09-06,1.0,0,1364.9,swasthya-demand-v1.0
DH-UP-LUK-001,MED-INS-REG,2026-09-07,5.6,0,1359.3,swasthya-demand-v1.0
DH-UP-LUK-001,MED-INS-REG,2026-09-08,1.0,0,1358.3,swasthya-demand-v1.0
DH-UP-LUK-001,MED-INS-REG,2026-09-09,1.0,0,1357.3,swasthya-demand-v1.0
DH-UP-LUK-001,MED-INS-REG,2026-09-10,1.0,0,1356.3,swasthya-demand-v1.0
DH-UP-LUK-001,MED-MET-500,2026-08-28,845.2,0,0.0,swasthya-demand-v1.0
DH-UP-LUK-001,MED-MET-500,2026-08-29,737.5,10206,8623.3,swasthya-demand-v1.0
DH-UP-LUK-001,MED-MET-500,2026-08-30,668.5,0,7954.8,swasthya-demand-v1.0
DH-UP-LUK-001,MED-MET-500,2026-08-31,679.2,0,7275.6,swasthya-demand-v1.0
DH-UP-LUK-001,MED-MET-500,2026-09-01,603.2,0,6672.4,swasthya-demand-v1.0
DH-UP-LUK-001,MED-MET-500,2026-09-02,549.8,0,6122.6,swasthya-demand-v1.0
DH-UP-LUK-001,MED-MET-500,2026-09-03,500.6,0,5622.0,swasthya-demand-v1.0
DH-UP-LUK-001,MED-MET-500,2026-09-04,434.1,0,5187.9,swasthya-demand-v1.0
DH-UP-LUK-001,MED-MET-500,2026-09-05,370.4,0,4817.5,swasthya-demand-v1.0
DH-UP-LUK-001,MED-MET-500,2026-09-06,303.4,0,4514.1,swasthya-demand-v1.0
DH-UP-LUK-001,MED-MET-500,2026-09-07,331.1,0,4183.0,swasthya-demand-v1.0
DH-UP-LUK-001,MED-MET-500,2026-09-08,276.1,0,3906.9,swasthya-demand-v1.0
DH-UP-LUK-001,MED-MET-500,2026-09-09,235.9,0,3671.0,swasthya-demand-v1.0
DH-UP-LUK-001,MED-MET-500,2026-09-10,203.1,0,3467.9,swasthya-demand-v1.0
DH-UP-LUK-001,MED-OXY-AMP,2026-08-28,111.7,0,0.0,swasthya-demand-v1.0
DH-UP-LUK-001,MED-OXY-AMP,2026-08-29,69.9,2030,1848.4,swasthya-demand-v1.0
DH-UP-LUK-001,MED-OXY-AMP,2026-08-30,25.4,0,1823.0,swasthya-demand-v1.0
DH-UP-LUK-001,MED-OXY-AMP,2026-08-31,66.5,0,1756.5,swasthya-demand-v1.0
DH-UP-LUK-001,MED-OXY-AMP,2026-09-01,27.4,0,1729.1,swasthya-demand-v1.0
DH-UP-LUK-001,MED-OXY-AMP,2026-09-02,1.5,0,1727.6,swasthya-demand-v1.0
DH-UP-LUK-001,MED-OXY-AMP,2026-09-03,1.0,0,1726.6,swasthya-demand-v1.0
DH-UP-LUK-001,MED-OXY-AMP,2026-09-04,1.0,0,1725.6,swasthya-demand-v1.0
DH-UP-LUK-001,MED-OXY-AMP,2026-09-05,1.0,0,1724.6,swasthya-demand-v1.0
DH-UP-LUK-001,MED-OXY-AMP,2026-09-06,1.0,0,1723.6,swasthya-demand-v1.0
DH-UP-LUK-001,MED-OXY-AMP,2026-09-07,5.2,0,1718.4,swasthya-demand-v1.0
DH-UP-LUK-001,MED-OXY-AMP,2026-09-08,1.0,0,1717.4,swasthya-demand-v1.0
DH-UP-LUK-001,MED-OXY-AMP,2026-09-09,1.0,0,1716.4,swasthya-demand-v1.0
DH-UP-LUK-001,MED-OXY-AMP,2026-09-10,1.0,0,1715.4,swasthya-demand-v1.0
DH-UP-LUK-001,MED-MGS-50,2026-08-28,37.5,1008,970.5,swasthya-demand-v1.0
DH-UP-LUK-001,MED-MGS-50,2026-08-29,1.0,0,969.5,swasthya-demand-v1.0
DH-UP-LUK-001,MED-MGS-50,2026-08-30,1.0,0,968.5,swasthya-demand-v1.0
DH-UP-LUK-001,MED-MGS-50,2026-08-31,17.2,0,951.3,swasthya-demand-v1.0
DH-UP-LUK-001,MED-MGS-50,2026-09-01,1.0,0,950.3,swasthya-demand-v1.0
DH-UP-LUK-001,MED-MGS-50,2026-09-02,1.0,0,949.3,swasthya-demand-v1.0
DH-UP-LUK-001,MED-MGS-50,2026-09-03,1.0,0,948.3,swasthya-demand-v1.0
DH-UP-LUK-001,MED-MGS-50,2026-09-04,1.0,0,947.3,swasthya-demand-v1.0
DH-UP-LUK-001,MED-MGS-50,2026-09-05,1.0,0,946.3,swasthya-demand-v1.0
DH-UP-LUK-001,MED-MGS-50,2026-09-06,1.0,0,945.3,swasthya-demand-v1.0
DH-UP-LUK-001,MED-MGS-50,2026-09-07,7.6,0,937.7,swasthya-demand-v1.0
DH-UP-LUK-001,MED-MGS-50,2026-09-08,1.0,0,936.7,swasthya-demand-v1.0
DH-UP-LUK-001,MED-MGS-50,2026-09-09,1.0,0,935.7,swasthya-demand-v1.0
DH-UP-LUK-001,MED-MGS-50,2026-09-10,1.0,0,934.7,swasthya-demand-v1.0
DH-UP-LUK-001,MED-IVF-NS500,2026-08-28,518.6,6118,5599.4,swasthya-demand-v1.0
DH-UP-LUK-001,MED-IVF-NS500,2026-08-29,420.0,0,5179.4,swasthya-demand-v1.0
DH-UP-LUK-001,MED-IVF-NS500,2026-08-30,351.5,0,4827.9,swasthya-demand-v1.0
DH-UP-LUK-001,MED-IVF-NS500,2026-08-31,391.9,0,4436.0,swasthya-demand-v1.0
DH-UP-LUK-001,MED-IVF-NS500,2026-09-01,327.4,0,4108.6,swasthya-demand-v1.0
DH-UP-LUK-001,MED-IVF-NS500,2026-09-02,286.9,0,3821.7,swasthya-demand-v1.0
DH-UP-LUK-001,MED-IVF-NS500,2026-09-03,254.2,0,3567.5,swasthya-demand-v1.0
DH-UP-LUK-001,MED-IVF-NS500,2026-09-04,199.7,0,3367.8,swasthya-demand-v1.0
DH-UP-LUK-001,MED-IVF-NS500,2026-09-05,148.4,0,3219.4,swasthya-demand-v1.0
DH-UP-LUK-001,MED-IVF-NS500,2026-09-06,93.5,0,3125.9,swasthya-demand-v1.0
DH-UP-LUK-001,MED-IVF-NS500,2026-09-07,131.8,0,2994.1,swasthya-demand-v1.0
DH-UP-LUK-001,MED-IVF-NS500,2026-09-08,86.9,0,2907.2,swasthya-demand-v1.0
DH-UP-LUK-001,MED-IVF-NS500,2026-09-09,56.7,0,2850.5,swasthya-demand-v1.0
DH-UP-LUK-001,MED-IVF-NS500,2026-09-10,33.3,0,2817.2,swasthya-demand-v1.0
DH-UP-LUK-001,MED-IVF-RL500,2026-08-28,347.2,0,0.0,swasthya-demand-v1.0
DH-UP-LUK-001,MED-IVF-RL500,2026-08-29,271.2,4886,4267.6,swasthya-demand-v1.0
DH-UP-LUK-001,MED-IVF-RL500,2026-08-30,224.8,0,4042.8,swasthya-demand-v1.0
DH-UP-LUK-001,MED-IVF-RL500,2026-08-31,256.2,0,3786.6,swasthya-demand-v1.0
DH-UP-LUK-001,MED-IVF-RL500,2026-09-01,203.1,0,3583.5,swasthya-demand-v1.0
DH-UP-LUK-001,MED-IVF-RL500,2026-09-02,169.9,0,3413.6,swasthya-demand-v1.0
DH-UP-LUK-001,MED-IVF-RL500,2026-09-03,140.3,0,3273.3,swasthya-demand-v1.0
DH-UP-LUK-001,MED-IVF-RL500,2026-09-04,92.8,0,3180.5,swasthya-demand-v1.0
DH-UP-LUK-001,MED-IVF-RL500,2026-09-05,46.9,0,3133.6,swasthya-demand-v1.0
DH-UP-LUK-001,MED-IVF-RL500,2026-09-06,1.0,0,3132.6,swasthya-demand-v1.0
DH-UP-LUK-001,MED-IVF-RL500,2026-09-07,41.8,0,3090.8,swasthya-demand-v1.0
DH-UP-LUK-001,MED-IVF-RL500,2026-09-08,2.2,0,3088.6,swasthya-demand-v1.0
DH-UP-LUK-001,MED-IVF-RL500,2026-09-09,1.0,0,3087.6,swasthya-demand-v1.0
DH-UP-LUK-001,MED-IVF-RL500,2026-09-10,1.0,0,3086.6,swasthya-demand-v1.0
DH-UP-LUK-001,MED-IVF-D5500,2026-08-28,250.2,3262,3011.8,swasthya-demand-v1.0
DH-UP-LUK-001,MED-IVF-D5500,2026-08-29,197.9,0,2813.9,swasthya-demand-v1.0
DH-UP-LUK-001,MED-IVF-D5500,2026-08-30,141.9,0,2672.0,swasthya-demand-v1.0
DH-UP-LUK-001,MED-IVF-D5500,2026-08-31,181.9,0,2490.1,swasthya-demand-v1.0
DH-UP-LUK-001,MED-IVF-D5500,2026-09-01,135.6,0,2354.5,swasthya-demand-v1.0
DH-UP-LUK-001,MED-IVF-D5500,2026-09-02,103.6,0,2250.9,swasthya-demand-v1.0
DH-UP-LUK-001,MED-IVF-D5500,2026-09-03,79.0,0,2171.9,swasthya-demand-v1.0
DH-UP-LUK-001,MED-IVF-D5500,2026-09-04,35.3,0,2136.6,swasthya-demand-v1.0
DH-UP-LUK-001,MED-IVF-D5500,2026-09-05,1.0,0,2135.6,swasthya-demand-v1.0
DH-UP-LUK-001,MED-IVF-D5500,2026-09-06,1.0,0,2134.6,swasthya-demand-v1.0
DH-UP-LUK-001,MED-IVF-D5500,2026-09-07,12.3,0,2122.3,swasthya-demand-v1.0
DH-UP-LUK-001,MED-IVF-D5500,2026-09-08,1.0,0,2121.3,swasthya-demand-v1.0
DH-UP-LUK-001,MED-IVF-D5500,2026-09-09,1.0,0,2120.3,swasthya-demand-v1.0
DH-UP-LUK-001,MED-IVF-D5500,2026-09-10,1.0,0,2119.3,swasthya-demand-v1.0
DH-UP-LUK-001,MED-ART-60,2026-08-28,59.0,0,0.0,swasthya-demand-v1.0
DH-UP-LUK-001,MED-ART-60,2026-08-29,18.2,1218,1140.8,swasthya-demand-v1.0
DH-UP-LUK-001,MED-ART-60,2026-08-30,1.0,0,1139.8,swasthya-demand-v1.0
DH-UP-LUK-001,MED-ART-60,2026-08-31,28.7,0,1111.1,swasthya-demand-v1.0
DH-UP-LUK-001,MED-ART-60,2026-09-01,1.0,0,1110.1,swasthya-demand-v1.0
DH-UP-LUK-001,MED-ART-60,2026-09-02,1.0,0,1109.1,swasthya-demand-v1.0
DH-UP-LUK-001,MED-ART-60,2026-09-03,1.0,0,1108.1,swasthya-demand-v1.0
DH-UP-LUK-001,MED-ART-60,2026-09-04,1.0,0,1107.1,swasthya-demand-v1.0
DH-UP-LUK-001,MED-ART-60,2026-09-05,1.0,0,1106.1,swasthya-demand-v1.0
DH-UP-LUK-001,MED-ART-60,2026-09-06,1.0,0,1105.1,swasthya-demand-v1.0
DH-UP-LUK-001,MED-ART-60,2026-09-07,6.9,0,1098.2,swasthya-demand-v1.0
DH-UP-LUK-001,MED-ART-60,2026-09-08,1.0,0,1097.2,swasthya-demand-v1.0
DH-UP-LUK-001,MED-ART-60,2026-09-09,1.0,0,1096.2,swasthya-demand-v1.0
DH-UP-LUK-001,MED-ART-60,2026-09-10,1.0,0,1095.2,swasthya-demand-v1.0
DH-UP-LUK-001,MED-ALB-400,2026-08-28,242.0,0,0.0,swasthya-demand-v1.0
DH-UP-LUK-001,MED-ALB-400,2026-08-29,187.4,0,0.0,swasthya-demand-v1.0
DH-UP-LUK-001,MED-ALB-400,2026-08-30,145.8,0,0.0,swasthya-demand-v1.0
DH-UP-LUK-001,MED-ALB-400,2026-08-31,177.7,3262,2509.1,swasthya-demand-v1.0
DH-UP-LUK-001,MED-ALB-400,2026-09-01,132.6,0,2376.5,swasthya-demand-v1.0
DH-UP-LUK-001,MED-ALB-400,2026-09-02,103.0,0,2273.5,swasthya-demand-v1.0
DH-UP-LUK-001,MED-ALB-400,2026-09-03,76.8,0,2196.7,swasthya-demand-v1.0
DH-UP-LUK-001,MED-ALB-400,2026-09-04,33.9,0,2162.8,swasthya-demand-v1.0
DH-UP-LUK-001,MED-ALB-400,2026-09-05,1.0,0,2161.8,swasthya-demand-v1.0
DH-UP-LUK-001,MED-ALB-400,2026-09-06,1.0,0,2160.8,swasthya-demand-v1.0
DH-UP-LUK-001,MED-ALB-400,2026-09-07,12.1,0,2148.7,swasthya-demand-v1.0
DH-UP-LUK-001,MED-ALB-400,2026-09-08,1.0,0,2147.7,swasthya-demand-v1.0
DH-UP-LUK-001,MED-ALB-400,2026-09-09,1.0,0,2146.7,swasthya-demand-v1.0
DH-UP-LUK-001,MED-ALB-400,2026-09-10,1.0,0,2145.7,swasthya-demand-v1.0
DH-UP-LUK-001,MED-IFA-TAB,2026-08-28,1031.3,0,0.0,swasthya-demand-v1.0
DH-UP-LUK-001,MED-IFA-TAB,2026-08-29,898.9,0,0.0,swasthya-demand-v1.0
DH-UP-LUK-001,MED-IFA-TAB,2026-08-30,822.1,0,0.0,swasthya-demand-v1.0
DH-UP-LUK-001,MED-IFA-TAB,2026-08-31,833.9,11424,7837.8,swasthya-demand-v1.0
DH-UP-LUK-001,MED-IFA-TAB,2026-09-01,747.3,0,7090.5,swasthya-demand-v1.0
DH-UP-LUK-001,MED-IFA-TAB,2026-09-02,688.7,0,6401.8,swasthya-demand-v1.0
DH-UP-LUK-001,MED-IFA-TAB,2026-09-03,634.6,0,5767.2,swasthya-demand-v1.0
DH-UP-LUK-001,MED-IFA-TAB,2026-09-04,561.1,0,5206.1,swasthya-demand-v1.0
DH-UP-LUK-001,MED-IFA-TAB,2026-09-05,491.9,0,4714.2,swasthya-demand-v1.0
DH-UP-LUK-001,MED-IFA-TAB,2026-09-06,419.1,0,4295.1,swasthya-demand-v1.0
DH-UP-LUK-001,MED-IFA-TAB,2026-09-07,440.8,0,3854.3,swasthya-demand-v1.0
DH-UP-LUK-001,MED-IFA-TAB,2026-09-08,380.2,0,3474.1,swasthya-demand-v1.0
DH-UP-LUK-001,MED-IFA-TAB,2026-09-09,335.0,0,3139.1,swasthya-demand-v1.0
DH-UP-LUK-001,MED-IFA-TAB,2026-09-10,297.2,0,2841.9,swasthya-demand-v1.0
PHC-RJ-JAI-001,MED-PCM-500,2026-08-28,26.0,0,0.0,swasthya-demand-v1.0
PHC-RJ-JAI-001,MED-PCM-500,2026-08-29,1.0,868,841.0,swasthya-demand-v1.0
PHC-RJ-JAI-001,MED-PCM-500,2026-08-30,1.0,0,840.0,swasthya-demand-v1.0
PHC-RJ-JAI-001,MED-PCM-500,2026-08-31,14.7,0,825.3,swasthya-demand-v1.0
PHC-RJ-JAI-001,MED-PCM-500,2026-09-01,1.0,0,824.3,swasthya-demand-v1.0
PHC-RJ-JAI-001,MED-PCM-500,2026-09-02,1.0,0,823.3,swasthya-demand-v1.0
PHC-RJ-JAI-001,MED-PCM-500,2026-09-03,1.0,0,822.3,swasthya-demand-v1.0
PHC-RJ-JAI-001,MED-PCM-500,2026-09-04,1.0,0,821.3,swasthya-demand-v1.0
PHC-RJ-JAI-001,MED-PCM-500,2026-09-05,1.0,0,820.3,swasthya-demand-v1.0
PHC-RJ-JAI-001,MED-PCM-500,2026-09-06,1.0,0,819.3,swasthya-demand-v1.0
PHC-RJ-JAI-001,MED-PCM-500,2026-09-07,7.9,0,811.4,swasthya-demand-v1.0
PHC-RJ-JAI-001,MED-PCM-500,2026-09-08,1.0,0,810.4,swasthya-demand-v1.0
PHC-RJ-JAI-001,MED-PCM-500,2026-09-09,1.0,0,809.4,swasthya-demand-v1.0
PHC-RJ-JAI-001,MED-PCM-500,2026-09-10,1.0,0,808.4,swasthya-demand-v1.0
PHC-RJ-JAI-001,MED-PCM-SYR,2026-08-28,1.0,0,0.0,swasthya-demand-v1.0
PHC-RJ-JAI-001,MED-PCM-SYR,2026-08-29,1.0,0,0.0,swasthya-demand-v1.0
PHC-RJ-JAI-001,MED-PCM-SYR,2026-08-30,1.0,0,0.0,swasthya-demand-v1.0
PHC-RJ-JAI-001,MED-PCM-SYR,2026-08-31,8.4,350,338.6,swasthya-demand-v1.0
PHC-RJ-JAI-001,MED-PCM-SYR,2026-09-01,1.0,0,337.6,swasthya-demand-v1.0
PHC-RJ-JAI-001,MED-PCM-SYR,2026-09-02,1.0,0,336.6,swasthya-demand-v1.0
PHC-RJ-JAI-001,MED-PCM-SYR,2026-09-03,1.0,0,335.6,swasthya-demand-v1.0
PHC-RJ-JAI-001,MED-PCM-SYR,2026-09-04,1.0,0,334.6,swasthya-demand-v1.0
PHC-RJ-JAI-001,MED-PCM-SYR,2026-09-05,1.0,0,333.6,swasthya-demand-v1.0
PHC-RJ-JAI-001,MED-PCM-SYR,2026-09-06,1.0,0,332.6,swasthya-demand-v1.0
PHC-RJ-JAI-001,MED-PCM-SYR,2026-09-07,8.9,0,323.7,swasthya-demand-v1.0
PHC-RJ-JAI-001,MED-PCM-SYR,2026-09-08,1.0,0,322.7,swasthya-demand-v1.0
PHC-RJ-JAI-001,MED-PCM-SYR,2026-09-09,1.0,0,321.7,swasthya-demand-v1.0
PHC-RJ-JAI-001,MED-PCM-SYR,2026-09-10,1.0,0,320.7,swasthya-demand-v1.0
PHC-RJ-JAI-001,MED-AMX-500,2026-08-28,1.0,420,419.0,swasthya-demand-v1.0
PHC-RJ-JAI-001,MED-AMX-500,2026-08-29,1.0,0,418.0,swasthya-demand-v1.0
PHC-RJ-JAI-001,MED-AMX-500,2026-08-30,1.0,0,417.0,swasthya-demand-v1.0
PHC-RJ-JAI-001,MED-AMX-500,2026-08-31,8.1,0,408.9,swasthya-demand-v1.0
PHC-RJ-JAI-001,MED-AMX-500,2026-09-01,1.0,0,407.9,swasthya-demand-v1.0
PHC-RJ-JAI-001,MED-AMX-500,2026-09-02,1.0,0,406.9,swasthya-demand-v1.0
PHC-RJ-JAI-001,MED-AMX-500,2026-09-03,1.0,0,405.9,swasthya-demand-v1.0
PHC-RJ-JAI-001,MED-AMX-500,2026-09-04,1.0,0,404.9,swasthya-demand-v1.0
PHC-RJ-JAI-001,MED-AMX-500,2026-09-05,1.0,0,403.9,swasthya-demand-v1.0
PHC-RJ-JAI-001,MED-AMX-500,2026-09-06,1.0,0,402.9,swasthya-demand-v1.0
PHC-RJ-JAI-001,MED-AMX-500,2026-09-07,8.7,0,394.2,swasthya-demand-v1.0
PHC-RJ-JAI-001,MED-AMX-500,2026-09-08,1.0,0,393.2,swasthya-demand-v1.0
PHC-RJ-JAI-001,MED-AMX-500,2026-09-09,1.0,0,392.2,swasthya-demand-v1.0
PHC-RJ-JAI-001,MED-AMX-500,2026-09-10,1.0,0,391.2,swasthya-demand-v1.0
PHC-RJ-JAI-001,MED-AMC-625,2026-08-28,1.0,0,0.0,swasthya-demand-v1.0
PHC-RJ-JAI-001,MED-AMC-625,2026-08-29,1.0,0,0.0,swasthya-demand-v1.0
PHC-RJ-JAI-001,MED-AMC-625,2026-08-30,1.0,266,263.0,swasthya-demand-v1.0
PHC-RJ-JAI-001,MED-AMC-625,2026-08-31,8.7,0,254.3,swasthya-demand-v1.0
PHC-RJ-JAI-001,MED-AMC-625,2026-09-01,1.0,0,253.3,swasthya-demand-v1.0
PHC-RJ-JAI-001,MED-AMC-625,2026-09-02,1.0,0,252.3,swasthya-demand-v1.0
PHC-RJ-JAI-001,MED-AMC-625,2026-09-03,1.0,0,251.3,swasthya-demand-v1.0
PHC-RJ-JAI-001,MED-AMC-625,2026-09-04,1.0,0,250.3,swasthya-demand-v1.0
PHC-RJ-JAI-001,MED-AMC-625,2026-09-05,1.0,0,249.3,swasthya-demand-v1.0
PHC-RJ-JAI-001,MED-AMC-625,2026-09-06,1.0,0,248.3,swasthya-demand-v1.0
PHC-RJ-JAI-001,MED-AMC-625,2026-09-07,9.0,0,239.3,swasthya-demand-v1.0
PHC-RJ-JAI-001,MED-AMC-625,2026-09-08,1.0,0,238.3,swasthya-demand-v1.0
PHC-RJ-JAI-001,MED-AMC-625,2026-09-09,1.0,0,237.3,swasthya-demand-v1.0
PHC-RJ-JAI-001,MED-AMC-625,2026-09-10,1.0,0,236.3,swasthya-demand-v1.0
PHC-RJ-JAI-001,MED-ORS-SFT,2026-08-28,1.0,0,0.0,swasthya-demand-v1.0
PHC-RJ-JAI-001,MED-ORS-SFT,2026-08-29,1.0,0,0.0,swasthya-demand-v1.0
PHC-RJ-JAI-001,MED-ORS-SFT,2026-08-30,1.0,616,613.0,swasthya-demand-v1.0
PHC-RJ-JAI-001,MED-ORS-SFT,2026-08-31,7.8,0,605.2,swasthya-demand-v1.0
PHC-RJ-JAI-001,MED-ORS-SFT,2026-09-01,1.0,0,604.2,swasthya-demand-v1.0
PHC-RJ-JAI-001,MED-ORS-SFT,2026-09-02,1.0,0,603.2,swasthya-demand-v1.0
PHC-RJ-JAI-001,MED-ORS-SFT,2026-09-03,1.0,0,602.2,swasthya-demand-v1.0
PHC-RJ-JAI-001,MED-ORS-SFT,2026-09-04,1.0,0,601.2,swasthya-demand-v1.0
PHC-RJ-JAI-001,MED-ORS-SFT,2026-09-05,1.0,0,600.2,swasthya-demand-v1.0
PHC-RJ-JAI-001,MED-ORS-SFT,2026-09-06,1.0,0,599.2,swasthya-demand-v1.0
PHC-RJ-JAI-001,MED-ORS-SFT,2026-09-07,8.5,0,590.7,swasthya-demand-v1.0
PHC-RJ-JAI-001,MED-ORS-SFT,2026-09-08,1.0,0,589.7,swasthya-demand-v1.0
PHC-RJ-JAI-001,MED-ORS-SFT,2026-09-09,1.0,0,588.7,swasthya-demand-v1.0
PHC-RJ-JAI-001,MED-ORS-SFT,2026-09-10,1.0,0,587.7,swasthya-demand-v1.0
PHC-RJ-JAI-001,MED-ZNC-20,2026-08-28,1.0,0,0.0,swasthya-demand-v1.0
PHC-RJ-JAI-001,MED-ZNC-20,2026-08-29,1.0,0,0.0,swasthya-demand-v1.0
PHC-RJ-JAI-001,MED-ZNC-20,2026-08-30,1.0,0,0.0,swasthya-demand-v1.0
PHC-RJ-JAI-001,MED-ZNC-20,2026-08-31,8.5,308,296.5,swasthya-demand-v1.0
PHC-RJ-JAI-001,MED-ZNC-20,2026-09-01,1.0,0,295.5,swasthya-demand-v1.0
PHC-RJ-JAI-001,MED-ZNC-20,2026-09-02,1.0,0,294.5,swasthya-demand-v1.0
PHC-RJ-JAI-001,MED-ZNC-20,2026-09-03,1.0,0,293.5,swasthya-demand-v1.0
PHC-RJ-JAI-001,MED-ZNC-20,2026-09-04,1.0,0,292.5,swasthya-demand-v1.0
PHC-RJ-JAI-001,MED-ZNC-20,2026-09-05,1.0,0,291.5,swasthya-demand-v1.0
PHC-RJ-JAI-001,MED-ZNC-20,2026-09-06,1.0,0,290.5,swasthya-demand-v1.0
PHC-RJ-JAI-001,MED-ZNC-20,2026-09-07,8.9,0,281.6,swasthya-demand-v1.0
PHC-RJ-JAI-001,MED-ZNC-20,2026-09-08,1.0,0,280.6,swasthya-demand-v1.0
PHC-RJ-JAI-001,MED-ZNC-20,2026-09-09,1.0,0,279.6,swasthya-demand-v1.0
PHC-RJ-JAI-001,MED-ZNC-20,2026-09-10,1.0,0,278.6,swasthya-demand-v1.0
PHC-RJ-JAI-001,MED-AZI-500,2026-08-28,1.0,224,233.0,swasthya-demand-v1.0
PHC-RJ-JAI-001,MED-AZI-500,2026-08-29,1.0,0,232.0,swasthya-demand-v1.0
PHC-RJ-JAI-001,MED-AZI-500,2026-08-30,1.0,0,231.0,swasthya-demand-v1.0
PHC-RJ-JAI-001,MED-AZI-500,2026-08-31,8.7,0,222.3,swasthya-demand-v1.0
PHC-RJ-JAI-001,MED-AZI-500,2026-09-01,1.0,0,221.3,swasthya-demand-v1.0
PHC-RJ-JAI-001,MED-AZI-500,2026-09-02,1.0,0,220.3,swasthya-demand-v1.0
PHC-RJ-JAI-001,MED-AZI-500,2026-09-03,1.0,0,219.3,swasthya-demand-v1.0
PHC-RJ-JAI-001,MED-AZI-500,2026-09-04,1.0,0,218.3,swasthya-demand-v1.0
PHC-RJ-JAI-001,MED-AZI-500,2026-09-05,1.0,0,217.3,swasthya-demand-v1.0
PHC-RJ-JAI-001,MED-AZI-500,2026-09-06,1.0,0,216.3,swasthya-demand-v1.0
PHC-RJ-JAI-001,MED-AZI-500,2026-09-07,9.0,0,207.3,swasthya-demand-v1.0
PHC-RJ-JAI-001,MED-AZI-500,2026-09-08,1.0,0,206.3,swasthya-demand-v1.0
PHC-RJ-JAI-001,MED-AZI-500,2026-09-09,1.0,0,205.3,swasthya-demand-v1.0
PHC-RJ-JAI-001,MED-AZI-500,2026-09-10,1.0,0,204.3,swasthya-demand-v1.0
PHC-RJ-JAI-001,MED-CTX-1G,2026-08-28,1.0,0,50.0,swasthya-demand-v1.0
PHC-RJ-JAI-001,MED-CTX-1G,2026-08-29,1.0,0,49.0,swasthya-demand-v1.0
PHC-RJ-JAI-001,MED-CTX-1G,2026-08-30,1.0,0,48.0,swasthya-demand-v1.0
PHC-RJ-JAI-001,MED-CTX-1G,2026-08-31,9.1,0,38.9,swasthya-demand-v1.0
PHC-RJ-JAI-001,MED-CTX-1G,2026-09-01,1.0,112,149.9,swasthya-demand-v1.0
PHC-RJ-JAI-001,MED-CTX-1G,2026-09-02,1.0,0,148.9,swasthya-demand-v1.0
PHC-RJ-JAI-001,MED-CTX-1G,2026-09-03,1.0,0,147.9,swasthya-demand-v1.0
PHC-RJ-JAI-001,MED-CTX-1G,2026-09-04,1.0,0,146.9,swasthya-demand-v1.0
PHC-RJ-JAI-001,MED-CTX-1G,2026-09-05,1.0,0,145.9,swasthya-demand-v1.0
PHC-RJ-JAI-001,MED-CTX-1G,2026-09-06,1.0,0,144.9,swasthya-demand-v1.0
PHC-RJ-JAI-001,MED-CTX-1G,2026-09-07,9.2,0,135.7,swasthya-demand-v1.0
PHC-RJ-JAI-001,MED-CTX-1G,2026-09-08,1.0,0,134.7,swasthya-demand-v1.0
PHC-RJ-JAI-001,MED-CTX-1G,2026-09-09,1.0,0,133.7,swasthya-demand-v1.0
PHC-RJ-JAI-001,MED-CTX-1G,2026-09-10,1.0,0,132.7,swasthya-demand-v1.0
PHC-RJ-JAI-001,MED-RAB-VAC,2026-08-28,1.0,0,71.0,swasthya-demand-v1.0
PHC-RJ-JAI-001,MED-RAB-VAC,2026-08-29,1.0,0,70.0,swasthya-demand-v1.0
PHC-RJ-JAI-001,MED-RAB-VAC,2026-08-30,1.0,0,69.0,swasthya-demand-v1.0
PHC-RJ-JAI-001,MED-RAB-VAC,2026-08-31,9.3,0,59.7,swasthya-demand-v1.0
PHC-RJ-JAI-001,MED-RAB-VAC,2026-09-01,1.0,0,58.7,swasthya-demand-v1.0
PHC-RJ-JAI-001,MED-RAB-VAC,2026-09-02,1.0,0,57.7,swasthya-demand-v1.0
PHC-RJ-JAI-001,MED-RAB-VAC,2026-09-03,1.0,0,56.7,swasthya-demand-v1.0
PHC-RJ-JAI-001,MED-RAB-VAC,2026-09-04,1.0,0,55.7,swasthya-demand-v1.0
PHC-RJ-JAI-001,MED-RAB-VAC,2026-09-05,1.0,0,54.7,swasthya-demand-v1.0
PHC-RJ-JAI-001,MED-RAB-VAC,2026-09-06,1.0,0,53.7,swasthya-demand-v1.0
PHC-RJ-JAI-001,MED-RAB-VAC,2026-09-07,9.2,0,44.5,swasthya-demand-v1.0
PHC-RJ-JAI-001,MED-RAB-VAC,2026-09-08,1.0,0,43.5,swasthya-demand-v1.0
PHC-RJ-JAI-001,MED-RAB-VAC,2026-09-09,1.0,0,42.5,swasthya-demand-v1.0
PHC-RJ-JAI-001,MED-RAB-VAC,2026-09-10,1.0,0,41.5,swasthya-demand-v1.0
PHC-RJ-JAI-001,MED-ASV-VIAL,2026-08-28,1.0,0,91.0,swasthya-demand-v1.0
PHC-RJ-JAI-001,MED-ASV-VIAL,2026-08-29,1.0,0,90.0,swasthya-demand-v1.0
PHC-RJ-JAI-001,MED-ASV-VIAL,2026-08-30,1.0,0,89.0,swasthya-demand-v1.0
PHC-RJ-JAI-001,MED-ASV-VIAL,2026-08-31,9.4,0,79.6,swasthya-demand-v1.0
PHC-RJ-JAI-001,MED-ASV-VIAL,2026-09-01,1.0,0,78.6,swasthya-demand-v1.0
PHC-RJ-JAI-001,MED-ASV-VIAL,2026-09-02,1.0,0,77.6,swasthya-demand-v1.0
PHC-RJ-JAI-001,MED-ASV-VIAL,2026-09-03,1.0,0,76.6,swasthya-demand-v1.0
PHC-RJ-JAI-001,MED-ASV-VIAL,2026-09-04,1.0,0,75.6,swasthya-demand-v1.0
PHC-RJ-JAI-001,MED-ASV-VIAL,2026-09-05,1.0,0,74.6,swasthya-demand-v1.0
PHC-RJ-JAI-001,MED-ASV-VIAL,2026-09-06,1.0,0,73.6,swasthya-demand-v1.0
PHC-RJ-JAI-001,MED-ASV-VIAL,2026-09-07,9.3,0,64.3,swasthya-demand-v1.0
PHC-RJ-JAI-001,MED-ASV-VIAL,2026-09-08,1.0,0,63.3,swasthya-demand-v1.0
PHC-RJ-JAI-001,MED-ASV-VIAL,2026-09-09,1.0,0,62.3,swasthya-demand-v1.0
PHC-RJ-JAI-001,MED-ASV-VIAL,2026-09-10,1.0,0,61.3,swasthya-demand-v1.0
PHC-RJ-JAI-001,MED-INS-REG,2026-08-28,1.0,0,66.0,swasthya-demand-v1.0
PHC-RJ-JAI-001,MED-INS-REG,2026-08-29,1.0,0,65.0,swasthya-demand-v1.0
PHC-RJ-JAI-001,MED-INS-REG,2026-08-30,1.0,0,64.0,swasthya-demand-v1.0
PHC-RJ-JAI-001,MED-INS-REG,2026-08-31,9.2,0,54.8,swasthya-demand-v1.0
PHC-RJ-JAI-001,MED-INS-REG,2026-09-01,1.0,0,53.8,swasthya-demand-v1.0
PHC-RJ-JAI-001,MED-INS-REG,2026-09-02,1.0,0,52.8,swasthya-demand-v1.0
PHC-RJ-JAI-001,MED-INS-REG,2026-09-03,1.0,0,51.8,swasthya-demand-v1.0
PHC-RJ-JAI-001,MED-INS-REG,2026-09-04,1.0,0,50.8,swasthya-demand-v1.0
PHC-RJ-JAI-001,MED-INS-REG,2026-09-05,1.0,0,49.8,swasthya-demand-v1.0
PHC-RJ-JAI-001,MED-INS-REG,2026-09-06,1.0,0,48.8,swasthya-demand-v1.0
PHC-RJ-JAI-001,MED-INS-REG,2026-09-07,9.2,0,39.6,swasthya-demand-v1.0
PHC-RJ-JAI-001,MED-INS-REG,2026-09-08,1.0,0,38.6,swasthya-demand-v1.0
PHC-RJ-JAI-001,MED-INS-REG,2026-09-09,1.0,0,37.6,swasthya-demand-v1.0
PHC-RJ-JAI-001,MED-INS-REG,2026-09-10,1.0,0,36.6,swasthya-demand-v1.0
PHC-RJ-JAI-001,MED-MET-500,2026-08-28,1.0,0,0.0,swasthya-demand-v1.0
PHC-RJ-JAI-001,MED-MET-500,2026-08-29,1.0,490,488.0,swasthya-demand-v1.0
PHC-RJ-JAI-001,MED-MET-500,2026-08-30,1.0,0,487.0,swasthya-demand-v1.0
PHC-RJ-JAI-001,MED-MET-500,2026-08-31,7.8,0,479.2,swasthya-demand-v1.0
PHC-RJ-JAI-001,MED-MET-500,2026-09-01,1.0,0,478.2,swasthya-demand-v1.0
PHC-RJ-JAI-001,MED-MET-500,2026-09-02,1.0,0,477.2,swasthya-demand-v1.0
PHC-RJ-JAI-001,MED-MET-500,2026-09-03,1.0,0,476.2,swasthya-demand-v1.0
PHC-RJ-JAI-001,MED-MET-500,2026-09-04,1.0,0,475.2,swasthya-demand-v1.0
PHC-RJ-JAI-001,MED-MET-500,2026-09-05,1.0,0,474.2,swasthya-demand-v1.0
PHC-RJ-JAI-001,MED-MET-500,2026-09-06,1.0,0,473.2,swasthya-demand-v1.0
PHC-RJ-JAI-001,MED-MET-500,2026-09-07,8.6,0,464.6,swasthya-demand-v1.0
PHC-RJ-JAI-001,MED-MET-500,2026-09-08,1.0,0,463.6,swasthya-demand-v1.0
PHC-RJ-JAI-001,MED-MET-500,2026-09-09,1.0,0,462.6,swasthya-demand-v1.0
PHC-RJ-JAI-001,MED-MET-500,2026-09-10,1.0,0,461.6,swasthya-demand-v1.0
PHC-RJ-JAI-001,MED-OXY-AMP,2026-08-28,1.0,0,61.0,swasthya-demand-v1.0
PHC-RJ-JAI-001,MED-OXY-AMP,2026-08-29,1.0,0,60.0,swasthya-demand-v1.0
PHC-RJ-JAI-001,MED-OXY-AMP,2026-08-30,1.0,0,59.0,swasthya-demand-v1.0
PHC-RJ-JAI-001,MED-OXY-AMP,2026-08-31,9.2,0,49.8,swasthya-demand-v1.0
PHC-RJ-JAI-001,MED-OXY-AMP,2026-09-01,1.0,0,48.8,swasthya-demand-v1.0
PHC-RJ-JAI-001,MED-OXY-AMP,2026-09-02,1.0,0,47.8,swasthya-demand-v1.0
PHC-RJ-JAI-001,MED-OXY-AMP,2026-09-03,1.0,0,46.8,swasthya-demand-v1.0
PHC-RJ-JAI-001,MED-OXY-AMP,2026-09-04,1.0,0,45.8,swasthya-demand-v1.0
PHC-RJ-JAI-001,MED-OXY-AMP,2026-09-05,1.0,0,44.8,swasthya-demand-v1.0
PHC-RJ-JAI-001,MED-OXY-AMP,2026-09-06,1.0,0,43.8,swasthya-demand-v1.0
PHC-RJ-JAI-001,MED-OXY-AMP,2026-09-07,9.2,0,34.6,swasthya-demand-v1.0
PHC-RJ-JAI-001,MED-OXY-AMP,2026-09-08,1.0,0,33.6,swasthya-demand-v1.0
PHC-RJ-JAI-001,MED-OXY-AMP,2026-09-09,1.0,0,32.6,swasthya-demand-v1.0
PHC-RJ-JAI-001,MED-OXY-AMP,2026-09-10,1.0,0,31.6,swasthya-demand-v1.0
PHC-RJ-JAI-001,MED-MGS-50,2026-08-28,1.0,0,80.0,swasthya-demand-v1.0
PHC-RJ-JAI-001,MED-MGS-50,2026-08-29,1.0,0,79.0,swasthya-demand-v1.0
PHC-RJ-JAI-001,MED-MGS-50,2026-08-30,1.0,0,78.0,swasthya-demand-v1.0
PHC-RJ-JAI-001,MED-MGS-50,2026-08-31,9.3,0,68.7,swasthya-demand-v1.0
PHC-RJ-JAI-001,MED-MGS-50,2026-09-01,1.0,0,67.7,swasthya-demand-v1.0
PHC-RJ-JAI-001,MED-MGS-50,2026-09-02,1.0,0,66.7,swasthya-demand-v1.0
PHC-RJ-JAI-001,MED-MGS-50,2026-09-03,1.0,0,65.7,swasthya-demand-v1.0
PHC-RJ-JAI-001,MED-MGS-50,2026-09-04,1.0,0,64.7,swasthya-demand-v1.0
PHC-RJ-JAI-001,MED-MGS-50,2026-09-05,1.0,0,63.7,swasthya-demand-v1.0
PHC-RJ-JAI-001,MED-MGS-50,2026-09-06,1.0,0,62.7,swasthya-demand-v1.0
PHC-RJ-JAI-001,MED-MGS-50,2026-09-07,9.3,0,53.4,swasthya-demand-v1.0
PHC-RJ-JAI-001,MED-MGS-50,2026-09-08,1.0,0,52.4,swasthya-demand-v1.0
PHC-RJ-JAI-001,MED-MGS-50,2026-09-09,1.0,0,51.4,swasthya-demand-v1.0
PHC-RJ-JAI-001,MED-MGS-50,2026-09-10,1.0,0,50.4,swasthya-demand-v1.0
PHC-RJ-JAI-001,MED-IVF-NS500,2026-08-28,1.0,0,0.0,swasthya-demand-v1.0
PHC-RJ-JAI-001,MED-IVF-NS500,2026-08-29,1.0,0,0.0,swasthya-demand-v1.0
PHC-RJ-JAI-001,MED-IVF-NS500,2026-08-30,1.0,0,0.0,swasthya-demand-v1.0
PHC-RJ-JAI-001,MED-IVF-NS500,2026-08-31,8.5,294,282.5,swasthya-demand-v1.0
PHC-RJ-JAI-001,MED-IVF-NS500,2026-09-01,1.0,0,281.5,swasthya-demand-v1.0
PHC-RJ-JAI-001,MED-IVF-NS500,2026-09-02,1.0,0,280.5,swasthya-demand-v1.0
PHC-RJ-JAI-001,MED-IVF-NS500,2026-09-03,1.0,0,279.5,swasthya-demand-v1.0
PHC-RJ-JAI-001,MED-IVF-NS500,2026-09-04,1.0,0,278.5,swasthya-demand-v1.0
PHC-RJ-JAI-001,MED-IVF-NS500,2026-09-05,1.0,0,277.5,swasthya-demand-v1.0
PHC-RJ-JAI-001,MED-IVF-NS500,2026-09-06,1.0,0,276.5,swasthya-demand-v1.0
PHC-RJ-JAI-001,MED-IVF-NS500,2026-09-07,8.9,0,267.6,swasthya-demand-v1.0
PHC-RJ-JAI-001,MED-IVF-NS500,2026-09-08,1.0,0,266.6,swasthya-demand-v1.0
PHC-RJ-JAI-001,MED-IVF-NS500,2026-09-09,1.0,0,265.6,swasthya-demand-v1.0
PHC-RJ-JAI-001,MED-IVF-NS500,2026-09-10,1.0,0,264.6,swasthya-demand-v1.0
PHC-RJ-JAI-001,MED-IVF-RL500,2026-08-28,1.0,0,3.0,swasthya-demand-v1.0
PHC-RJ-JAI-001,MED-IVF-RL500,2026-08-29,1.0,0,2.0,swasthya-demand-v1.0
PHC-RJ-JAI-001,MED-IVF-RL500,2026-08-30,1.0,224,225.0,swasthya-demand-v1.0
PHC-RJ-JAI-001,MED-IVF-RL500,2026-08-31,8.7,0,216.3,swasthya-demand-v1.0
PHC-RJ-JAI-001,MED-IVF-RL500,2026-09-01,1.0,0,215.3,swasthya-demand-v1.0
PHC-RJ-JAI-001,MED-IVF-RL500,2026-09-02,1.0,0,214.3,swasthya-demand-v1.0
PHC-RJ-JAI-001,MED-IVF-RL500,2026-09-03,1.0,0,213.3,swasthya-demand-v1.0
PHC-RJ-JAI-001,MED-IVF-RL500,2026-09-04,1.0,0,212.3,swasthya-demand-v1.0
PHC-RJ-JAI-001,MED-IVF-RL500,2026-09-05,1.0,0,211.3,swasthya-demand-v1.0
PHC-RJ-JAI-001,MED-IVF-RL500,2026-09-06,1.0,0,210.3,swasthya-demand-v1.0
PHC-RJ-JAI-001,MED-IVF-RL500,2026-09-07,9.0,0,201.3,swasthya-demand-v1.0
PHC-RJ-JAI-001,MED-IVF-RL500,2026-09-08,1.0,0,200.3,swasthya-demand-v1.0
PHC-RJ-JAI-001,MED-IVF-RL500,2026-09-09,1.0,0,199.3,swasthya-demand-v1.0
PHC-RJ-JAI-001,MED-IVF-RL500,2026-09-10,1.0,0,198.3,swasthya-demand-v1.0
PHC-RJ-JAI-001,MED-IVF-D5500,2026-08-28,1.0,0,40.0,swasthya-demand-v1.0
PHC-RJ-JAI-001,MED-IVF-D5500,2026-08-29,1.0,154,193.0,swasthya-demand-v1.0
PHC-RJ-JAI-001,MED-IVF-D5500,2026-08-30,1.0,0,192.0,swasthya-demand-v1.0
PHC-RJ-JAI-001,MED-IVF-D5500,2026-08-31,9.0,0,183.0,swasthya-demand-v1.0
PHC-RJ-JAI-001,MED-IVF-D5500,2026-09-01,1.0,0,182.0,swasthya-demand-v1.0
PHC-RJ-JAI-001,MED-IVF-D5500,2026-09-02,1.0,0,181.0,swasthya-demand-v1.0
PHC-RJ-JAI-001,MED-IVF-D5500,2026-09-03,1.0,0,180.0,swasthya-demand-v1.0
PHC-RJ-JAI-001,MED-IVF-D5500,2026-09-04,1.0,0,179.0,swasthya-demand-v1.0
PHC-RJ-JAI-001,MED-IVF-D5500,2026-09-05,1.0,0,178.0,swasthya-demand-v1.0
PHC-RJ-JAI-001,MED-IVF-D5500,2026-09-06,1.0,0,177.0,swasthya-demand-v1.0
PHC-RJ-JAI-001,MED-IVF-D5500,2026-09-07,9.1,0,167.9,swasthya-demand-v1.0
PHC-RJ-JAI-001,MED-IVF-D5500,2026-09-08,1.0,0,166.9,swasthya-demand-v1.0
PHC-RJ-JAI-001,MED-IVF-D5500,2026-09-09,1.0,0,165.9,swasthya-demand-v1.0
PHC-RJ-JAI-001,MED-IVF-D5500,2026-09-10,1.0,0,164.9,swasthya-demand-v1.0
PHC-RJ-JAI-001,MED-ART-60,2026-08-28,1.0,0,76.0,swasthya-demand-v1.0
PHC-RJ-JAI-001,MED-ART-60,2026-08-29,1.0,0,75.0,swasthya-demand-v1.0
PHC-RJ-JAI-001,MED-ART-60,2026-08-30,1.0,0,74.0,swasthya-demand-v1.0
PHC-RJ-JAI-001,MED-ART-60,2026-08-31,9.3,0,64.7,swasthya-demand-v1.0
PHC-RJ-JAI-001,MED-ART-60,2026-09-01,1.0,0,63.7,swasthya-demand-v1.0
PHC-RJ-JAI-001,MED-ART-60,2026-09-02,1.0,0,62.7,swasthya-demand-v1.0
PHC-RJ-JAI-001,MED-ART-60,2026-09-03,1.0,0,61.7,swasthya-demand-v1.0
PHC-RJ-JAI-001,MED-ART-60,2026-09-04,1.0,0,60.7,swasthya-demand-v1.0
PHC-RJ-JAI-001,MED-ART-60,2026-09-05,1.0,0,59.7,swasthya-demand-v1.0
PHC-RJ-JAI-001,MED-ART-60,2026-09-06,1.0,0,58.7,swasthya-demand-v1.0
PHC-RJ-JAI-001,MED-ART-60,2026-09-07,9.2,0,49.5,swasthya-demand-v1.0
PHC-RJ-JAI-001,MED-ART-60,2026-09-08,1.0,0,48.5,swasthya-demand-v1.0
PHC-RJ-JAI-001,MED-ART-60,2026-09-09,1.0,0,47.5,swasthya-demand-v1.0
PHC-RJ-JAI-001,MED-ART-60,2026-09-10,1.0,0,46.5,swasthya-demand-v1.0
PHC-RJ-JAI-001,MED-ALB-400,2026-08-28,1.0,0,39.0,swasthya-demand-v1.0
PHC-RJ-JAI-001,MED-ALB-400,2026-08-29,1.0,0,38.0,swasthya-demand-v1.0
PHC-RJ-JAI-001,MED-ALB-400,2026-08-30,1.0,0,37.0,swasthya-demand-v1.0
PHC-RJ-JAI-001,MED-ALB-400,2026-08-31,8.9,154,182.1,swasthya-demand-v1.0
PHC-RJ-JAI-001,MED-ALB-400,2026-09-01,1.0,0,181.1,swasthya-demand-v1.0
PHC-RJ-JAI-001,MED-ALB-400,2026-09-02,1.0,0,180.1,swasthya-demand-v1.0
PHC-RJ-JAI-001,MED-ALB-400,2026-09-03,1.0,0,179.1,swasthya-demand-v1.0
PHC-RJ-JAI-001,MED-ALB-400,2026-09-04,1.0,0,178.1,swasthya-demand-v1.0
PHC-RJ-JAI-001,MED-ALB-400,2026-09-05,1.0,0,177.1,swasthya-demand-v1.0
PHC-RJ-JAI-001,MED-ALB-400,2026-09-06,1.0,0,176.1,swasthya-demand-v1.0
PHC-RJ-JAI-001,MED-ALB-400,2026-09-07,9.1,0,167.0,swasthya-demand-v1.0
PHC-RJ-JAI-001,MED-ALB-400,2026-09-08,1.0,0,166.0,swasthya-demand-v1.0
PHC-RJ-JAI-001,MED-ALB-400,2026-09-09,1.0,0,165.0,swasthya-demand-v1.0
PHC-RJ-JAI-001,MED-ALB-400,2026-09-10,1.0,0,164.0,swasthya-demand-v1.0
PHC-RJ-JAI-001,MED-IFA-TAB,2026-08-28,1.0,546,545.0,swasthya-demand-v1.0
PHC-RJ-JAI-001,MED-IFA-TAB,2026-08-29,1.0,0,544.0,swasthya-demand-v1.0
PHC-RJ-JAI-001,MED-IFA-TAB,2026-08-30,1.0,0,543.0,swasthya-demand-v1.0
PHC-RJ-JAI-001,MED-IFA-TAB,2026-08-31,7.9,0,535.1,swasthya-demand-v1.0
PHC-RJ-JAI-001,MED-IFA-TAB,2026-09-01,1.0,0,534.1,swasthya-demand-v1.0
PHC-RJ-JAI-001,MED-IFA-TAB,2026-09-02,1.0,0,533.1,swasthya-demand-v1.0
PHC-RJ-JAI-001,MED-IFA-TAB,2026-09-03,1.0,0,532.1,swasthya-demand-v1.0
PHC-RJ-JAI-001,MED-IFA-TAB,2026-09-04,1.0,0,531.1,swasthya-demand-v1.0
PHC-RJ-JAI-001,MED-IFA-TAB,2026-09-05,1.0,0,530.1,swasthya-demand-v1.0
PHC-RJ-JAI-001,MED-IFA-TAB,2026-09-06,1.0,0,529.1,swasthya-demand-v1.0
PHC-RJ-JAI-001,MED-IFA-TAB,2026-09-07,8.5,0,520.6,swasthya-demand-v1.0
PHC-RJ-JAI-001,MED-IFA-TAB,2026-09-08,1.0,0,519.6,swasthya-demand-v1.0
PHC-RJ-JAI-001,MED-IFA-TAB,2026-09-09,1.0,0,518.6,swasthya-demand-v1.0
PHC-RJ-JAI-001,MED-IFA-TAB,2026-09-10,1.0,0,517.6,swasthya-demand-v1.0
PHC-RJ-JAI-002,MED-PCM-500,2026-08-28,12.5,0,0.0,swasthya-demand-v1.0
PHC-RJ-JAI-002,MED-PCM-500,2026-08-29,1.0,784,770.5,swasthya-demand-v1.0
PHC-RJ-JAI-002,MED-PCM-500,2026-08-30,1.0,0,769.5,swasthya-demand-v1.0
PHC-RJ-JAI-002,MED-PCM-500,2026-08-31,10.6,0,758.9,swasthya-demand-v1.0
PHC-RJ-JAI-002,MED-PCM-500,2026-09-01,1.0,0,757.9,swasthya-demand-v1.0
PHC-RJ-JAI-002,MED-PCM-500,2026-09-02,1.0,0,756.9,swasthya-demand-v1.0
PHC-RJ-JAI-002,MED-PCM-500,2026-09-03,1.0,0,755.9,swasthya-demand-v1.0
PHC-RJ-JAI-002,MED-PCM-500,2026-09-04,1.0,0,754.9,swasthya-demand-v1.0
PHC-RJ-JAI-002,MED-PCM-500,2026-09-05,1.0,0,753.9,swasthya-demand-v1.0
PHC-RJ-JAI-002,MED-PCM-500,2026-09-06,1.0,0,752.9,swasthya-demand-v1.0
PHC-RJ-JAI-002,MED-PCM-500,2026-09-07,8.2,0,744.7,swasthya-demand-v1.0
PHC-RJ-JAI-002,MED-PCM-500,2026-09-08,1.0,0,743.7,swasthya-demand-v1.0
PHC-RJ-JAI-002,MED-PCM-500,2026-09-09,1.0,0,742.7,swasthya-demand-v1.0
PHC-RJ-JAI-002,MED-PCM-500,2026-09-10,1.0,0,741.7,swasthya-demand-v1.0
PHC-RJ-JAI-002,MED-PCM-SYR,2026-08-28,1.0,308,307.0,swasthya-demand-v1.0
PHC-RJ-JAI-002,MED-PCM-SYR,2026-08-29,1.0,0,306.0,swasthya-demand-v1.0
PHC-RJ-JAI-002,MED-PCM-SYR,2026-08-30,1.0,0,305.0,swasthya-demand-v1.0
PHC-RJ-JAI-002,MED-PCM-SYR,2026-08-31,8.4,0,296.6,swasthya-demand-v1.0
PHC-RJ-JAI-002,MED-PCM-SYR,2026-09-01,1.0,0,295.6,swasthya-demand-v1.0
PHC-RJ-JAI-002,MED-PCM-SYR,2026-09-02,1.0,0,294.6,swasthya-demand-v1.0
PHC-RJ-JAI-002,MED-PCM-SYR,2026-09-03,1.0,0,293.6,swasthya-demand-v1.0
PHC-RJ-JAI-002,MED-PCM-SYR,2026-09-04,1.0,0,292.6,swasthya-demand-v1.0
PHC-RJ-JAI-002,MED-PCM-SYR,2026-09-05,1.0,0,291.6,swasthya-demand-v1.0
PHC-RJ-JAI-002,MED-PCM-SYR,2026-09-06,1.0,0,290.6,swasthya-demand-v1.0
PHC-RJ-JAI-002,MED-PCM-SYR,2026-09-07,8.9,0,281.7,swasthya-demand-v1.0
PHC-RJ-JAI-002,MED-PCM-SYR,2026-09-08,1.0,0,280.7,swasthya-demand-v1.0
PHC-RJ-JAI-002,MED-PCM-SYR,2026-09-09,1.0,0,279.7,swasthya-demand-v1.0
PHC-RJ-JAI-002,MED-PCM-SYR,2026-09-10,1.0,0,278.7,swasthya-demand-v1.0
PHC-RJ-JAI-002,MED-AMX-500,2026-08-28,1.0,378,377.0,swasthya-demand-v1.0
PHC-RJ-JAI-002,MED-AMX-500,2026-08-29,1.0,0,376.0,swasthya-demand-v1.0
PHC-RJ-JAI-002,MED-AMX-500,2026-08-30,1.0,0,375.0,swasthya-demand-v1.0
PHC-RJ-JAI-002,MED-AMX-500,2026-08-31,8.4,0,366.6,swasthya-demand-v1.0
PHC-RJ-JAI-002,MED-AMX-500,2026-09-01,1.0,0,365.6,swasthya-demand-v1.0
PHC-RJ-JAI-002,MED-AMX-500,2026-09-02,1.0,0,364.6,swasthya-demand-v1.0
PHC-RJ-JAI-002,MED-AMX-500,2026-09-03,1.0,0,363.6,swasthya-demand-v1.0
PHC-RJ-JAI-002,MED-AMX-500,2026-09-04,1.0,0,362.6,swasthya-demand-v1.0
PHC-RJ-JAI-002,MED-AMX-500,2026-09-05,1.0,0,361.6,swasthya-demand-v1.0
PHC-RJ-JAI-002,MED-AMX-500,2026-09-06,1.0,0,360.6,swasthya-demand-v1.0
PHC-RJ-JAI-002,MED-AMX-500,2026-09-07,8.9,0,351.7,swasthya-demand-v1.0
PHC-RJ-JAI-002,MED-AMX-500,2026-09-08,1.0,0,350.7,swasthya-demand-v1.0
PHC-RJ-JAI-002,MED-AMX-500,2026-09-09,1.0,0,349.7,swasthya-demand-v1.0
PHC-RJ-JAI-002,MED-AMX-500,2026-09-10,1.0,0,348.7,swasthya-demand-v1.0
PHC-RJ-JAI-002,MED-AMC-625,2026-08-28,1.0,0,5.0,swasthya-demand-v1.0
PHC-RJ-JAI-002,MED-AMC-625,2026-08-29,1.0,0,4.0,swasthya-demand-v1.0
PHC-RJ-JAI-002,MED-AMC-625,2026-08-30,1.0,238,241.0,swasthya-demand-v1.0
PHC-RJ-JAI-002,MED-AMC-625,2026-08-31,8.6,0,232.4,swasthya-demand-v1.0
PHC-RJ-JAI-002,MED-AMC-625,2026-09-01,1.0,0,231.4,swasthya-demand-v1.0
PHC-RJ-JAI-002,MED-AMC-625,2026-09-02,1.0,0,230.4,swasthya-demand-v1.0
PHC-RJ-JAI-002,MED-AMC-625,2026-09-03,1.0,0,229.4,swasthya-demand-v1.0
PHC-RJ-JAI-002,MED-AMC-625,2026-09-04,1.0,0,228.4,swasthya-demand-v1.0
PHC-RJ-JAI-002,MED-AMC-625,2026-09-05,1.0,0,227.4,swasthya-demand-v1.0
PHC-RJ-JAI-002,MED-AMC-625,2026-09-06,1.0,0,226.4,swasthya-demand-v1.0
PHC-RJ-JAI-002,MED-AMC-625,2026-09-07,9.0,0,217.4,swasthya-demand-v1.0
PHC-RJ-JAI-002,MED-AMC-625,2026-09-08,1.0,0,216.4,swasthya-demand-v1.0
PHC-RJ-JAI-002,MED-AMC-625,2026-09-09,1.0,0,215.4,swasthya-demand-v1.0
PHC-RJ-JAI-002,MED-AMC-625,2026-09-10,1.0,0,214.4,swasthya-demand-v1.0
PHC-RJ-JAI-002,MED-ORS-SFT,2026-08-28,1.0,0,0.0,swasthya-demand-v1.0
PHC-RJ-JAI-002,MED-ORS-SFT,2026-08-29,1.0,560,558.0,swasthya-demand-v1.0
PHC-RJ-JAI-002,MED-ORS-SFT,2026-08-30,1.0,0,557.0,swasthya-demand-v1.0
PHC-RJ-JAI-002,MED-ORS-SFT,2026-08-31,7.6,0,549.4,swasthya-demand-v1.0
PHC-RJ-JAI-002,MED-ORS-SFT,2026-09-01,1.0,0,548.4,swasthya-demand-v1.0
PHC-RJ-JAI-002,MED-ORS-SFT,2026-09-02,1.0,0,547.4,swasthya-demand-v1.0
PHC-RJ-JAI-002,MED-ORS-SFT,2026-09-03,1.0,0,546.4,swasthya-demand-v1.0
PHC-RJ-JAI-002,MED-ORS-SFT,2026-09-04,1.0,0,545.4,swasthya-demand-v1.0
PHC-RJ-JAI-002,MED-ORS-SFT,2026-09-05,1.0,0,544.4,swasthya-demand-v1.0
PHC-RJ-JAI-002,MED-ORS-SFT,2026-09-06,1.0,0,543.4,swasthya-demand-v1.0
PHC-RJ-JAI-002,MED-ORS-SFT,2026-09-07,8.5,0,534.9,swasthya-demand-v1.0
PHC-RJ-JAI-002,MED-ORS-SFT,2026-09-08,1.0,0,533.9,swasthya-demand-v1.0
PHC-RJ-JAI-002,MED-ORS-SFT,2026-09-09,1.0,0,532.9,swasthya-demand-v1.0
PHC-RJ-JAI-002,MED-ORS-SFT,2026-09-10,1.0,0,531.9,swasthya-demand-v1.0
PHC-RJ-JAI-002,MED-ZNC-20,2026-08-28,1.0,0,0.0,swasthya-demand-v1.0
PHC-RJ-JAI-002,MED-ZNC-20,2026-08-29,1.0,0,0.0,swasthya-demand-v1.0
PHC-RJ-JAI-002,MED-ZNC-20,2026-08-30,1.0,280,277.0,swasthya-demand-v1.0
PHC-RJ-JAI-002,MED-ZNC-20,2026-08-31,8.6,0,268.4,swasthya-demand-v1.0
PHC-RJ-JAI-002,MED-ZNC-20,2026-09-01,1.0,0,267.4,swasthya-demand-v1.0
PHC-RJ-JAI-002,MED-ZNC-20,2026-09-02,1.0,0,266.4,swasthya-demand-v1.0
PHC-RJ-JAI-002,MED-ZNC-20,2026-09-03,1.0,0,265.4,swasthya-demand-v1.0
PHC-RJ-JAI-002,MED-ZNC-20,2026-09-04,1.0,0,264.4,swasthya-demand-v1.0
PHC-RJ-JAI-002,MED-ZNC-20,2026-09-05,1.0,0,263.4,swasthya-demand-v1.0
PHC-RJ-JAI-002,MED-ZNC-20,2026-09-06,1.0,0,262.4,swasthya-demand-v1.0
PHC-RJ-JAI-002,MED-ZNC-20,2026-09-07,8.9,0,253.5,swasthya-demand-v1.0
PHC-RJ-JAI-002,MED-ZNC-20,2026-09-08,1.0,0,252.5,swasthya-demand-v1.0
PHC-RJ-JAI-002,MED-ZNC-20,2026-09-09,1.0,0,251.5,swasthya-demand-v1.0
PHC-RJ-JAI-002,MED-ZNC-20,2026-09-10,1.0,0,250.5,swasthya-demand-v1.0
PHC-RJ-JAI-002,MED-AZI-500,2026-08-28,1.0,0,10.0,swasthya-demand-v1.0
PHC-RJ-JAI-002,MED-AZI-500,2026-08-29,1.0,210,219.0,swasthya-demand-v1.0
PHC-RJ-JAI-002,MED-AZI-500,2026-08-30,1.0,0,218.0,swasthya-demand-v1.0
PHC-RJ-JAI-002,MED-AZI-500,2026-08-31,8.7,0,209.3,swasthya-demand-v1.0
PHC-RJ-JAI-002,MED-AZI-500,2026-09-01,1.0,0,208.3,swasthya-demand-v1.0
PHC-RJ-JAI-002,MED-AZI-500,2026-09-02,1.0,0,207.3,swasthya-demand-v1.0
PHC-RJ-JAI-002,MED-AZI-500,2026-09-03,1.0,0,206.3,swasthya-demand-v1.0
PHC-RJ-JAI-002,MED-AZI-500,2026-09-04,1.0,0,205.3,swasthya-demand-v1.0
PHC-RJ-JAI-002,MED-AZI-500,2026-09-05,1.0,0,204.3,swasthya-demand-v1.0
PHC-RJ-JAI-002,MED-AZI-500,2026-09-06,1.0,0,203.3,swasthya-demand-v1.0
PHC-RJ-JAI-002,MED-AZI-500,2026-09-07,9.0,0,194.3,swasthya-demand-v1.0
PHC-RJ-JAI-002,MED-AZI-500,2026-09-08,1.0,0,193.3,swasthya-demand-v1.0
PHC-RJ-JAI-002,MED-AZI-500,2026-09-09,1.0,0,192.3,swasthya-demand-v1.0
PHC-RJ-JAI-002,MED-AZI-500,2026-09-10,1.0,0,191.3,swasthya-demand-v1.0
PHC-RJ-JAI-002,MED-CTX-1G,2026-08-28,1.0,0,57.0,swasthya-demand-v1.0
PHC-RJ-JAI-002,MED-CTX-1G,2026-08-29,1.0,0,56.0,swasthya-demand-v1.0
PHC-RJ-JAI-002,MED-CTX-1G,2026-08-30,1.0,0,55.0,swasthya-demand-v1.0
PHC-RJ-JAI-002,MED-CTX-1G,2026-08-31,9.1,0,45.9,swasthya-demand-v1.0
PHC-RJ-JAI-002,MED-CTX-1G,2026-09-01,1.0,0,44.9,swasthya-demand-v1.0
PHC-RJ-JAI-002,MED-CTX-1G,2026-09-02,1.0,0,43.9,swasthya-demand-v1.0
PHC-RJ-JAI-002,MED-CTX-1G,2026-09-03,1.0,0,42.9,swasthya-demand-v1.0
PHC-RJ-JAI-002,MED-CTX-1G,2026-09-04,1.0,0,41.9,swasthya-demand-v1.0
PHC-RJ-JAI-002,MED-CTX-1G,2026-09-05,1.0,0,40.9,swasthya-demand-v1.0
PHC-RJ-JAI-002,MED-CTX-1G,2026-09-06,1.0,0,39.9,swasthya-demand-v1.0
PHC-RJ-JAI-002,MED-CTX-1G,2026-09-07,9.2,0,30.7,swasthya-demand-v1.0
PHC-RJ-JAI-002,MED-CTX-1G,2026-09-08,1.0,0,29.7,swasthya-demand-v1.0
PHC-RJ-JAI-002,MED-CTX-1G,2026-09-09,1.0,0,28.7,swasthya-demand-v1.0
PHC-RJ-JAI-002,MED-CTX-1G,2026-09-10,1.0,0,27.7,swasthya-demand-v1.0
PHC-RJ-JAI-002,MED-RAB-VAC,2026-08-28,1.0,0,73.0,swasthya-demand-v1.0
PHC-RJ-JAI-002,MED-RAB-VAC,2026-08-29,1.0,0,72.0,swasthya-demand-v1.0
PHC-RJ-JAI-002,MED-RAB-VAC,2026-08-30,1.0,0,71.0,swasthya-demand-v1.0
PHC-RJ-JAI-002,MED-RAB-VAC,2026-08-31,9.2,0,61.8,swasthya-demand-v1.0
PHC-RJ-JAI-002,MED-RAB-VAC,2026-09-01,1.0,0,60.8,swasthya-demand-v1.0
PHC-RJ-JAI-002,MED-RAB-VAC,2026-09-02,1.0,0,59.8,swasthya-demand-v1.0
PHC-RJ-JAI-002,MED-RAB-VAC,2026-09-03,1.0,0,58.8,swasthya-demand-v1.0
PHC-RJ-JAI-002,MED-RAB-VAC,2026-09-04,1.0,0,57.8,swasthya-demand-v1.0
PHC-RJ-JAI-002,MED-RAB-VAC,2026-09-05,1.0,0,56.8,swasthya-demand-v1.0
PHC-RJ-JAI-002,MED-RAB-VAC,2026-09-06,1.0,0,55.8,swasthya-demand-v1.0
PHC-RJ-JAI-002,MED-RAB-VAC,2026-09-07,9.2,0,46.6,swasthya-demand-v1.0
PHC-RJ-JAI-002,MED-RAB-VAC,2026-09-08,1.0,0,45.6,swasthya-demand-v1.0
PHC-RJ-JAI-002,MED-RAB-VAC,2026-09-09,1.0,0,44.6,swasthya-demand-v1.0
PHC-RJ-JAI-002,MED-RAB-VAC,2026-09-10,1.0,0,43.6,swasthya-demand-v1.0
PHC-RJ-JAI-002,MED-ASV-VIAL,2026-08-28,1.0,0,90.0,swasthya-demand-v1.0
PHC-RJ-JAI-002,MED-ASV-VIAL,2026-08-29,1.0,0,89.0,swasthya-demand-v1.0
PHC-RJ-JAI-002,MED-ASV-VIAL,2026-08-30,1.0,0,88.0,swasthya-demand-v1.0
PHC-RJ-JAI-002,MED-ASV-VIAL,2026-08-31,9.4,0,78.6,swasthya-demand-v1.0
PHC-RJ-JAI-002,MED-ASV-VIAL,2026-09-01,1.0,0,77.6,swasthya-demand-v1.0
PHC-RJ-JAI-002,MED-ASV-VIAL,2026-09-02,1.0,0,76.6,swasthya-demand-v1.0
PHC-RJ-JAI-002,MED-ASV-VIAL,2026-09-03,1.0,0,75.6,swasthya-demand-v1.0
PHC-RJ-JAI-002,MED-ASV-VIAL,2026-09-04,1.0,0,74.6,swasthya-demand-v1.0
PHC-RJ-JAI-002,MED-ASV-VIAL,2026-09-05,1.0,0,73.6,swasthya-demand-v1.0
PHC-RJ-JAI-002,MED-ASV-VIAL,2026-09-06,1.0,0,72.6,swasthya-demand-v1.0
PHC-RJ-JAI-002,MED-ASV-VIAL,2026-09-07,9.3,0,63.3,swasthya-demand-v1.0
PHC-RJ-JAI-002,MED-ASV-VIAL,2026-09-08,1.0,0,62.3,swasthya-demand-v1.0
PHC-RJ-JAI-002,MED-ASV-VIAL,2026-09-09,1.0,0,61.3,swasthya-demand-v1.0
PHC-RJ-JAI-002,MED-ASV-VIAL,2026-09-10,1.0,0,60.3,swasthya-demand-v1.0
PHC-RJ-JAI-002,MED-INS-REG,2026-08-28,1.0,0,71.0,swasthya-demand-v1.0
PHC-RJ-JAI-002,MED-INS-REG,2026-08-29,1.0,0,70.0,swasthya-demand-v1.0
PHC-RJ-JAI-002,MED-INS-REG,2026-08-30,1.0,0,69.0,swasthya-demand-v1.0
PHC-RJ-JAI-002,MED-INS-REG,2026-08-31,9.2,0,59.8,swasthya-demand-v1.0
PHC-RJ-JAI-002,MED-INS-REG,2026-09-01,1.0,0,58.8,swasthya-demand-v1.0
PHC-RJ-JAI-002,MED-INS-REG,2026-09-02,1.0,0,57.8,swasthya-demand-v1.0
PHC-RJ-JAI-002,MED-INS-REG,2026-09-03,1.0,0,56.8,swasthya-demand-v1.0
PHC-RJ-JAI-002,MED-INS-REG,2026-09-04,1.0,0,55.8,swasthya-demand-v1.0
PHC-RJ-JAI-002,MED-INS-REG,2026-09-05,1.0,0,54.8,swasthya-demand-v1.0
PHC-RJ-JAI-002,MED-INS-REG,2026-09-06,1.0,0,53.8,swasthya-demand-v1.0
PHC-RJ-JAI-002,MED-INS-REG,2026-09-07,9.2,0,44.6,swasthya-demand-v1.0
PHC-RJ-JAI-002,MED-INS-REG,2026-09-08,1.0,0,43.6,swasthya-demand-v1.0
PHC-RJ-JAI-002,MED-INS-REG,2026-09-09,1.0,0,42.6,swasthya-demand-v1.0
PHC-RJ-JAI-002,MED-INS-REG,2026-09-10,1.0,0,41.6,swasthya-demand-v1.0
PHC-RJ-JAI-002,MED-MET-500,2026-08-28,1.0,0,0.0,swasthya-demand-v1.0
PHC-RJ-JAI-002,MED-MET-500,2026-08-29,1.0,0,0.0,swasthya-demand-v1.0
PHC-RJ-JAI-002,MED-MET-500,2026-08-30,1.0,0,0.0,swasthya-demand-v1.0
PHC-RJ-JAI-002,MED-MET-500,2026-08-31,8.1,434,422.9,swasthya-demand-v1.0
PHC-RJ-JAI-002,MED-MET-500,2026-09-01,1.0,0,421.9,swasthya-demand-v1.0
PHC-RJ-JAI-002,MED-MET-500,2026-09-02,1.0,0,420.9,swasthya-demand-v1.0
PHC-RJ-JAI-002,MED-MET-500,2026-09-03,1.0,0,419.9,swasthya-demand-v1.0
PHC-RJ-JAI-002,MED-MET-500,2026-09-04,1.0,0,418.9,swasthya-demand-v1.0
PHC-RJ-JAI-002,MED-MET-500,2026-09-05,1.0,0,417.9,swasthya-demand-v1.0
PHC-RJ-JAI-002,MED-MET-500,2026-09-06,1.0,0,416.9,swasthya-demand-v1.0
PHC-RJ-JAI-002,MED-MET-500,2026-09-07,8.8,0,408.1,swasthya-demand-v1.0
PHC-RJ-JAI-002,MED-MET-500,2026-09-08,1.0,0,407.1,swasthya-demand-v1.0
PHC-RJ-JAI-002,MED-MET-500,2026-09-09,1.0,0,406.1,swasthya-demand-v1.0
PHC-RJ-JAI-002,MED-MET-500,2026-09-10,1.0,0,405.1,swasthya-demand-v1.0
PHC-RJ-JAI-002,MED-OXY-AMP,2026-08-28,1.0,0,64.0,swasthya-demand-v1.0
PHC-RJ-JAI-002,MED-OXY-AMP,2026-08-29,1.0,0,63.0,swasthya-demand-v1.0
PHC-RJ-JAI-002,MED-OXY-AMP,2026-08-30,1.0,0,62.0,swasthya-demand-v1.0
PHC-RJ-JAI-002,MED-OXY-AMP,2026-08-31,9.2,0,52.8,swasthya-demand-v1.0
PHC-RJ-JAI-002,MED-OXY-AMP,2026-09-01,1.0,0,51.8,swasthya-demand-v1.0
PHC-RJ-JAI-002,MED-OXY-AMP,2026-09-02,1.0,0,50.8,swasthya-demand-v1.0
PHC-RJ-JAI-002,MED-OXY-AMP,2026-09-03,1.0,0,49.8,swasthya-demand-v1.0
PHC-RJ-JAI-002,MED-OXY-AMP,2026-09-04,1.0,0,48.8,swasthya-demand-v1.0
PHC-RJ-JAI-002,MED-OXY-AMP,2026-09-05,1.0,0,47.8,swasthya-demand-v1.0
PHC-RJ-JAI-002,MED-OXY-AMP,2026-09-06,1.0,0,46.8,swasthya-demand-v1.0
PHC-RJ-JAI-002,MED-OXY-AMP,2026-09-07,9.2,0,37.6,swasthya-demand-v1.0
PHC-RJ-JAI-002,MED-OXY-AMP,2026-09-08,1.0,0,36.6,swasthya-demand-v1.0
PHC-RJ-JAI-002,MED-OXY-AMP,2026-09-09,1.0,0,35.6,swasthya-demand-v1.0
PHC-RJ-JAI-002,MED-OXY-AMP,2026-09-10,1.0,0,34.6,swasthya-demand-v1.0
PHC-RJ-JAI-002,MED-MGS-50,2026-08-28,1.0,0,80.0,swasthya-demand-v1.0
PHC-RJ-JAI-002,MED-MGS-50,2026-08-29,1.0,0,79.0,swasthya-demand-v1.0
PHC-RJ-JAI-002,MED-MGS-50,2026-08-30,1.0,0,78.0,swasthya-demand-v1.0
PHC-RJ-JAI-002,MED-MGS-50,2026-08-31,9.3,0,68.7,swasthya-demand-v1.0
PHC-RJ-JAI-002,MED-MGS-50,2026-09-01,1.0,0,67.7,swasthya-demand-v1.0
PHC-RJ-JAI-002,MED-MGS-50,2026-09-02,1.0,0,66.7,swasthya-demand-v1.0
PHC-RJ-JAI-002,MED-MGS-50,2026-09-03,1.0,0,65.7,swasthya-demand-v1.0
PHC-RJ-JAI-002,MED-MGS-50,2026-09-04,1.0,0,64.7,swasthya-demand-v1.0
PHC-RJ-JAI-002,MED-MGS-50,2026-09-05,1.0,0,63.7,swasthya-demand-v1.0
PHC-RJ-JAI-002,MED-MGS-50,2026-09-06,1.0,0,62.7,swasthya-demand-v1.0
PHC-RJ-JAI-002,MED-MGS-50,2026-09-07,9.3,0,53.4,swasthya-demand-v1.0
PHC-RJ-JAI-002,MED-MGS-50,2026-09-08,1.0,0,52.4,swasthya-demand-v1.0
PHC-RJ-JAI-002,MED-MGS-50,2026-09-09,1.0,0,51.4,swasthya-demand-v1.0
PHC-RJ-JAI-002,MED-MGS-50,2026-09-10,1.0,0,50.4,swasthya-demand-v1.0
PHC-RJ-JAI-002,MED-IVF-NS500,2026-08-28,1.0,0,0.0,swasthya-demand-v1.0
PHC-RJ-JAI-002,MED-IVF-NS500,2026-08-29,1.0,0,0.0,swasthya-demand-v1.0
PHC-RJ-JAI-002,MED-IVF-NS500,2026-08-30,1.0,252,249.0,swasthya-demand-v1.0
PHC-RJ-JAI-002,MED-IVF-NS500,2026-08-31,8.6,0,240.4,swasthya-demand-v1.0
PHC-RJ-JAI-002,MED-IVF-NS500,2026-09-01,1.0,0,239.4,swasthya-demand-v1.0
PHC-RJ-JAI-002,MED-IVF-NS500,2026-09-02,1.0,0,238.4,swasthya-demand-v1.0
PHC-RJ-JAI-002,MED-IVF-NS500,2026-09-03,1.0,0,237.4,swasthya-demand-v1.0
PHC-RJ-JAI-002,MED-IVF-NS500,2026-09-04,1.0,0,236.4,swasthya-demand-v1.0
PHC-RJ-JAI-002,MED-IVF-NS500,2026-09-05,1.0,0,235.4,swasthya-demand-v1.0
PHC-RJ-JAI-002,MED-IVF-NS500,2026-09-06,1.0,0,234.4,swasthya-demand-v1.0
PHC-RJ-JAI-002,MED-IVF-NS500,2026-09-07,9.0,0,225.4,swasthya-demand-v1.0
PHC-RJ-JAI-002,MED-IVF-NS500,2026-09-08,1.0,0,224.4,swasthya-demand-v1.0
PHC-RJ-JAI-002,MED-IVF-NS500,2026-09-09,1.0,0,223.4,swasthya-demand-v1.0
PHC-RJ-JAI-002,MED-IVF-NS500,2026-09-10,1.0,0,222.4,swasthya-demand-v1.0
PHC-RJ-JAI-002,MED-IVF-RL500,2026-08-28,1.0,210,213.0,swasthya-demand-v1.0
PHC-RJ-JAI-002,MED-IVF-RL500,2026-08-29,1.0,0,212.0,swasthya-demand-v1.0
PHC-RJ-JAI-002,MED-IVF-RL500,2026-08-30,1.0,0,211.0,swasthya-demand-v1.0
PHC-RJ-JAI-002,MED-IVF-RL500,2026-08-31,8.6,0,202.4,swasthya-demand-v1.0
PHC-RJ-JAI-002,MED-IVF-RL500,2026-09-01,1.0,0,201.4,swasthya-demand-v1.0
PHC-RJ-JAI-002,MED-IVF-RL500,2026-09-02,1.0,0,200.4,swasthya-demand-v1.0
PHC-RJ-JAI-002,MED-IVF-RL500,2026-09-03,1.0,0,199.4,swasthya-demand-v1.0
PHC-RJ-JAI-002,MED-IVF-RL500,2026-09-04,1.0,0,198.4,swasthya-demand-v1.0
PHC-RJ-JAI-002,MED-IVF-RL500,2026-09-05,1.0,0,197.4,swasthya-demand-v1.0
PHC-RJ-JAI-002,MED-IVF-RL500,2026-09-06,1.0,0,196.4,swasthya-demand-v1.0
PHC-RJ-JAI-002,MED-IVF-RL500,2026-09-07,9.0,0,187.4,swasthya-demand-v1.0
PHC-RJ-JAI-002,MED-IVF-RL500,2026-09-08,1.0,0,186.4,swasthya-demand-v1.0
PHC-RJ-JAI-002,MED-IVF-RL500,2026-09-09,1.0,0,185.4,swasthya-demand-v1.0
PHC-RJ-JAI-002,MED-IVF-RL500,2026-09-10,1.0,0,184.4,swasthya-demand-v1.0
PHC-RJ-JAI-002,MED-IVF-D5500,2026-08-28,1.0,0,46.0,swasthya-demand-v1.0
PHC-RJ-JAI-002,MED-IVF-D5500,2026-08-29,1.0,0,45.0,swasthya-demand-v1.0
PHC-RJ-JAI-002,MED-IVF-D5500,2026-08-30,1.0,0,44.0,swasthya-demand-v1.0
PHC-RJ-JAI-002,MED-IVF-D5500,2026-08-31,9.0,140,175.0,swasthya-demand-v1.0
PHC-RJ-JAI-002,MED-IVF-D5500,2026-09-01,1.0,0,174.0,swasthya-demand-v1.0
PHC-RJ-JAI-002,MED-IVF-D5500,2026-09-02,1.0,0,173.0,swasthya-demand-v1.0
PHC-RJ-JAI-002,MED-IVF-D5500,2026-09-03,1.0,0,172.0,swasthya-demand-v1.0
PHC-RJ-JAI-002,MED-IVF-D5500,2026-09-04,1.0,0,171.0,swasthya-demand-v1.0
PHC-RJ-JAI-002,MED-IVF-D5500,2026-09-05,1.0,0,170.0,swasthya-demand-v1.0
PHC-RJ-JAI-002,MED-IVF-D5500,2026-09-06,1.0,0,169.0,swasthya-demand-v1.0
PHC-RJ-JAI-002,MED-IVF-D5500,2026-09-07,9.1,0,159.9,swasthya-demand-v1.0
PHC-RJ-JAI-002,MED-IVF-D5500,2026-09-08,1.0,0,158.9,swasthya-demand-v1.0
PHC-RJ-JAI-002,MED-IVF-D5500,2026-09-09,1.0,0,157.9,swasthya-demand-v1.0
PHC-RJ-JAI-002,MED-IVF-D5500,2026-09-10,1.0,0,156.9,swasthya-demand-v1.0
PHC-RJ-JAI-002,MED-ART-60,2026-08-28,1.0,0,77.0,swasthya-demand-v1.0
PHC-RJ-JAI-002,MED-ART-60,2026-08-29,1.0,0,76.0,swasthya-demand-v1.0
PHC-RJ-JAI-002,MED-ART-60,2026-08-30,1.0,0,75.0,swasthya-demand-v1.0
PHC-RJ-JAI-002,MED-ART-60,2026-08-31,9.3,0,65.7,swasthya-demand-v1.0
PHC-RJ-JAI-002,MED-ART-60,2026-09-01,1.0,0,64.7,swasthya-demand-v1.0
PHC-RJ-JAI-002,MED-ART-60,2026-09-02,1.0,0,63.7,swasthya-demand-v1.0
PHC-RJ-JAI-002,MED-ART-60,2026-09-03,1.0,0,62.7,swasthya-demand-v1.0
PHC-RJ-JAI-002,MED-ART-60,2026-09-04,1.0,0,61.7,swasthya-demand-v1.0
PHC-RJ-JAI-002,MED-ART-60,2026-09-05,1.0,0,60.7,swasthya-demand-v1.0
PHC-RJ-JAI-002,MED-ART-60,2026-09-06,1.0,0,59.7,swasthya-demand-v1.0
PHC-RJ-JAI-002,MED-ART-60,2026-09-07,9.2,0,50.5,swasthya-demand-v1.0
PHC-RJ-JAI-002,MED-ART-60,2026-09-08,1.0,0,49.5,swasthya-demand-v1.0
PHC-RJ-JAI-002,MED-ART-60,2026-09-09,1.0,0,48.5,swasthya-demand-v1.0
PHC-RJ-JAI-002,MED-ART-60,2026-09-10,1.0,0,47.5,swasthya-demand-v1.0
PHC-RJ-JAI-002,MED-ALB-400,2026-08-28,1.0,0,46.0,swasthya-demand-v1.0
PHC-RJ-JAI-002,MED-ALB-400,2026-08-29,1.0,0,45.0,swasthya-demand-v1.0
PHC-RJ-JAI-002,MED-ALB-400,2026-08-30,1.0,0,44.0,swasthya-demand-v1.0
PHC-RJ-JAI-002,MED-ALB-400,2026-08-31,9.0,0,35.0,swasthya-demand-v1.0
PHC-RJ-JAI-002,MED-ALB-400,2026-09-01,1.0,0,34.0,swasthya-demand-v1.0
PHC-RJ-JAI-002,MED-ALB-400,2026-09-02,1.0,140,173.0,swasthya-demand-v1.0
PHC-RJ-JAI-002,MED-ALB-400,2026-09-03,1.0,0,172.0,swasthya-demand-v1.0
PHC-RJ-JAI-002,MED-ALB-400,2026-09-04,1.0,0,171.0,swasthya-demand-v1.0
PHC-RJ-JAI-002,MED-ALB-400,2026-09-05,1.0,0,170.0,swasthya-demand-v1.0
PHC-RJ-JAI-002,MED-ALB-400,2026-09-06,1.0,0,169.0,swasthya-demand-v1.0
PHC-RJ-JAI-002,MED-ALB-400,2026-09-07,9.1,0,159.9,swasthya-demand-v1.0
PHC-RJ-JAI-002,MED-ALB-400,2026-09-08,1.0,0,158.9,swasthya-demand-v1.0
PHC-RJ-JAI-002,MED-ALB-400,2026-09-09,1.0,0,157.9,swasthya-demand-v1.0
PHC-RJ-JAI-002,MED-ALB-400,2026-09-10,1.0,0,156.9,swasthya-demand-v1.0
PHC-RJ-JAI-002,MED-IFA-TAB,2026-08-28,1.0,0,0.0,swasthya-demand-v1.0
PHC-RJ-JAI-002,MED-IFA-TAB,2026-08-29,1.0,490,488.0,swasthya-demand-v1.0
PHC-RJ-JAI-002,MED-IFA-TAB,2026-08-30,1.0,0,487.0,swasthya-demand-v1.0
PHC-RJ-JAI-002,MED-IFA-TAB,2026-08-31,7.8,0,479.2,swasthya-demand-v1.0
PHC-RJ-JAI-002,MED-IFA-TAB,2026-09-01,1.0,0,478.2,swasthya-demand-v1.0
PHC-RJ-JAI-002,MED-IFA-TAB,2026-09-02,1.0,0,477.2,swasthya-demand-v1.0
PHC-RJ-JAI-002,MED-IFA-TAB,2026-09-03,1.0,0,476.2,swasthya-demand-v1.0
PHC-RJ-JAI-002,MED-IFA-TAB,2026-09-04,1.0,0,475.2,swasthya-demand-v1.0
PHC-RJ-JAI-002,MED-IFA-TAB,2026-09-05,1.0,0,474.2,swasthya-demand-v1.0
PHC-RJ-JAI-002,MED-IFA-TAB,2026-09-06,1.0,0,473.2,swasthya-demand-v1.0
PHC-RJ-JAI-002,MED-IFA-TAB,2026-09-07,8.6,0,464.6,swasthya-demand-v1.0
PHC-RJ-JAI-002,MED-IFA-TAB,2026-09-08,1.0,0,463.6,swasthya-demand-v1.0
PHC-RJ-JAI-002,MED-IFA-TAB,2026-09-09,1.0,0,462.6,swasthya-demand-v1.0
PHC-RJ-JAI-002,MED-IFA-TAB,2026-09-10,1.0,0,461.6,swasthya-demand-v1.0
PHC-RJ-JAI-003,MED-PCM-500,2026-08-28,40.8,0,0.0,swasthya-demand-v1.0
PHC-RJ-JAI-003,MED-PCM-500,2026-08-29,9.2,0,0.0,swasthya-demand-v1.0
PHC-RJ-JAI-003,MED-PCM-500,2026-08-30,1.0,1008,957.0,swasthya-demand-v1.0
PHC-RJ-JAI-003,MED-PCM-500,2026-08-31,21.5,0,935.5,swasthya-demand-v1.0
PHC-RJ-JAI-003,MED-PCM-500,2026-09-01,1.0,0,934.5,swasthya-demand-v1.0
PHC-RJ-JAI-003,MED-PCM-500,2026-09-02,1.0,0,933.5,swasthya-demand-v1.0
PHC-RJ-JAI-003,MED-PCM-500,2026-09-03,1.0,0,932.5,swasthya-demand-v1.0
PHC-RJ-JAI-003,MED-PCM-500,2026-09-04,1.0,0,931.5,swasthya-demand-v1.0
PHC-RJ-JAI-003,MED-PCM-500,2026-09-05,1.0,0,930.5,swasthya-demand-v1.0
PHC-RJ-JAI-003,MED-PCM-500,2026-09-06,1.0,0,929.5,swasthya-demand-v1.0
PHC-RJ-JAI-003,MED-PCM-500,2026-09-07,7.5,0,922.0,swasthya-demand-v1.0
PHC-RJ-JAI-003,MED-PCM-500,2026-09-08,1.0,0,921.0,swasthya-demand-v1.0
PHC-RJ-JAI-003,MED-PCM-500,2026-09-09,1.0,0,920.0,swasthya-demand-v1.0
PHC-RJ-JAI-003,MED-PCM-500,2026-09-10,1.0,0,919.0,swasthya-demand-v1.0
PHC-RJ-JAI-003,MED-PCM-SYR,2026-08-28,1.0,0,0.0,swasthya-demand-v1.0
PHC-RJ-JAI-003,MED-PCM-SYR,2026-08-29,1.0,0,0.0,swasthya-demand-v1.0
PHC-RJ-JAI-003,MED-PCM-SYR,2026-08-30,1.0,0,0.0,swasthya-demand-v1.0
PHC-RJ-JAI-003,MED-PCM-SYR,2026-08-31,8.2,392,380.8,swasthya-demand-v1.0
PHC-RJ-JAI-003,MED-PCM-SYR,2026-09-01,1.0,0,379.8,swasthya-demand-v1.0
PHC-RJ-JAI-003,MED-PCM-SYR,2026-09-02,1.0,0,378.8,swasthya-demand-v1.0
PHC-RJ-JAI-003,MED-PCM-SYR,2026-09-03,1.0,0,377.8,swasthya-demand-v1.0
PHC-RJ-JAI-003,MED-PCM-SYR,2026-09-04,1.0,0,376.8,swasthya-demand-v1.0
PHC-RJ-JAI-003,MED-PCM-SYR,2026-09-05,1.0,0,375.8,swasthya-demand-v1.0
PHC-RJ-JAI-003,MED-PCM-SYR,2026-09-06,1.0,0,374.8,swasthya-demand-v1.0
PHC-RJ-JAI-003,MED-PCM-SYR,2026-09-07,8.8,0,366.0,swasthya-demand-v1.0
PHC-RJ-JAI-003,MED-PCM-SYR,2026-09-08,1.0,0,365.0,swasthya-demand-v1.0
PHC-RJ-JAI-003,MED-PCM-SYR,2026-09-09,1.0,0,364.0,swasthya-demand-v1.0
PHC-RJ-JAI-003,MED-PCM-SYR,2026-09-10,1.0,0,363.0,swasthya-demand-v1.0
PHC-RJ-JAI-003,MED-AMX-500,2026-08-28,1.0,0,0.0,swasthya-demand-v1.0
PHC-RJ-JAI-003,MED-AMX-500,2026-08-29,1.0,0,0.0,swasthya-demand-v1.0
PHC-RJ-JAI-003,MED-AMX-500,2026-08-30,1.0,490,487.0,swasthya-demand-v1.0
PHC-RJ-JAI-003,MED-AMX-500,2026-08-31,8.0,0,479.0,swasthya-demand-v1.0
PHC-RJ-JAI-003,MED-AMX-500,2026-09-01,1.0,0,478.0,swasthya-demand-v1.0
PHC-RJ-JAI-003,MED-AMX-500,2026-09-02,1.0,0,477.0,swasthya-demand-v1.0
PHC-RJ-JAI-003,MED-AMX-500,2026-09-03,1.0,0,476.0,swasthya-demand-v1.0
PHC-RJ-JAI-003,MED-AMX-500,2026-09-04,1.0,0,475.0,swasthya-demand-v1.0
PHC-RJ-JAI-003,MED-AMX-500,2026-09-05,1.0,0,474.0,swasthya-demand-v1.0
PHC-RJ-JAI-003,MED-AMX-500,2026-09-06,1.0,0,473.0,swasthya-demand-v1.0
PHC-RJ-JAI-003,MED-AMX-500,2026-09-07,8.7,0,464.3,swasthya-demand-v1.0
PHC-RJ-JAI-003,MED-AMX-500,2026-09-08,1.0,0,463.3,swasthya-demand-v1.0
PHC-RJ-JAI-003,MED-AMX-500,2026-09-09,1.0,0,462.3,swasthya-demand-v1.0
PHC-RJ-JAI-003,MED-AMX-500,2026-09-10,1.0,0,461.3,swasthya-demand-v1.0
PHC-RJ-JAI-003,MED-AMC-625,2026-08-28,1.0,308,307.0,swasthya-demand-v1.0
PHC-RJ-JAI-003,MED-AMC-625,2026-08-29,1.0,0,306.0,swasthya-demand-v1.0
PHC-RJ-JAI-003,MED-AMC-625,2026-08-30,1.0,0,305.0,swasthya-demand-v1.0
PHC-RJ-JAI-003,MED-AMC-625,2026-08-31,8.5,0,296.5,swasthya-demand-v1.0
PHC-RJ-JAI-003,MED-AMC-625,2026-09-01,1.0,0,295.5,swasthya-demand-v1.0
PHC-RJ-JAI-003,MED-AMC-625,2026-09-02,1.0,0,294.5,swasthya-demand-v1.0
PHC-RJ-JAI-003,MED-AMC-625,2026-09-03,1.0,0,293.5,swasthya-demand-v1.0
PHC-RJ-JAI-003,MED-AMC-625,2026-09-04,1.0,0,292.5,swasthya-demand-v1.0
PHC-RJ-JAI-003,MED-AMC-625,2026-09-05,1.0,0,291.5,swasthya-demand-v1.0
PHC-RJ-JAI-003,MED-AMC-625,2026-09-06,1.0,0,290.5,swasthya-demand-v1.0
PHC-RJ-JAI-003,MED-AMC-625,2026-09-07,8.9,0,281.6,swasthya-demand-v1.0
PHC-RJ-JAI-003,MED-AMC-625,2026-09-08,1.0,0,280.6,swasthya-demand-v1.0
PHC-RJ-JAI-003,MED-AMC-625,2026-09-09,1.0,0,279.6,swasthya-demand-v1.0
PHC-RJ-JAI-003,MED-AMC-625,2026-09-10,1.0,0,278.6,swasthya-demand-v1.0
PHC-RJ-JAI-003,MED-ORS-SFT,2026-08-28,6.4,714,707.6,swasthya-demand-v1.0
PHC-RJ-JAI-003,MED-ORS-SFT,2026-08-29,1.0,0,706.6,swasthya-demand-v1.0
PHC-RJ-JAI-003,MED-ORS-SFT,2026-08-30,1.0,0,705.6,swasthya-demand-v1.0
PHC-RJ-JAI-003,MED-ORS-SFT,2026-08-31,8.4,0,697.2,swasthya-demand-v1.0
PHC-RJ-JAI-003,MED-ORS-SFT,2026-09-01,1.0,0,696.2,swasthya-demand-v1.0
PHC-RJ-JAI-003,MED-ORS-SFT,2026-09-02,1.0,0,695.2,swasthya-demand-v1.0
PHC-RJ-JAI-003,MED-ORS-SFT,2026-09-03,1.0,0,694.2,swasthya-demand-v1.0
PHC-RJ-JAI-003,MED-ORS-SFT,2026-09-04,1.0,0,693.2,swasthya-demand-v1.0
PHC-RJ-JAI-003,MED-ORS-SFT,2026-09-05,1.0,0,692.2,swasthya-demand-v1.0
PHC-RJ-JAI-003,MED-ORS-SFT,2026-09-06,1.0,0,691.2,swasthya-demand-v1.0
PHC-RJ-JAI-003,MED-ORS-SFT,2026-09-07,8.3,0,682.9,swasthya-demand-v1.0
PHC-RJ-JAI-003,MED-ORS-SFT,2026-09-08,1.0,0,681.9,swasthya-demand-v1.0
PHC-RJ-JAI-003,MED-ORS-SFT,2026-09-09,1.0,0,680.9,swasthya-demand-v1.0
PHC-RJ-JAI-003,MED-ORS-SFT,2026-09-10,1.0,0,679.9,swasthya-demand-v1.0
PHC-RJ-JAI-003,MED-ZNC-20,2026-08-28,1.0,0,0.0,swasthya-demand-v1.0
PHC-RJ-JAI-003,MED-ZNC-20,2026-08-29,1.0,350,348.0,swasthya-demand-v1.0
PHC-RJ-JAI-003,MED-ZNC-20,2026-08-30,1.0,0,347.0,swasthya-demand-v1.0
PHC-RJ-JAI-003,MED-ZNC-20,2026-08-31,8.2,0,338.8,swasthya-demand-v1.0
PHC-RJ-JAI-003,MED-ZNC-20,2026-09-01,1.0,0,337.8,swasthya-demand-v1.0
PHC-RJ-JAI-003,MED-ZNC-20,2026-09-02,1.0,0,336.8,swasthya-demand-v1.0
PHC-RJ-JAI-003,MED-ZNC-20,2026-09-03,1.0,0,335.8,swasthya-demand-v1.0
PHC-RJ-JAI-003,MED-ZNC-20,2026-09-04,1.0,0,334.8,swasthya-demand-v1.0
PHC-RJ-JAI-003,MED-ZNC-20,2026-09-05,1.0,0,333.8,swasthya-demand-v1.0
PHC-RJ-JAI-003,MED-ZNC-20,2026-09-06,1.0,0,332.8,swasthya-demand-v1.0
PHC-RJ-JAI-003,MED-ZNC-20,2026-09-07,8.9,0,323.9,swasthya-demand-v1.0
PHC-RJ-JAI-003,MED-ZNC-20,2026-09-08,1.0,0,322.9,swasthya-demand-v1.0
PHC-RJ-JAI-003,MED-ZNC-20,2026-09-09,1.0,0,321.9,swasthya-demand-v1.0
PHC-RJ-JAI-003,MED-ZNC-20,2026-09-10,1.0,0,320.9,swasthya-demand-v1.0
PHC-RJ-JAI-003,MED-AZI-500,2026-08-28,1.0,0,0.0,swasthya-demand-v1.0
PHC-RJ-JAI-003,MED-AZI-500,2026-08-29,1.0,0,0.0,swasthya-demand-v1.0
PHC-RJ-JAI-003,MED-AZI-500,2026-08-30,1.0,0,0.0,swasthya-demand-v1.0
PHC-RJ-JAI-003,MED-AZI-500,2026-08-31,8.6,266,254.4,swasthya-demand-v1.0
PHC-RJ-JAI-003,MED-AZI-500,2026-09-01,1.0,0,253.4,swasthya-demand-v1.0
PHC-RJ-JAI-003,MED-AZI-500,2026-09-02,1.0,0,252.4,swasthya-demand-v1.0
PHC-RJ-JAI-003,MED-AZI-500,2026-09-03,1.0,0,251.4,swasthya-demand-v1.0
PHC-RJ-JAI-003,MED-AZI-500,2026-09-04,1.0,0,250.4,swasthya-demand-v1.0
PHC-RJ-JAI-003,MED-AZI-500,2026-09-05,1.0,0,249.4,swasthya-demand-v1.0
PHC-RJ-JAI-003,MED-AZI-500,2026-09-06,1.0,0,248.4,swasthya-demand-v1.0
PHC-RJ-JAI-003,MED-AZI-500,2026-09-07,9.0,0,239.4,swasthya-demand-v1.0
PHC-RJ-JAI-003,MED-AZI-500,2026-09-08,1.0,0,238.4,swasthya-demand-v1.0
PHC-RJ-JAI-003,MED-AZI-500,2026-09-09,1.0,0,237.4,swasthya-demand-v1.0
PHC-RJ-JAI-003,MED-AZI-500,2026-09-10,1.0,0,236.4,swasthya-demand-v1.0
PHC-RJ-JAI-003,MED-CTX-1G,2026-08-28,1.0,0,49.0,swasthya-demand-v1.0
PHC-RJ-JAI-003,MED-CTX-1G,2026-08-29,1.0,0,48.0,swasthya-demand-v1.0
PHC-RJ-JAI-003,MED-CTX-1G,2026-08-30,1.0,126,173.0,swasthya-demand-v1.0
PHC-RJ-JAI-003,MED-CTX-1G,2026-08-31,9.0,0,164.0,swasthya-demand-v1.0
PHC-RJ-JAI-003,MED-CTX-1G,2026-09-01,1.0,0,163.0,swasthya-demand-v1.0
PHC-RJ-JAI-003,MED-CTX-1G,2026-09-02,1.0,0,162.0,swasthya-demand-v1.0
PHC-RJ-JAI-003,MED-CTX-1G,2026-09-03,1.0,0,161.0,swasthya-demand-v1.0
PHC-RJ-JAI-003,MED-CTX-1G,2026-09-04,1.0,0,160.0,swasthya-demand-v1.0
PHC-RJ-JAI-003,MED-CTX-1G,2026-09-05,1.0,0,159.0,swasthya-demand-v1.0
PHC-RJ-JAI-003,MED-CTX-1G,2026-09-06,1.0,0,158.0,swasthya-demand-v1.0
PHC-RJ-JAI-003,MED-CTX-1G,2026-09-07,9.2,0,148.8,swasthya-demand-v1.0
PHC-RJ-JAI-003,MED-CTX-1G,2026-09-08,1.0,0,147.8,swasthya-demand-v1.0
PHC-RJ-JAI-003,MED-CTX-1G,2026-09-09,1.0,0,146.8,swasthya-demand-v1.0
PHC-RJ-JAI-003,MED-CTX-1G,2026-09-10,1.0,0,145.8,swasthya-demand-v1.0
PHC-RJ-JAI-003,MED-RAB-VAC,2026-08-28,1.0,0,69.0,swasthya-demand-v1.0
PHC-RJ-JAI-003,MED-RAB-VAC,2026-08-29,1.0,0,68.0,swasthya-demand-v1.0
PHC-RJ-JAI-003,MED-RAB-VAC,2026-08-30,1.0,0,67.0,swasthya-demand-v1.0
PHC-RJ-JAI-003,MED-RAB-VAC,2026-08-31,9.2,0,57.8,swasthya-demand-v1.0
PHC-RJ-JAI-003,MED-RAB-VAC,2026-09-01,1.0,0,56.8,swasthya-demand-v1.0
PHC-RJ-JAI-003,MED-RAB-VAC,2026-09-02,1.0,0,55.8,swasthya-demand-v1.0
PHC-RJ-JAI-003,MED-RAB-VAC,2026-09-03,1.0,0,54.8,swasthya-demand-v1.0
PHC-RJ-JAI-003,MED-RAB-VAC,2026-09-04,1.0,0,53.8,swasthya-demand-v1.0
PHC-RJ-JAI-003,MED-RAB-VAC,2026-09-05,1.0,0,52.8,swasthya-demand-v1.0
PHC-RJ-JAI-003,MED-RAB-VAC,2026-09-06,1.0,0,51.8,swasthya-demand-v1.0
PHC-RJ-JAI-003,MED-RAB-VAC,2026-09-07,9.2,0,42.6,swasthya-demand-v1.0
PHC-RJ-JAI-003,MED-RAB-VAC,2026-09-08,1.0,0,41.6,swasthya-demand-v1.0
PHC-RJ-JAI-003,MED-RAB-VAC,2026-09-09,1.0,0,40.6,swasthya-demand-v1.0
PHC-RJ-JAI-003,MED-RAB-VAC,2026-09-10,1.0,0,39.6,swasthya-demand-v1.0
PHC-RJ-JAI-003,MED-ASV-VIAL,2026-08-28,1.0,0,87.0,swasthya-demand-v1.0
PHC-RJ-JAI-003,MED-ASV-VIAL,2026-08-29,1.0,0,86.0,swasthya-demand-v1.0
PHC-RJ-JAI-003,MED-ASV-VIAL,2026-08-30,1.0,0,85.0,swasthya-demand-v1.0
PHC-RJ-JAI-003,MED-ASV-VIAL,2026-08-31,9.3,0,75.7,swasthya-demand-v1.0
PHC-RJ-JAI-003,MED-ASV-VIAL,2026-09-01,1.0,0,74.7,swasthya-demand-v1.0
PHC-RJ-JAI-003,MED-ASV-VIAL,2026-09-02,1.0,0,73.7,swasthya-demand-v1.0
PHC-RJ-JAI-003,MED-ASV-VIAL,2026-09-03,1.0,0,72.7,swasthya-demand-v1.0
PHC-RJ-JAI-003,MED-ASV-VIAL,2026-09-04,1.0,0,71.7,swasthya-demand-v1.0
PHC-RJ-JAI-003,MED-ASV-VIAL,2026-09-05,1.0,0,70.7,swasthya-demand-v1.0
PHC-RJ-JAI-003,MED-ASV-VIAL,2026-09-06,1.0,0,69.7,swasthya-demand-v1.0
PHC-RJ-JAI-003,MED-ASV-VIAL,2026-09-07,9.3,0,60.4,swasthya-demand-v1.0
PHC-RJ-JAI-003,MED-ASV-VIAL,2026-09-08,1.0,0,59.4,swasthya-demand-v1.0
PHC-RJ-JAI-003,MED-ASV-VIAL,2026-09-09,1.0,0,58.4,swasthya-demand-v1.0
PHC-RJ-JAI-003,MED-ASV-VIAL,2026-09-10,1.0,0,57.4,swasthya-demand-v1.0
PHC-RJ-JAI-003,MED-INS-REG,2026-08-28,1.0,0,64.0,swasthya-demand-v1.0
PHC-RJ-JAI-003,MED-INS-REG,2026-08-29,1.0,0,63.0,swasthya-demand-v1.0
PHC-RJ-JAI-003,MED-INS-REG,2026-08-30,1.0,0,62.0,swasthya-demand-v1.0
PHC-RJ-JAI-003,MED-INS-REG,2026-08-31,9.2,0,52.8,swasthya-demand-v1.0
PHC-RJ-JAI-003,MED-INS-REG,2026-09-01,1.0,0,51.8,swasthya-demand-v1.0
PHC-RJ-JAI-003,MED-INS-REG,2026-09-02,1.0,0,50.8,swasthya-demand-v1.0
PHC-RJ-JAI-003,MED-INS-REG,2026-09-03,1.0,0,49.8,swasthya-demand-v1.0
PHC-RJ-JAI-003,MED-INS-REG,2026-09-04,1.0,0,48.8,swasthya-demand-v1.0
PHC-RJ-JAI-003,MED-INS-REG,2026-09-05,1.0,0,47.8,swasthya-demand-v1.0
PHC-RJ-JAI-003,MED-INS-REG,2026-09-06,1.0,0,46.8,swasthya-demand-v1.0
PHC-RJ-JAI-003,MED-INS-REG,2026-09-07,9.2,0,37.6,swasthya-demand-v1.0
PHC-RJ-JAI-003,MED-INS-REG,2026-09-08,1.0,0,36.6,swasthya-demand-v1.0
PHC-RJ-JAI-003,MED-INS-REG,2026-09-09,1.0,0,35.6,swasthya-demand-v1.0
PHC-RJ-JAI-003,MED-INS-REG,2026-09-10,1.0,0,34.6,swasthya-demand-v1.0
PHC-RJ-JAI-003,MED-MET-500,2026-08-28,1.0,0,0.0,swasthya-demand-v1.0
PHC-RJ-JAI-003,MED-MET-500,2026-08-29,1.0,560,558.0,swasthya-demand-v1.0
PHC-RJ-JAI-003,MED-MET-500,2026-08-30,1.0,0,557.0,swasthya-demand-v1.0
PHC-RJ-JAI-003,MED-MET-500,2026-08-31,7.7,0,549.3,swasthya-demand-v1.0
PHC-RJ-JAI-003,MED-MET-500,2026-09-01,1.0,0,548.3,swasthya-demand-v1.0
PHC-RJ-JAI-003,MED-MET-500,2026-09-02,1.0,0,547.3,swasthya-demand-v1.0
PHC-RJ-JAI-003,MED-MET-500,2026-09-03,1.0,0,546.3,swasthya-demand-v1.0
PHC-RJ-JAI-003,MED-MET-500,2026-09-04,1.0,0,545.3,swasthya-demand-v1.0
PHC-RJ-JAI-003,MED-MET-500,2026-09-05,1.0,0,544.3,swasthya-demand-v1.0
PHC-RJ-JAI-003,MED-MET-500,2026-09-06,1.0,0,543.3,swasthya-demand-v1.0
PHC-RJ-JAI-003,MED-MET-500,2026-09-07,8.6,0,534.7,swasthya-demand-v1.0
PHC-RJ-JAI-003,MED-MET-500,2026-09-08,1.0,0,533.7,swasthya-demand-v1.0
PHC-RJ-JAI-003,MED-MET-500,2026-09-09,1.0,0,532.7,swasthya-demand-v1.0
PHC-RJ-JAI-003,MED-MET-500,2026-09-10,1.0,0,531.7,swasthya-demand-v1.0
PHC-RJ-JAI-003,MED-OXY-AMP,2026-08-28,1.0,0,52.0,swasthya-demand-v1.0
PHC-RJ-JAI-003,MED-OXY-AMP,2026-08-29,1.0,0,51.0,swasthya-demand-v1.0
PHC-RJ-JAI-003,MED-OXY-AMP,2026-08-30,1.0,0,50.0,swasthya-demand-v1.0
PHC-RJ-JAI-003,MED-OXY-AMP,2026-08-31,9.1,0,40.9,swasthya-demand-v1.0
PHC-RJ-JAI-003,MED-OXY-AMP,2026-09-01,1.0,112,151.9,swasthya-demand-v1.0
PHC-RJ-JAI-003,MED-OXY-AMP,2026-09-02,1.0,0,150.9,swasthya-demand-v1.0
PHC-RJ-JAI-003,MED-OXY-AMP,2026-09-03,1.0,0,149.9,swasthya-demand-v1.0
PHC-RJ-JAI-003,MED-OXY-AMP,2026-09-04,1.0,0,148.9,swasthya-demand-v1.0
PHC-RJ-JAI-003,MED-OXY-AMP,2026-09-05,1.0,0,147.9,swasthya-demand-v1.0
PHC-RJ-JAI-003,MED-OXY-AMP,2026-09-06,1.0,0,146.9,swasthya-demand-v1.0
PHC-RJ-JAI-003,MED-OXY-AMP,2026-09-07,9.2,0,137.7,swasthya-demand-v1.0
PHC-RJ-JAI-003,MED-OXY-AMP,2026-09-08,1.0,0,136.7,swasthya-demand-v1.0
PHC-RJ-JAI-003,MED-OXY-AMP,2026-09-09,1.0,0,135.7,swasthya-demand-v1.0
PHC-RJ-JAI-003,MED-OXY-AMP,2026-09-10,1.0,0,134.7,swasthya-demand-v1.0
PHC-RJ-JAI-003,MED-MGS-50,2026-08-28,1.0,0,77.0,swasthya-demand-v1.0
PHC-RJ-JAI-003,MED-MGS-50,2026-08-29,1.0,0,76.0,swasthya-demand-v1.0
PHC-RJ-JAI-003,MED-MGS-50,2026-08-30,1.0,0,75.0,swasthya-demand-v1.0
PHC-RJ-JAI-003,MED-MGS-50,2026-08-31,9.3,0,65.7,swasthya-demand-v1.0
PHC-RJ-JAI-003,MED-MGS-50,2026-09-01,1.0,0,64.7,swasthya-demand-v1.0
PHC-RJ-JAI-003,MED-MGS-50,2026-09-02,1.0,0,63.7,swasthya-demand-v1.0
PHC-RJ-JAI-003,MED-MGS-50,2026-09-03,1.0,0,62.7,swasthya-demand-v1.0
PHC-RJ-JAI-003,MED-MGS-50,2026-09-04,1.0,0,61.7,swasthya-demand-v1.0
PHC-RJ-JAI-003,MED-MGS-50,2026-09-05,1.0,0,60.7,swasthya-demand-v1.0
PHC-RJ-JAI-003,MED-MGS-50,2026-09-06,1.0,0,59.7,swasthya-demand-v1.0
PHC-RJ-JAI-003,MED-MGS-50,2026-09-07,9.2,0,50.5,swasthya-demand-v1.0
PHC-RJ-JAI-003,MED-MGS-50,2026-09-08,1.0,0,49.5,swasthya-demand-v1.0
PHC-RJ-JAI-003,MED-MGS-50,2026-09-09,1.0,0,48.5,swasthya-demand-v1.0
PHC-RJ-JAI-003,MED-MGS-50,2026-09-10,1.0,0,47.5,swasthya-demand-v1.0
PHC-RJ-JAI-003,MED-IVF-NS500,2026-08-28,1.0,0,0.0,swasthya-demand-v1.0
PHC-RJ-JAI-003,MED-IVF-NS500,2026-08-29,1.0,0,0.0,swasthya-demand-v1.0
PHC-RJ-JAI-003,MED-IVF-NS500,2026-08-30,1.0,0,0.0,swasthya-demand-v1.0
PHC-RJ-JAI-003,MED-IVF-NS500,2026-08-31,8.3,336,324.7,swasthya-demand-v1.0
PHC-RJ-JAI-003,MED-IVF-NS500,2026-09-01,1.0,0,323.7,swasthya-demand-v1.0
PHC-RJ-JAI-003,MED-IVF-NS500,2026-09-02,1.0,0,322.7,swasthya-demand-v1.0
PHC-RJ-JAI-003,MED-IVF-NS500,2026-09-03,1.0,0,321.7,swasthya-demand-v1.0
PHC-RJ-JAI-003,MED-IVF-NS500,2026-09-04,1.0,0,320.7,swasthya-demand-v1.0
PHC-RJ-JAI-003,MED-IVF-NS500,2026-09-05,1.0,0,319.7,swasthya-demand-v1.0
PHC-RJ-JAI-003,MED-IVF-NS500,2026-09-06,1.0,0,318.7,swasthya-demand-v1.0
PHC-RJ-JAI-003,MED-IVF-NS500,2026-09-07,8.9,0,309.8,swasthya-demand-v1.0
PHC-RJ-JAI-003,MED-IVF-NS500,2026-09-08,1.0,0,308.8,swasthya-demand-v1.0
PHC-RJ-JAI-003,MED-IVF-NS500,2026-09-09,1.0,0,307.8,swasthya-demand-v1.0
PHC-RJ-JAI-003,MED-IVF-NS500,2026-09-10,1.0,0,306.8,swasthya-demand-v1.0
PHC-RJ-JAI-003,MED-IVF-RL500,2026-08-28,1.0,0,0.0,swasthya-demand-v1.0
PHC-RJ-JAI-003,MED-IVF-RL500,2026-08-29,1.0,0,0.0,swasthya-demand-v1.0
PHC-RJ-JAI-003,MED-IVF-RL500,2026-08-30,1.0,0,0.0,swasthya-demand-v1.0
PHC-RJ-JAI-003,MED-IVF-RL500,2026-08-31,8.6,266,254.4,swasthya-demand-v1.0
PHC-RJ-JAI-003,MED-IVF-RL500,2026-09-01,1.0,0,253.4,swasthya-demand-v1.0
PHC-RJ-JAI-003,MED-IVF-RL500,2026-09-02,1.0,0,252.4,swasthya-demand-v1.0
PHC-RJ-JAI-003,MED-IVF-RL500,2026-09-03,1.0,0,251.4,swasthya-demand-v1.0
PHC-RJ-JAI-003,MED-IVF-RL500,2026-09-04,1.0,0,250.4,swasthya-demand-v1.0
PHC-RJ-JAI-003,MED-IVF-RL500,2026-09-05,1.0,0,249.4,swasthya-demand-v1.0
PHC-RJ-JAI-003,MED-IVF-RL500,2026-09-06,1.0,0,248.4,swasthya-demand-v1.0
PHC-RJ-JAI-003,MED-IVF-RL500,2026-09-07,8.9,0,239.5,swasthya-demand-v1.0
PHC-RJ-JAI-003,MED-IVF-RL500,2026-09-08,1.0,0,238.5,swasthya-demand-v1.0
PHC-RJ-JAI-003,MED-IVF-RL500,2026-09-09,1.0,0,237.5,swasthya-demand-v1.0
PHC-RJ-JAI-003,MED-IVF-RL500,2026-09-10,1.0,0,236.5,swasthya-demand-v1.0
PHC-RJ-JAI-003,MED-IVF-D5500,2026-08-28,1.0,0,26.0,swasthya-demand-v1.0
PHC-RJ-JAI-003,MED-IVF-D5500,2026-08-29,1.0,0,25.0,swasthya-demand-v1.0
PHC-RJ-JAI-003,MED-IVF-D5500,2026-08-30,1.0,168,192.0,swasthya-demand-v1.0
PHC-RJ-JAI-003,MED-IVF-D5500,2026-08-31,8.8,0,183.2,swasthya-demand-v1.0
PHC-RJ-JAI-003,MED-IVF-D5500,2026-09-01,1.0,0,182.2,swasthya-demand-v1.0
PHC-RJ-JAI-003,MED-IVF-D5500,2026-09-02,1.0,0,181.2,swasthya-demand-v1.0
PHC-RJ-JAI-003,MED-IVF-D5500,2026-09-03,1.0,0,180.2,swasthya-demand-v1.0
PHC-RJ-JAI-003,MED-IVF-D5500,2026-09-04,1.0,0,179.2,swasthya-demand-v1.0
PHC-RJ-JAI-003,MED-IVF-D5500,2026-09-05,1.0,0,178.2,swasthya-demand-v1.0
PHC-RJ-JAI-003,MED-IVF-D5500,2026-09-06,1.0,0,177.2,swasthya-demand-v1.0
PHC-RJ-JAI-003,MED-IVF-D5500,2026-09-07,9.1,0,168.1,swasthya-demand-v1.0
PHC-RJ-JAI-003,MED-IVF-D5500,2026-09-08,1.0,0,167.1,swasthya-demand-v1.0
PHC-RJ-JAI-003,MED-IVF-D5500,2026-09-09,1.0,0,166.1,swasthya-demand-v1.0
PHC-RJ-JAI-003,MED-IVF-D5500,2026-09-10,1.0,0,165.1,swasthya-demand-v1.0
PHC-RJ-JAI-003,MED-ART-60,2026-08-28,1.0,0,71.0,swasthya-demand-v1.0
PHC-RJ-JAI-003,MED-ART-60,2026-08-29,1.0,0,70.0,swasthya-demand-v1.0
PHC-RJ-JAI-003,MED-ART-60,2026-08-30,1.0,0,69.0,swasthya-demand-v1.0
PHC-RJ-JAI-003,MED-ART-60,2026-08-31,9.2,0,59.8,swasthya-demand-v1.0
PHC-RJ-JAI-003,MED-ART-60,2026-09-01,1.0,0,58.8,swasthya-demand-v1.0
PHC-RJ-JAI-003,MED-ART-60,2026-09-02,1.0,0,57.8,swasthya-demand-v1.0
PHC-RJ-JAI-003,MED-ART-60,2026-09-03,1.0,0,56.8,swasthya-demand-v1.0
PHC-RJ-JAI-003,MED-ART-60,2026-09-04,1.0,0,55.8,swasthya-demand-v1.0
PHC-RJ-JAI-003,MED-ART-60,2026-09-05,1.0,0,54.8,swasthya-demand-v1.0
PHC-RJ-JAI-003,MED-ART-60,2026-09-06,1.0,0,53.8,swasthya-demand-v1.0
PHC-RJ-JAI-003,MED-ART-60,2026-09-07,9.2,0,44.6,swasthya-demand-v1.0
PHC-RJ-JAI-003,MED-ART-60,2026-09-08,1.0,0,43.6,swasthya-demand-v1.0
PHC-RJ-JAI-003,MED-ART-60,2026-09-09,1.0,0,42.6,swasthya-demand-v1.0
PHC-RJ-JAI-003,MED-ART-60,2026-09-10,1.0,0,41.6,swasthya-demand-v1.0
PHC-RJ-JAI-003,MED-ALB-400,2026-08-28,1.0,0,28.0,swasthya-demand-v1.0
PHC-RJ-JAI-003,MED-ALB-400,2026-08-29,1.0,0,27.0,swasthya-demand-v1.0
PHC-RJ-JAI-003,MED-ALB-400,2026-08-30,1.0,0,26.0,swasthya-demand-v1.0
PHC-RJ-JAI-003,MED-ALB-400,2026-08-31,8.9,168,185.1,swasthya-demand-v1.0
PHC-RJ-JAI-003,MED-ALB-400,2026-09-01,1.0,0,184.1,swasthya-demand-v1.0
PHC-RJ-JAI-003,MED-ALB-400,2026-09-02,1.0,0,183.1,swasthya-demand-v1.0
PHC-RJ-JAI-003,MED-ALB-400,2026-09-03,1.0,0,182.1,swasthya-demand-v1.0
PHC-RJ-JAI-003,MED-ALB-400,2026-09-04,1.0,0,181.1,swasthya-demand-v1.0
PHC-RJ-JAI-003,MED-ALB-400,2026-09-05,1.0,0,180.1,swasthya-demand-v1.0
PHC-RJ-JAI-003,MED-ALB-400,2026-09-06,1.0,0,179.1,swasthya-demand-v1.0
PHC-RJ-JAI-003,MED-ALB-400,2026-09-07,9.1,0,170.0,swasthya-demand-v1.0
PHC-RJ-JAI-003,MED-ALB-400,2026-09-08,1.0,0,169.0,swasthya-demand-v1.0
PHC-RJ-JAI-003,MED-ALB-400,2026-09-09,1.0,0,168.0,swasthya-demand-v1.0
PHC-RJ-JAI-003,MED-ALB-400,2026-09-10,1.0,0,167.0,swasthya-demand-v1.0
PHC-RJ-JAI-003,MED-IFA-TAB,2026-08-28,1.0,0,0.0,swasthya-demand-v1.0
PHC-RJ-JAI-003,MED-IFA-TAB,2026-08-29,1.0,0,0.0,swasthya-demand-v1.0
PHC-RJ-JAI-003,MED-IFA-TAB,2026-08-30,1.0,0,0.0,swasthya-demand-v1.0
PHC-RJ-JAI-003,MED-IFA-TAB,2026-08-31,7.5,616,605.5,swasthya-demand-v1.0
PHC-RJ-JAI-003,MED-IFA-TAB,2026-09-01,1.0,0,604.5,swasthya-demand-v1.0
PHC-RJ-JAI-003,MED-IFA-TAB,2026-09-02,1.0,0,603.5,swasthya-demand-v1.0
PHC-RJ-JAI-003,MED-IFA-TAB,2026-09-03,1.0,0,602.5,swasthya-demand-v1.0
PHC-RJ-JAI-003,MED-IFA-TAB,2026-09-04,1.0,0,601.5,swasthya-demand-v1.0
PHC-RJ-JAI-003,MED-IFA-TAB,2026-09-05,1.0,0,600.5,swasthya-demand-v1.0
PHC-RJ-JAI-003,MED-IFA-TAB,2026-09-06,1.0,0,599.5,swasthya-demand-v1.0
PHC-RJ-JAI-003,MED-IFA-TAB,2026-09-07,8.5,0,591.0,swasthya-demand-v1.0
PHC-RJ-JAI-003,MED-IFA-TAB,2026-09-08,1.0,0,590.0,swasthya-demand-v1.0
PHC-RJ-JAI-003,MED-IFA-TAB,2026-09-09,1.0,0,589.0,swasthya-demand-v1.0
PHC-RJ-JAI-003,MED-IFA-TAB,2026-09-10,1.0,0,588.0,swasthya-demand-v1.0
DH-RJ-JAI-001,MED-PCM-500,2026-08-28,1021.8,0,0.0,swasthya-demand-v1.0
DH-RJ-JAI-001,MED-PCM-500,2026-08-29,955.6,0,0.0,swasthya-demand-v1.0
DH-RJ-JAI-001,MED-PCM-500,2026-08-30,903.1,13776,10895.5,swasthya-demand-v1.0
DH-RJ-JAI-001,MED-PCM-500,2026-08-31,864.6,0,10030.9,swasthya-demand-v1.0
DH-RJ-JAI-001,MED-PCM-500,2026-09-01,792.9,0,9238.0,swasthya-demand-v1.0
DH-RJ-JAI-001,MED-PCM-500,2026-09-02,730.5,0,8507.5,swasthya-demand-v1.0
DH-RJ-JAI-001,MED-PCM-500,2026-09-03,665.4,0,7842.1,swasthya-demand-v1.0
DH-RJ-JAI-001,MED-PCM-500,2026-09-04,594.0,0,7248.1,swasthya-demand-v1.0
DH-RJ-JAI-001,MED-PCM-500,2026-09-05,521.4,0,6726.7,swasthya-demand-v1.0
DH-RJ-JAI-001,MED-PCM-500,2026-09-06,445.8,0,6280.9,swasthya-demand-v1.0
DH-RJ-JAI-001,MED-PCM-500,2026-09-07,467.1,0,5813.8,swasthya-demand-v1.0
DH-RJ-JAI-001,MED-PCM-500,2026-09-08,405.4,0,5408.4,swasthya-demand-v1.0
DH-RJ-JAI-001,MED-PCM-500,2026-09-09,357.9,0,5050.5,swasthya-demand-v1.0
DH-RJ-JAI-001,MED-PCM-500,2026-09-10,318.7,0,4731.8,swasthya-demand-v1.0
DH-RJ-JAI-001,MED-PCM-SYR,2026-08-28,386.5,0,0.0,swasthya-demand-v1.0
DH-RJ-JAI-001,MED-PCM-SYR,2026-08-29,354.2,0,0.0,swasthya-demand-v1.0
DH-RJ-JAI-001,MED-PCM-SYR,2026-08-30,312.3,5502,4449.0,swasthya-demand-v1.0
DH-RJ-JAI-001,MED-PCM-SYR,2026-08-31,318.3,0,4130.7,swasthya-demand-v1.0
DH-RJ-JAI-001,MED-PCM-SYR,2026-09-01,272.8,0,3857.9,swasthya-demand-v1.0
DH-RJ-JAI-001,MED-PCM-SYR,2026-09-02,235.4,0,3622.5,swasthya-demand-v1.0
DH-RJ-JAI-001,MED-PCM-SYR,2026-09-03,199.1,0,3423.4,swasthya-demand-v1.0
DH-RJ-JAI-001,MED-PCM-SYR,2026-09-04,151.5,0,3271.9,swasthya-demand-v1.0
DH-RJ-JAI-001,MED-PCM-SYR,2026-09-05,102.1,0,3169.8,swasthya-demand-v1.0
DH-RJ-JAI-001,MED-PCM-SYR,2026-09-06,49.0,0,3120.8,swasthya-demand-v1.0
DH-RJ-JAI-001,MED-PCM-SYR,2026-09-07,90.8,0,3030.0,swasthya-demand-v1.0
DH-RJ-JAI-001,MED-PCM-SYR,2026-09-08,48.3,0,2981.7,swasthya-demand-v1.0
DH-RJ-JAI-001,MED-PCM-SYR,2026-09-09,19.4,0,2962.3,swasthya-demand-v1.0
DH-RJ-JAI-001,MED-PCM-SYR,2026-09-10,1.0,0,2961.3,swasthya-demand-v1.0
DH-RJ-JAI-001,MED-AMX-500,2026-08-28,504.7,0,0.0,swasthya-demand-v1.0
DH-RJ-JAI-001,MED-AMX-500,2026-08-29,449.2,0,0.0,swasthya-demand-v1.0
DH-RJ-JAI-001,MED-AMX-500,2026-08-30,402.6,6734,5377.5,swasthya-demand-v1.0
DH-RJ-JAI-001,MED-AMX-500,2026-08-31,406.7,0,4970.8,swasthya-demand-v1.0
DH-RJ-JAI-001,MED-AMX-500,2026-09-01,352.9,0,4617.9,swasthya-demand-v1.0
DH-RJ-JAI-001,MED-AMX-500,2026-09-02,310.9,0,4307.0,swasthya-demand-v1.0
DH-RJ-JAI-001,MED-AMX-500,2026-09-03,270.4,0,4036.6,swasthya-demand-v1.0
DH-RJ-JAI-001,MED-AMX-500,2026-09-04,217.7,0,3818.9,swasthya-demand-v1.0
DH-RJ-JAI-001,MED-AMX-500,2026-09-05,164.4,0,3654.5,swasthya-demand-v1.0
DH-RJ-JAI-001,MED-AMX-500,2026-09-06,107.7,0,3546.8,swasthya-demand-v1.0
DH-RJ-JAI-001,MED-AMX-500,2026-09-07,146.0,0,3400.8,swasthya-demand-v1.0
DH-RJ-JAI-001,MED-AMX-500,2026-09-08,100.6,0,3300.2,swasthya-demand-v1.0
DH-RJ-JAI-001,MED-AMX-500,2026-09-09,69.0,0,3231.2,swasthya-demand-v1.0
DH-RJ-JAI-001,MED-AMX-500,2026-09-10,44.8,0,3186.4,swasthya-demand-v1.0
DH-RJ-JAI-001,MED-AMC-625,2026-08-28,320.2,0,0.0,swasthya-demand-v1.0
DH-RJ-JAI-001,MED-AMC-625,2026-08-29,278.5,4284,3685.3,swasthya-demand-v1.0
DH-RJ-JAI-001,MED-AMC-625,2026-08-30,248.7,0,3436.6,swasthya-demand-v1.0
DH-RJ-JAI-001,MED-AMC-625,2026-08-31,259.3,0,3177.3,swasthya-demand-v1.0
DH-RJ-JAI-001,MED-AMC-625,2026-09-01,215.4,0,2961.9,swasthya-demand-v1.0
DH-RJ-JAI-001,MED-AMC-625,2026-09-02,183.0,0,2778.9,swasthya-demand-v1.0
DH-RJ-JAI-001,MED-AMC-625,2026-09-03,150.1,0,2628.8,swasthya-demand-v1.0
DH-RJ-JAI-001,MED-AMC-625,2026-09-04,105.3,0,2523.5,swasthya-demand-v1.0
DH-RJ-JAI-001,MED-AMC-625,2026-09-05,59.1,0,2464.4,swasthya-demand-v1.0
DH-RJ-JAI-001,MED-AMC-625,2026-09-06,8.5,0,2455.9,swasthya-demand-v1.0
DH-RJ-JAI-001,MED-AMC-625,2026-09-07,52.4,0,2403.5,swasthya-demand-v1.0
DH-RJ-JAI-001,MED-AMC-625,2026-09-08,11.9,0,2391.6,swasthya-demand-v1.0
DH-RJ-JAI-001,MED-AMC-625,2026-09-09,1.0,0,2390.6,swasthya-demand-v1.0
DH-RJ-JAI-001,MED-AMC-625,2026-09-10,1.0,0,2389.6,swasthya-demand-v1.0
DH-RJ-JAI-001,MED-ORS-SFT,2026-08-28,774.5,0,0.0,swasthya-demand-v1.0
DH-RJ-JAI-001,MED-ORS-SFT,2026-08-29,746.9,0,0.0,swasthya-demand-v1.0
DH-RJ-JAI-001,MED-ORS-SFT,2026-08-30,726.4,9786,7538.2,swasthya-demand-v1.0
DH-RJ-JAI-001,MED-ORS-SFT,2026-08-31,671.5,0,6866.7,swasthya-demand-v1.0
DH-RJ-JAI-001,MED-ORS-SFT,2026-09-01,616.0,0,6250.7,swasthya-demand-v1.0
DH-RJ-JAI-001,MED-ORS-SFT,2026-09-02,564.5,0,5686.2,swasthya-demand-v1.0
DH-RJ-JAI-001,MED-ORS-SFT,2026-09-03,503.7,0,5182.5,swasthya-demand-v1.0
DH-RJ-JAI-001,MED-ORS-SFT,2026-09-04,443.0,0,4739.5,swasthya-demand-v1.0
DH-RJ-JAI-001,MED-ORS-SFT,2026-09-05,378.3,0,4361.2,swasthya-demand-v1.0
DH-RJ-JAI-001,MED-ORS-SFT,2026-09-06,309.6,0,4051.6,swasthya-demand-v1.0
DH-RJ-JAI-001,MED-ORS-SFT,2026-09-07,338.6,0,3713.0,swasthya-demand-v1.0
DH-RJ-JAI-001,MED-ORS-SFT,2026-09-08,283.6,0,3429.4,swasthya-demand-v1.0
DH-RJ-JAI-001,MED-ORS-SFT,2026-09-09,242.0,0,3187.4,swasthya-demand-v1.0
DH-RJ-JAI-001,MED-ORS-SFT,2026-09-10,208.7,0,2978.7,swasthya-demand-v1.0
DH-RJ-JAI-001,MED-ZNC-20,2026-08-28,368.1,0,0.0,swasthya-demand-v1.0
DH-RJ-JAI-001,MED-ZNC-20,2026-08-29,319.1,4886,4198.8,swasthya-demand-v1.0
DH-RJ-JAI-001,MED-ZNC-20,2026-08-30,277.8,0,3921.0,swasthya-demand-v1.0
DH-RJ-JAI-001,MED-ZNC-20,2026-08-31,296.5,0,3624.5,swasthya-demand-v1.0
DH-RJ-JAI-001,MED-ZNC-20,2026-09-01,249.0,0,3375.5,swasthya-demand-v1.0
DH-RJ-JAI-001,MED-ZNC-20,2026-09-02,214.4,0,3161.1,swasthya-demand-v1.0
DH-RJ-JAI-001,MED-ZNC-20,2026-09-03,181.8,0,2979.3,swasthya-demand-v1.0
DH-RJ-JAI-001,MED-ZNC-20,2026-09-04,134.8,0,2844.5,swasthya-demand-v1.0
DH-RJ-JAI-001,MED-ZNC-20,2026-09-05,87.2,0,2757.3,swasthya-demand-v1.0
DH-RJ-JAI-001,MED-ZNC-20,2026-09-06,35.4,0,2721.9,swasthya-demand-v1.0
DH-RJ-JAI-001,MED-ZNC-20,2026-09-07,77.9,0,2644.0,swasthya-demand-v1.0
DH-RJ-JAI-001,MED-ZNC-20,2026-09-08,36.1,0,2607.9,swasthya-demand-v1.0
DH-RJ-JAI-001,MED-ZNC-20,2026-09-09,8.2,0,2599.7,swasthya-demand-v1.0
DH-RJ-JAI-001,MED-ZNC-20,2026-09-10,1.0,0,2598.7,swasthya-demand-v1.0
DH-RJ-JAI-001,MED-AZI-500,2026-08-28,221.0,0,0.0,swasthya-demand-v1.0
DH-RJ-JAI-001,MED-AZI-500,2026-08-29,175.6,3668,3271.4,swasthya-demand-v1.0
DH-RJ-JAI-001,MED-AZI-500,2026-08-30,141.7,0,3129.7,swasthya-demand-v1.0
DH-RJ-JAI-001,MED-AZI-500,2026-08-31,165.1,0,2964.6,swasthya-demand-v1.0
DH-RJ-JAI-001,MED-AZI-500,2026-09-01,122.9,0,2841.7,swasthya-demand-v1.0
DH-RJ-JAI-001,MED-AZI-500,2026-09-02,94.0,0,2747.7,swasthya-demand-v1.0
DH-RJ-JAI-001,MED-AZI-500,2026-09-03,66.6,0,2681.1,swasthya-demand-v1.0
DH-RJ-JAI-001,MED-AZI-500,2026-09-04,24.8,0,2656.3,swasthya-demand-v1.0
DH-RJ-JAI-001,MED-AZI-500,2026-09-05,1.0,0,2655.3,swasthya-demand-v1.0
DH-RJ-JAI-001,MED-AZI-500,2026-09-06,1.0,0,2654.3,swasthya-demand-v1.0
DH-RJ-JAI-001,MED-AZI-500,2026-09-07,9.5,0,2644.8,swasthya-demand-v1.0
DH-RJ-JAI-001,MED-AZI-500,2026-09-08,1.0,0,2643.8,swasthya-demand-v1.0
DH-RJ-JAI-001,MED-AZI-500,2026-09-09,1.0,0,2642.8,swasthya-demand-v1.0
DH-RJ-JAI-001,MED-AZI-500,2026-09-10,1.0,0,2641.8,swasthya-demand-v1.0
DH-RJ-JAI-001,MED-CTX-1G,2026-08-28,107.7,0,0.0,swasthya-demand-v1.0
DH-RJ-JAI-001,MED-CTX-1G,2026-08-29,78.1,0,0.0,swasthya-demand-v1.0
DH-RJ-JAI-001,MED-CTX-1G,2026-08-30,41.7,0,0.0,swasthya-demand-v1.0
DH-RJ-JAI-001,MED-CTX-1G,2026-08-31,73.4,1834,1533.1,swasthya-demand-v1.0
DH-RJ-JAI-001,MED-CTX-1G,2026-09-01,37.6,0,1495.5,swasthya-demand-v1.0
DH-RJ-JAI-001,MED-CTX-1G,2026-09-02,12.3,0,1483.2,swasthya-demand-v1.0
DH-RJ-JAI-001,MED-CTX-1G,2026-09-03,1.0,0,1482.2,swasthya-demand-v1.0
DH-RJ-JAI-001,MED-CTX-1G,2026-09-04,1.0,0,1481.2,swasthya-demand-v1.0
DH-RJ-JAI-001,MED-CTX-1G,2026-09-05,1.0,0,1480.2,swasthya-demand-v1.0
DH-RJ-JAI-001,MED-CTX-1G,2026-09-06,1.0,0,1479.2,swasthya-demand-v1.0
DH-RJ-JAI-001,MED-CTX-1G,2026-09-07,5.2,0,1474.0,swasthya-demand-v1.0
DH-RJ-JAI-001,MED-CTX-1G,2026-09-08,1.0,0,1473.0,swasthya-demand-v1.0
DH-RJ-JAI-001,MED-CTX-1G,2026-09-09,1.0,0,1472.0,swasthya-demand-v1.0
DH-RJ-JAI-001,MED-CTX-1G,2026-09-10,1.0,0,1471.0,swasthya-demand-v1.0
DH-RJ-JAI-001,MED-RAB-VAC,2026-08-28,37.7,0,0.0,swasthya-demand-v1.0
DH-RJ-JAI-001,MED-RAB-VAC,2026-08-29,4.6,0,0.0,swasthya-demand-v1.0
DH-RJ-JAI-001,MED-RAB-VAC,2026-08-30,1.0,0,0.0,swasthya-demand-v1.0
DH-RJ-JAI-001,MED-RAB-VAC,2026-08-31,18.4,1064,1002.3,swasthya-demand-v1.0
DH-RJ-JAI-001,MED-RAB-VAC,2026-09-01,1.0,0,1001.3,swasthya-demand-v1.0
DH-RJ-JAI-001,MED-RAB-VAC,2026-09-02,1.0,0,1000.3,swasthya-demand-v1.0
DH-RJ-JAI-001,MED-RAB-VAC,2026-09-03,1.0,0,999.3,swasthya-demand-v1.0
DH-RJ-JAI-001,MED-RAB-VAC,2026-09-04,1.0,0,998.3,swasthya-demand-v1.0
DH-RJ-JAI-001,MED-RAB-VAC,2026-09-05,1.0,0,997.3,swasthya-demand-v1.0
DH-RJ-JAI-001,MED-RAB-VAC,2026-09-06,1.0,0,996.3,swasthya-demand-v1.0
DH-RJ-JAI-001,MED-RAB-VAC,2026-09-07,7.5,0,988.8,swasthya-demand-v1.0
DH-RJ-JAI-001,MED-RAB-VAC,2026-09-08,1.0,0,987.8,swasthya-demand-v1.0
DH-RJ-JAI-001,MED-RAB-VAC,2026-09-09,1.0,0,986.8,swasthya-demand-v1.0
DH-RJ-JAI-001,MED-RAB-VAC,2026-09-10,1.0,0,985.8,swasthya-demand-v1.0
DH-RJ-JAI-001,MED-ASV-VIAL,2026-08-28,1.0,0,0.0,swasthya-demand-v1.0
DH-RJ-JAI-001,MED-ASV-VIAL,2026-08-29,1.0,364,362.0,swasthya-demand-v1.0
DH-RJ-JAI-001,MED-ASV-VIAL,2026-08-30,1.0,0,361.0,swasthya-demand-v1.0
DH-RJ-JAI-001,MED-ASV-VIAL,2026-08-31,8.2,0,352.8,swasthya-demand-v1.0
DH-RJ-JAI-001,MED-ASV-VIAL,2026-09-01,1.0,0,351.8,swasthya-demand-v1.0
DH-RJ-JAI-001,MED-ASV-VIAL,2026-09-02,1.0,0,350.8,swasthya-demand-v1.0
DH-RJ-JAI-001,MED-ASV-VIAL,2026-09-03,1.0,0,349.8,swasthya-demand-v1.0
DH-RJ-JAI-001,MED-ASV-VIAL,2026-09-04,1.0,0,348.8,swasthya-demand-v1.0
DH-RJ-JAI-001,MED-ASV-VIAL,2026-09-05,1.0,0,347.8,swasthya-demand-v1.0
DH-RJ-JAI-001,MED-ASV-VIAL,2026-09-06,1.0,0,346.8,swasthya-demand-v1.0
DH-RJ-JAI-001,MED-ASV-VIAL,2026-09-07,8.8,0,338.0,swasthya-demand-v1.0
DH-RJ-JAI-001,MED-ASV-VIAL,2026-09-08,1.0,0,337.0,swasthya-demand-v1.0
DH-RJ-JAI-001,MED-ASV-VIAL,2026-09-09,1.0,0,336.0,swasthya-demand-v1.0
DH-RJ-JAI-001,MED-ASV-VIAL,2026-09-10,1.0,0,335.0,swasthya-demand-v1.0
DH-RJ-JAI-001,MED-INS-REG,2026-08-28,45.0,0,0.0,swasthya-demand-v1.0
DH-RJ-JAI-001,MED-INS-REG,2026-08-29,9.9,0,0.0,swasthya-demand-v1.0
DH-RJ-JAI-001,MED-INS-REG,2026-08-30,1.0,1218,1162.1,swasthya-demand-v1.0
DH-RJ-JAI-001,MED-INS-REG,2026-08-31,22.4,0,1139.7,swasthya-demand-v1.0
DH-RJ-JAI-001,MED-INS-REG,2026-09-01,1.0,0,1138.7,swasthya-demand-v1.0
DH-RJ-JAI-001,MED-INS-REG,2026-09-02,1.0,0,1137.7,swasthya-demand-v1.0
DH-RJ-JAI-001,MED-INS-REG,2026-09-03,1.0,0,1136.7,swasthya-demand-v1.0
DH-RJ-JAI-001,MED-INS-REG,2026-09-04,1.0,0,1135.7,swasthya-demand-v1.0
DH-RJ-JAI-001,MED-INS-REG,2026-09-05,1.0,0,1134.7,swasthya-demand-v1.0
DH-RJ-JAI-001,MED-INS-REG,2026-09-06,1.0,0,1133.7,swasthya-demand-v1.0
DH-RJ-JAI-001,MED-INS-REG,2026-09-07,7.4,0,1126.3,swasthya-demand-v1.0
DH-RJ-JAI-001,MED-INS-REG,2026-09-08,1.0,0,1125.3,swasthya-demand-v1.0
DH-RJ-JAI-001,MED-INS-REG,2026-09-09,1.0,0,1124.3,swasthya-demand-v1.0
DH-RJ-JAI-001,MED-INS-REG,2026-09-10,1.0,0,1123.3,swasthya-demand-v1.0
DH-RJ-JAI-001,MED-MET-500,2026-08-28,611.3,0,0.0,swasthya-demand-v1.0
DH-RJ-JAI-001,MED-MET-500,2026-08-29,569.7,0,0.0,swasthya-demand-v1.0
DH-RJ-JAI-001,MED-MET-500,2026-08-30,563.2,0,0.0,swasthya-demand-v1.0
DH-RJ-JAI-001,MED-MET-500,2026-08-31,528.6,7644,5371.2,swasthya-demand-v1.0
DH-RJ-JAI-001,MED-MET-500,2026-09-01,477.5,0,4893.7,swasthya-demand-v1.0
DH-RJ-JAI-001,MED-MET-500,2026-09-02,436.3,0,4457.4,swasthya-demand-v1.0
DH-RJ-JAI-001,MED-MET-500,2026-09-03,385.9,0,4071.5,swasthya-demand-v1.0
DH-RJ-JAI-001,MED-MET-500,2026-09-04,331.8,0,3739.7,swasthya-demand-v1.0
DH-RJ-JAI-001,MED-MET-500,2026-09-05,274.5,0,3465.2,swasthya-demand-v1.0
DH-RJ-JAI-001,MED-MET-500,2026-09-06,212.3,0,3252.9,swasthya-demand-v1.0
DH-RJ-JAI-001,MED-MET-500,2026-09-07,246.5,0,3006.4,swasthya-demand-v1.0
DH-RJ-JAI-001,MED-MET-500,2026-09-08,196.3,0,2810.1,swasthya-demand-v1.0
DH-RJ-JAI-001,MED-MET-500,2026-09-09,159.9,0,2650.2,swasthya-demand-v1.0
DH-RJ-JAI-001,MED-MET-500,2026-09-10,131.0,0,2519.2,swasthya-demand-v1.0
DH-RJ-JAI-001,MED-OXY-AMP,2026-08-28,70.8,0,0.0,swasthya-demand-v1.0
DH-RJ-JAI-001,MED-OXY-AMP,2026-08-29,37.8,0,0.0,swasthya-demand-v1.0
DH-RJ-JAI-001,MED-OXY-AMP,2026-08-30,1.0,1526,1416.4,swasthya-demand-v1.0
DH-RJ-JAI-001,MED-OXY-AMP,2026-08-31,37.5,0,1378.9,swasthya-demand-v1.0
DH-RJ-JAI-001,MED-OXY-AMP,2026-09-01,2.0,0,1376.9,swasthya-demand-v1.0
DH-RJ-JAI-001,MED-OXY-AMP,2026-09-02,1.0,0,1375.9,swasthya-demand-v1.0
DH-RJ-JAI-001,MED-OXY-AMP,2026-09-03,1.0,0,1374.9,swasthya-demand-v1.0
DH-RJ-JAI-001,MED-OXY-AMP,2026-09-04,1.0,0,1373.9,swasthya-demand-v1.0
DH-RJ-JAI-001,MED-OXY-AMP,2026-09-05,1.0,0,1372.9,swasthya-demand-v1.0
DH-RJ-JAI-001,MED-OXY-AMP,2026-09-06,1.0,0,1371.9,swasthya-demand-v1.0
DH-RJ-JAI-001,MED-OXY-AMP,2026-09-07,6.4,0,1365.5,swasthya-demand-v1.0
DH-RJ-JAI-001,MED-OXY-AMP,2026-09-08,1.0,0,1364.5,swasthya-demand-v1.0
DH-RJ-JAI-001,MED-OXY-AMP,2026-09-09,1.0,0,1363.5,swasthya-demand-v1.0
DH-RJ-JAI-001,MED-OXY-AMP,2026-09-10,1.0,0,1362.5,swasthya-demand-v1.0
DH-RJ-JAI-001,MED-MGS-50,2026-08-28,12.7,756,743.3,swasthya-demand-v1.0
DH-RJ-JAI-001,MED-MGS-50,2026-08-29,1.0,0,742.3,swasthya-demand-v1.0
DH-RJ-JAI-001,MED-MGS-50,2026-08-30,1.0,0,741.3,swasthya-demand-v1.0
DH-RJ-JAI-001,MED-MGS-50,2026-08-31,10.4,0,730.9,swasthya-demand-v1.0
DH-RJ-JAI-001,MED-MGS-50,2026-09-01,1.0,0,729.9,swasthya-demand-v1.0
DH-RJ-JAI-001,MED-MGS-50,2026-09-02,1.0,0,728.9,swasthya-demand-v1.0
DH-RJ-JAI-001,MED-MGS-50,2026-09-03,1.0,0,727.9,swasthya-demand-v1.0
DH-RJ-JAI-001,MED-MGS-50,2026-09-04,1.0,0,726.9,swasthya-demand-v1.0
DH-RJ-JAI-001,MED-MGS-50,2026-09-05,1.0,0,725.9,swasthya-demand-v1.0
DH-RJ-JAI-001,MED-MGS-50,2026-09-06,1.0,0,724.9,swasthya-demand-v1.0
DH-RJ-JAI-001,MED-MGS-50,2026-09-07,8.1,0,716.8,swasthya-demand-v1.0
DH-RJ-JAI-001,MED-MGS-50,2026-09-08,1.0,0,715.8,swasthya-demand-v1.0
DH-RJ-JAI-001,MED-MGS-50,2026-09-09,1.0,0,714.8,swasthya-demand-v1.0
DH-RJ-JAI-001,MED-MGS-50,2026-09-10,1.0,0,713.8,swasthya-demand-v1.0
DH-RJ-JAI-001,MED-IVF-NS500,2026-08-28,334.9,0,0.0,swasthya-demand-v1.0
DH-RJ-JAI-001,MED-IVF-NS500,2026-08-29,291.1,4592,3966.0,swasthya-demand-v1.0
DH-RJ-JAI-001,MED-IVF-NS500,2026-08-30,242.3,0,3723.7,swasthya-demand-v1.0
DH-RJ-JAI-001,MED-IVF-NS500,2026-08-31,263.6,0,3460.1,swasthya-demand-v1.0
DH-RJ-JAI-001,MED-IVF-NS500,2026-09-01,217.0,0,3243.1,swasthya-demand-v1.0
DH-RJ-JAI-001,MED-IVF-NS500,2026-09-02,181.6,0,3061.5,swasthya-demand-v1.0
DH-RJ-JAI-001,MED-IVF-NS500,2026-09-03,150.1,0,2911.4,swasthya-demand-v1.0
DH-RJ-JAI-001,MED-IVF-NS500,2026-09-04,103.8,0,2807.6,swasthya-demand-v1.0
DH-RJ-JAI-001,MED-IVF-NS500,2026-09-05,56.9,0,2750.7,swasthya-demand-v1.0
DH-RJ-JAI-001,MED-IVF-NS500,2026-09-06,6.3,0,2744.4,swasthya-demand-v1.0
DH-RJ-JAI-001,MED-IVF-NS500,2026-09-07,50.0,0,2694.4,swasthya-demand-v1.0
DH-RJ-JAI-001,MED-IVF-NS500,2026-09-08,9.5,0,2684.9,swasthya-demand-v1.0
DH-RJ-JAI-001,MED-IVF-NS500,2026-09-09,1.0,0,2683.9,swasthya-demand-v1.0
DH-RJ-JAI-001,MED-IVF-NS500,2026-09-10,1.0,0,2682.9,swasthya-demand-v1.0
DH-RJ-JAI-001,MED-IVF-RL500,2026-08-28,269.3,3668,3398.7,swasthya-demand-v1.0
DH-RJ-JAI-001,MED-IVF-RL500,2026-08-29,233.0,0,3165.7,swasthya-demand-v1.0
DH-RJ-JAI-001,MED-IVF-RL500,2026-08-30,198.0,0,2967.7,swasthya-demand-v1.0
DH-RJ-JAI-001,MED-IVF-RL500,2026-08-31,213.2,0,2754.5,swasthya-demand-v1.0
DH-RJ-JAI-001,MED-IVF-RL500,2026-09-01,171.1,0,2583.4,swasthya-demand-v1.0
DH-RJ-JAI-001,MED-IVF-RL500,2026-09-02,139.4,0,2444.0,swasthya-demand-v1.0
DH-RJ-JAI-001,MED-IVF-RL500,2026-09-03,108.8,0,2335.2,swasthya-demand-v1.0
DH-RJ-JAI-001,MED-IVF-RL500,2026-09-04,65.5,0,2269.7,swasthya-demand-v1.0
DH-RJ-JAI-001,MED-IVF-RL500,2026-09-05,20.8,0,2248.9,swasthya-demand-v1.0
DH-RJ-JAI-001,MED-IVF-RL500,2026-09-06,1.0,0,2247.9,swasthya-demand-v1.0
DH-RJ-JAI-001,MED-IVF-RL500,2026-09-07,26.9,0,2221.0,swasthya-demand-v1.0
DH-RJ-JAI-001,MED-IVF-RL500,2026-09-08,1.0,0,2220.0,swasthya-demand-v1.0
DH-RJ-JAI-001,MED-IVF-RL500,2026-09-09,1.0,0,2219.0,swasthya-demand-v1.0
DH-RJ-JAI-001,MED-IVF-RL500,2026-09-10,1.0,0,2218.0,swasthya-demand-v1.0
DH-RJ-JAI-001,MED-IVF-D5500,2026-08-28,160.8,0,0.0,swasthya-demand-v1.0
DH-RJ-JAI-001,MED-IVF-D5500,2026-08-29,127.1,0,0.0,swasthya-demand-v1.0
DH-RJ-JAI-001,MED-IVF-D5500,2026-08-30,90.5,2436,2057.6,swasthya-demand-v1.0
DH-RJ-JAI-001,MED-IVF-D5500,2026-08-31,118.8,0,1938.8,swasthya-demand-v1.0
DH-RJ-JAI-001,MED-IVF-D5500,2026-09-01,80.6,0,1858.2,swasthya-demand-v1.0
DH-RJ-JAI-001,MED-IVF-D5500,2026-09-02,53.4,0,1804.8,swasthya-demand-v1.0
DH-RJ-JAI-001,MED-IVF-D5500,2026-09-03,29.0,0,1775.8,swasthya-demand-v1.0
DH-RJ-JAI-001,MED-IVF-D5500,2026-09-04,1.0,0,1774.8,swasthya-demand-v1.0
DH-RJ-JAI-001,MED-IVF-D5500,2026-09-05,1.0,0,1773.8,swasthya-demand-v1.0
DH-RJ-JAI-001,MED-IVF-D5500,2026-09-06,1.0,0,1772.8,swasthya-demand-v1.0
DH-RJ-JAI-001,MED-IVF-D5500,2026-09-07,3.9,0,1768.9,swasthya-demand-v1.0
DH-RJ-JAI-001,MED-IVF-D5500,2026-09-08,1.0,0,1767.9,swasthya-demand-v1.0
DH-RJ-JAI-001,MED-IVF-D5500,2026-09-09,1.0,0,1766.9,swasthya-demand-v1.0
DH-RJ-JAI-001,MED-IVF-D5500,2026-09-10,1.0,0,1765.9,swasthya-demand-v1.0
DH-RJ-JAI-001,MED-ART-60,2026-08-28,28.6,910,881.4,swasthya-demand-v1.0
DH-RJ-JAI-001,MED-ART-60,2026-08-29,1.0,0,880.4,swasthya-demand-v1.0
DH-RJ-JAI-001,MED-ART-60,2026-08-30,1.0,0,879.4,swasthya-demand-v1.0
DH-RJ-JAI-001,MED-ART-60,2026-08-31,14.7,0,864.7,swasthya-demand-v1.0
DH-RJ-JAI-001,MED-ART-60,2026-09-01,1.0,0,863.7,swasthya-demand-v1.0
DH-RJ-JAI-001,MED-ART-60,2026-09-02,1.0,0,862.7,swasthya-demand-v1.0
DH-RJ-JAI-001,MED-ART-60,2026-09-03,1.0,0,861.7,swasthya-demand-v1.0
DH-RJ-JAI-001,MED-ART-60,2026-09-04,1.0,0,860.7,swasthya-demand-v1.0
DH-RJ-JAI-001,MED-ART-60,2026-09-05,1.0,0,859.7,swasthya-demand-v1.0
DH-RJ-JAI-001,MED-ART-60,2026-09-06,1.0,0,858.7,swasthya-demand-v1.0
DH-RJ-JAI-001,MED-ART-60,2026-09-07,7.8,0,850.9,swasthya-demand-v1.0
DH-RJ-JAI-001,MED-ART-60,2026-09-08,1.0,0,849.9,swasthya-demand-v1.0
DH-RJ-JAI-001,MED-ART-60,2026-09-09,1.0,0,848.9,swasthya-demand-v1.0
DH-RJ-JAI-001,MED-ART-60,2026-09-10,1.0,0,847.9,swasthya-demand-v1.0
DH-RJ-JAI-001,MED-ALB-400,2026-08-28,153.9,2436,2282.1,swasthya-demand-v1.0
DH-RJ-JAI-001,MED-ALB-400,2026-08-29,114.8,0,2167.3,swasthya-demand-v1.0
DH-RJ-JAI-001,MED-ALB-400,2026-08-30,72.9,0,2094.4,swasthya-demand-v1.0
DH-RJ-JAI-001,MED-ALB-400,2026-08-31,107.4,0,1987.0,swasthya-demand-v1.0
DH-RJ-JAI-001,MED-ALB-400,2026-09-01,67.9,0,1919.1,swasthya-demand-v1.0
DH-RJ-JAI-001,MED-ALB-400,2026-09-02,40.5,0,1878.6,swasthya-demand-v1.0
DH-RJ-JAI-001,MED-ALB-400,2026-09-03,17.6,0,1861.0,swasthya-demand-v1.0
DH-RJ-JAI-001,MED-ALB-400,2026-09-04,1.0,0,1860.0,swasthya-demand-v1.0
DH-RJ-JAI-001,MED-ALB-400,2026-09-05,1.0,0,1859.0,swasthya-demand-v1.0
DH-RJ-JAI-001,MED-ALB-400,2026-09-06,1.0,0,1858.0,swasthya-demand-v1.0
DH-RJ-JAI-001,MED-ALB-400,2026-09-07,4.1,0,1853.9,swasthya-demand-v1.0
DH-RJ-JAI-001,MED-ALB-400,2026-09-08,1.0,0,1852.9,swasthya-demand-v1.0
DH-RJ-JAI-001,MED-ALB-400,2026-09-09,1.0,0,1851.9,swasthya-demand-v1.0
DH-RJ-JAI-001,MED-ALB-400,2026-09-10,1.0,0,1850.9,swasthya-demand-v1.0
DH-RJ-JAI-001,MED-IFA-TAB,2026-08-28,676.7,0,0.0,swasthya-demand-v1.0
DH-RJ-JAI-001,MED-IFA-TAB,2026-08-29,643.8,8568,7247.5,swasthya-demand-v1.0
DH-RJ-JAI-001,MED-IFA-TAB,2026-08-30,599.9,0,6647.6,swasthya-demand-v1.0
DH-RJ-JAI-001,MED-IFA-TAB,2026-08-31,580.6,0,6067.0,swasthya-demand-v1.0
DH-RJ-JAI-001,MED-IFA-TAB,2026-09-01,526.2,0,5540.8,swasthya-demand-v1.0
DH-RJ-JAI-001,MED-IFA-TAB,2026-09-02,477.7,0,5063.1,swasthya-demand-v1.0
DH-RJ-JAI-001,MED-IFA-TAB,2026-09-03,427.5,0,4635.6,swasthya-demand-v1.0
DH-RJ-JAI-001,MED-IFA-TAB,2026-09-04,369.8,0,4265.8,swasthya-demand-v1.0
DH-RJ-JAI-001,MED-IFA-TAB,2026-09-05,309.5,0,3956.3,swasthya-demand-v1.0
DH-RJ-JAI-001,MED-IFA-TAB,2026-09-06,245.7,0,3710.6,swasthya-demand-v1.0
DH-RJ-JAI-001,MED-IFA-TAB,2026-09-07,277.8,0,3432.8,swasthya-demand-v1.0
DH-RJ-JAI-001,MED-IFA-TAB,2026-09-08,225.9,0,3206.9,swasthya-demand-v1.0
DH-RJ-JAI-001,MED-IFA-TAB,2026-09-09,187.8,0,3019.1,swasthya-demand-v1.0
DH-RJ-JAI-001,MED-IFA-TAB,2026-09-10,157.7,0,2861.4,swasthya-demand-v1.0
PHC-MH-PUN-001,MED-PCM-500,2026-08-28,6.0,0,0.0,swasthya-demand-v1.0
PHC-MH-PUN-001,MED-PCM-500,2026-08-29,1.0,0,0.0,swasthya-demand-v1.0
PHC-MH-PUN-001,MED-PCM-500,2026-08-30,1.0,0,0.0,swasthya-demand-v1.0
PHC-MH-PUN-001,MED-PCM-500,2026-08-31,8.9,686,669.1,swasthya-demand-v1.0
PHC-MH-PUN-001,MED-PCM-500,2026-09-01,1.0,0,668.1,swasthya-demand-v1.0
PHC-MH-PUN-001,MED-PCM-500,2026-09-02,1.0,0,667.1,swasthya-demand-v1.0
PHC-MH-PUN-001,MED-PCM-500,2026-09-03,1.0,0,666.1,swasthya-demand-v1.0
PHC-MH-PUN-001,MED-PCM-500,2026-09-04,1.0,0,665.1,swasthya-demand-v1.0
PHC-MH-PUN-001,MED-PCM-500,2026-09-05,1.0,0,664.1,swasthya-demand-v1.0
PHC-MH-PUN-001,MED-PCM-500,2026-09-06,1.0,0,663.1,swasthya-demand-v1.0
PHC-MH-PUN-001,MED-PCM-500,2026-09-07,8.3,0,654.8,swasthya-demand-v1.0
PHC-MH-PUN-001,MED-PCM-500,2026-09-08,1.0,0,653.8,swasthya-demand-v1.0
PHC-MH-PUN-001,MED-PCM-500,2026-09-09,1.0,0,652.8,swasthya-demand-v1.0
PHC-MH-PUN-001,MED-PCM-500,2026-09-10,1.0,0,651.8,swasthya-demand-v1.0
PHC-MH-PUN-001,MED-PCM-SYR,2026-08-28,1.0,266,265.0,swasthya-demand-v1.0
PHC-MH-PUN-001,MED-PCM-SYR,2026-08-29,1.0,0,264.0,swasthya-demand-v1.0
PHC-MH-PUN-001,MED-PCM-SYR,2026-08-30,1.0,0,263.0,swasthya-demand-v1.0
PHC-MH-PUN-001,MED-PCM-SYR,2026-08-31,8.6,0,254.4,swasthya-demand-v1.0
PHC-MH-PUN-001,MED-PCM-SYR,2026-09-01,1.0,0,253.4,swasthya-demand-v1.0
PHC-MH-PUN-001,MED-PCM-SYR,2026-09-02,1.0,0,252.4,swasthya-demand-v1.0
PHC-MH-PUN-001,MED-PCM-SYR,2026-09-03,1.0,0,251.4,swasthya-demand-v1.0
PHC-MH-PUN-001,MED-PCM-SYR,2026-09-04,1.0,0,250.4,swasthya-demand-v1.0
PHC-MH-PUN-001,MED-PCM-SYR,2026-09-05,1.0,0,249.4,swasthya-demand-v1.0
PHC-MH-PUN-001,MED-PCM-SYR,2026-09-06,1.0,0,248.4,swasthya-demand-v1.0
PHC-MH-PUN-001,MED-PCM-SYR,2026-09-07,9.0,0,239.4,swasthya-demand-v1.0
PHC-MH-PUN-001,MED-PCM-SYR,2026-09-08,1.0,0,238.4,swasthya-demand-v1.0
PHC-MH-PUN-001,MED-PCM-SYR,2026-09-09,1.0,0,237.4,swasthya-demand-v1.0
PHC-MH-PUN-001,MED-PCM-SYR,2026-09-10,1.0,0,236.4,swasthya-demand-v1.0
PHC-MH-PUN-001,MED-AMX-500,2026-08-28,1.0,0,0.0,swasthya-demand-v1.0
PHC-MH-PUN-001,MED-AMX-500,2026-08-29,1.0,0,0.0,swasthya-demand-v1.0
PHC-MH-PUN-001,MED-AMX-500,2026-08-30,1.0,0,0.0,swasthya-demand-v1.0
PHC-MH-PUN-001,MED-AMX-500,2026-08-31,8.6,336,324.4,swasthya-demand-v1.0
PHC-MH-PUN-001,MED-AMX-500,2026-09-01,1.0,0,323.4,swasthya-demand-v1.0
PHC-MH-PUN-001,MED-AMX-500,2026-09-02,1.0,0,322.4,swasthya-demand-v1.0
PHC-MH-PUN-001,MED-AMX-500,2026-09-03,1.0,0,321.4,swasthya-demand-v1.0
PHC-MH-PUN-001,MED-AMX-500,2026-09-04,1.0,0,320.4,swasthya-demand-v1.0
PHC-MH-PUN-001,MED-AMX-500,2026-09-05,1.0,0,319.4,swasthya-demand-v1.0
PHC-MH-PUN-001,MED-AMX-500,2026-09-06,1.0,0,318.4,swasthya-demand-v1.0
PHC-MH-PUN-001,MED-AMX-500,2026-09-07,8.9,0,309.5,swasthya-demand-v1.0
PHC-MH-PUN-001,MED-AMX-500,2026-09-08,1.0,0,308.5,swasthya-demand-v1.0
PHC-MH-PUN-001,MED-AMX-500,2026-09-09,1.0,0,307.5,swasthya-demand-v1.0
PHC-MH-PUN-001,MED-AMX-500,2026-09-10,1.0,0,306.5,swasthya-demand-v1.0
PHC-MH-PUN-001,MED-AMC-625,2026-08-28,1.0,210,231.0,swasthya-demand-v1.0
PHC-MH-PUN-001,MED-AMC-625,2026-08-29,1.0,0,230.0,swasthya-demand-v1.0
PHC-MH-PUN-001,MED-AMC-625,2026-08-30,1.0,0,229.0,swasthya-demand-v1.0
PHC-MH-PUN-001,MED-AMC-625,2026-08-31,8.8,0,220.2,swasthya-demand-v1.0
PHC-MH-PUN-001,MED-AMC-625,2026-09-01,1.0,0,219.2,swasthya-demand-v1.0
PHC-MH-PUN-001,MED-AMC-625,2026-09-02,1.0,0,218.2,swasthya-demand-v1.0
PHC-MH-PUN-001,MED-AMC-625,2026-09-03,1.0,0,217.2,swasthya-demand-v1.0
PHC-MH-PUN-001,MED-AMC-625,2026-09-04,1.0,0,216.2,swasthya-demand-v1.0
PHC-MH-PUN-001,MED-AMC-625,2026-09-05,1.0,0,215.2,swasthya-demand-v1.0
PHC-MH-PUN-001,MED-AMC-625,2026-09-06,1.0,0,214.2,swasthya-demand-v1.0
PHC-MH-PUN-001,MED-AMC-625,2026-09-07,9.1,0,205.1,swasthya-demand-v1.0
PHC-MH-PUN-001,MED-AMC-625,2026-09-08,1.0,0,204.1,swasthya-demand-v1.0
PHC-MH-PUN-001,MED-AMC-625,2026-09-09,1.0,0,203.1,swasthya-demand-v1.0
PHC-MH-PUN-001,MED-AMC-625,2026-09-10,1.0,0,202.1,swasthya-demand-v1.0
PHC-MH-PUN-001,MED-ORS-SFT,2026-08-28,1.0,490,489.0,swasthya-demand-v1.0
PHC-MH-PUN-001,MED-ORS-SFT,2026-08-29,1.0,0,488.0,swasthya-demand-v1.0
PHC-MH-PUN-001,MED-ORS-SFT,2026-08-30,1.0,0,487.0,swasthya-demand-v1.0
PHC-MH-PUN-001,MED-ORS-SFT,2026-08-31,7.8,0,479.2,swasthya-demand-v1.0
PHC-MH-PUN-001,MED-ORS-SFT,2026-09-01,1.0,0,478.2,swasthya-demand-v1.0
PHC-MH-PUN-001,MED-ORS-SFT,2026-09-02,1.0,0,477.2,swasthya-demand-v1.0
PHC-MH-PUN-001,MED-ORS-SFT,2026-09-03,1.0,0,476.2,swasthya-demand-v1.0
PHC-MH-PUN-001,MED-ORS-SFT,2026-09-04,1.0,0,475.2,swasthya-demand-v1.0
PHC-MH-PUN-001,MED-ORS-SFT,2026-09-05,1.0,0,474.2,swasthya-demand-v1.0
PHC-MH-PUN-001,MED-ORS-SFT,2026-09-06,1.0,0,473.2,swasthya-demand-v1.0
PHC-MH-PUN-001,MED-ORS-SFT,2026-09-07,8.7,0,464.5,swasthya-demand-v1.0
PHC-MH-PUN-001,MED-ORS-SFT,2026-09-08,1.0,0,463.5,swasthya-demand-v1.0
PHC-MH-PUN-001,MED-ORS-SFT,2026-09-09,1.0,0,462.5,swasthya-demand-v1.0
PHC-MH-PUN-001,MED-ORS-SFT,2026-09-10,1.0,0,461.5,swasthya-demand-v1.0
PHC-MH-PUN-001,MED-ZNC-20,2026-08-28,1.0,0,0.0,swasthya-demand-v1.0
PHC-MH-PUN-001,MED-ZNC-20,2026-08-29,1.0,238,236.0,swasthya-demand-v1.0
PHC-MH-PUN-001,MED-ZNC-20,2026-08-30,1.0,0,235.0,swasthya-demand-v1.0
PHC-MH-PUN-001,MED-ZNC-20,2026-08-31,8.7,0,226.3,swasthya-demand-v1.0
PHC-MH-PUN-001,MED-ZNC-20,2026-09-01,1.0,0,225.3,swasthya-demand-v1.0
PHC-MH-PUN-001,MED-ZNC-20,2026-09-02,1.0,0,224.3,swasthya-demand-v1.0
PHC-MH-PUN-001,MED-ZNC-20,2026-09-03,1.0,0,223.3,swasthya-demand-v1.0
PHC-MH-PUN-001,MED-ZNC-20,2026-09-04,1.0,0,222.3,swasthya-demand-v1.0
PHC-MH-PUN-001,MED-ZNC-20,2026-09-05,1.0,0,221.3,swasthya-demand-v1.0
PHC-MH-PUN-001,MED-ZNC-20,2026-09-06,1.0,0,220.3,swasthya-demand-v1.0
PHC-MH-PUN-001,MED-ZNC-20,2026-09-07,9.0,0,211.3,swasthya-demand-v1.0
PHC-MH-PUN-001,MED-ZNC-20,2026-09-08,1.0,0,210.3,swasthya-demand-v1.0
PHC-MH-PUN-001,MED-ZNC-20,2026-09-09,1.0,0,209.3,swasthya-demand-v1.0
PHC-MH-PUN-001,MED-ZNC-20,2026-09-10,1.0,0,208.3,swasthya-demand-v1.0
PHC-MH-PUN-001,MED-AZI-500,2026-08-28,1.0,0,28.0,swasthya-demand-v1.0
PHC-MH-PUN-001,MED-AZI-500,2026-08-29,1.0,0,27.0,swasthya-demand-v1.0
PHC-MH-PUN-001,MED-AZI-500,2026-08-30,1.0,182,208.0,swasthya-demand-v1.0
PHC-MH-PUN-001,MED-AZI-500,2026-08-31,8.9,0,199.1,swasthya-demand-v1.0
PHC-MH-PUN-001,MED-AZI-500,2026-09-01,1.0,0,198.1,swasthya-demand-v1.0
PHC-MH-PUN-001,MED-AZI-500,2026-09-02,1.0,0,197.1,swasthya-demand-v1.0
PHC-MH-PUN-001,MED-AZI-500,2026-09-03,1.0,0,196.1,swasthya-demand-v1.0
PHC-MH-PUN-001,MED-AZI-500,2026-09-04,1.0,0,195.1,swasthya-demand-v1.0
PHC-MH-PUN-001,MED-AZI-500,2026-09-05,1.0,0,194.1,swasthya-demand-v1.0
PHC-MH-PUN-001,MED-AZI-500,2026-09-06,1.0,0,193.1,swasthya-demand-v1.0
PHC-MH-PUN-001,MED-AZI-500,2026-09-07,9.1,0,184.0,swasthya-demand-v1.0
PHC-MH-PUN-001,MED-AZI-500,2026-09-08,1.0,0,183.0,swasthya-demand-v1.0
PHC-MH-PUN-001,MED-AZI-500,2026-09-09,1.0,0,182.0,swasthya-demand-v1.0
PHC-MH-PUN-001,MED-AZI-500,2026-09-10,1.0,0,181.0,swasthya-demand-v1.0
PHC-MH-PUN-001,MED-CTX-1G,2026-08-28,1.0,0,63.0,swasthya-demand-v1.0
PHC-MH-PUN-001,MED-CTX-1G,2026-08-29,1.0,0,62.0,swasthya-demand-v1.0
PHC-MH-PUN-001,MED-CTX-1G,2026-08-30,1.0,0,61.0,swasthya-demand-v1.0
PHC-MH-PUN-001,MED-CTX-1G,2026-08-31,9.1,0,51.9,swasthya-demand-v1.0
PHC-MH-PUN-001,MED-CTX-1G,2026-09-01,1.0,0,50.9,swasthya-demand-v1.0
PHC-MH-PUN-001,MED-CTX-1G,2026-09-02,1.0,0,49.9,swasthya-demand-v1.0
PHC-MH-PUN-001,MED-CTX-1G,2026-09-03,1.0,0,48.9,swasthya-demand-v1.0
PHC-MH-PUN-001,MED-CTX-1G,2026-09-04,1.0,0,47.9,swasthya-demand-v1.0
PHC-MH-PUN-001,MED-CTX-1G,2026-09-05,1.0,0,46.9,swasthya-demand-v1.0
PHC-MH-PUN-001,MED-CTX-1G,2026-09-06,1.0,0,45.9,swasthya-demand-v1.0
PHC-MH-PUN-001,MED-CTX-1G,2026-09-07,9.2,0,36.7,swasthya-demand-v1.0
PHC-MH-PUN-001,MED-CTX-1G,2026-09-08,1.0,0,35.7,swasthya-demand-v1.0
PHC-MH-PUN-001,MED-CTX-1G,2026-09-09,1.0,0,34.7,swasthya-demand-v1.0
PHC-MH-PUN-001,MED-CTX-1G,2026-09-10,1.0,0,33.7,swasthya-demand-v1.0
PHC-MH-PUN-001,MED-RAB-VAC,2026-08-28,1.0,0,78.0,swasthya-demand-v1.0
PHC-MH-PUN-001,MED-RAB-VAC,2026-08-29,1.0,0,77.0,swasthya-demand-v1.0
PHC-MH-PUN-001,MED-RAB-VAC,2026-08-30,1.0,0,76.0,swasthya-demand-v1.0
PHC-MH-PUN-001,MED-RAB-VAC,2026-08-31,9.3,0,66.7,swasthya-demand-v1.0
PHC-MH-PUN-001,MED-RAB-VAC,2026-09-01,1.0,0,65.7,swasthya-demand-v1.0
PHC-MH-PUN-001,MED-RAB-VAC,2026-09-02,1.0,0,64.7,swasthya-demand-v1.0
PHC-MH-PUN-001,MED-RAB-VAC,2026-09-03,1.0,0,63.7,swasthya-demand-v1.0
PHC-MH-PUN-001,MED-RAB-VAC,2026-09-04,1.0,0,62.7,swasthya-demand-v1.0
PHC-MH-PUN-001,MED-RAB-VAC,2026-09-05,1.0,0,61.7,swasthya-demand-v1.0
PHC-MH-PUN-001,MED-RAB-VAC,2026-09-06,1.0,0,60.7,swasthya-demand-v1.0
PHC-MH-PUN-001,MED-RAB-VAC,2026-09-07,9.2,0,51.5,swasthya-demand-v1.0
PHC-MH-PUN-001,MED-RAB-VAC,2026-09-08,1.0,0,50.5,swasthya-demand-v1.0
PHC-MH-PUN-001,MED-RAB-VAC,2026-09-09,1.0,0,49.5,swasthya-demand-v1.0
PHC-MH-PUN-001,MED-RAB-VAC,2026-09-10,1.0,0,48.5,swasthya-demand-v1.0
PHC-MH-PUN-001,MED-ASV-VIAL,2026-08-28,1.0,0,91.0,swasthya-demand-v1.0
PHC-MH-PUN-001,MED-ASV-VIAL,2026-08-29,1.0,0,90.0,swasthya-demand-v1.0
PHC-MH-PUN-001,MED-ASV-VIAL,2026-08-30,1.0,0,89.0,swasthya-demand-v1.0
PHC-MH-PUN-001,MED-ASV-VIAL,2026-08-31,9.4,0,79.6,swasthya-demand-v1.0
PHC-MH-PUN-001,MED-ASV-VIAL,2026-09-01,1.0,0,78.6,swasthya-demand-v1.0
PHC-MH-PUN-001,MED-ASV-VIAL,2026-09-02,1.0,0,77.6,swasthya-demand-v1.0
PHC-MH-PUN-001,MED-ASV-VIAL,2026-09-03,1.0,0,76.6,swasthya-demand-v1.0
PHC-MH-PUN-001,MED-ASV-VIAL,2026-09-04,1.0,0,75.6,swasthya-demand-v1.0
PHC-MH-PUN-001,MED-ASV-VIAL,2026-09-05,1.0,0,74.6,swasthya-demand-v1.0
PHC-MH-PUN-001,MED-ASV-VIAL,2026-09-06,1.0,0,73.6,swasthya-demand-v1.0
PHC-MH-PUN-001,MED-ASV-VIAL,2026-09-07,9.3,0,64.3,swasthya-demand-v1.0
PHC-MH-PUN-001,MED-ASV-VIAL,2026-09-08,1.0,0,63.3,swasthya-demand-v1.0
PHC-MH-PUN-001,MED-ASV-VIAL,2026-09-09,1.0,0,62.3,swasthya-demand-v1.0
PHC-MH-PUN-001,MED-ASV-VIAL,2026-09-10,1.0,0,61.3,swasthya-demand-v1.0
PHC-MH-PUN-001,MED-INS-REG,2026-08-28,1.0,0,75.0,swasthya-demand-v1.0
PHC-MH-PUN-001,MED-INS-REG,2026-08-29,1.0,0,74.0,swasthya-demand-v1.0
PHC-MH-PUN-001,MED-INS-REG,2026-08-30,1.0,0,73.0,swasthya-demand-v1.0
PHC-MH-PUN-001,MED-INS-REG,2026-08-31,9.3,0,63.7,swasthya-demand-v1.0
PHC-MH-PUN-001,MED-INS-REG,2026-09-01,1.0,0,62.7,swasthya-demand-v1.0
PHC-MH-PUN-001,MED-INS-REG,2026-09-02,1.0,0,61.7,swasthya-demand-v1.0
PHC-MH-PUN-001,MED-INS-REG,2026-09-03,1.0,0,60.7,swasthya-demand-v1.0
PHC-MH-PUN-001,MED-INS-REG,2026-09-04,1.0,0,59.7,swasthya-demand-v1.0
PHC-MH-PUN-001,MED-INS-REG,2026-09-05,1.0,0,58.7,swasthya-demand-v1.0
PHC-MH-PUN-001,MED-INS-REG,2026-09-06,1.0,0,57.7,swasthya-demand-v1.0
PHC-MH-PUN-001,MED-INS-REG,2026-09-07,9.2,0,48.5,swasthya-demand-v1.0
PHC-MH-PUN-001,MED-INS-REG,2026-09-08,1.0,0,47.5,swasthya-demand-v1.0
PHC-MH-PUN-001,MED-INS-REG,2026-09-09,1.0,0,46.5,swasthya-demand-v1.0
PHC-MH-PUN-001,MED-INS-REG,2026-09-10,1.0,0,45.5,swasthya-demand-v1.0
PHC-MH-PUN-001,MED-MET-500,2026-08-28,1.0,0,0.0,swasthya-demand-v1.0
PHC-MH-PUN-001,MED-MET-500,2026-08-29,1.0,0,0.0,swasthya-demand-v1.0
PHC-MH-PUN-001,MED-MET-500,2026-08-30,1.0,378,375.0,swasthya-demand-v1.0
PHC-MH-PUN-001,MED-MET-500,2026-08-31,8.4,0,366.6,swasthya-demand-v1.0
PHC-MH-PUN-001,MED-MET-500,2026-09-01,1.0,0,365.6,swasthya-demand-v1.0
PHC-MH-PUN-001,MED-MET-500,2026-09-02,1.0,0,364.6,swasthya-demand-v1.0
PHC-MH-PUN-001,MED-MET-500,2026-09-03,1.0,0,363.6,swasthya-demand-v1.0
PHC-MH-PUN-001,MED-MET-500,2026-09-04,1.0,0,362.6,swasthya-demand-v1.0
PHC-MH-PUN-001,MED-MET-500,2026-09-05,1.0,0,361.6,swasthya-demand-v1.0
PHC-MH-PUN-001,MED-MET-500,2026-09-06,1.0,0,360.6,swasthya-demand-v1.0
PHC-MH-PUN-001,MED-MET-500,2026-09-07,8.8,0,351.8,swasthya-demand-v1.0
PHC-MH-PUN-001,MED-MET-500,2026-09-08,1.0,0,350.8,swasthya-demand-v1.0
PHC-MH-PUN-001,MED-MET-500,2026-09-09,1.0,0,349.8,swasthya-demand-v1.0
PHC-MH-PUN-001,MED-MET-500,2026-09-10,1.0,0,348.8,swasthya-demand-v1.0
PHC-MH-PUN-001,MED-OXY-AMP,2026-08-28,1.0,0,70.0,swasthya-demand-v1.0
PHC-MH-PUN-001,MED-OXY-AMP,2026-08-29,1.0,0,69.0,swasthya-demand-v1.0
PHC-MH-PUN-001,MED-OXY-AMP,2026-08-30,1.0,0,68.0,swasthya-demand-v1.0
PHC-MH-PUN-001,MED-OXY-AMP,2026-08-31,9.2,0,58.8,swasthya-demand-v1.0
PHC-MH-PUN-001,MED-OXY-AMP,2026-09-01,1.0,0,57.8,swasthya-demand-v1.0
PHC-MH-PUN-001,MED-OXY-AMP,2026-09-02,1.0,0,56.8,swasthya-demand-v1.0
PHC-MH-PUN-001,MED-OXY-AMP,2026-09-03,1.0,0,55.8,swasthya-demand-v1.0
PHC-MH-PUN-001,MED-OXY-AMP,2026-09-04,1.0,0,54.8,swasthya-demand-v1.0
PHC-MH-PUN-001,MED-OXY-AMP,2026-09-05,1.0,0,53.8,swasthya-demand-v1.0
PHC-MH-PUN-001,MED-OXY-AMP,2026-09-06,1.0,0,52.8,swasthya-demand-v1.0
PHC-MH-PUN-001,MED-OXY-AMP,2026-09-07,9.2,0,43.6,swasthya-demand-v1.0
PHC-MH-PUN-001,MED-OXY-AMP,2026-09-08,1.0,0,42.6,swasthya-demand-v1.0
PHC-MH-PUN-001,MED-OXY-AMP,2026-09-09,1.0,0,41.6,swasthya-demand-v1.0
PHC-MH-PUN-001,MED-OXY-AMP,2026-09-10,1.0,0,40.6,swasthya-demand-v1.0
PHC-MH-PUN-001,MED-MGS-50,2026-08-28,1.0,0,84.0,swasthya-demand-v1.0
PHC-MH-PUN-001,MED-MGS-50,2026-08-29,1.0,0,83.0,swasthya-demand-v1.0
PHC-MH-PUN-001,MED-MGS-50,2026-08-30,1.0,0,82.0,swasthya-demand-v1.0
PHC-MH-PUN-001,MED-MGS-50,2026-08-31,9.4,0,72.6,swasthya-demand-v1.0
PHC-MH-PUN-001,MED-MGS-50,2026-09-01,1.0,0,71.6,swasthya-demand-v1.0
PHC-MH-PUN-001,MED-MGS-50,2026-09-02,1.0,0,70.6,swasthya-demand-v1.0
PHC-MH-PUN-001,MED-MGS-50,2026-09-03,1.0,0,69.6,swasthya-demand-v1.0
PHC-MH-PUN-001,MED-MGS-50,2026-09-04,1.0,0,68.6,swasthya-demand-v1.0
PHC-MH-PUN-001,MED-MGS-50,2026-09-05,1.0,0,67.6,swasthya-demand-v1.0
PHC-MH-PUN-001,MED-MGS-50,2026-09-06,1.0,0,66.6,swasthya-demand-v1.0
PHC-MH-PUN-001,MED-MGS-50,2026-09-07,9.3,0,57.3,swasthya-demand-v1.0
PHC-MH-PUN-001,MED-MGS-50,2026-09-08,1.0,0,56.3,swasthya-demand-v1.0
PHC-MH-PUN-001,MED-MGS-50,2026-09-09,1.0,0,55.3,swasthya-demand-v1.0
PHC-MH-PUN-001,MED-MGS-50,2026-09-10,1.0,0,54.3,swasthya-demand-v1.0
PHC-MH-PUN-001,MED-IVF-NS500,2026-08-28,1.0,224,240.0,swasthya-demand-v1.0
PHC-MH-PUN-001,MED-IVF-NS500,2026-08-29,1.0,0,239.0,swasthya-demand-v1.0
PHC-MH-PUN-001,MED-IVF-NS500,2026-08-30,1.0,0,238.0,swasthya-demand-v1.0
PHC-MH-PUN-001,MED-IVF-NS500,2026-08-31,8.8,0,229.2,swasthya-demand-v1.0
PHC-MH-PUN-001,MED-IVF-NS500,2026-09-01,1.0,0,228.2,swasthya-demand-v1.0
PHC-MH-PUN-001,MED-IVF-NS500,2026-09-02,1.0,0,227.2,swasthya-demand-v1.0
PHC-MH-PUN-001,MED-IVF-NS500,2026-09-03,1.0,0,226.2,swasthya-demand-v1.0
PHC-MH-PUN-001,MED-IVF-NS500,2026-09-04,1.0,0,225.2,swasthya-demand-v1.0
PHC-MH-PUN-001,MED-IVF-NS500,2026-09-05,1.0,0,224.2,swasthya-demand-v1.0
PHC-MH-PUN-001,MED-IVF-NS500,2026-09-06,1.0,0,223.2,swasthya-demand-v1.0
PHC-MH-PUN-001,MED-IVF-NS500,2026-09-07,9.0,0,214.2,swasthya-demand-v1.0
PHC-MH-PUN-001,MED-IVF-NS500,2026-09-08,1.0,0,213.2,swasthya-demand-v1.0
PHC-MH-PUN-001,MED-IVF-NS500,2026-09-09,1.0,0,212.2,swasthya-demand-v1.0
PHC-MH-PUN-001,MED-IVF-NS500,2026-09-10,1.0,0,211.2,swasthya-demand-v1.0
PHC-MH-PUN-001,MED-IVF-RL500,2026-08-28,1.0,0,25.0,swasthya-demand-v1.0
PHC-MH-PUN-001,MED-IVF-RL500,2026-08-29,1.0,182,206.0,swasthya-demand-v1.0
PHC-MH-PUN-001,MED-IVF-RL500,2026-08-30,1.0,0,205.0,swasthya-demand-v1.0
PHC-MH-PUN-001,MED-IVF-RL500,2026-08-31,8.8,0,196.2,swasthya-demand-v1.0
PHC-MH-PUN-001,MED-IVF-RL500,2026-09-01,1.0,0,195.2,swasthya-demand-v1.0
PHC-MH-PUN-001,MED-IVF-RL500,2026-09-02,1.0,0,194.2,swasthya-demand-v1.0
PHC-MH-PUN-001,MED-IVF-RL500,2026-09-03,1.0,0,193.2,swasthya-demand-v1.0
PHC-MH-PUN-001,MED-IVF-RL500,2026-09-04,1.0,0,192.2,swasthya-demand-v1.0
PHC-MH-PUN-001,MED-IVF-RL500,2026-09-05,1.0,0,191.2,swasthya-demand-v1.0
PHC-MH-PUN-001,MED-IVF-RL500,2026-09-06,1.0,0,190.2,swasthya-demand-v1.0
PHC-MH-PUN-001,MED-IVF-RL500,2026-09-07,9.1,0,181.1,swasthya-demand-v1.0
PHC-MH-PUN-001,MED-IVF-RL500,2026-09-08,1.0,0,180.1,swasthya-demand-v1.0
PHC-MH-PUN-001,MED-IVF-RL500,2026-09-09,1.0,0,179.1,swasthya-demand-v1.0
PHC-MH-PUN-001,MED-IVF-RL500,2026-09-10,1.0,0,178.1,swasthya-demand-v1.0
PHC-MH-PUN-001,MED-IVF-D5500,2026-08-28,1.0,0,52.0,swasthya-demand-v1.0
PHC-MH-PUN-001,MED-IVF-D5500,2026-08-29,1.0,0,51.0,swasthya-demand-v1.0
PHC-MH-PUN-001,MED-IVF-D5500,2026-08-30,1.0,0,50.0,swasthya-demand-v1.0
PHC-MH-PUN-001,MED-IVF-D5500,2026-08-31,9.1,0,40.9,swasthya-demand-v1.0
PHC-MH-PUN-001,MED-IVF-D5500,2026-09-01,1.0,0,39.9,swasthya-demand-v1.0
PHC-MH-PUN-001,MED-IVF-D5500,2026-09-02,1.0,0,38.9,swasthya-demand-v1.0
PHC-MH-PUN-001,MED-IVF-D5500,2026-09-03,1.0,112,149.9,swasthya-demand-v1.0
PHC-MH-PUN-001,MED-IVF-D5500,2026-09-04,1.0,0,148.9,swasthya-demand-v1.0
PHC-MH-PUN-001,MED-IVF-D5500,2026-09-05,1.0,0,147.9,swasthya-demand-v1.0
PHC-MH-PUN-001,MED-IVF-D5500,2026-09-06,1.0,0,146.9,swasthya-demand-v1.0
PHC-MH-PUN-001,MED-IVF-D5500,2026-09-07,9.2,0,137.7,swasthya-demand-v1.0
PHC-MH-PUN-001,MED-IVF-D5500,2026-09-08,1.0,0,136.7,swasthya-demand-v1.0
PHC-MH-PUN-001,MED-IVF-D5500,2026-09-09,1.0,0,135.7,swasthya-demand-v1.0
PHC-MH-PUN-001,MED-IVF-D5500,2026-09-10,1.0,0,134.7,swasthya-demand-v1.0
PHC-MH-PUN-001,MED-ART-60,2026-08-28,1.0,0,82.0,swasthya-demand-v1.0
PHC-MH-PUN-001,MED-ART-60,2026-08-29,1.0,0,81.0,swasthya-demand-v1.0
PHC-MH-PUN-001,MED-ART-60,2026-08-30,1.0,0,80.0,swasthya-demand-v1.0
PHC-MH-PUN-001,MED-ART-60,2026-08-31,9.3,0,70.7,swasthya-demand-v1.0
PHC-MH-PUN-001,MED-ART-60,2026-09-01,1.0,0,69.7,swasthya-demand-v1.0
PHC-MH-PUN-001,MED-ART-60,2026-09-02,1.0,0,68.7,swasthya-demand-v1.0
PHC-MH-PUN-001,MED-ART-60,2026-09-03,1.0,0,67.7,swasthya-demand-v1.0
PHC-MH-PUN-001,MED-ART-60,2026-09-04,1.0,0,66.7,swasthya-demand-v1.0
PHC-MH-PUN-001,MED-ART-60,2026-09-05,1.0,0,65.7,swasthya-demand-v1.0
PHC-MH-PUN-001,MED-ART-60,2026-09-06,1.0,0,64.7,swasthya-demand-v1.0
PHC-MH-PUN-001,MED-ART-60,2026-09-07,9.3,0,55.4,swasthya-demand-v1.0
PHC-MH-PUN-001,MED-ART-60,2026-09-08,1.0,0,54.4,swasthya-demand-v1.0
PHC-MH-PUN-001,MED-ART-60,2026-09-09,1.0,0,53.4,swasthya-demand-v1.0
PHC-MH-PUN-001,MED-ART-60,2026-09-10,1.0,0,52.4,swasthya-demand-v1.0
PHC-MH-PUN-001,MED-ALB-400,2026-08-28,1.0,0,53.0,swasthya-demand-v1.0
PHC-MH-PUN-001,MED-ALB-400,2026-08-29,1.0,0,52.0,swasthya-demand-v1.0
PHC-MH-PUN-001,MED-ALB-400,2026-08-30,1.0,0,51.0,swasthya-demand-v1.0
PHC-MH-PUN-001,MED-ALB-400,2026-08-31,9.1,0,41.9,swasthya-demand-v1.0
PHC-MH-PUN-001,MED-ALB-400,2026-09-01,1.0,0,40.9,swasthya-demand-v1.0
PHC-MH-PUN-001,MED-ALB-400,2026-09-02,1.0,0,39.9,swasthya-demand-v1.0
PHC-MH-PUN-001,MED-ALB-400,2026-09-03,1.0,112,150.9,swasthya-demand-v1.0
PHC-MH-PUN-001,MED-ALB-400,2026-09-04,1.0,0,149.9,swasthya-demand-v1.0
PHC-MH-PUN-001,MED-ALB-400,2026-09-05,1.0,0,148.9,swasthya-demand-v1.0
PHC-MH-PUN-001,MED-ALB-400,2026-09-06,1.0,0,147.9,swasthya-demand-v1.0
PHC-MH-PUN-001,MED-ALB-400,2026-09-07,9.2,0,138.7,swasthya-demand-v1.0
PHC-MH-PUN-001,MED-ALB-400,2026-09-08,1.0,0,137.7,swasthya-demand-v1.0
PHC-MH-PUN-001,MED-ALB-400,2026-09-09,1.0,0,136.7,swasthya-demand-v1.0
PHC-MH-PUN-001,MED-ALB-400,2026-09-10,1.0,0,135.7,swasthya-demand-v1.0
PHC-MH-PUN-001,MED-IFA-TAB,2026-08-28,1.0,0,0.0,swasthya-demand-v1.0
PHC-MH-PUN-001,MED-IFA-TAB,2026-08-29,1.0,0,0.0,swasthya-demand-v1.0
PHC-MH-PUN-001,MED-IFA-TAB,2026-08-30,1.0,0,0.0,swasthya-demand-v1.0
PHC-MH-PUN-001,MED-IFA-TAB,2026-08-31,8.0,420,409.0,swasthya-demand-v1.0
PHC-MH-PUN-001,MED-IFA-TAB,2026-09-01,1.0,0,408.0,swasthya-demand-v1.0
PHC-MH-PUN-001,MED-IFA-TAB,2026-09-02,1.0,0,407.0,swasthya-demand-v1.0
PHC-MH-PUN-001,MED-IFA-TAB,2026-09-03,1.0,0,406.0,swasthya-demand-v1.0
PHC-MH-PUN-001,MED-IFA-TAB,2026-09-04,1.0,0,405.0,swasthya-demand-v1.0
PHC-MH-PUN-001,MED-IFA-TAB,2026-09-05,1.0,0,404.0,swasthya-demand-v1.0
PHC-MH-PUN-001,MED-IFA-TAB,2026-09-06,1.0,0,403.0,swasthya-demand-v1.0
PHC-MH-PUN-001,MED-IFA-TAB,2026-09-07,8.7,0,394.3,swasthya-demand-v1.0
PHC-MH-PUN-001,MED-IFA-TAB,2026-09-08,1.0,0,393.3,swasthya-demand-v1.0
PHC-MH-PUN-001,MED-IFA-TAB,2026-09-09,1.0,0,392.3,swasthya-demand-v1.0
PHC-MH-PUN-001,MED-IFA-TAB,2026-09-10,1.0,0,391.3,swasthya-demand-v1.0
PHC-MH-PUN-002,MED-PCM-500,2026-08-28,46.6,0,0.0,swasthya-demand-v1.0
PHC-MH-PUN-002,MED-PCM-500,2026-08-29,15.2,0,0.0,swasthya-demand-v1.0
PHC-MH-PUN-002,MED-PCM-500,2026-08-30,1.0,0,0.0,swasthya-demand-v1.0
PHC-MH-PUN-002,MED-PCM-500,2026-08-31,25.0,1218,1130.2,swasthya-demand-v1.0
PHC-MH-PUN-002,MED-PCM-500,2026-09-01,1.0,0,1129.2,swasthya-demand-v1.0
PHC-MH-PUN-002,MED-PCM-500,2026-09-02,1.0,0,1128.2,swasthya-demand-v1.0
PHC-MH-PUN-002,MED-PCM-500,2026-09-03,1.0,0,1127.2,swasthya-demand-v1.0
PHC-MH-PUN-002,MED-PCM-500,2026-09-04,1.0,0,1126.2,swasthya-demand-v1.0
PHC-MH-PUN-002,MED-PCM-500,2026-09-05,1.0,0,1125.2,swasthya-demand-v1.0
PHC-MH-PUN-002,MED-PCM-500,2026-09-06,1.0,0,1124.2,swasthya-demand-v1.0
PHC-MH-PUN-002,MED-PCM-500,2026-09-07,7.3,0,1116.9,swasthya-demand-v1.0
PHC-MH-PUN-002,MED-PCM-500,2026-09-08,1.0,0,1115.9,swasthya-demand-v1.0
PHC-MH-PUN-002,MED-PCM-500,2026-09-09,1.0,0,1114.9,swasthya-demand-v1.0
PHC-MH-PUN-002,MED-PCM-500,2026-09-10,1.0,0,1113.9,swasthya-demand-v1.0
PHC-MH-PUN-002,MED-PCM-SYR,2026-08-28,1.0,0,0.0,swasthya-demand-v1.0
PHC-MH-PUN-002,MED-PCM-SYR,2026-08-29,1.0,0,0.0,swasthya-demand-v1.0
PHC-MH-PUN-002,MED-PCM-SYR,2026-08-30,1.0,0,0.0,swasthya-demand-v1.0
PHC-MH-PUN-002,MED-PCM-SYR,2026-08-31,8.0,490,479.0,swasthya-demand-v1.0
PHC-MH-PUN-002,MED-PCM-SYR,2026-09-01,1.0,0,478.0,swasthya-demand-v1.0
PHC-MH-PUN-002,MED-PCM-SYR,2026-09-02,1.0,0,477.0,swasthya-demand-v1.0
PHC-MH-PUN-002,MED-PCM-SYR,2026-09-03,1.0,0,476.0,swasthya-demand-v1.0
PHC-MH-PUN-002,MED-PCM-SYR,2026-09-04,1.0,0,475.0,swasthya-demand-v1.0
PHC-MH-PUN-002,MED-PCM-SYR,2026-09-05,1.0,0,474.0,swasthya-demand-v1.0
PHC-MH-PUN-002,MED-PCM-SYR,2026-09-06,1.0,0,473.0,swasthya-demand-v1.0
PHC-MH-PUN-002,MED-PCM-SYR,2026-09-07,8.7,0,464.3,swasthya-demand-v1.0
PHC-MH-PUN-002,MED-PCM-SYR,2026-09-08,1.0,0,463.3,swasthya-demand-v1.0
PHC-MH-PUN-002,MED-PCM-SYR,2026-09-09,1.0,0,462.3,swasthya-demand-v1.0
PHC-MH-PUN-002,MED-PCM-SYR,2026-09-10,1.0,0,461.3,swasthya-demand-v1.0
PHC-MH-PUN-002,MED-AMX-500,2026-08-28,1.0,0,0.0,swasthya-demand-v1.0
PHC-MH-PUN-002,MED-AMX-500,2026-08-29,1.0,0,0.0,swasthya-demand-v1.0
PHC-MH-PUN-002,MED-AMX-500,2026-08-30,1.0,588,585.0,swasthya-demand-v1.0
PHC-MH-PUN-002,MED-AMX-500,2026-08-31,7.6,0,577.4,swasthya-demand-v1.0
PHC-MH-PUN-002,MED-AMX-500,2026-09-01,1.0,0,576.4,swasthya-demand-v1.0
PHC-MH-PUN-002,MED-AMX-500,2026-09-02,1.0,0,575.4,swasthya-demand-v1.0
PHC-MH-PUN-002,MED-AMX-500,2026-09-03,1.0,0,574.4,swasthya-demand-v1.0
PHC-MH-PUN-002,MED-AMX-500,2026-09-04,1.0,0,573.4,swasthya-demand-v1.0
PHC-MH-PUN-002,MED-AMX-500,2026-09-05,1.0,0,572.4,swasthya-demand-v1.0
PHC-MH-PUN-002,MED-AMX-500,2026-09-06,1.0,0,571.4,swasthya-demand-v1.0
PHC-MH-PUN-002,MED-AMX-500,2026-09-07,8.5,0,562.9,swasthya-demand-v1.0
PHC-MH-PUN-002,MED-AMX-500,2026-09-08,1.0,0,561.9,swasthya-demand-v1.0
PHC-MH-PUN-002,MED-AMX-500,2026-09-09,1.0,0,560.9,swasthya-demand-v1.0
PHC-MH-PUN-002,MED-AMX-500,2026-09-10,1.0,0,559.9,swasthya-demand-v1.0
PHC-MH-PUN-002,MED-AMC-625,2026-08-28,1.0,0,0.0,swasthya-demand-v1.0
PHC-MH-PUN-002,MED-AMC-625,2026-08-29,1.0,0,0.0,swasthya-demand-v1.0
PHC-MH-PUN-002,MED-AMC-625,2026-08-30,1.0,0,0.0,swasthya-demand-v1.0
PHC-MH-PUN-002,MED-AMC-625,2026-08-31,8.4,378,366.6,swasthya-demand-v1.0
PHC-MH-PUN-002,MED-AMC-625,2026-09-01,1.0,0,365.6,swasthya-demand-v1.0
PHC-MH-PUN-002,MED-AMC-625,2026-09-02,1.0,0,364.6,swasthya-demand-v1.0
PHC-MH-PUN-002,MED-AMC-625,2026-09-03,1.0,0,363.6,swasthya-demand-v1.0
PHC-MH-PUN-002,MED-AMC-625,2026-09-04,1.0,0,362.6,swasthya-demand-v1.0
PHC-MH-PUN-002,MED-AMC-625,2026-09-05,1.0,0,361.6,swasthya-demand-v1.0
PHC-MH-PUN-002,MED-AMC-625,2026-09-06,1.0,0,360.6,swasthya-demand-v1.0
PHC-MH-PUN-002,MED-AMC-625,2026-09-07,8.9,0,351.7,swasthya-demand-v1.0
PHC-MH-PUN-002,MED-AMC-625,2026-09-08,1.0,0,350.7,swasthya-demand-v1.0
PHC-MH-PUN-002,MED-AMC-625,2026-09-09,1.0,0,349.7,swasthya-demand-v1.0
PHC-MH-PUN-002,MED-AMC-625,2026-09-10,1.0,0,348.7,swasthya-demand-v1.0
PHC-MH-PUN-002,MED-ORS-SFT,2026-08-28,10.7,0,0.0,swasthya-demand-v1.0
PHC-MH-PUN-002,MED-ORS-SFT,2026-08-29,1.0,868,856.3,swasthya-demand-v1.0
PHC-MH-PUN-002,MED-ORS-SFT,2026-08-30,1.0,0,855.3,swasthya-demand-v1.0
PHC-MH-PUN-002,MED-ORS-SFT,2026-08-31,10.0,0,845.3,swasthya-demand-v1.0
PHC-MH-PUN-002,MED-ORS-SFT,2026-09-01,1.0,0,844.3,swasthya-demand-v1.0
PHC-MH-PUN-002,MED-ORS-SFT,2026-09-02,1.0,0,843.3,swasthya-demand-v1.0
PHC-MH-PUN-002,MED-ORS-SFT,2026-09-03,1.0,0,842.3,swasthya-demand-v1.0
PHC-MH-PUN-002,MED-ORS-SFT,2026-09-04,1.0,0,841.3,swasthya-demand-v1.0
PHC-MH-PUN-002,MED-ORS-SFT,2026-09-05,1.0,0,840.3,swasthya-demand-v1.0
PHC-MH-PUN-002,MED-ORS-SFT,2026-09-06,1.0,0,839.3,swasthya-demand-v1.0
PHC-MH-PUN-002,MED-ORS-SFT,2026-09-07,8.2,0,831.1,swasthya-demand-v1.0
PHC-MH-PUN-002,MED-ORS-SFT,2026-09-08,1.0,0,830.1,swasthya-demand-v1.0
PHC-MH-PUN-002,MED-ORS-SFT,2026-09-09,1.0,0,829.1,swasthya-demand-v1.0
PHC-MH-PUN-002,MED-ORS-SFT,2026-09-10,1.0,0,828.1,swasthya-demand-v1.0
PHC-MH-PUN-002,MED-ZNC-20,2026-08-28,1.0,0,0.0,swasthya-demand-v1.0
PHC-MH-PUN-002,MED-ZNC-20,2026-08-29,1.0,0,0.0,swasthya-demand-v1.0
PHC-MH-PUN-002,MED-ZNC-20,2026-08-30,1.0,434,431.0,swasthya-demand-v1.0
PHC-MH-PUN-002,MED-ZNC-20,2026-08-31,8.1,0,422.9,swasthya-demand-v1.0
PHC-MH-PUN-002,MED-ZNC-20,2026-09-01,1.0,0,421.9,swasthya-demand-v1.0
PHC-MH-PUN-002,MED-ZNC-20,2026-09-02,1.0,0,420.9,swasthya-demand-v1.0
PHC-MH-PUN-002,MED-ZNC-20,2026-09-03,1.0,0,419.9,swasthya-demand-v1.0
PHC-MH-PUN-002,MED-ZNC-20,2026-09-04,1.0,0,418.9,swasthya-demand-v1.0
PHC-MH-PUN-002,MED-ZNC-20,2026-09-05,1.0,0,417.9,swasthya-demand-v1.0
PHC-MH-PUN-002,MED-ZNC-20,2026-09-06,1.0,0,416.9,swasthya-demand-v1.0
PHC-MH-PUN-002,MED-ZNC-20,2026-09-07,8.7,0,408.2,swasthya-demand-v1.0
PHC-MH-PUN-002,MED-ZNC-20,2026-09-08,1.0,0,407.2,swasthya-demand-v1.0
PHC-MH-PUN-002,MED-ZNC-20,2026-09-09,1.0,0,406.2,swasthya-demand-v1.0
PHC-MH-PUN-002,MED-ZNC-20,2026-09-10,1.0,0,405.2,swasthya-demand-v1.0
PHC-MH-PUN-002,MED-AZI-500,2026-08-28,1.0,0,0.0,swasthya-demand-v1.0
PHC-MH-PUN-002,MED-AZI-500,2026-08-29,1.0,0,0.0,swasthya-demand-v1.0
PHC-MH-PUN-002,MED-AZI-500,2026-08-30,1.0,0,0.0,swasthya-demand-v1.0
PHC-MH-PUN-002,MED-AZI-500,2026-08-31,8.5,322,310.5,swasthya-demand-v1.0
PHC-MH-PUN-002,MED-AZI-500,2026-09-01,1.0,0,309.5,swasthya-demand-v1.0
PHC-MH-PUN-002,MED-AZI-500,2026-09-02,1.0,0,308.5,swasthya-demand-v1.0
PHC-MH-PUN-002,MED-AZI-500,2026-09-03,1.0,0,307.5,swasthya-demand-v1.0
PHC-MH-PUN-002,MED-AZI-500,2026-09-04,1.0,0,306.5,swasthya-demand-v1.0
PHC-MH-PUN-002,MED-AZI-500,2026-09-05,1.0,0,305.5,swasthya-demand-v1.0
PHC-MH-PUN-002,MED-AZI-500,2026-09-06,1.0,0,304.5,swasthya-demand-v1.0
PHC-MH-PUN-002,MED-AZI-500,2026-09-07,8.9,0,295.6,swasthya-demand-v1.0
PHC-MH-PUN-002,MED-AZI-500,2026-09-08,1.0,0,294.6,swasthya-demand-v1.0
PHC-MH-PUN-002,MED-AZI-500,2026-09-09,1.0,0,293.6,swasthya-demand-v1.0
PHC-MH-PUN-002,MED-AZI-500,2026-09-10,1.0,0,292.6,swasthya-demand-v1.0
PHC-MH-PUN-002,MED-CTX-1G,2026-08-28,1.0,0,35.0,swasthya-demand-v1.0
PHC-MH-PUN-002,MED-CTX-1G,2026-08-29,1.0,0,34.0,swasthya-demand-v1.0
PHC-MH-PUN-002,MED-CTX-1G,2026-08-30,1.0,0,33.0,swasthya-demand-v1.0
PHC-MH-PUN-002,MED-CTX-1G,2026-08-31,9.0,154,178.0,swasthya-demand-v1.0
PHC-MH-PUN-002,MED-CTX-1G,2026-09-01,1.0,0,177.0,swasthya-demand-v1.0
PHC-MH-PUN-002,MED-CTX-1G,2026-09-02,1.0,0,176.0,swasthya-demand-v1.0
PHC-MH-PUN-002,MED-CTX-1G,2026-09-03,1.0,0,175.0,swasthya-demand-v1.0
PHC-MH-PUN-002,MED-CTX-1G,2026-09-04,1.0,0,174.0,swasthya-demand-v1.0
PHC-MH-PUN-002,MED-CTX-1G,2026-09-05,1.0,0,173.0,swasthya-demand-v1.0
PHC-MH-PUN-002,MED-CTX-1G,2026-09-06,1.0,0,172.0,swasthya-demand-v1.0
PHC-MH-PUN-002,MED-CTX-1G,2026-09-07,9.1,0,162.9,swasthya-demand-v1.0
PHC-MH-PUN-002,MED-CTX-1G,2026-09-08,1.0,0,161.9,swasthya-demand-v1.0
PHC-MH-PUN-002,MED-CTX-1G,2026-09-09,1.0,0,160.9,swasthya-demand-v1.0
PHC-MH-PUN-002,MED-CTX-1G,2026-09-10,1.0,0,159.9,swasthya-demand-v1.0
PHC-MH-PUN-002,MED-RAB-VAC,2026-08-28,1.0,0,64.0,swasthya-demand-v1.0
PHC-MH-PUN-002,MED-RAB-VAC,2026-08-29,1.0,0,63.0,swasthya-demand-v1.0
PHC-MH-PUN-002,MED-RAB-VAC,2026-08-30,1.0,0,62.0,swasthya-demand-v1.0
PHC-MH-PUN-002,MED-RAB-VAC,2026-08-31,9.2,0,52.8,swasthya-demand-v1.0
PHC-MH-PUN-002,MED-RAB-VAC,2026-09-01,1.0,0,51.8,swasthya-demand-v1.0
PHC-MH-PUN-002,MED-RAB-VAC,2026-09-02,1.0,0,50.8,swasthya-demand-v1.0
PHC-MH-PUN-002,MED-RAB-VAC,2026-09-03,1.0,0,49.8,swasthya-demand-v1.0
PHC-MH-PUN-002,MED-RAB-VAC,2026-09-04,1.0,0,48.8,swasthya-demand-v1.0
PHC-MH-PUN-002,MED-RAB-VAC,2026-09-05,1.0,0,47.8,swasthya-demand-v1.0
PHC-MH-PUN-002,MED-RAB-VAC,2026-09-06,1.0,0,46.8,swasthya-demand-v1.0
PHC-MH-PUN-002,MED-RAB-VAC,2026-09-07,9.2,0,37.6,swasthya-demand-v1.0
PHC-MH-PUN-002,MED-RAB-VAC,2026-09-08,1.0,0,36.6,swasthya-demand-v1.0
PHC-MH-PUN-002,MED-RAB-VAC,2026-09-09,1.0,0,35.6,swasthya-demand-v1.0
PHC-MH-PUN-002,MED-RAB-VAC,2026-09-10,1.0,0,34.6,swasthya-demand-v1.0
PHC-MH-PUN-002,MED-ASV-VIAL,2026-08-28,1.0,0,87.0,swasthya-demand-v1.0
PHC-MH-PUN-002,MED-ASV-VIAL,2026-08-29,1.0,0,86.0,swasthya-demand-v1.0
PHC-MH-PUN-002,MED-ASV-VIAL,2026-08-30,1.0,0,85.0,swasthya-demand-v1.0
PHC-MH-PUN-002,MED-ASV-VIAL,2026-08-31,9.4,0,75.6,swasthya-demand-v1.0
PHC-MH-PUN-002,MED-ASV-VIAL,2026-09-01,1.0,0,74.6,swasthya-demand-v1.0
PHC-MH-PUN-002,MED-ASV-VIAL,2026-09-02,1.0,0,73.6,swasthya-demand-v1.0
PHC-MH-PUN-002,MED-ASV-VIAL,2026-09-03,1.0,0,72.6,swasthya-demand-v1.0
PHC-MH-PUN-002,MED-ASV-VIAL,2026-09-04,1.0,0,71.6,swasthya-demand-v1.0
PHC-MH-PUN-002,MED-ASV-VIAL,2026-09-05,1.0,0,70.6,swasthya-demand-v1.0
PHC-MH-PUN-002,MED-ASV-VIAL,2026-09-06,1.0,0,69.6,swasthya-demand-v1.0
PHC-MH-PUN-002,MED-ASV-VIAL,2026-09-07,9.3,0,60.3,swasthya-demand-v1.0
PHC-MH-PUN-002,MED-ASV-VIAL,2026-09-08,1.0,0,59.3,swasthya-demand-v1.0
PHC-MH-PUN-002,MED-ASV-VIAL,2026-09-09,1.0,0,58.3,swasthya-demand-v1.0
PHC-MH-PUN-002,MED-ASV-VIAL,2026-09-10,1.0,0,57.3,swasthya-demand-v1.0
PHC-MH-PUN-002,MED-INS-REG,2026-08-28,1.0,0,58.0,swasthya-demand-v1.0
PHC-MH-PUN-002,MED-INS-REG,2026-08-29,1.0,0,57.0,swasthya-demand-v1.0
PHC-MH-PUN-002,MED-INS-REG,2026-08-30,1.0,0,56.0,swasthya-demand-v1.0
PHC-MH-PUN-002,MED-INS-REG,2026-08-31,9.2,0,46.8,swasthya-demand-v1.0
PHC-MH-PUN-002,MED-INS-REG,2026-09-01,1.0,0,45.8,swasthya-demand-v1.0
PHC-MH-PUN-002,MED-INS-REG,2026-09-02,1.0,0,44.8,swasthya-demand-v1.0
PHC-MH-PUN-002,MED-INS-REG,2026-09-03,1.0,0,43.8,swasthya-demand-v1.0
PHC-MH-PUN-002,MED-INS-REG,2026-09-04,1.0,0,42.8,swasthya-demand-v1.0
PHC-MH-PUN-002,MED-INS-REG,2026-09-05,1.0,0,41.8,swasthya-demand-v1.0
PHC-MH-PUN-002,MED-INS-REG,2026-09-06,1.0,0,40.8,swasthya-demand-v1.0
PHC-MH-PUN-002,MED-INS-REG,2026-09-07,9.2,0,31.6,swasthya-demand-v1.0
PHC-MH-PUN-002,MED-INS-REG,2026-09-08,1.0,0,30.6,swasthya-demand-v1.0
PHC-MH-PUN-002,MED-INS-REG,2026-09-09,1.0,0,29.6,swasthya-demand-v1.0
PHC-MH-PUN-002,MED-INS-REG,2026-09-10,1.0,0,28.6,swasthya-demand-v1.0
PHC-MH-PUN-002,MED-MET-500,2026-08-28,6.1,0,0.0,swasthya-demand-v1.0
PHC-MH-PUN-002,MED-MET-500,2026-08-29,1.0,0,0.0,swasthya-demand-v1.0
PHC-MH-PUN-002,MED-MET-500,2026-08-30,1.0,672,663.9,swasthya-demand-v1.0
PHC-MH-PUN-002,MED-MET-500,2026-08-31,9.1,0,654.8,swasthya-demand-v1.0
PHC-MH-PUN-002,MED-MET-500,2026-09-01,1.0,0,653.8,swasthya-demand-v1.0
PHC-MH-PUN-002,MED-MET-500,2026-09-02,1.0,0,652.8,swasthya-demand-v1.0
PHC-MH-PUN-002,MED-MET-500,2026-09-03,1.0,0,651.8,swasthya-demand-v1.0
PHC-MH-PUN-002,MED-MET-500,2026-09-04,1.0,0,650.8,swasthya-demand-v1.0
PHC-MH-PUN-002,MED-MET-500,2026-09-05,1.0,0,649.8,swasthya-demand-v1.0
PHC-MH-PUN-002,MED-MET-500,2026-09-06,1.0,0,648.8,swasthya-demand-v1.0
PHC-MH-PUN-002,MED-MET-500,2026-09-07,8.4,0,640.4,swasthya-demand-v1.0
PHC-MH-PUN-002,MED-MET-500,2026-09-08,1.0,0,639.4,swasthya-demand-v1.0
PHC-MH-PUN-002,MED-MET-500,2026-09-09,1.0,0,638.4,swasthya-demand-v1.0
PHC-MH-PUN-002,MED-MET-500,2026-09-10,1.0,0,637.4,swasthya-demand-v1.0
PHC-MH-PUN-002,MED-OXY-AMP,2026-08-28,1.0,0,48.0,swasthya-demand-v1.0
PHC-MH-PUN-002,MED-OXY-AMP,2026-08-29,1.0,0,47.0,swasthya-demand-v1.0
PHC-MH-PUN-002,MED-OXY-AMP,2026-08-30,1.0,0,46.0,swasthya-demand-v1.0
PHC-MH-PUN-002,MED-OXY-AMP,2026-08-31,9.1,0,36.9,swasthya-demand-v1.0
PHC-MH-PUN-002,MED-OXY-AMP,2026-09-01,1.0,126,161.9,swasthya-demand-v1.0
PHC-MH-PUN-002,MED-OXY-AMP,2026-09-02,1.0,0,160.9,swasthya-demand-v1.0
PHC-MH-PUN-002,MED-OXY-AMP,2026-09-03,1.0,0,159.9,swasthya-demand-v1.0
PHC-MH-PUN-002,MED-OXY-AMP,2026-09-04,1.0,0,158.9,swasthya-demand-v1.0
PHC-MH-PUN-002,MED-OXY-AMP,2026-09-05,1.0,0,157.9,swasthya-demand-v1.0
PHC-MH-PUN-002,MED-OXY-AMP,2026-09-06,1.0,0,156.9,swasthya-demand-v1.0
PHC-MH-PUN-002,MED-OXY-AMP,2026-09-07,9.1,0,147.8,swasthya-demand-v1.0
PHC-MH-PUN-002,MED-OXY-AMP,2026-09-08,1.0,0,146.8,swasthya-demand-v1.0
PHC-MH-PUN-002,MED-OXY-AMP,2026-09-09,1.0,0,145.8,swasthya-demand-v1.0
PHC-MH-PUN-002,MED-OXY-AMP,2026-09-10,1.0,0,144.8,swasthya-demand-v1.0
PHC-MH-PUN-002,MED-MGS-50,2026-08-28,1.0,0,74.0,swasthya-demand-v1.0
PHC-MH-PUN-002,MED-MGS-50,2026-08-29,1.0,0,73.0,swasthya-demand-v1.0
PHC-MH-PUN-002,MED-MGS-50,2026-08-30,1.0,0,72.0,swasthya-demand-v1.0
PHC-MH-PUN-002,MED-MGS-50,2026-08-31,9.3,0,62.7,swasthya-demand-v1.0
PHC-MH-PUN-002,MED-MGS-50,2026-09-01,1.0,0,61.7,swasthya-demand-v1.0
PHC-MH-PUN-002,MED-MGS-50,2026-09-02,1.0,0,60.7,swasthya-demand-v1.0
PHC-MH-PUN-002,MED-MGS-50,2026-09-03,1.0,0,59.7,swasthya-demand-v1.0
PHC-MH-PUN-002,MED-MGS-50,2026-09-04,1.0,0,58.7,swasthya-demand-v1.0
PHC-MH-PUN-002,MED-MGS-50,2026-09-05,1.0,0,57.7,swasthya-demand-v1.0
PHC-MH-PUN-002,MED-MGS-50,2026-09-06,1.0,0,56.7,swasthya-demand-v1.0
PHC-MH-PUN-002,MED-MGS-50,2026-09-07,9.2,0,47.5,swasthya-demand-v1.0
PHC-MH-PUN-002,MED-MGS-50,2026-09-08,1.0,0,46.5,swasthya-demand-v1.0
PHC-MH-PUN-002,MED-MGS-50,2026-09-09,1.0,0,45.5,swasthya-demand-v1.0
PHC-MH-PUN-002,MED-MGS-50,2026-09-10,1.0,0,44.5,swasthya-demand-v1.0
PHC-MH-PUN-002,MED-IVF-NS500,2026-08-28,1.0,406,405.0,swasthya-demand-v1.0
PHC-MH-PUN-002,MED-IVF-NS500,2026-08-29,1.0,0,404.0,swasthya-demand-v1.0
PHC-MH-PUN-002,MED-IVF-NS500,2026-08-30,1.0,0,403.0,swasthya-demand-v1.0
PHC-MH-PUN-002,MED-IVF-NS500,2026-08-31,8.2,0,394.8,swasthya-demand-v1.0
PHC-MH-PUN-002,MED-IVF-NS500,2026-09-01,1.0,0,393.8,swasthya-demand-v1.0
PHC-MH-PUN-002,MED-IVF-NS500,2026-09-02,1.0,0,392.8,swasthya-demand-v1.0
PHC-MH-PUN-002,MED-IVF-NS500,2026-09-03,1.0,0,391.8,swasthya-demand-v1.0
PHC-MH-PUN-002,MED-IVF-NS500,2026-09-04,1.0,0,390.8,swasthya-demand-v1.0
PHC-MH-PUN-002,MED-IVF-NS500,2026-09-05,1.0,0,389.8,swasthya-demand-v1.0
PHC-MH-PUN-002,MED-IVF-NS500,2026-09-06,1.0,0,388.8,swasthya-demand-v1.0
PHC-MH-PUN-002,MED-IVF-NS500,2026-09-07,8.8,0,380.0,swasthya-demand-v1.0
PHC-MH-PUN-002,MED-IVF-NS500,2026-09-08,1.0,0,379.0,swasthya-demand-v1.0
PHC-MH-PUN-002,MED-IVF-NS500,2026-09-09,1.0,0,378.0,swasthya-demand-v1.0
PHC-MH-PUN-002,MED-IVF-NS500,2026-09-10,1.0,0,377.0,swasthya-demand-v1.0
PHC-MH-PUN-002,MED-IVF-RL500,2026-08-28,1.0,0,0.0,swasthya-demand-v1.0
PHC-MH-PUN-002,MED-IVF-RL500,2026-08-29,1.0,0,0.0,swasthya-demand-v1.0
PHC-MH-PUN-002,MED-IVF-RL500,2026-08-30,1.0,322,319.0,swasthya-demand-v1.0
PHC-MH-PUN-002,MED-IVF-RL500,2026-08-31,8.7,0,310.3,swasthya-demand-v1.0
PHC-MH-PUN-002,MED-IVF-RL500,2026-09-01,1.0,0,309.3,swasthya-demand-v1.0
PHC-MH-PUN-002,MED-IVF-RL500,2026-09-02,1.0,0,308.3,swasthya-demand-v1.0
PHC-MH-PUN-002,MED-IVF-RL500,2026-09-03,1.0,0,307.3,swasthya-demand-v1.0
PHC-MH-PUN-002,MED-IVF-RL500,2026-09-04,1.0,0,306.3,swasthya-demand-v1.0
PHC-MH-PUN-002,MED-IVF-RL500,2026-09-05,1.0,0,305.3,swasthya-demand-v1.0
PHC-MH-PUN-002,MED-IVF-RL500,2026-09-06,1.0,0,304.3,swasthya-demand-v1.0
PHC-MH-PUN-002,MED-IVF-RL500,2026-09-07,8.9,0,295.4,swasthya-demand-v1.0
PHC-MH-PUN-002,MED-IVF-RL500,2026-09-08,1.0,0,294.4,swasthya-demand-v1.0
PHC-MH-PUN-002,MED-IVF-RL500,2026-09-09,1.0,0,293.4,swasthya-demand-v1.0
PHC-MH-PUN-002,MED-IVF-RL500,2026-09-10,1.0,0,292.4,swasthya-demand-v1.0
PHC-MH-PUN-002,MED-IVF-D5500,2026-08-28,1.0,0,19.0,swasthya-demand-v1.0
PHC-MH-PUN-002,MED-IVF-D5500,2026-08-29,1.0,210,228.0,swasthya-demand-v1.0
PHC-MH-PUN-002,MED-IVF-D5500,2026-08-30,1.0,0,227.0,swasthya-demand-v1.0
PHC-MH-PUN-002,MED-IVF-D5500,2026-08-31,8.8,0,218.2,swasthya-demand-v1.0
PHC-MH-PUN-002,MED-IVF-D5500,2026-09-01,1.0,0,217.2,swasthya-demand-v1.0
PHC-MH-PUN-002,MED-IVF-D5500,2026-09-02,1.0,0,216.2,swasthya-demand-v1.0
PHC-MH-PUN-002,MED-IVF-D5500,2026-09-03,1.0,0,215.2,swasthya-demand-v1.0
PHC-MH-PUN-002,MED-IVF-D5500,2026-09-04,1.0,0,214.2,swasthya-demand-v1.0
PHC-MH-PUN-002,MED-IVF-D5500,2026-09-05,1.0,0,213.2,swasthya-demand-v1.0
PHC-MH-PUN-002,MED-IVF-D5500,2026-09-06,1.0,0,212.2,swasthya-demand-v1.0
PHC-MH-PUN-002,MED-IVF-D5500,2026-09-07,9.1,0,203.1,swasthya-demand-v1.0
PHC-MH-PUN-002,MED-IVF-D5500,2026-09-08,1.0,0,202.1,swasthya-demand-v1.0
PHC-MH-PUN-002,MED-IVF-D5500,2026-09-09,1.0,0,201.1,swasthya-demand-v1.0
PHC-MH-PUN-002,MED-IVF-D5500,2026-09-10,1.0,0,200.1,swasthya-demand-v1.0
PHC-MH-PUN-002,MED-ART-60,2026-08-28,1.0,0,66.0,swasthya-demand-v1.0
PHC-MH-PUN-002,MED-ART-60,2026-08-29,1.0,0,65.0,swasthya-demand-v1.0
PHC-MH-PUN-002,MED-ART-60,2026-08-30,1.0,0,64.0,swasthya-demand-v1.0
PHC-MH-PUN-002,MED-ART-60,2026-08-31,9.2,0,54.8,swasthya-demand-v1.0
PHC-MH-PUN-002,MED-ART-60,2026-09-01,1.0,0,53.8,swasthya-demand-v1.0
PHC-MH-PUN-002,MED-ART-60,2026-09-02,1.0,0,52.8,swasthya-demand-v1.0
PHC-MH-PUN-002,MED-ART-60,2026-09-03,1.0,0,51.8,swasthya-demand-v1.0
PHC-MH-PUN-002,MED-ART-60,2026-09-04,1.0,0,50.8,swasthya-demand-v1.0
PHC-MH-PUN-002,MED-ART-60,2026-09-05,1.0,0,49.8,swasthya-demand-v1.0
PHC-MH-PUN-002,MED-ART-60,2026-09-06,1.0,0,48.8,swasthya-demand-v1.0
PHC-MH-PUN-002,MED-ART-60,2026-09-07,9.2,0,39.6,swasthya-demand-v1.0
PHC-MH-PUN-002,MED-ART-60,2026-09-08,1.0,0,38.6,swasthya-demand-v1.0
PHC-MH-PUN-002,MED-ART-60,2026-09-09,1.0,0,37.6,swasthya-demand-v1.0
PHC-MH-PUN-002,MED-ART-60,2026-09-10,1.0,0,36.6,swasthya-demand-v1.0
PHC-MH-PUN-002,MED-ALB-400,2026-08-28,1.0,0,8.0,swasthya-demand-v1.0
PHC-MH-PUN-002,MED-ALB-400,2026-08-29,1.0,0,7.0,swasthya-demand-v1.0
PHC-MH-PUN-002,MED-ALB-400,2026-08-30,1.0,0,6.0,swasthya-demand-v1.0
PHC-MH-PUN-002,MED-ALB-400,2026-08-31,8.7,210,207.3,swasthya-demand-v1.0
PHC-MH-PUN-002,MED-ALB-400,2026-09-01,1.0,0,206.3,swasthya-demand-v1.0
PHC-MH-PUN-002,MED-ALB-400,2026-09-02,1.0,0,205.3,swasthya-demand-v1.0
PHC-MH-PUN-002,MED-ALB-400,2026-09-03,1.0,0,204.3,swasthya-demand-v1.0
PHC-MH-PUN-002,MED-ALB-400,2026-09-04,1.0,0,203.3,swasthya-demand-v1.0
PHC-MH-PUN-002,MED-ALB-400,2026-09-05,1.0,0,202.3,swasthya-demand-v1.0
PHC-MH-PUN-002,MED-ALB-400,2026-09-06,1.0,0,201.3,swasthya-demand-v1.0
PHC-MH-PUN-002,MED-ALB-400,2026-09-07,9.0,0,192.3,swasthya-demand-v1.0
PHC-MH-PUN-002,MED-ALB-400,2026-09-08,1.0,0,191.3,swasthya-demand-v1.0
PHC-MH-PUN-002,MED-ALB-400,2026-09-09,1.0,0,190.3,swasthya-demand-v1.0
PHC-MH-PUN-002,MED-ALB-400,2026-09-10,1.0,0,189.3,swasthya-demand-v1.0
PHC-MH-PUN-002,MED-IFA-TAB,2026-08-28,3.3,0,0.0,swasthya-demand-v1.0
PHC-MH-PUN-002,MED-IFA-TAB,2026-08-29,1.0,0,0.0,swasthya-demand-v1.0
PHC-MH-PUN-002,MED-IFA-TAB,2026-08-30,1.0,756,750.7,swasthya-demand-v1.0
PHC-MH-PUN-002,MED-IFA-TAB,2026-08-31,7.8,0,742.9,swasthya-demand-v1.0
PHC-MH-PUN-002,MED-IFA-TAB,2026-09-01,1.0,0,741.9,swasthya-demand-v1.0
PHC-MH-PUN-002,MED-IFA-TAB,2026-09-02,1.0,0,740.9,swasthya-demand-v1.0
PHC-MH-PUN-002,MED-IFA-TAB,2026-09-03,1.0,0,739.9,swasthya-demand-v1.0
PHC-MH-PUN-002,MED-IFA-TAB,2026-09-04,1.0,0,738.9,swasthya-demand-v1.0
PHC-MH-PUN-002,MED-IFA-TAB,2026-09-05,1.0,0,737.9,swasthya-demand-v1.0
PHC-MH-PUN-002,MED-IFA-TAB,2026-09-06,1.0,0,736.9,swasthya-demand-v1.0
PHC-MH-PUN-002,MED-IFA-TAB,2026-09-07,8.3,0,728.6,swasthya-demand-v1.0
PHC-MH-PUN-002,MED-IFA-TAB,2026-09-08,1.0,0,727.6,swasthya-demand-v1.0
PHC-MH-PUN-002,MED-IFA-TAB,2026-09-09,1.0,0,726.6,swasthya-demand-v1.0
PHC-MH-PUN-002,MED-IFA-TAB,2026-09-10,1.0,0,725.6,swasthya-demand-v1.0
PHC-MH-PUN-003,MED-PCM-500,2026-08-28,27.3,0,0.0,swasthya-demand-v1.0
PHC-MH-PUN-003,MED-PCM-500,2026-08-29,1.0,910,881.7,swasthya-demand-v1.0
PHC-MH-PUN-003,MED-PCM-500,2026-08-30,1.0,0,880.7,swasthya-demand-v1.0
PHC-MH-PUN-003,MED-PCM-500,2026-08-31,14.6,0,866.1,swasthya-demand-v1.0
PHC-MH-PUN-003,MED-PCM-500,2026-09-01,1.0,0,865.1,swasthya-demand-v1.0
PHC-MH-PUN-003,MED-PCM-500,2026-09-02,1.0,0,864.1,swasthya-demand-v1.0
PHC-MH-PUN-003,MED-PCM-500,2026-09-03,1.0,0,863.1,swasthya-demand-v1.0
PHC-MH-PUN-003,MED-PCM-500,2026-09-04,1.0,0,862.1,swasthya-demand-v1.0
PHC-MH-PUN-003,MED-PCM-500,2026-09-05,1.0,0,861.1,swasthya-demand-v1.0
PHC-MH-PUN-003,MED-PCM-500,2026-09-06,1.0,0,860.1,swasthya-demand-v1.0
PHC-MH-PUN-003,MED-PCM-500,2026-09-07,7.8,0,852.3,swasthya-demand-v1.0
PHC-MH-PUN-003,MED-PCM-500,2026-09-08,1.0,0,851.3,swasthya-demand-v1.0
PHC-MH-PUN-003,MED-PCM-500,2026-09-09,1.0,0,850.3,swasthya-demand-v1.0
PHC-MH-PUN-003,MED-PCM-500,2026-09-10,1.0,0,849.3,swasthya-demand-v1.0
PHC-MH-PUN-003,MED-PCM-SYR,2026-08-28,1.0,364,363.0,swasthya-demand-v1.0
PHC-MH-PUN-003,MED-PCM-SYR,2026-08-29,1.0,0,362.0,swasthya-demand-v1.0
PHC-MH-PUN-003,MED-PCM-SYR,2026-08-30,1.0,0,361.0,swasthya-demand-v1.0
PHC-MH-PUN-003,MED-PCM-SYR,2026-08-31,8.4,0,352.6,swasthya-demand-v1.0
PHC-MH-PUN-003,MED-PCM-SYR,2026-09-01,1.0,0,351.6,swasthya-demand-v1.0
PHC-MH-PUN-003,MED-PCM-SYR,2026-09-02,1.0,0,350.6,swasthya-demand-v1.0
PHC-MH-PUN-003,MED-PCM-SYR,2026-09-03,1.0,0,349.6,swasthya-demand-v1.0
PHC-MH-PUN-003,MED-PCM-SYR,2026-09-04,1.0,0,348.6,swasthya-demand-v1.0
PHC-MH-PUN-003,MED-PCM-SYR,2026-09-05,1.0,0,347.6,swasthya-demand-v1.0
PHC-MH-PUN-003,MED-PCM-SYR,2026-09-06,1.0,0,346.6,swasthya-demand-v1.0
PHC-MH-PUN-003,MED-PCM-SYR,2026-09-07,8.9,0,337.7,swasthya-demand-v1.0
PHC-MH-PUN-003,MED-PCM-SYR,2026-09-08,1.0,0,336.7,swasthya-demand-v1.0
PHC-MH-PUN-003,MED-PCM-SYR,2026-09-09,1.0,0,335.7,swasthya-demand-v1.0
PHC-MH-PUN-003,MED-PCM-SYR,2026-09-10,1.0,0,334.7,swasthya-demand-v1.0
PHC-MH-PUN-003,MED-AMX-500,2026-08-28,1.0,434,433.0,swasthya-demand-v1.0
PHC-MH-PUN-003,MED-AMX-500,2026-08-29,1.0,0,432.0,swasthya-demand-v1.0
PHC-MH-PUN-003,MED-AMX-500,2026-08-30,1.0,0,431.0,swasthya-demand-v1.0
PHC-MH-PUN-003,MED-AMX-500,2026-08-31,7.8,0,423.2,swasthya-demand-v1.0
PHC-MH-PUN-003,MED-AMX-500,2026-09-01,1.0,0,422.2,swasthya-demand-v1.0
PHC-MH-PUN-003,MED-AMX-500,2026-09-02,1.0,0,421.2,swasthya-demand-v1.0
PHC-MH-PUN-003,MED-AMX-500,2026-09-03,1.0,0,420.2,swasthya-demand-v1.0
PHC-MH-PUN-003,MED-AMX-500,2026-09-04,1.0,0,419.2,swasthya-demand-v1.0
PHC-MH-PUN-003,MED-AMX-500,2026-09-05,1.0,0,418.2,swasthya-demand-v1.0
PHC-MH-PUN-003,MED-AMX-500,2026-09-06,1.0,0,417.2,swasthya-demand-v1.0
PHC-MH-PUN-003,MED-AMX-500,2026-09-07,8.7,0,408.5,swasthya-demand-v1.0
PHC-MH-PUN-003,MED-AMX-500,2026-09-08,1.0,0,407.5,swasthya-demand-v1.0
PHC-MH-PUN-003,MED-AMX-500,2026-09-09,1.0,0,406.5,swasthya-demand-v1.0
PHC-MH-PUN-003,MED-AMX-500,2026-09-10,1.0,0,405.5,swasthya-demand-v1.0
PHC-MH-PUN-003,MED-AMC-625,2026-08-28,1.0,0,0.0,swasthya-demand-v1.0
PHC-MH-PUN-003,MED-AMC-625,2026-08-29,1.0,0,0.0,swasthya-demand-v1.0
PHC-MH-PUN-003,MED-AMC-625,2026-08-30,1.0,280,277.0,swasthya-demand-v1.0
PHC-MH-PUN-003,MED-AMC-625,2026-08-31,8.6,0,268.4,swasthya-demand-v1.0
PHC-MH-PUN-003,MED-AMC-625,2026-09-01,1.0,0,267.4,swasthya-demand-v1.0
PHC-MH-PUN-003,MED-AMC-625,2026-09-02,1.0,0,266.4,swasthya-demand-v1.0
PHC-MH-PUN-003,MED-AMC-625,2026-09-03,1.0,0,265.4,swasthya-demand-v1.0
PHC-MH-PUN-003,MED-AMC-625,2026-09-04,1.0,0,264.4,swasthya-demand-v1.0
PHC-MH-PUN-003,MED-AMC-625,2026-09-05,1.0,0,263.4,swasthya-demand-v1.0
PHC-MH-PUN-003,MED-AMC-625,2026-09-06,1.0,0,262.4,swasthya-demand-v1.0
PHC-MH-PUN-003,MED-AMC-625,2026-09-07,8.9,0,253.5,swasthya-demand-v1.0
PHC-MH-PUN-003,MED-AMC-625,2026-09-08,1.0,0,252.5,swasthya-demand-v1.0
PHC-MH-PUN-003,MED-AMC-625,2026-09-09,1.0,0,251.5,swasthya-demand-v1.0
PHC-MH-PUN-003,MED-AMC-625,2026-09-10,1.0,0,250.5,swasthya-demand-v1.0
PHC-MH-PUN-003,MED-ORS-SFT,2026-08-28,2.0,0,0.0,swasthya-demand-v1.0
PHC-MH-PUN-003,MED-ORS-SFT,2026-08-29,1.0,0,0.0,swasthya-demand-v1.0
PHC-MH-PUN-003,MED-ORS-SFT,2026-08-30,1.0,0,0.0,swasthya-demand-v1.0
PHC-MH-PUN-003,MED-ORS-SFT,2026-08-31,7.7,644,632.3,swasthya-demand-v1.0
PHC-MH-PUN-003,MED-ORS-SFT,2026-09-01,1.0,0,631.3,swasthya-demand-v1.0
PHC-MH-PUN-003,MED-ORS-SFT,2026-09-02,1.0,0,630.3,swasthya-demand-v1.0
PHC-MH-PUN-003,MED-ORS-SFT,2026-09-03,1.0,0,629.3,swasthya-demand-v1.0
PHC-MH-PUN-003,MED-ORS-SFT,2026-09-04,1.0,0,628.3,swasthya-demand-v1.0
PHC-MH-PUN-003,MED-ORS-SFT,2026-09-05,1.0,0,627.3,swasthya-demand-v1.0
PHC-MH-PUN-003,MED-ORS-SFT,2026-09-06,1.0,0,626.3,swasthya-demand-v1.0
PHC-MH-PUN-003,MED-ORS-SFT,2026-09-07,8.4,0,617.9,swasthya-demand-v1.0
PHC-MH-PUN-003,MED-ORS-SFT,2026-09-08,1.0,0,616.9,swasthya-demand-v1.0
PHC-MH-PUN-003,MED-ORS-SFT,2026-09-09,1.0,0,615.9,swasthya-demand-v1.0
PHC-MH-PUN-003,MED-ORS-SFT,2026-09-10,1.0,0,614.9,swasthya-demand-v1.0
PHC-MH-PUN-003,MED-ZNC-20,2026-08-28,1.0,0,0.0,swasthya-demand-v1.0
PHC-MH-PUN-003,MED-ZNC-20,2026-08-29,1.0,0,0.0,swasthya-demand-v1.0
PHC-MH-PUN-003,MED-ZNC-20,2026-08-30,1.0,0,0.0,swasthya-demand-v1.0
PHC-MH-PUN-003,MED-ZNC-20,2026-08-31,8.4,322,310.6,swasthya-demand-v1.0
PHC-MH-PUN-003,MED-ZNC-20,2026-09-01,1.0,0,309.6,swasthya-demand-v1.0
PHC-MH-PUN-003,MED-ZNC-20,2026-09-02,1.0,0,308.6,swasthya-demand-v1.0
PHC-MH-PUN-003,MED-ZNC-20,2026-09-03,1.0,0,307.6,swasthya-demand-v1.0
PHC-MH-PUN-003,MED-ZNC-20,2026-09-04,1.0,0,306.6,swasthya-demand-v1.0
PHC-MH-PUN-003,MED-ZNC-20,2026-09-05,1.0,0,305.6,swasthya-demand-v1.0
PHC-MH-PUN-003,MED-ZNC-20,2026-09-06,1.0,0,304.6,swasthya-demand-v1.0
PHC-MH-PUN-003,MED-ZNC-20,2026-09-07,8.9,0,295.7,swasthya-demand-v1.0
PHC-MH-PUN-003,MED-ZNC-20,2026-09-08,1.0,0,294.7,swasthya-demand-v1.0
PHC-MH-PUN-003,MED-ZNC-20,2026-09-09,1.0,0,293.7,swasthya-demand-v1.0
PHC-MH-PUN-003,MED-ZNC-20,2026-09-10,1.0,0,292.7,swasthya-demand-v1.0
PHC-MH-PUN-003,MED-AZI-500,2026-08-28,1.0,238,245.0,swasthya-demand-v1.0
PHC-MH-PUN-003,MED-AZI-500,2026-08-29,1.0,0,244.0,swasthya-demand-v1.0
PHC-MH-PUN-003,MED-AZI-500,2026-08-30,1.0,0,243.0,swasthya-demand-v1.0
PHC-MH-PUN-003,MED-AZI-500,2026-08-31,8.7,0,234.3,swasthya-demand-v1.0
PHC-MH-PUN-003,MED-AZI-500,2026-09-01,1.0,0,233.3,swasthya-demand-v1.0
PHC-MH-PUN-003,MED-AZI-500,2026-09-02,1.0,0,232.3,swasthya-demand-v1.0
PHC-MH-PUN-003,MED-AZI-500,2026-09-03,1.0,0,231.3,swasthya-demand-v1.0
PHC-MH-PUN-003,MED-AZI-500,2026-09-04,1.0,0,230.3,swasthya-demand-v1.0
PHC-MH-PUN-003,MED-AZI-500,2026-09-05,1.0,0,229.3,swasthya-demand-v1.0
PHC-MH-PUN-003,MED-AZI-500,2026-09-06,1.0,0,228.3,swasthya-demand-v1.0
PHC-MH-PUN-003,MED-AZI-500,2026-09-07,9.0,0,219.3,swasthya-demand-v1.0
PHC-MH-PUN-003,MED-AZI-500,2026-09-08,1.0,0,218.3,swasthya-demand-v1.0
PHC-MH-PUN-003,MED-AZI-500,2026-09-09,1.0,0,217.3,swasthya-demand-v1.0
PHC-MH-PUN-003,MED-AZI-500,2026-09-10,1.0,0,216.3,swasthya-demand-v1.0
PHC-MH-PUN-003,MED-CTX-1G,2026-08-28,1.0,0,52.0,swasthya-demand-v1.0
PHC-MH-PUN-003,MED-CTX-1G,2026-08-29,1.0,0,51.0,swasthya-demand-v1.0
PHC-MH-PUN-003,MED-CTX-1G,2026-08-30,1.0,0,50.0,swasthya-demand-v1.0
PHC-MH-PUN-003,MED-CTX-1G,2026-08-31,9.0,0,41.0,swasthya-demand-v1.0
PHC-MH-PUN-003,MED-CTX-1G,2026-09-01,1.0,0,40.0,swasthya-demand-v1.0
PHC-MH-PUN-003,MED-CTX-1G,2026-09-02,1.0,0,39.0,swasthya-demand-v1.0
PHC-MH-PUN-003,MED-CTX-1G,2026-09-03,1.0,112,150.0,swasthya-demand-v1.0
PHC-MH-PUN-003,MED-CTX-1G,2026-09-04,1.0,0,149.0,swasthya-demand-v1.0
PHC-MH-PUN-003,MED-CTX-1G,2026-09-05,1.0,0,148.0,swasthya-demand-v1.0
PHC-MH-PUN-003,MED-CTX-1G,2026-09-06,1.0,0,147.0,swasthya-demand-v1.0
PHC-MH-PUN-003,MED-CTX-1G,2026-09-07,9.2,0,137.8,swasthya-demand-v1.0
PHC-MH-PUN-003,MED-CTX-1G,2026-09-08,1.0,0,136.8,swasthya-demand-v1.0
PHC-MH-PUN-003,MED-CTX-1G,2026-09-09,1.0,0,135.8,swasthya-demand-v1.0
PHC-MH-PUN-003,MED-CTX-1G,2026-09-10,1.0,0,134.8,swasthya-demand-v1.0
PHC-MH-PUN-003,MED-RAB-VAC,2026-08-28,1.0,0,71.0,swasthya-demand-v1.0
PHC-MH-PUN-003,MED-RAB-VAC,2026-08-29,1.0,0,70.0,swasthya-demand-v1.0
PHC-MH-PUN-003,MED-RAB-VAC,2026-08-30,1.0,0,69.0,swasthya-demand-v1.0
PHC-MH-PUN-003,MED-RAB-VAC,2026-08-31,9.2,0,59.8,swasthya-demand-v1.0
PHC-MH-PUN-003,MED-RAB-VAC,2026-09-01,1.0,0,58.8,swasthya-demand-v1.0
PHC-MH-PUN-003,MED-RAB-VAC,2026-09-02,1.0,0,57.8,swasthya-demand-v1.0
PHC-MH-PUN-003,MED-RAB-VAC,2026-09-03,1.0,0,56.8,swasthya-demand-v1.0
PHC-MH-PUN-003,MED-RAB-VAC,2026-09-04,1.0,0,55.8,swasthya-demand-v1.0
PHC-MH-PUN-003,MED-RAB-VAC,2026-09-05,1.0,0,54.8,swasthya-demand-v1.0
PHC-MH-PUN-003,MED-RAB-VAC,2026-09-06,1.0,0,53.8,swasthya-demand-v1.0
PHC-MH-PUN-003,MED-RAB-VAC,2026-09-07,9.2,0,44.6,swasthya-demand-v1.0
PHC-MH-PUN-003,MED-RAB-VAC,2026-09-08,1.0,0,43.6,swasthya-demand-v1.0
PHC-MH-PUN-003,MED-RAB-VAC,2026-09-09,1.0,0,42.6,swasthya-demand-v1.0
PHC-MH-PUN-003,MED-RAB-VAC,2026-09-10,1.0,0,41.6,swasthya-demand-v1.0
PHC-MH-PUN-003,MED-ASV-VIAL,2026-08-28,1.0,0,90.0,swasthya-demand-v1.0
PHC-MH-PUN-003,MED-ASV-VIAL,2026-08-29,1.0,0,89.0,swasthya-demand-v1.0
PHC-MH-PUN-003,MED-ASV-VIAL,2026-08-30,1.0,0,88.0,swasthya-demand-v1.0
PHC-MH-PUN-003,MED-ASV-VIAL,2026-08-31,9.4,0,78.6,swasthya-demand-v1.0
PHC-MH-PUN-003,MED-ASV-VIAL,2026-09-01,1.0,0,77.6,swasthya-demand-v1.0
PHC-MH-PUN-003,MED-ASV-VIAL,2026-09-02,1.0,0,76.6,swasthya-demand-v1.0
PHC-MH-PUN-003,MED-ASV-VIAL,2026-09-03,1.0,0,75.6,swasthya-demand-v1.0
PHC-MH-PUN-003,MED-ASV-VIAL,2026-09-04,1.0,0,74.6,swasthya-demand-v1.0
PHC-MH-PUN-003,MED-ASV-VIAL,2026-09-05,1.0,0,73.6,swasthya-demand-v1.0
PHC-MH-PUN-003,MED-ASV-VIAL,2026-09-06,1.0,0,72.6,swasthya-demand-v1.0
PHC-MH-PUN-003,MED-ASV-VIAL,2026-09-07,9.3,0,63.3,swasthya-demand-v1.0
PHC-MH-PUN-003,MED-ASV-VIAL,2026-09-08,1.0,0,62.3,swasthya-demand-v1.0
PHC-MH-PUN-003,MED-ASV-VIAL,2026-09-09,1.0,0,61.3,swasthya-demand-v1.0
PHC-MH-PUN-003,MED-ASV-VIAL,2026-09-10,1.0,0,60.3,swasthya-demand-v1.0
PHC-MH-PUN-003,MED-INS-REG,2026-08-28,1.0,0,67.0,swasthya-demand-v1.0
PHC-MH-PUN-003,MED-INS-REG,2026-08-29,1.0,0,66.0,swasthya-demand-v1.0
PHC-MH-PUN-003,MED-INS-REG,2026-08-30,1.0,0,65.0,swasthya-demand-v1.0
PHC-MH-PUN-003,MED-INS-REG,2026-08-31,9.2,0,55.8,swasthya-demand-v1.0
PHC-MH-PUN-003,MED-INS-REG,2026-09-01,1.0,0,54.8,swasthya-demand-v1.0
PHC-MH-PUN-003,MED-INS-REG,2026-09-02,1.0,0,53.8,swasthya-demand-v1.0
PHC-MH-PUN-003,MED-INS-REG,2026-09-03,1.0,0,52.8,swasthya-demand-v1.0
PHC-MH-PUN-003,MED-INS-REG,2026-09-04,1.0,0,51.8,swasthya-demand-v1.0
PHC-MH-PUN-003,MED-INS-REG,2026-09-05,1.0,0,50.8,swasthya-demand-v1.0
PHC-MH-PUN-003,MED-INS-REG,2026-09-06,1.0,0,49.8,swasthya-demand-v1.0
PHC-MH-PUN-003,MED-INS-REG,2026-09-07,9.2,0,40.6,swasthya-demand-v1.0
PHC-MH-PUN-003,MED-INS-REG,2026-09-08,1.0,0,39.6,swasthya-demand-v1.0
PHC-MH-PUN-003,MED-INS-REG,2026-09-09,1.0,0,38.6,swasthya-demand-v1.0
PHC-MH-PUN-003,MED-INS-REG,2026-09-10,1.0,0,37.6,swasthya-demand-v1.0
PHC-MH-PUN-003,MED-MET-500,2026-08-28,1.0,0,0.0,swasthya-demand-v1.0
PHC-MH-PUN-003,MED-MET-500,2026-08-29,1.0,504,502.0,swasthya-demand-v1.0
PHC-MH-PUN-003,MED-MET-500,2026-08-30,1.0,0,501.0,swasthya-demand-v1.0
PHC-MH-PUN-003,MED-MET-500,2026-08-31,7.9,0,493.1,swasthya-demand-v1.0
PHC-MH-PUN-003,MED-MET-500,2026-09-01,1.0,0,492.1,swasthya-demand-v1.0
PHC-MH-PUN-003,MED-MET-500,2026-09-02,1.0,0,491.1,swasthya-demand-v1.0
PHC-MH-PUN-003,MED-MET-500,2026-09-03,1.0,0,490.1,swasthya-demand-v1.0
PHC-MH-PUN-003,MED-MET-500,2026-09-04,1.0,0,489.1,swasthya-demand-v1.0
PHC-MH-PUN-003,MED-MET-500,2026-09-05,1.0,0,488.1,swasthya-demand-v1.0
PHC-MH-PUN-003,MED-MET-500,2026-09-06,1.0,0,487.1,swasthya-demand-v1.0
PHC-MH-PUN-003,MED-MET-500,2026-09-07,8.7,0,478.4,swasthya-demand-v1.0
PHC-MH-PUN-003,MED-MET-500,2026-09-08,1.0,0,477.4,swasthya-demand-v1.0
PHC-MH-PUN-003,MED-MET-500,2026-09-09,1.0,0,476.4,swasthya-demand-v1.0
PHC-MH-PUN-003,MED-MET-500,2026-09-10,1.0,0,475.4,swasthya-demand-v1.0
PHC-MH-PUN-003,MED-OXY-AMP,2026-08-28,1.0,0,65.0,swasthya-demand-v1.0
PHC-MH-PUN-003,MED-OXY-AMP,2026-08-29,1.0,0,64.0,swasthya-demand-v1.0
PHC-MH-PUN-003,MED-OXY-AMP,2026-08-30,1.0,0,63.0,swasthya-demand-v1.0
PHC-MH-PUN-003,MED-OXY-AMP,2026-08-31,9.2,0,53.8,swasthya-demand-v1.0
PHC-MH-PUN-003,MED-OXY-AMP,2026-09-01,1.0,0,52.8,swasthya-demand-v1.0
PHC-MH-PUN-003,MED-OXY-AMP,2026-09-02,1.0,0,51.8,swasthya-demand-v1.0
PHC-MH-PUN-003,MED-OXY-AMP,2026-09-03,1.0,0,50.8,swasthya-demand-v1.0
PHC-MH-PUN-003,MED-OXY-AMP,2026-09-04,1.0,0,49.8,swasthya-demand-v1.0
PHC-MH-PUN-003,MED-OXY-AMP,2026-09-05,1.0,0,48.8,swasthya-demand-v1.0
PHC-MH-PUN-003,MED-OXY-AMP,2026-09-06,1.0,0,47.8,swasthya-demand-v1.0
PHC-MH-PUN-003,MED-OXY-AMP,2026-09-07,9.2,0,38.6,swasthya-demand-v1.0
PHC-MH-PUN-003,MED-OXY-AMP,2026-09-08,1.0,0,37.6,swasthya-demand-v1.0
PHC-MH-PUN-003,MED-OXY-AMP,2026-09-09,1.0,0,36.6,swasthya-demand-v1.0
PHC-MH-PUN-003,MED-OXY-AMP,2026-09-10,1.0,0,35.6,swasthya-demand-v1.0
PHC-MH-PUN-003,MED-MGS-50,2026-08-28,1.0,0,79.0,swasthya-demand-v1.0
PHC-MH-PUN-003,MED-MGS-50,2026-08-29,1.0,0,78.0,swasthya-demand-v1.0
PHC-MH-PUN-003,MED-MGS-50,2026-08-30,1.0,0,77.0,swasthya-demand-v1.0
PHC-MH-PUN-003,MED-MGS-50,2026-08-31,9.3,0,67.7,swasthya-demand-v1.0
PHC-MH-PUN-003,MED-MGS-50,2026-09-01,1.0,0,66.7,swasthya-demand-v1.0
PHC-MH-PUN-003,MED-MGS-50,2026-09-02,1.0,0,65.7,swasthya-demand-v1.0
PHC-MH-PUN-003,MED-MGS-50,2026-09-03,1.0,0,64.7,swasthya-demand-v1.0
PHC-MH-PUN-003,MED-MGS-50,2026-09-04,1.0,0,63.7,swasthya-demand-v1.0
PHC-MH-PUN-003,MED-MGS-50,2026-09-05,1.0,0,62.7,swasthya-demand-v1.0
PHC-MH-PUN-003,MED-MGS-50,2026-09-06,1.0,0,61.7,swasthya-demand-v1.0
PHC-MH-PUN-003,MED-MGS-50,2026-09-07,9.3,0,52.4,swasthya-demand-v1.0
PHC-MH-PUN-003,MED-MGS-50,2026-09-08,1.0,0,51.4,swasthya-demand-v1.0
PHC-MH-PUN-003,MED-MGS-50,2026-09-09,1.0,0,50.4,swasthya-demand-v1.0
PHC-MH-PUN-003,MED-MGS-50,2026-09-10,1.0,0,49.4,swasthya-demand-v1.0
PHC-MH-PUN-003,MED-IVF-NS500,2026-08-28,1.0,0,0.0,swasthya-demand-v1.0
PHC-MH-PUN-003,MED-IVF-NS500,2026-08-29,1.0,0,0.0,swasthya-demand-v1.0
PHC-MH-PUN-003,MED-IVF-NS500,2026-08-30,1.0,0,0.0,swasthya-demand-v1.0
PHC-MH-PUN-003,MED-IVF-NS500,2026-08-31,8.5,294,282.5,swasthya-demand-v1.0
PHC-MH-PUN-003,MED-IVF-NS500,2026-09-01,1.0,0,281.5,swasthya-demand-v1.0
PHC-MH-PUN-003,MED-IVF-NS500,2026-09-02,1.0,0,280.5,swasthya-demand-v1.0
PHC-MH-PUN-003,MED-IVF-NS500,2026-09-03,1.0,0,279.5,swasthya-demand-v1.0
PHC-MH-PUN-003,MED-IVF-NS500,2026-09-04,1.0,0,278.5,swasthya-demand-v1.0
PHC-MH-PUN-003,MED-IVF-NS500,2026-09-05,1.0,0,277.5,swasthya-demand-v1.0
PHC-MH-PUN-003,MED-IVF-NS500,2026-09-06,1.0,0,276.5,swasthya-demand-v1.0
PHC-MH-PUN-003,MED-IVF-NS500,2026-09-07,8.9,0,267.6,swasthya-demand-v1.0
PHC-MH-PUN-003,MED-IVF-NS500,2026-09-08,1.0,0,266.6,swasthya-demand-v1.0
PHC-MH-PUN-003,MED-IVF-NS500,2026-09-09,1.0,0,265.6,swasthya-demand-v1.0
PHC-MH-PUN-003,MED-IVF-NS500,2026-09-10,1.0,0,264.6,swasthya-demand-v1.0
PHC-MH-PUN-003,MED-IVF-RL500,2026-08-28,1.0,0,2.0,swasthya-demand-v1.0
PHC-MH-PUN-003,MED-IVF-RL500,2026-08-29,1.0,0,1.0,swasthya-demand-v1.0
PHC-MH-PUN-003,MED-IVF-RL500,2026-08-30,1.0,238,238.0,swasthya-demand-v1.0
PHC-MH-PUN-003,MED-IVF-RL500,2026-08-31,8.7,0,229.3,swasthya-demand-v1.0
PHC-MH-PUN-003,MED-IVF-RL500,2026-09-01,1.0,0,228.3,swasthya-demand-v1.0
PHC-MH-PUN-003,MED-IVF-RL500,2026-09-02,1.0,0,227.3,swasthya-demand-v1.0
PHC-MH-PUN-003,MED-IVF-RL500,2026-09-03,1.0,0,226.3,swasthya-demand-v1.0
PHC-MH-PUN-003,MED-IVF-RL500,2026-09-04,1.0,0,225.3,swasthya-demand-v1.0
PHC-MH-PUN-003,MED-IVF-RL500,2026-09-05,1.0,0,224.3,swasthya-demand-v1.0
PHC-MH-PUN-003,MED-IVF-RL500,2026-09-06,1.0,0,223.3,swasthya-demand-v1.0
PHC-MH-PUN-003,MED-IVF-RL500,2026-09-07,9.0,0,214.3,swasthya-demand-v1.0
PHC-MH-PUN-003,MED-IVF-RL500,2026-09-08,1.0,0,213.3,swasthya-demand-v1.0
PHC-MH-PUN-003,MED-IVF-RL500,2026-09-09,1.0,0,212.3,swasthya-demand-v1.0
PHC-MH-PUN-003,MED-IVF-RL500,2026-09-10,1.0,0,211.3,swasthya-demand-v1.0
PHC-MH-PUN-003,MED-IVF-D5500,2026-08-28,1.0,0,32.0,swasthya-demand-v1.0
PHC-MH-PUN-003,MED-IVF-D5500,2026-08-29,1.0,154,185.0,swasthya-demand-v1.0
PHC-MH-PUN-003,MED-IVF-D5500,2026-08-30,1.0,0,184.0,swasthya-demand-v1.0
PHC-MH-PUN-003,MED-IVF-D5500,2026-08-31,9.0,0,175.0,swasthya-demand-v1.0
PHC-MH-PUN-003,MED-IVF-D5500,2026-09-01,1.0,0,174.0,swasthya-demand-v1.0
PHC-MH-PUN-003,MED-IVF-D5500,2026-09-02,1.0,0,173.0,swasthya-demand-v1.0
PHC-MH-PUN-003,MED-IVF-D5500,2026-09-03,1.0,0,172.0,swasthya-demand-v1.0
PHC-MH-PUN-003,MED-IVF-D5500,2026-09-04,1.0,0,171.0,swasthya-demand-v1.0
PHC-MH-PUN-003,MED-IVF-D5500,2026-09-05,1.0,0,170.0,swasthya-demand-v1.0
PHC-MH-PUN-003,MED-IVF-D5500,2026-09-06,1.0,0,169.0,swasthya-demand-v1.0
PHC-MH-PUN-003,MED-IVF-D5500,2026-09-07,9.1,0,159.9,swasthya-demand-v1.0
PHC-MH-PUN-003,MED-IVF-D5500,2026-09-08,1.0,0,158.9,swasthya-demand-v1.0
PHC-MH-PUN-003,MED-IVF-D5500,2026-09-09,1.0,0,157.9,swasthya-demand-v1.0
PHC-MH-PUN-003,MED-IVF-D5500,2026-09-10,1.0,0,156.9,swasthya-demand-v1.0
PHC-MH-PUN-003,MED-ART-60,2026-08-28,1.0,0,78.0,swasthya-demand-v1.0
PHC-MH-PUN-003,MED-ART-60,2026-08-29,1.0,0,77.0,swasthya-demand-v1.0
PHC-MH-PUN-003,MED-ART-60,2026-08-30,1.0,0,76.0,swasthya-demand-v1.0
PHC-MH-PUN-003,MED-ART-60,2026-08-31,9.3,0,66.7,swasthya-demand-v1.0
PHC-MH-PUN-003,MED-ART-60,2026-09-01,1.0,0,65.7,swasthya-demand-v1.0
PHC-MH-PUN-003,MED-ART-60,2026-09-02,1.0,0,64.7,swasthya-demand-v1.0
PHC-MH-PUN-003,MED-ART-60,2026-09-03,1.0,0,63.7,swasthya-demand-v1.0
PHC-MH-PUN-003,MED-ART-60,2026-09-04,1.0,0,62.7,swasthya-demand-v1.0
PHC-MH-PUN-003,MED-ART-60,2026-09-05,1.0,0,61.7,swasthya-demand-v1.0
PHC-MH-PUN-003,MED-ART-60,2026-09-06,1.0,0,60.7,swasthya-demand-v1.0
PHC-MH-PUN-003,MED-ART-60,2026-09-07,9.2,0,51.5,swasthya-demand-v1.0
PHC-MH-PUN-003,MED-ART-60,2026-09-08,1.0,0,50.5,swasthya-demand-v1.0
PHC-MH-PUN-003,MED-ART-60,2026-09-09,1.0,0,49.5,swasthya-demand-v1.0
PHC-MH-PUN-003,MED-ART-60,2026-09-10,1.0,0,48.5,swasthya-demand-v1.0
PHC-MH-PUN-003,MED-ALB-400,2026-08-28,1.0,0,37.0,swasthya-demand-v1.0
PHC-MH-PUN-003,MED-ALB-400,2026-08-29,1.0,0,36.0,swasthya-demand-v1.0
PHC-MH-PUN-003,MED-ALB-400,2026-08-30,1.0,154,189.0,swasthya-demand-v1.0
PHC-MH-PUN-003,MED-ALB-400,2026-08-31,9.0,0,180.0,swasthya-demand-v1.0
PHC-MH-PUN-003,MED-ALB-400,2026-09-01,1.0,0,179.0,swasthya-demand-v1.0
PHC-MH-PUN-003,MED-ALB-400,2026-09-02,1.0,0,178.0,swasthya-demand-v1.0
PHC-MH-PUN-003,MED-ALB-400,2026-09-03,1.0,0,177.0,swasthya-demand-v1.0
PHC-MH-PUN-003,MED-ALB-400,2026-09-04,1.0,0,176.0,swasthya-demand-v1.0
PHC-MH-PUN-003,MED-ALB-400,2026-09-05,1.0,0,175.0,swasthya-demand-v1.0
PHC-MH-PUN-003,MED-ALB-400,2026-09-06,1.0,0,174.0,swasthya-demand-v1.0
PHC-MH-PUN-003,MED-ALB-400,2026-09-07,9.1,0,164.9,swasthya-demand-v1.0
PHC-MH-PUN-003,MED-ALB-400,2026-09-08,1.0,0,163.9,swasthya-demand-v1.0
PHC-MH-PUN-003,MED-ALB-400,2026-09-09,1.0,0,162.9,swasthya-demand-v1.0
PHC-MH-PUN-003,MED-ALB-400,2026-09-10,1.0,0,161.9,swasthya-demand-v1.0
PHC-MH-PUN-003,MED-IFA-TAB,2026-08-28,1.0,0,0.0,swasthya-demand-v1.0
PHC-MH-PUN-003,MED-IFA-TAB,2026-08-29,1.0,0,0.0,swasthya-demand-v1.0
PHC-MH-PUN-003,MED-IFA-TAB,2026-08-30,1.0,560,557.0,swasthya-demand-v1.0
PHC-MH-PUN-003,MED-IFA-TAB,2026-08-31,7.9,0,549.1,swasthya-demand-v1.0
PHC-MH-PUN-003,MED-IFA-TAB,2026-09-01,1.0,0,548.1,swasthya-demand-v1.0
PHC-MH-PUN-003,MED-IFA-TAB,2026-09-02,1.0,0,547.1,swasthya-demand-v1.0
PHC-MH-PUN-003,MED-IFA-TAB,2026-09-03,1.0,0,546.1,swasthya-demand-v1.0
PHC-MH-PUN-003,MED-IFA-TAB,2026-09-04,1.0,0,545.1,swasthya-demand-v1.0
PHC-MH-PUN-003,MED-IFA-TAB,2026-09-05,1.0,0,544.1,swasthya-demand-v1.0
PHC-MH-PUN-003,MED-IFA-TAB,2026-09-06,1.0,0,543.1,swasthya-demand-v1.0
PHC-MH-PUN-003,MED-IFA-TAB,2026-09-07,8.6,0,534.5,swasthya-demand-v1.0
PHC-MH-PUN-003,MED-IFA-TAB,2026-09-08,1.0,0,533.5,swasthya-demand-v1.0
PHC-MH-PUN-003,MED-IFA-TAB,2026-09-09,1.0,0,532.5,swasthya-demand-v1.0
PHC-MH-PUN-003,MED-IFA-TAB,2026-09-10,1.0,0,531.5,swasthya-demand-v1.0
DH-MH-PUN-001,MED-PCM-500,2026-08-28,1370.9,16828,15457.1,swasthya-demand-v1.0
DH-MH-PUN-001,MED-PCM-500,2026-08-29,1377.1,0,14080.0,swasthya-demand-v1.0
DH-MH-PUN-001,MED-PCM-500,2026-08-30,1239.5,0,12840.5,swasthya-demand-v1.0
DH-MH-PUN-001,MED-PCM-500,2026-08-31,1213.1,0,11627.4,swasthya-demand-v1.0
DH-MH-PUN-001,MED-PCM-500,2026-09-01,1137.9,0,10489.5,swasthya-demand-v1.0
DH-MH-PUN-001,MED-PCM-500,2026-09-02,1053.0,0,9436.5,swasthya-demand-v1.0
DH-MH-PUN-001,MED-PCM-500,2026-09-03,982.1,0,8454.4,swasthya-demand-v1.0
DH-MH-PUN-001,MED-PCM-500,2026-09-04,898.5,0,7555.9,swasthya-demand-v1.0
DH-MH-PUN-001,MED-PCM-500,2026-09-05,811.8,0,6744.1,swasthya-demand-v1.0
DH-MH-PUN-001,MED-PCM-500,2026-09-06,724.7,0,6019.4,swasthya-demand-v1.0
DH-MH-PUN-001,MED-PCM-500,2026-09-07,732.8,0,5286.6,swasthya-demand-v1.0
DH-MH-PUN-001,MED-PCM-500,2026-09-08,657.6,0,4629.0,swasthya-demand-v1.0
DH-MH-PUN-001,MED-PCM-500,2026-09-09,597.3,0,4031.7,swasthya-demand-v1.0
DH-MH-PUN-001,MED-PCM-500,2026-09-10,547.1,0,3484.6,swasthya-demand-v1.0
DH-MH-PUN-001,MED-PCM-SYR,2026-08-28,480.8,0,0.0,swasthya-demand-v1.0
DH-MH-PUN-001,MED-PCM-SYR,2026-08-29,443.6,0,0.0,swasthya-demand-v1.0
DH-MH-PUN-001,MED-PCM-SYR,2026-08-30,373.8,0,0.0,swasthya-demand-v1.0
DH-MH-PUN-001,MED-PCM-SYR,2026-08-31,394.4,6734,5041.4,swasthya-demand-v1.0
DH-MH-PUN-001,MED-PCM-SYR,2026-09-01,343.0,0,4698.4,swasthya-demand-v1.0
DH-MH-PUN-001,MED-PCM-SYR,2026-09-02,299.3,0,4399.1,swasthya-demand-v1.0
DH-MH-PUN-001,MED-PCM-SYR,2026-09-03,263.6,0,4135.5,swasthya-demand-v1.0
DH-MH-PUN-001,MED-PCM-SYR,2026-09-04,211.7,0,3923.8,swasthya-demand-v1.0
DH-MH-PUN-001,MED-PCM-SYR,2026-09-05,159.1,0,3764.7,swasthya-demand-v1.0
DH-MH-PUN-001,MED-PCM-SYR,2026-09-06,103.8,0,3660.9,swasthya-demand-v1.0
DH-MH-PUN-001,MED-PCM-SYR,2026-09-07,142.4,0,3518.5,swasthya-demand-v1.0
DH-MH-PUN-001,MED-PCM-SYR,2026-09-08,97.2,0,3421.3,swasthya-demand-v1.0
DH-MH-PUN-001,MED-PCM-SYR,2026-09-09,66.0,0,3355.3,swasthya-demand-v1.0
DH-MH-PUN-001,MED-PCM-SYR,2026-09-10,42.3,0,3313.0,swasthya-demand-v1.0
DH-MH-PUN-001,MED-AMX-500,2026-08-28,592.0,0,0.0,swasthya-demand-v1.0
DH-MH-PUN-001,MED-AMX-500,2026-08-29,563.4,0,0.0,swasthya-demand-v1.0
DH-MH-PUN-001,MED-AMX-500,2026-08-30,485.9,0,0.0,swasthya-demand-v1.0
DH-MH-PUN-001,MED-AMX-500,2026-08-31,499.3,8232,6091.4,swasthya-demand-v1.0
DH-MH-PUN-001,MED-AMX-500,2026-09-01,445.5,0,5645.9,swasthya-demand-v1.0
DH-MH-PUN-001,MED-AMX-500,2026-09-02,396.7,0,5249.2,swasthya-demand-v1.0
DH-MH-PUN-001,MED-AMX-500,2026-09-03,356.3,0,4892.9,swasthya-demand-v1.0
DH-MH-PUN-001,MED-AMX-500,2026-09-04,300.5,0,4592.4,swasthya-demand-v1.0
DH-MH-PUN-001,MED-AMX-500,2026-09-05,243.6,0,4348.8,swasthya-demand-v1.0
DH-MH-PUN-001,MED-AMX-500,2026-09-06,184.2,0,4164.6,swasthya-demand-v1.0
DH-MH-PUN-001,MED-AMX-500,2026-09-07,219.0,0,3945.6,swasthya-demand-v1.0
DH-MH-PUN-001,MED-AMX-500,2026-09-08,169.9,0,3775.7,swasthya-demand-v1.0
DH-MH-PUN-001,MED-AMX-500,2026-09-09,134.9,0,3640.8,swasthya-demand-v1.0
DH-MH-PUN-001,MED-AMX-500,2026-09-10,107.8,0,3533.0,swasthya-demand-v1.0
DH-MH-PUN-001,MED-AMC-625,2026-08-28,359.5,0,0.0,swasthya-demand-v1.0
DH-MH-PUN-001,MED-AMC-625,2026-08-29,323.7,0,0.0,swasthya-demand-v1.0
DH-MH-PUN-001,MED-AMC-625,2026-08-30,260.8,5236,4292.0,swasthya-demand-v1.0
DH-MH-PUN-001,MED-AMC-625,2026-08-31,287.9,0,4004.1,swasthya-demand-v1.0
DH-MH-PUN-001,MED-AMC-625,2026-09-01,240.9,0,3763.2,swasthya-demand-v1.0
DH-MH-PUN-001,MED-AMC-625,2026-09-02,202.7,0,3560.5,swasthya-demand-v1.0
DH-MH-PUN-001,MED-AMC-625,2026-09-03,172.0,0,3388.5,swasthya-demand-v1.0
DH-MH-PUN-001,MED-AMC-625,2026-09-04,124.6,0,3263.9,swasthya-demand-v1.0
DH-MH-PUN-001,MED-AMC-625,2026-09-05,76.6,0,3187.3,swasthya-demand-v1.0
DH-MH-PUN-001,MED-AMC-625,2026-09-06,25.5,0,3161.8,swasthya-demand-v1.0
DH-MH-PUN-001,MED-AMC-625,2026-09-07,68.2,0,3093.6,swasthya-demand-v1.0
DH-MH-PUN-001,MED-AMC-625,2026-09-08,26.8,0,3066.8,swasthya-demand-v1.0
DH-MH-PUN-001,MED-AMC-625,2026-09-09,1.0,0,3065.8,swasthya-demand-v1.0
DH-MH-PUN-001,MED-AMC-625,2026-09-10,1.0,0,3064.8,swasthya-demand-v1.0
DH-MH-PUN-001,MED-ORS-SFT,2026-08-28,916.3,0,0.0,swasthya-demand-v1.0
DH-MH-PUN-001,MED-ORS-SFT,2026-08-29,879.8,11970,10173.9,swasthya-demand-v1.0
DH-MH-PUN-001,MED-ORS-SFT,2026-08-30,781.8,0,9392.1,swasthya-demand-v1.0
DH-MH-PUN-001,MED-ORS-SFT,2026-08-31,776.9,0,8615.2,swasthya-demand-v1.0
DH-MH-PUN-001,MED-ORS-SFT,2026-09-01,709.9,0,7905.3,swasthya-demand-v1.0
DH-MH-PUN-001,MED-ORS-SFT,2026-09-02,645.5,0,7259.8,swasthya-demand-v1.0
DH-MH-PUN-001,MED-ORS-SFT,2026-09-03,591.1,0,6668.7,swasthya-demand-v1.0
DH-MH-PUN-001,MED-ORS-SFT,2026-09-04,522.7,0,6146.0,swasthya-demand-v1.0
DH-MH-PUN-001,MED-ORS-SFT,2026-09-05,453.4,0,5692.6,swasthya-demand-v1.0
DH-MH-PUN-001,MED-ORS-SFT,2026-09-06,382.7,0,5309.9,swasthya-demand-v1.0
DH-MH-PUN-001,MED-ORS-SFT,2026-09-07,407.0,0,4902.9,swasthya-demand-v1.0
DH-MH-PUN-001,MED-ORS-SFT,2026-09-08,348.3,0,4554.6,swasthya-demand-v1.0
DH-MH-PUN-001,MED-ORS-SFT,2026-09-09,303.7,0,4250.9,swasthya-demand-v1.0
DH-MH-PUN-001,MED-ORS-SFT,2026-09-10,267.9,0,3983.0,swasthya-demand-v1.0
DH-MH-PUN-001,MED-ZNC-20,2026-08-28,448.2,5978,5529.8,swasthya-demand-v1.0
DH-MH-PUN-001,MED-ZNC-20,2026-08-29,437.5,0,5092.3,swasthya-demand-v1.0
DH-MH-PUN-001,MED-ZNC-20,2026-08-30,351.8,0,4740.5,swasthya-demand-v1.0
DH-MH-PUN-001,MED-ZNC-20,2026-08-31,376.5,0,4364.0,swasthya-demand-v1.0
DH-MH-PUN-001,MED-ZNC-20,2026-09-01,329.1,0,4034.9,swasthya-demand-v1.0
DH-MH-PUN-001,MED-ZNC-20,2026-09-02,283.9,0,3751.0,swasthya-demand-v1.0
DH-MH-PUN-001,MED-ZNC-20,2026-09-03,250.5,0,3500.5,swasthya-demand-v1.0
DH-MH-PUN-001,MED-ZNC-20,2026-09-04,199.8,0,3300.7,swasthya-demand-v1.0
DH-MH-PUN-001,MED-ZNC-20,2026-09-05,147.7,0,3153.0,swasthya-demand-v1.0
DH-MH-PUN-001,MED-ZNC-20,2026-09-06,93.4,0,3059.6,swasthya-demand-v1.0
DH-MH-PUN-001,MED-ZNC-20,2026-09-07,132.8,0,2926.8,swasthya-demand-v1.0
DH-MH-PUN-001,MED-ZNC-20,2026-09-08,88.1,0,2838.7,swasthya-demand-v1.0
DH-MH-PUN-001,MED-ZNC-20,2026-09-09,57.2,0,2781.5,swasthya-demand-v1.0
DH-MH-PUN-001,MED-ZNC-20,2026-09-10,34.2,0,2747.3,swasthya-demand-v1.0
DH-MH-PUN-001,MED-AZI-500,2026-08-28,339.4,0,0.0,swasthya-demand-v1.0
DH-MH-PUN-001,MED-AZI-500,2026-08-29,298.0,0,0.0,swasthya-demand-v1.0
DH-MH-PUN-001,MED-AZI-500,2026-08-30,238.6,0,0.0,swasthya-demand-v1.0
DH-MH-PUN-001,MED-AZI-500,2026-08-31,270.4,4480,3333.6,swasthya-demand-v1.0
DH-MH-PUN-001,MED-AZI-500,2026-09-01,223.7,0,3109.9,swasthya-demand-v1.0
DH-MH-PUN-001,MED-AZI-500,2026-09-02,187.7,0,2922.2,swasthya-demand-v1.0
DH-MH-PUN-001,MED-AZI-500,2026-09-03,158.9,0,2763.3,swasthya-demand-v1.0
DH-MH-PUN-001,MED-AZI-500,2026-09-04,112.5,0,2650.8,swasthya-demand-v1.0
DH-MH-PUN-001,MED-AZI-500,2026-09-05,65.7,0,2585.1,swasthya-demand-v1.0
DH-MH-PUN-001,MED-AZI-500,2026-09-06,15.5,0,2569.6,swasthya-demand-v1.0
DH-MH-PUN-001,MED-AZI-500,2026-09-07,58.8,0,2510.8,swasthya-demand-v1.0
DH-MH-PUN-001,MED-AZI-500,2026-09-08,17.9,0,2492.9,swasthya-demand-v1.0
DH-MH-PUN-001,MED-AZI-500,2026-09-09,1.0,0,2491.9,swasthya-demand-v1.0
DH-MH-PUN-001,MED-AZI-500,2026-09-10,1.0,0,2490.9,swasthya-demand-v1.0
DH-MH-PUN-001,MED-CTX-1G,2026-08-28,128.9,0,0.0,swasthya-demand-v1.0
DH-MH-PUN-001,MED-CTX-1G,2026-08-29,91.7,0,0.0,swasthya-demand-v1.0
DH-MH-PUN-001,MED-CTX-1G,2026-08-30,40.6,2240,1978.8,swasthya-demand-v1.0
DH-MH-PUN-001,MED-CTX-1G,2026-08-31,83.6,0,1895.2,swasthya-demand-v1.0
DH-MH-PUN-001,MED-CTX-1G,2026-09-01,44.3,0,1850.9,swasthya-demand-v1.0
DH-MH-PUN-001,MED-CTX-1G,2026-09-02,16.8,0,1834.1,swasthya-demand-v1.0
DH-MH-PUN-001,MED-CTX-1G,2026-09-03,1.0,0,1833.1,swasthya-demand-v1.0
DH-MH-PUN-001,MED-CTX-1G,2026-09-04,1.0,0,1832.1,swasthya-demand-v1.0
DH-MH-PUN-001,MED-CTX-1G,2026-09-05,1.0,0,1831.1,swasthya-demand-v1.0
DH-MH-PUN-001,MED-CTX-1G,2026-09-06,1.0,0,1830.1,swasthya-demand-v1.0
DH-MH-PUN-001,MED-CTX-1G,2026-09-07,4.7,0,1825.4,swasthya-demand-v1.0
DH-MH-PUN-001,MED-CTX-1G,2026-09-08,1.0,0,1824.4,swasthya-demand-v1.0
DH-MH-PUN-001,MED-CTX-1G,2026-09-09,1.0,0,1823.4,swasthya-demand-v1.0
DH-MH-PUN-001,MED-CTX-1G,2026-09-10,1.0,0,1822.4,swasthya-demand-v1.0
DH-MH-PUN-001,MED-RAB-VAC,2026-08-28,60.8,0,0.0,swasthya-demand-v1.0
DH-MH-PUN-001,MED-RAB-VAC,2026-08-29,27.0,1302,1214.2,swasthya-demand-v1.0
DH-MH-PUN-001,MED-RAB-VAC,2026-08-30,1.0,0,1213.2,swasthya-demand-v1.0
DH-MH-PUN-001,MED-RAB-VAC,2026-08-31,32.0,0,1181.2,swasthya-demand-v1.0
DH-MH-PUN-001,MED-RAB-VAC,2026-09-01,1.0,0,1180.2,swasthya-demand-v1.0
DH-MH-PUN-001,MED-RAB-VAC,2026-09-02,1.0,0,1179.2,swasthya-demand-v1.0
DH-MH-PUN-001,MED-RAB-VAC,2026-09-03,1.0,0,1178.2,swasthya-demand-v1.0
DH-MH-PUN-001,MED-RAB-VAC,2026-09-04,1.0,0,1177.2,swasthya-demand-v1.0
DH-MH-PUN-001,MED-RAB-VAC,2026-09-05,1.0,0,1176.2,swasthya-demand-v1.0
DH-MH-PUN-001,MED-RAB-VAC,2026-09-06,1.0,0,1175.2,swasthya-demand-v1.0
DH-MH-PUN-001,MED-RAB-VAC,2026-09-07,6.8,0,1168.4,swasthya-demand-v1.0
DH-MH-PUN-001,MED-RAB-VAC,2026-09-08,1.0,0,1167.4,swasthya-demand-v1.0
DH-MH-PUN-001,MED-RAB-VAC,2026-09-09,1.0,0,1166.4,swasthya-demand-v1.0
DH-MH-PUN-001,MED-RAB-VAC,2026-09-10,1.0,0,1165.4,swasthya-demand-v1.0
DH-MH-PUN-001,MED-ASV-VIAL,2026-08-28,1.0,0,0.0,swasthya-demand-v1.0
DH-MH-PUN-001,MED-ASV-VIAL,2026-08-29,1.0,0,0.0,swasthya-demand-v1.0
DH-MH-PUN-001,MED-ASV-VIAL,2026-08-30,1.0,0,0.0,swasthya-demand-v1.0
DH-MH-PUN-001,MED-ASV-VIAL,2026-08-31,8.2,448,436.8,swasthya-demand-v1.0
DH-MH-PUN-001,MED-ASV-VIAL,2026-09-01,1.0,0,435.8,swasthya-demand-v1.0
DH-MH-PUN-001,MED-ASV-VIAL,2026-09-02,1.0,0,434.8,swasthya-demand-v1.0
DH-MH-PUN-001,MED-ASV-VIAL,2026-09-03,1.0,0,433.8,swasthya-demand-v1.0
DH-MH-PUN-001,MED-ASV-VIAL,2026-09-04,1.0,0,432.8,swasthya-demand-v1.0
DH-MH-PUN-001,MED-ASV-VIAL,2026-09-05,1.0,0,431.8,swasthya-demand-v1.0
DH-MH-PUN-001,MED-ASV-VIAL,2026-09-06,1.0,0,430.8,swasthya-demand-v1.0
DH-MH-PUN-001,MED-ASV-VIAL,2026-09-07,8.7,0,422.1,swasthya-demand-v1.0
DH-MH-PUN-001,MED-ASV-VIAL,2026-09-08,1.0,0,421.1,swasthya-demand-v1.0
DH-MH-PUN-001,MED-ASV-VIAL,2026-09-09,1.0,0,420.1,swasthya-demand-v1.0
DH-MH-PUN-001,MED-ASV-VIAL,2026-09-10,1.0,0,419.1,swasthya-demand-v1.0
DH-MH-PUN-001,MED-INS-REG,2026-08-28,65.4,0,0.0,swasthya-demand-v1.0
DH-MH-PUN-001,MED-INS-REG,2026-08-29,36.4,0,0.0,swasthya-demand-v1.0
DH-MH-PUN-001,MED-INS-REG,2026-08-30,1.0,0,0.0,swasthya-demand-v1.0
DH-MH-PUN-001,MED-INS-REG,2026-08-31,36.1,1484,1345.1,swasthya-demand-v1.0
DH-MH-PUN-001,MED-INS-REG,2026-09-01,1.8,0,1343.3,swasthya-demand-v1.0
DH-MH-PUN-001,MED-INS-REG,2026-09-02,1.0,0,1342.3,swasthya-demand-v1.0
DH-MH-PUN-001,MED-INS-REG,2026-09-03,1.0,0,1341.3,swasthya-demand-v1.0
DH-MH-PUN-001,MED-INS-REG,2026-09-04,1.0,0,1340.3,swasthya-demand-v1.0
DH-MH-PUN-001,MED-INS-REG,2026-09-05,1.0,0,1339.3,swasthya-demand-v1.0
DH-MH-PUN-001,MED-INS-REG,2026-09-06,1.0,0,1338.3,swasthya-demand-v1.0
DH-MH-PUN-001,MED-INS-REG,2026-09-07,6.6,0,1331.7,swasthya-demand-v1.0
DH-MH-PUN-001,MED-INS-REG,2026-09-08,1.0,0,1330.7,swasthya-demand-v1.0
DH-MH-PUN-001,MED-INS-REG,2026-09-09,1.0,0,1329.7,swasthya-demand-v1.0
DH-MH-PUN-001,MED-INS-REG,2026-09-10,1.0,0,1328.7,swasthya-demand-v1.0
DH-MH-PUN-001,MED-MET-500,2026-08-28,794.6,0,0.0,swasthya-demand-v1.0
DH-MH-PUN-001,MED-MET-500,2026-08-29,776.3,0,0.0,swasthya-demand-v1.0
DH-MH-PUN-001,MED-MET-500,2026-08-30,668.3,9352,7112.8,swasthya-demand-v1.0
DH-MH-PUN-001,MED-MET-500,2026-08-31,680.4,0,6432.4,swasthya-demand-v1.0
DH-MH-PUN-001,MED-MET-500,2026-09-01,619.6,0,5812.8,swasthya-demand-v1.0
DH-MH-PUN-001,MED-MET-500,2026-09-02,559.1,0,5253.7,swasthya-demand-v1.0
DH-MH-PUN-001,MED-MET-500,2026-09-03,513.0,0,4740.7,swasthya-demand-v1.0
DH-MH-PUN-001,MED-MET-500,2026-09-04,449.4,0,4291.3,swasthya-demand-v1.0
DH-MH-PUN-001,MED-MET-500,2026-09-05,384.6,0,3906.7,swasthya-demand-v1.0
DH-MH-PUN-001,MED-MET-500,2026-09-06,318.6,0,3588.1,swasthya-demand-v1.0
DH-MH-PUN-001,MED-MET-500,2026-09-07,346.4,0,3241.7,swasthya-demand-v1.0
DH-MH-PUN-001,MED-MET-500,2026-09-08,290.8,0,2950.9,swasthya-demand-v1.0
DH-MH-PUN-001,MED-MET-500,2026-09-09,249.5,0,2701.4,swasthya-demand-v1.0
DH-MH-PUN-001,MED-MET-500,2026-09-10,216.8,0,2484.6,swasthya-demand-v1.0
DH-MH-PUN-001,MED-OXY-AMP,2026-08-28,100.1,0,0.0,swasthya-demand-v1.0
DH-MH-PUN-001,MED-OXY-AMP,2026-08-29,69.1,0,0.0,swasthya-demand-v1.0
DH-MH-PUN-001,MED-OXY-AMP,2026-08-30,15.3,1862,1677.5,swasthya-demand-v1.0
DH-MH-PUN-001,MED-OXY-AMP,2026-08-31,60.3,0,1617.2,swasthya-demand-v1.0
DH-MH-PUN-001,MED-OXY-AMP,2026-09-01,22.8,0,1594.4,swasthya-demand-v1.0
DH-MH-PUN-001,MED-OXY-AMP,2026-09-02,1.0,0,1593.4,swasthya-demand-v1.0
DH-MH-PUN-001,MED-OXY-AMP,2026-09-03,1.0,0,1592.4,swasthya-demand-v1.0
DH-MH-PUN-001,MED-OXY-AMP,2026-09-04,1.0,0,1591.4,swasthya-demand-v1.0
DH-MH-PUN-001,MED-OXY-AMP,2026-09-05,1.0,0,1590.4,swasthya-demand-v1.0
DH-MH-PUN-001,MED-OXY-AMP,2026-09-06,1.0,0,1589.4,swasthya-demand-v1.0
DH-MH-PUN-001,MED-OXY-AMP,2026-09-07,5.6,0,1583.8,swasthya-demand-v1.0
DH-MH-PUN-001,MED-OXY-AMP,2026-09-08,1.0,0,1582.8,swasthya-demand-v1.0
DH-MH-PUN-001,MED-OXY-AMP,2026-09-09,1.0,0,1581.8,swasthya-demand-v1.0
DH-MH-PUN-001,MED-OXY-AMP,2026-09-10,1.0,0,1580.8,swasthya-demand-v1.0
DH-MH-PUN-001,MED-MGS-50,2026-08-28,27.0,0,0.0,swasthya-demand-v1.0
DH-MH-PUN-001,MED-MGS-50,2026-08-29,1.0,924,896.0,swasthya-demand-v1.0
DH-MH-PUN-001,MED-MGS-50,2026-08-30,1.0,0,895.0,swasthya-demand-v1.0
DH-MH-PUN-001,MED-MGS-50,2026-08-31,14.9,0,880.1,swasthya-demand-v1.0
DH-MH-PUN-001,MED-MGS-50,2026-09-01,1.0,0,879.1,swasthya-demand-v1.0
DH-MH-PUN-001,MED-MGS-50,2026-09-02,1.0,0,878.1,swasthya-demand-v1.0
DH-MH-PUN-001,MED-MGS-50,2026-09-03,1.0,0,877.1,swasthya-demand-v1.0
DH-MH-PUN-001,MED-MGS-50,2026-09-04,1.0,0,876.1,swasthya-demand-v1.0
DH-MH-PUN-001,MED-MGS-50,2026-09-05,1.0,0,875.1,swasthya-demand-v1.0
DH-MH-PUN-001,MED-MGS-50,2026-09-06,1.0,0,874.1,swasthya-demand-v1.0
DH-MH-PUN-001,MED-MGS-50,2026-09-07,7.9,0,866.2,swasthya-demand-v1.0
DH-MH-PUN-001,MED-MGS-50,2026-09-08,1.0,0,865.2,swasthya-demand-v1.0
DH-MH-PUN-001,MED-MGS-50,2026-09-09,1.0,0,864.2,swasthya-demand-v1.0
DH-MH-PUN-001,MED-MGS-50,2026-09-10,1.0,0,863.2,swasthya-demand-v1.0
DH-MH-PUN-001,MED-IVF-NS500,2026-08-28,436.4,0,0.0,swasthya-demand-v1.0
DH-MH-PUN-001,MED-IVF-NS500,2026-08-29,404.5,0,0.0,swasthya-demand-v1.0
DH-MH-PUN-001,MED-IVF-NS500,2026-08-30,348.9,0,0.0,swasthya-demand-v1.0
DH-MH-PUN-001,MED-IVF-NS500,2026-08-31,366.9,5600,4043.3,swasthya-demand-v1.0
DH-MH-PUN-001,MED-IVF-NS500,2026-09-01,319.9,0,3723.4,swasthya-demand-v1.0
DH-MH-PUN-001,MED-IVF-NS500,2026-09-02,280.6,0,3442.8,swasthya-demand-v1.0
DH-MH-PUN-001,MED-IVF-NS500,2026-09-03,246.2,0,3196.6,swasthya-demand-v1.0
DH-MH-PUN-001,MED-IVF-NS500,2026-09-04,197.0,0,2999.6,swasthya-demand-v1.0
DH-MH-PUN-001,MED-IVF-NS500,2026-09-05,146.4,0,2853.2,swasthya-demand-v1.0
DH-MH-PUN-001,MED-IVF-NS500,2026-09-06,92.2,0,2761.0,swasthya-demand-v1.0
DH-MH-PUN-001,MED-IVF-NS500,2026-09-07,132.0,0,2629.0,swasthya-demand-v1.0
DH-MH-PUN-001,MED-IVF-NS500,2026-09-08,87.5,0,2541.5,swasthya-demand-v1.0
DH-MH-PUN-001,MED-IVF-NS500,2026-09-09,57.0,0,2484.5,swasthya-demand-v1.0
DH-MH-PUN-001,MED-IVF-NS500,2026-09-10,33.9,0,2450.6,swasthya-demand-v1.0
DH-MH-PUN-001,MED-IVF-RL500,2026-08-28,380.2,0,0.0,swasthya-demand-v1.0
DH-MH-PUN-001,MED-IVF-RL500,2026-08-29,344.5,0,0.0,swasthya-demand-v1.0
DH-MH-PUN-001,MED-IVF-RL500,2026-08-30,276.5,0,0.0,swasthya-demand-v1.0
DH-MH-PUN-001,MED-IVF-RL500,2026-08-31,309.8,4480,3169.0,swasthya-demand-v1.0
DH-MH-PUN-001,MED-IVF-RL500,2026-09-01,262.5,0,2906.5,swasthya-demand-v1.0
DH-MH-PUN-001,MED-IVF-RL500,2026-09-02,224.0,0,2682.5,swasthya-demand-v1.0
DH-MH-PUN-001,MED-IVF-RL500,2026-09-03,194.7,0,2487.8,swasthya-demand-v1.0
DH-MH-PUN-001,MED-IVF-RL500,2026-09-04,146.9,0,2340.9,swasthya-demand-v1.0
DH-MH-PUN-001,MED-IVF-RL500,2026-09-05,98.5,0,2242.4,swasthya-demand-v1.0
DH-MH-PUN-001,MED-IVF-RL500,2026-09-06,47.1,0,2195.3,swasthya-demand-v1.0
DH-MH-PUN-001,MED-IVF-RL500,2026-09-07,88.8,0,2106.5,swasthya-demand-v1.0
DH-MH-PUN-001,MED-IVF-RL500,2026-09-08,46.4,0,2060.1,swasthya-demand-v1.0
DH-MH-PUN-001,MED-IVF-RL500,2026-09-09,18.1,0,2042.0,swasthya-demand-v1.0
DH-MH-PUN-001,MED-IVF-RL500,2026-09-10,1.0,0,2041.0,swasthya-demand-v1.0
DH-MH-PUN-001,MED-IVF-D5500,2026-08-28,208.7,0,0.0,swasthya-demand-v1.0
DH-MH-PUN-001,MED-IVF-D5500,2026-08-29,180.3,2982,2593.0,swasthya-demand-v1.0
DH-MH-PUN-001,MED-IVF-D5500,2026-08-30,123.4,0,2469.6,swasthya-demand-v1.0
DH-MH-PUN-001,MED-IVF-D5500,2026-08-31,160.9,0,2308.7,swasthya-demand-v1.0
DH-MH-PUN-001,MED-IVF-D5500,2026-09-01,120.7,0,2188.0,swasthya-demand-v1.0
DH-MH-PUN-001,MED-IVF-D5500,2026-09-02,89.4,0,2098.6,swasthya-demand-v1.0
DH-MH-PUN-001,MED-IVF-D5500,2026-09-03,65.8,0,2032.8,swasthya-demand-v1.0
DH-MH-PUN-001,MED-IVF-D5500,2026-09-04,24.4,0,2008.4,swasthya-demand-v1.0
DH-MH-PUN-001,MED-IVF-D5500,2026-09-05,1.0,0,2007.4,swasthya-demand-v1.0
DH-MH-PUN-001,MED-IVF-D5500,2026-09-06,1.0,0,2006.4,swasthya-demand-v1.0
DH-MH-PUN-001,MED-IVF-D5500,2026-09-07,10.1,0,1996.3,swasthya-demand-v1.0
DH-MH-PUN-001,MED-IVF-D5500,2026-09-08,1.0,0,1995.3,swasthya-demand-v1.0
DH-MH-PUN-001,MED-IVF-D5500,2026-09-09,1.0,0,1994.3,swasthya-demand-v1.0
DH-MH-PUN-001,MED-IVF-D5500,2026-09-10,1.0,0,1993.3,swasthya-demand-v1.0
DH-MH-PUN-001,MED-ART-60,2026-08-28,42.6,0,0.0,swasthya-demand-v1.0
DH-MH-PUN-001,MED-ART-60,2026-08-29,14.8,1120,1062.6,swasthya-demand-v1.0
DH-MH-PUN-001,MED-ART-60,2026-08-30,1.0,0,1061.6,swasthya-demand-v1.0
DH-MH-PUN-001,MED-ART-60,2026-08-31,23.4,0,1038.2,swasthya-demand-v1.0
DH-MH-PUN-001,MED-ART-60,2026-09-01,1.0,0,1037.2,swasthya-demand-v1.0
DH-MH-PUN-001,MED-ART-60,2026-09-02,1.0,0,1036.2,swasthya-demand-v1.0
DH-MH-PUN-001,MED-ART-60,2026-09-03,1.0,0,1035.2,swasthya-demand-v1.0
DH-MH-PUN-001,MED-ART-60,2026-09-04,1.0,0,1034.2,swasthya-demand-v1.0
DH-MH-PUN-001,MED-ART-60,2026-09-05,1.0,0,1033.2,swasthya-demand-v1.0
DH-MH-PUN-001,MED-ART-60,2026-09-06,1.0,0,1032.2,swasthya-demand-v1.0
DH-MH-PUN-001,MED-ART-60,2026-09-07,7.4,0,1024.8,swasthya-demand-v1.0
DH-MH-PUN-001,MED-ART-60,2026-09-08,1.0,0,1023.8,swasthya-demand-v1.0
DH-MH-PUN-001,MED-ART-60,2026-09-09,1.0,0,1022.8,swasthya-demand-v1.0
DH-MH-PUN-001,MED-ART-60,2026-09-10,1.0,0,1021.8,swasthya-demand-v1.0
DH-MH-PUN-001,MED-ALB-400,2026-08-28,174.4,0,0.0,swasthya-demand-v1.0
DH-MH-PUN-001,MED-ALB-400,2026-08-29,142.8,0,0.0,swasthya-demand-v1.0
DH-MH-PUN-001,MED-ALB-400,2026-08-30,86.7,2982,2578.1,swasthya-demand-v1.0
DH-MH-PUN-001,MED-ALB-400,2026-08-31,126.0,0,2452.1,swasthya-demand-v1.0
DH-MH-PUN-001,MED-ALB-400,2026-09-01,85.9,0,2366.2,swasthya-demand-v1.0
DH-MH-PUN-001,MED-ALB-400,2026-09-02,55.6,0,2310.6,swasthya-demand-v1.0
DH-MH-PUN-001,MED-ALB-400,2026-09-03,33.2,0,2277.4,swasthya-demand-v1.0
DH-MH-PUN-001,MED-ALB-400,2026-09-04,1.0,0,2276.4,swasthya-demand-v1.0
DH-MH-PUN-001,MED-ALB-400,2026-09-05,1.0,0,2275.4,swasthya-demand-v1.0
DH-MH-PUN-001,MED-ALB-400,2026-09-06,1.0,0,2274.4,swasthya-demand-v1.0
DH-MH-PUN-001,MED-ALB-400,2026-09-07,3.5,0,2270.9,swasthya-demand-v1.0
DH-MH-PUN-001,MED-ALB-400,2026-09-08,1.0,0,2269.9,swasthya-demand-v1.0
DH-MH-PUN-001,MED-ALB-400,2026-09-09,1.0,0,2268.9,swasthya-demand-v1.0
DH-MH-PUN-001,MED-ALB-400,2026-09-10,1.0,0,2267.9,swasthya-demand-v1.0
DH-MH-PUN-001,MED-IFA-TAB,2026-08-28,794.7,0,0.0,swasthya-demand-v1.0
DH-MH-PUN-001,MED-IFA-TAB,2026-08-29,755.9,0,0.0,swasthya-demand-v1.0
DH-MH-PUN-001,MED-IFA-TAB,2026-08-30,650.6,10472,8270.8,swasthya-demand-v1.0
DH-MH-PUN-001,MED-IFA-TAB,2026-08-31,668.5,0,7602.3,swasthya-demand-v1.0
DH-MH-PUN-001,MED-IFA-TAB,2026-09-01,604.2,0,6998.1,swasthya-demand-v1.0
DH-MH-PUN-001,MED-IFA-TAB,2026-09-02,544.7,0,6453.4,swasthya-demand-v1.0
DH-MH-PUN-001,MED-IFA-TAB,2026-09-03,499.6,0,5953.8,swasthya-demand-v1.0
DH-MH-PUN-001,MED-IFA-TAB,2026-09-04,435.6,0,5518.2,swasthya-demand-v1.0
DH-MH-PUN-001,MED-IFA-TAB,2026-09-05,371.4,0,5146.8,swasthya-demand-v1.0
DH-MH-PUN-001,MED-IFA-TAB,2026-09-06,305.9,0,4840.9,swasthya-demand-v1.0
DH-MH-PUN-001,MED-IFA-TAB,2026-09-07,334.1,0,4506.8,swasthya-demand-v1.0
DH-MH-PUN-001,MED-IFA-TAB,2026-09-08,279.0,0,4227.8,swasthya-demand-v1.0
DH-MH-PUN-001,MED-IFA-TAB,2026-09-09,238.4,0,3989.4,swasthya-demand-v1.0
DH-MH-PUN-001,MED-IFA-TAB,2026-09-10,206.2,0,3783.2,swasthya-demand-v1.0
PHC-KA-BEN-001,MED-PCM-500,2026-08-28,68.0,0,0.0,swasthya-demand-v1.0
PHC-KA-BEN-001,MED-PCM-500,2026-08-29,28.0,1316,1220.0,swasthya-demand-v1.0
PHC-KA-BEN-001,MED-PCM-500,2026-08-30,1.0,0,1219.0,swasthya-demand-v1.0
PHC-KA-BEN-001,MED-PCM-500,2026-08-31,33.7,0,1185.3,swasthya-demand-v1.0
PHC-KA-BEN-001,MED-PCM-500,2026-09-01,1.0,0,1184.3,swasthya-demand-v1.0
PHC-KA-BEN-001,MED-PCM-500,2026-09-02,1.0,0,1183.3,swasthya-demand-v1.0
PHC-KA-BEN-001,MED-PCM-500,2026-09-03,1.0,0,1182.3,swasthya-demand-v1.0
PHC-KA-BEN-001,MED-PCM-500,2026-09-04,1.0,0,1181.3,swasthya-demand-v1.0
PHC-KA-BEN-001,MED-PCM-500,2026-09-05,1.0,0,1180.3,swasthya-demand-v1.0
PHC-KA-BEN-001,MED-PCM-500,2026-09-06,1.0,0,1179.3,swasthya-demand-v1.0
PHC-KA-BEN-001,MED-PCM-500,2026-09-07,6.6,0,1172.7,swasthya-demand-v1.0
PHC-KA-BEN-001,MED-PCM-500,2026-09-08,1.0,0,1171.7,swasthya-demand-v1.0
PHC-KA-BEN-001,MED-PCM-500,2026-09-09,1.0,0,1170.7,swasthya-demand-v1.0
PHC-KA-BEN-001,MED-PCM-500,2026-09-10,1.0,0,1169.7,swasthya-demand-v1.0
PHC-KA-BEN-001,MED-PCM-SYR,2026-08-28,1.0,0,0.0,swasthya-demand-v1.0
PHC-KA-BEN-001,MED-PCM-SYR,2026-08-29,1.0,518,516.0,swasthya-demand-v1.0
PHC-KA-BEN-001,MED-PCM-SYR,2026-08-30,1.0,0,515.0,swasthya-demand-v1.0
PHC-KA-BEN-001,MED-PCM-SYR,2026-08-31,7.3,0,507.7,swasthya-demand-v1.0
PHC-KA-BEN-001,MED-PCM-SYR,2026-09-01,1.0,0,506.7,swasthya-demand-v1.0
PHC-KA-BEN-001,MED-PCM-SYR,2026-09-02,1.0,0,505.7,swasthya-demand-v1.0
PHC-KA-BEN-001,MED-PCM-SYR,2026-09-03,1.0,0,504.7,swasthya-demand-v1.0
PHC-KA-BEN-001,MED-PCM-SYR,2026-09-04,1.0,0,503.7,swasthya-demand-v1.0
PHC-KA-BEN-001,MED-PCM-SYR,2026-09-05,1.0,0,502.7,swasthya-demand-v1.0
PHC-KA-BEN-001,MED-PCM-SYR,2026-09-06,1.0,0,501.7,swasthya-demand-v1.0
PHC-KA-BEN-001,MED-PCM-SYR,2026-09-07,8.6,0,493.1,swasthya-demand-v1.0
PHC-KA-BEN-001,MED-PCM-SYR,2026-09-08,1.0,0,492.1,swasthya-demand-v1.0
PHC-KA-BEN-001,MED-PCM-SYR,2026-09-09,1.0,0,491.1,swasthya-demand-v1.0
PHC-KA-BEN-001,MED-PCM-SYR,2026-09-10,1.0,0,490.1,swasthya-demand-v1.0
PHC-KA-BEN-001,MED-AMX-500,2026-08-28,2.2,0,0.0,swasthya-demand-v1.0
PHC-KA-BEN-001,MED-AMX-500,2026-08-29,1.0,0,0.0,swasthya-demand-v1.0
PHC-KA-BEN-001,MED-AMX-500,2026-08-30,1.0,644,639.8,swasthya-demand-v1.0
PHC-KA-BEN-001,MED-AMX-500,2026-08-31,7.3,0,632.5,swasthya-demand-v1.0
PHC-KA-BEN-001,MED-AMX-500,2026-09-01,1.0,0,631.5,swasthya-demand-v1.0
PHC-KA-BEN-001,MED-AMX-500,2026-09-02,1.0,0,630.5,swasthya-demand-v1.0
PHC-KA-BEN-001,MED-AMX-500,2026-09-03,1.0,0,629.5,swasthya-demand-v1.0
PHC-KA-BEN-001,MED-AMX-500,2026-09-04,1.0,0,628.5,swasthya-demand-v1.0
PHC-KA-BEN-001,MED-AMX-500,2026-09-05,1.0,0,627.5,swasthya-demand-v1.0
PHC-KA-BEN-001,MED-AMX-500,2026-09-06,1.0,0,626.5,swasthya-demand-v1.0
PHC-KA-BEN-001,MED-AMX-500,2026-09-07,8.4,0,618.1,swasthya-demand-v1.0
PHC-KA-BEN-001,MED-AMX-500,2026-09-08,1.0,0,617.1,swasthya-demand-v1.0
PHC-KA-BEN-001,MED-AMX-500,2026-09-09,1.0,0,616.1,swasthya-demand-v1.0
PHC-KA-BEN-001,MED-AMX-500,2026-09-10,1.0,0,615.1,swasthya-demand-v1.0
PHC-KA-BEN-001,MED-AMC-625,2026-08-28,1.0,0,0.0,swasthya-demand-v1.0
PHC-KA-BEN-001,MED-AMC-625,2026-08-29,1.0,0,0.0,swasthya-demand-v1.0
PHC-KA-BEN-001,MED-AMC-625,2026-08-30,1.0,406,403.0,swasthya-demand-v1.0
PHC-KA-BEN-001,MED-AMC-625,2026-08-31,8.0,0,395.0,swasthya-demand-v1.0
PHC-KA-BEN-001,MED-AMC-625,2026-09-01,1.0,0,394.0,swasthya-demand-v1.0
PHC-KA-BEN-001,MED-AMC-625,2026-09-02,1.0,0,393.0,swasthya-demand-v1.0
PHC-KA-BEN-001,MED-AMC-625,2026-09-03,1.0,0,392.0,swasthya-demand-v1.0
PHC-KA-BEN-001,MED-AMC-625,2026-09-04,1.0,0,391.0,swasthya-demand-v1.0
PHC-KA-BEN-001,MED-AMC-625,2026-09-05,1.0,0,390.0,swasthya-demand-v1.0
PHC-KA-BEN-001,MED-AMC-625,2026-09-06,1.0,0,389.0,swasthya-demand-v1.0
PHC-KA-BEN-001,MED-AMC-625,2026-09-07,8.7,0,380.3,swasthya-demand-v1.0
PHC-KA-BEN-001,MED-AMC-625,2026-09-08,1.0,0,379.3,swasthya-demand-v1.0
PHC-KA-BEN-001,MED-AMC-625,2026-09-09,1.0,0,378.3,swasthya-demand-v1.0
PHC-KA-BEN-001,MED-AMC-625,2026-09-10,1.0,0,377.3,swasthya-demand-v1.0
PHC-KA-BEN-001,MED-ORS-SFT,2026-08-28,30.0,0,0.0,swasthya-demand-v1.0
PHC-KA-BEN-001,MED-ORS-SFT,2026-08-29,1.0,0,0.0,swasthya-demand-v1.0
PHC-KA-BEN-001,MED-ORS-SFT,2026-08-30,1.0,938,906.0,swasthya-demand-v1.0
PHC-KA-BEN-001,MED-ORS-SFT,2026-08-31,15.2,0,890.8,swasthya-demand-v1.0
PHC-KA-BEN-001,MED-ORS-SFT,2026-09-01,1.0,0,889.8,swasthya-demand-v1.0
PHC-KA-BEN-001,MED-ORS-SFT,2026-09-02,1.0,0,888.8,swasthya-demand-v1.0
PHC-KA-BEN-001,MED-ORS-SFT,2026-09-03,1.0,0,887.8,swasthya-demand-v1.0
PHC-KA-BEN-001,MED-ORS-SFT,2026-09-04,1.0,0,886.8,swasthya-demand-v1.0
PHC-KA-BEN-001,MED-ORS-SFT,2026-09-05,1.0,0,885.8,swasthya-demand-v1.0
PHC-KA-BEN-001,MED-ORS-SFT,2026-09-06,1.0,0,884.8,swasthya-demand-v1.0
PHC-KA-BEN-001,MED-ORS-SFT,2026-09-07,7.7,0,877.1,swasthya-demand-v1.0
PHC-KA-BEN-001,MED-ORS-SFT,2026-09-08,1.0,0,876.1,swasthya-demand-v1.0
PHC-KA-BEN-001,MED-ORS-SFT,2026-09-09,1.0,0,875.1,swasthya-demand-v1.0
PHC-KA-BEN-001,MED-ORS-SFT,2026-09-10,1.0,0,874.1,swasthya-demand-v1.0
PHC-KA-BEN-001,MED-ZNC-20,2026-08-28,1.0,0,0.0,swasthya-demand-v1.0
PHC-KA-BEN-001,MED-ZNC-20,2026-08-29,1.0,462,460.0,swasthya-demand-v1.0
PHC-KA-BEN-001,MED-ZNC-20,2026-08-30,1.0,0,459.0,swasthya-demand-v1.0
PHC-KA-BEN-001,MED-ZNC-20,2026-08-31,7.7,0,451.3,swasthya-demand-v1.0
PHC-KA-BEN-001,MED-ZNC-20,2026-09-01,1.0,0,450.3,swasthya-demand-v1.0
PHC-KA-BEN-001,MED-ZNC-20,2026-09-02,1.0,0,449.3,swasthya-demand-v1.0
PHC-KA-BEN-001,MED-ZNC-20,2026-09-03,1.0,0,448.3,swasthya-demand-v1.0
PHC-KA-BEN-001,MED-ZNC-20,2026-09-04,1.0,0,447.3,swasthya-demand-v1.0
PHC-KA-BEN-001,MED-ZNC-20,2026-09-05,1.0,0,446.3,swasthya-demand-v1.0
PHC-KA-BEN-001,MED-ZNC-20,2026-09-06,1.0,0,445.3,swasthya-demand-v1.0
PHC-KA-BEN-001,MED-ZNC-20,2026-09-07,8.6,0,436.7,swasthya-demand-v1.0
PHC-KA-BEN-001,MED-ZNC-20,2026-09-08,1.0,0,435.7,swasthya-demand-v1.0
PHC-KA-BEN-001,MED-ZNC-20,2026-09-09,1.0,0,434.7,swasthya-demand-v1.0
PHC-KA-BEN-001,MED-ZNC-20,2026-09-10,1.0,0,433.7,swasthya-demand-v1.0
PHC-KA-BEN-001,MED-AZI-500,2026-08-28,1.0,0,0.0,swasthya-demand-v1.0
PHC-KA-BEN-001,MED-AZI-500,2026-08-29,1.0,0,0.0,swasthya-demand-v1.0
PHC-KA-BEN-001,MED-AZI-500,2026-08-30,1.0,0,0.0,swasthya-demand-v1.0
PHC-KA-BEN-001,MED-AZI-500,2026-08-31,8.4,350,338.6,swasthya-demand-v1.0
PHC-KA-BEN-001,MED-AZI-500,2026-09-01,1.0,0,337.6,swasthya-demand-v1.0
PHC-KA-BEN-001,MED-AZI-500,2026-09-02,1.0,0,336.6,swasthya-demand-v1.0
PHC-KA-BEN-001,MED-AZI-500,2026-09-03,1.0,0,335.6,swasthya-demand-v1.0
PHC-KA-BEN-001,MED-AZI-500,2026-09-04,1.0,0,334.6,swasthya-demand-v1.0
PHC-KA-BEN-001,MED-AZI-500,2026-09-05,1.0,0,333.6,swasthya-demand-v1.0
PHC-KA-BEN-001,MED-AZI-500,2026-09-06,1.0,0,332.6,swasthya-demand-v1.0
PHC-KA-BEN-001,MED-AZI-500,2026-09-07,8.8,0,323.8,swasthya-demand-v1.0
PHC-KA-BEN-001,MED-AZI-500,2026-09-08,1.0,0,322.8,swasthya-demand-v1.0
PHC-KA-BEN-001,MED-AZI-500,2026-09-09,1.0,0,321.8,swasthya-demand-v1.0
PHC-KA-BEN-001,MED-AZI-500,2026-09-10,1.0,0,320.8,swasthya-demand-v1.0
PHC-KA-BEN-001,MED-CTX-1G,2026-08-28,1.0,0,25.0,swasthya-demand-v1.0
PHC-KA-BEN-001,MED-CTX-1G,2026-08-29,1.0,0,24.0,swasthya-demand-v1.0
PHC-KA-BEN-001,MED-CTX-1G,2026-08-30,1.0,168,191.0,swasthya-demand-v1.0
PHC-KA-BEN-001,MED-CTX-1G,2026-08-31,8.8,0,182.2,swasthya-demand-v1.0
PHC-KA-BEN-001,MED-CTX-1G,2026-09-01,1.0,0,181.2,swasthya-demand-v1.0
PHC-KA-BEN-001,MED-CTX-1G,2026-09-02,1.0,0,180.2,swasthya-demand-v1.0
PHC-KA-BEN-001,MED-CTX-1G,2026-09-03,1.0,0,179.2,swasthya-demand-v1.0
PHC-KA-BEN-001,MED-CTX-1G,2026-09-04,1.0,0,178.2,swasthya-demand-v1.0
PHC-KA-BEN-001,MED-CTX-1G,2026-09-05,1.0,0,177.2,swasthya-demand-v1.0
PHC-KA-BEN-001,MED-CTX-1G,2026-09-06,1.0,0,176.2,swasthya-demand-v1.0
PHC-KA-BEN-001,MED-CTX-1G,2026-09-07,9.1,0,167.1,swasthya-demand-v1.0
PHC-KA-BEN-001,MED-CTX-1G,2026-09-08,1.0,0,166.1,swasthya-demand-v1.0
PHC-KA-BEN-001,MED-CTX-1G,2026-09-09,1.0,0,165.1,swasthya-demand-v1.0
PHC-KA-BEN-001,MED-CTX-1G,2026-09-10,1.0,0,164.1,swasthya-demand-v1.0
PHC-KA-BEN-001,MED-RAB-VAC,2026-08-28,1.0,0,55.0,swasthya-demand-v1.0
PHC-KA-BEN-001,MED-RAB-VAC,2026-08-29,1.0,0,54.0,swasthya-demand-v1.0
PHC-KA-BEN-001,MED-RAB-VAC,2026-08-30,1.0,0,53.0,swasthya-demand-v1.0
PHC-KA-BEN-001,MED-RAB-VAC,2026-08-31,9.1,0,43.9,swasthya-demand-v1.0
PHC-KA-BEN-001,MED-RAB-VAC,2026-09-01,1.0,0,42.9,swasthya-demand-v1.0
PHC-KA-BEN-001,MED-RAB-VAC,2026-09-02,1.0,0,41.9,swasthya-demand-v1.0
PHC-KA-BEN-001,MED-RAB-VAC,2026-09-03,1.0,0,40.9,swasthya-demand-v1.0
PHC-KA-BEN-001,MED-RAB-VAC,2026-09-04,1.0,0,39.9,swasthya-demand-v1.0
PHC-KA-BEN-001,MED-RAB-VAC,2026-09-05,1.0,0,38.9,swasthya-demand-v1.0
PHC-KA-BEN-001,MED-RAB-VAC,2026-09-06,1.0,0,37.9,swasthya-demand-v1.0
PHC-KA-BEN-001,MED-RAB-VAC,2026-09-07,9.2,0,28.7,swasthya-demand-v1.0
PHC-KA-BEN-001,MED-RAB-VAC,2026-09-08,1.0,0,27.7,swasthya-demand-v1.0
PHC-KA-BEN-001,MED-RAB-VAC,2026-09-09,1.0,0,26.7,swasthya-demand-v1.0
PHC-KA-BEN-001,MED-RAB-VAC,2026-09-10,1.0,0,25.7,swasthya-demand-v1.0
PHC-KA-BEN-001,MED-ASV-VIAL,2026-08-28,1.0,0,85.0,swasthya-demand-v1.0
PHC-KA-BEN-001,MED-ASV-VIAL,2026-08-29,1.0,0,84.0,swasthya-demand-v1.0
PHC-KA-BEN-001,MED-ASV-VIAL,2026-08-30,1.0,0,83.0,swasthya-demand-v1.0
PHC-KA-BEN-001,MED-ASV-VIAL,2026-08-31,9.3,0,73.7,swasthya-demand-v1.0
PHC-KA-BEN-001,MED-ASV-VIAL,2026-09-01,1.0,0,72.7,swasthya-demand-v1.0
PHC-KA-BEN-001,MED-ASV-VIAL,2026-09-02,1.0,0,71.7,swasthya-demand-v1.0
PHC-KA-BEN-001,MED-ASV-VIAL,2026-09-03,1.0,0,70.7,swasthya-demand-v1.0
PHC-KA-BEN-001,MED-ASV-VIAL,2026-09-04,1.0,0,69.7,swasthya-demand-v1.0
PHC-KA-BEN-001,MED-ASV-VIAL,2026-09-05,1.0,0,68.7,swasthya-demand-v1.0
PHC-KA-BEN-001,MED-ASV-VIAL,2026-09-06,1.0,0,67.7,swasthya-demand-v1.0
PHC-KA-BEN-001,MED-ASV-VIAL,2026-09-07,9.3,0,58.4,swasthya-demand-v1.0
PHC-KA-BEN-001,MED-ASV-VIAL,2026-09-08,1.0,0,57.4,swasthya-demand-v1.0
PHC-KA-BEN-001,MED-ASV-VIAL,2026-09-09,1.0,0,56.4,swasthya-demand-v1.0
PHC-KA-BEN-001,MED-ASV-VIAL,2026-09-10,1.0,0,55.4,swasthya-demand-v1.0
PHC-KA-BEN-001,MED-INS-REG,2026-08-28,1.0,0,50.0,swasthya-demand-v1.0
PHC-KA-BEN-001,MED-INS-REG,2026-08-29,1.0,0,49.0,swasthya-demand-v1.0
PHC-KA-BEN-001,MED-INS-REG,2026-08-30,1.0,0,48.0,swasthya-demand-v1.0
PHC-KA-BEN-001,MED-INS-REG,2026-08-31,9.0,112,151.0,swasthya-demand-v1.0
PHC-KA-BEN-001,MED-INS-REG,2026-09-01,1.0,0,150.0,swasthya-demand-v1.0
PHC-KA-BEN-001,MED-INS-REG,2026-09-02,1.0,0,149.0,swasthya-demand-v1.0
PHC-KA-BEN-001,MED-INS-REG,2026-09-03,1.0,0,148.0,swasthya-demand-v1.0
PHC-KA-BEN-001,MED-INS-REG,2026-09-04,1.0,0,147.0,swasthya-demand-v1.0
PHC-KA-BEN-001,MED-INS-REG,2026-09-05,1.0,0,146.0,swasthya-demand-v1.0
PHC-KA-BEN-001,MED-INS-REG,2026-09-06,1.0,0,145.0,swasthya-demand-v1.0
PHC-KA-BEN-001,MED-INS-REG,2026-09-07,9.2,0,135.8,swasthya-demand-v1.0
PHC-KA-BEN-001,MED-INS-REG,2026-09-08,1.0,0,134.8,swasthya-demand-v1.0
PHC-KA-BEN-001,MED-INS-REG,2026-09-09,1.0,0,133.8,swasthya-demand-v1.0
PHC-KA-BEN-001,MED-INS-REG,2026-09-10,1.0,0,132.8,swasthya-demand-v1.0
PHC-KA-BEN-001,MED-MET-500,2026-08-28,10.0,0,0.0,swasthya-demand-v1.0
PHC-KA-BEN-001,MED-MET-500,2026-08-29,1.0,0,0.0,swasthya-demand-v1.0
PHC-KA-BEN-001,MED-MET-500,2026-08-30,1.0,0,0.0,swasthya-demand-v1.0
PHC-KA-BEN-001,MED-MET-500,2026-08-31,10.1,728,705.9,swasthya-demand-v1.0
PHC-KA-BEN-001,MED-MET-500,2026-09-01,1.0,0,704.9,swasthya-demand-v1.0
PHC-KA-BEN-001,MED-MET-500,2026-09-02,1.0,0,703.9,swasthya-demand-v1.0
PHC-KA-BEN-001,MED-MET-500,2026-09-03,1.0,0,702.9,swasthya-demand-v1.0
PHC-KA-BEN-001,MED-MET-500,2026-09-04,1.0,0,701.9,swasthya-demand-v1.0
PHC-KA-BEN-001,MED-MET-500,2026-09-05,1.0,0,700.9,swasthya-demand-v1.0
PHC-KA-BEN-001,MED-MET-500,2026-09-06,1.0,0,699.9,swasthya-demand-v1.0
PHC-KA-BEN-001,MED-MET-500,2026-09-07,8.3,0,691.6,swasthya-demand-v1.0
PHC-KA-BEN-001,MED-MET-500,2026-09-08,1.0,0,690.6,swasthya-demand-v1.0
PHC-KA-BEN-001,MED-MET-500,2026-09-09,1.0,0,689.6,swasthya-demand-v1.0
PHC-KA-BEN-001,MED-MET-500,2026-09-10,1.0,0,688.6,swasthya-demand-v1.0
PHC-KA-BEN-001,MED-OXY-AMP,2026-08-28,1.0,0,41.0,swasthya-demand-v1.0
PHC-KA-BEN-001,MED-OXY-AMP,2026-08-29,1.0,0,40.0,swasthya-demand-v1.0
PHC-KA-BEN-001,MED-OXY-AMP,2026-08-30,1.0,0,39.0,swasthya-demand-v1.0
PHC-KA-BEN-001,MED-OXY-AMP,2026-08-31,9.0,140,170.0,swasthya-demand-v1.0
PHC-KA-BEN-001,MED-OXY-AMP,2026-09-01,1.0,0,169.0,swasthya-demand-v1.0
PHC-KA-BEN-001,MED-OXY-AMP,2026-09-02,1.0,0,168.0,swasthya-demand-v1.0
PHC-KA-BEN-001,MED-OXY-AMP,2026-09-03,1.0,0,167.0,swasthya-demand-v1.0
PHC-KA-BEN-001,MED-OXY-AMP,2026-09-04,1.0,0,166.0,swasthya-demand-v1.0
PHC-KA-BEN-001,MED-OXY-AMP,2026-09-05,1.0,0,165.0,swasthya-demand-v1.0
PHC-KA-BEN-001,MED-OXY-AMP,2026-09-06,1.0,0,164.0,swasthya-demand-v1.0
PHC-KA-BEN-001,MED-OXY-AMP,2026-09-07,9.1,0,154.9,swasthya-demand-v1.0
PHC-KA-BEN-001,MED-OXY-AMP,2026-09-08,1.0,0,153.9,swasthya-demand-v1.0
PHC-KA-BEN-001,MED-OXY-AMP,2026-09-09,1.0,0,152.9,swasthya-demand-v1.0
PHC-KA-BEN-001,MED-OXY-AMP,2026-09-10,1.0,0,151.9,swasthya-demand-v1.0
PHC-KA-BEN-001,MED-MGS-50,2026-08-28,1.0,0,68.0,swasthya-demand-v1.0
PHC-KA-BEN-001,MED-MGS-50,2026-08-29,1.0,0,67.0,swasthya-demand-v1.0
PHC-KA-BEN-001,MED-MGS-50,2026-08-30,1.0,0,66.0,swasthya-demand-v1.0
PHC-KA-BEN-001,MED-MGS-50,2026-08-31,9.2,0,56.8,swasthya-demand-v1.0
PHC-KA-BEN-001,MED-MGS-50,2026-09-01,1.0,0,55.8,swasthya-demand-v1.0
PHC-KA-BEN-001,MED-MGS-50,2026-09-02,1.0,0,54.8,swasthya-demand-v1.0
PHC-KA-BEN-001,MED-MGS-50,2026-09-03,1.0,0,53.8,swasthya-demand-v1.0
PHC-KA-BEN-001,MED-MGS-50,2026-09-04,1.0,0,52.8,swasthya-demand-v1.0
PHC-KA-BEN-001,MED-MGS-50,2026-09-05,1.0,0,51.8,swasthya-demand-v1.0
PHC-KA-BEN-001,MED-MGS-50,2026-09-06,1.0,0,50.8,swasthya-demand-v1.0
PHC-KA-BEN-001,MED-MGS-50,2026-09-07,9.2,0,41.6,swasthya-demand-v1.0
PHC-KA-BEN-001,MED-MGS-50,2026-09-08,1.0,0,40.6,swasthya-demand-v1.0
PHC-KA-BEN-001,MED-MGS-50,2026-09-09,1.0,0,39.6,swasthya-demand-v1.0
PHC-KA-BEN-001,MED-MGS-50,2026-09-10,1.0,0,38.6,swasthya-demand-v1.0
PHC-KA-BEN-001,MED-IVF-NS500,2026-08-28,1.0,434,433.0,swasthya-demand-v1.0
PHC-KA-BEN-001,MED-IVF-NS500,2026-08-29,1.0,0,432.0,swasthya-demand-v1.0
PHC-KA-BEN-001,MED-IVF-NS500,2026-08-30,1.0,0,431.0,swasthya-demand-v1.0
PHC-KA-BEN-001,MED-IVF-NS500,2026-08-31,7.7,0,423.3,swasthya-demand-v1.0
PHC-KA-BEN-001,MED-IVF-NS500,2026-09-01,1.0,0,422.3,swasthya-demand-v1.0
PHC-KA-BEN-001,MED-IVF-NS500,2026-09-02,1.0,0,421.3,swasthya-demand-v1.0
PHC-KA-BEN-001,MED-IVF-NS500,2026-09-03,1.0,0,420.3,swasthya-demand-v1.0
PHC-KA-BEN-001,MED-IVF-NS500,2026-09-04,1.0,0,419.3,swasthya-demand-v1.0
PHC-KA-BEN-001,MED-IVF-NS500,2026-09-05,1.0,0,418.3,swasthya-demand-v1.0
PHC-KA-BEN-001,MED-IVF-NS500,2026-09-06,1.0,0,417.3,swasthya-demand-v1.0
PHC-KA-BEN-001,MED-IVF-NS500,2026-09-07,8.7,0,408.6,swasthya-demand-v1.0
PHC-KA-BEN-001,MED-IVF-NS500,2026-09-08,1.0,0,407.6,swasthya-demand-v1.0
PHC-KA-BEN-001,MED-IVF-NS500,2026-09-09,1.0,0,406.6,swasthya-demand-v1.0
PHC-KA-BEN-001,MED-IVF-NS500,2026-09-10,1.0,0,405.6,swasthya-demand-v1.0
PHC-KA-BEN-001,MED-IVF-RL500,2026-08-28,1.0,0,0.0,swasthya-demand-v1.0
PHC-KA-BEN-001,MED-IVF-RL500,2026-08-29,1.0,0,0.0,swasthya-demand-v1.0
PHC-KA-BEN-001,MED-IVF-RL500,2026-08-30,1.0,350,347.0,swasthya-demand-v1.0
PHC-KA-BEN-001,MED-IVF-RL500,2026-08-31,8.3,0,338.7,swasthya-demand-v1.0
PHC-KA-BEN-001,MED-IVF-RL500,2026-09-01,1.0,0,337.7,swasthya-demand-v1.0
PHC-KA-BEN-001,MED-IVF-RL500,2026-09-02,1.0,0,336.7,swasthya-demand-v1.0
PHC-KA-BEN-001,MED-IVF-RL500,2026-09-03,1.0,0,335.7,swasthya-demand-v1.0
PHC-KA-BEN-001,MED-IVF-RL500,2026-09-04,1.0,0,334.7,swasthya-demand-v1.0
PHC-KA-BEN-001,MED-IVF-RL500,2026-09-05,1.0,0,333.7,swasthya-demand-v1.0
PHC-KA-BEN-001,MED-IVF-RL500,2026-09-06,1.0,0,332.7,swasthya-demand-v1.0
PHC-KA-BEN-001,MED-IVF-RL500,2026-09-07,8.8,0,323.9,swasthya-demand-v1.0
PHC-KA-BEN-001,MED-IVF-RL500,2026-09-08,1.0,0,322.9,swasthya-demand-v1.0
PHC-KA-BEN-001,MED-IVF-RL500,2026-09-09,1.0,0,321.9,swasthya-demand-v1.0
PHC-KA-BEN-001,MED-IVF-RL500,2026-09-10,1.0,0,320.9,swasthya-demand-v1.0
PHC-KA-BEN-001,MED-IVF-D5500,2026-08-28,1.0,0,1.0,swasthya-demand-v1.0
PHC-KA-BEN-001,MED-IVF-D5500,2026-08-29,1.0,0,0.0,swasthya-demand-v1.0
PHC-KA-BEN-001,MED-IVF-D5500,2026-08-30,1.0,224,223.0,swasthya-demand-v1.0
PHC-KA-BEN-001,MED-IVF-D5500,2026-08-31,8.6,0,214.4,swasthya-demand-v1.0
PHC-KA-BEN-001,MED-IVF-D5500,2026-09-01,1.0,0,213.4,swasthya-demand-v1.0
PHC-KA-BEN-001,MED-IVF-D5500,2026-09-02,1.0,0,212.4,swasthya-demand-v1.0
PHC-KA-BEN-001,MED-IVF-D5500,2026-09-03,1.0,0,211.4,swasthya-demand-v1.0
PHC-KA-BEN-001,MED-IVF-D5500,2026-09-04,1.0,0,210.4,swasthya-demand-v1.0
PHC-KA-BEN-001,MED-IVF-D5500,2026-09-05,1.0,0,209.4,swasthya-demand-v1.0
PHC-KA-BEN-001,MED-IVF-D5500,2026-09-06,1.0,0,208.4,swasthya-demand-v1.0
PHC-KA-BEN-001,MED-IVF-D5500,2026-09-07,9.0,0,199.4,swasthya-demand-v1.0
PHC-KA-BEN-001,MED-IVF-D5500,2026-09-08,1.0,0,198.4,swasthya-demand-v1.0
PHC-KA-BEN-001,MED-IVF-D5500,2026-09-09,1.0,0,197.4,swasthya-demand-v1.0
PHC-KA-BEN-001,MED-IVF-D5500,2026-09-10,1.0,0,196.4,swasthya-demand-v1.0
PHC-KA-BEN-001,MED-ART-60,2026-08-28,1.0,0,60.0,swasthya-demand-v1.0
PHC-KA-BEN-001,MED-ART-60,2026-08-29,1.0,0,59.0,swasthya-demand-v1.0
PHC-KA-BEN-001,MED-ART-60,2026-08-30,1.0,0,58.0,swasthya-demand-v1.0
PHC-KA-BEN-001,MED-ART-60,2026-08-31,9.1,0,48.9,swasthya-demand-v1.0
PHC-KA-BEN-001,MED-ART-60,2026-09-01,1.0,0,47.9,swasthya-demand-v1.0
PHC-KA-BEN-001,MED-ART-60,2026-09-02,1.0,0,46.9,swasthya-demand-v1.0
PHC-KA-BEN-001,MED-ART-60,2026-09-03,1.0,0,45.9,swasthya-demand-v1.0
PHC-KA-BEN-001,MED-ART-60,2026-09-04,1.0,0,44.9,swasthya-demand-v1.0
PHC-KA-BEN-001,MED-ART-60,2026-09-05,1.0,0,43.9,swasthya-demand-v1.0
PHC-KA-BEN-001,MED-ART-60,2026-09-06,1.0,0,42.9,swasthya-demand-v1.0
PHC-KA-BEN-001,MED-ART-60,2026-09-07,9.2,0,33.7,swasthya-demand-v1.0
PHC-KA-BEN-001,MED-ART-60,2026-09-08,1.0,0,32.7,swasthya-demand-v1.0
PHC-KA-BEN-001,MED-ART-60,2026-09-09,1.0,0,31.7,swasthya-demand-v1.0
PHC-KA-BEN-001,MED-ART-60,2026-09-10,1.0,0,30.7,swasthya-demand-v1.0
PHC-KA-BEN-001,MED-ALB-400,2026-08-28,1.0,0,3.0,swasthya-demand-v1.0
PHC-KA-BEN-001,MED-ALB-400,2026-08-29,1.0,224,226.0,swasthya-demand-v1.0
PHC-KA-BEN-001,MED-ALB-400,2026-08-30,1.0,0,225.0,swasthya-demand-v1.0
PHC-KA-BEN-001,MED-ALB-400,2026-08-31,8.7,0,216.3,swasthya-demand-v1.0
PHC-KA-BEN-001,MED-ALB-400,2026-09-01,1.0,0,215.3,swasthya-demand-v1.0
PHC-KA-BEN-001,MED-ALB-400,2026-09-02,1.0,0,214.3,swasthya-demand-v1.0
PHC-KA-BEN-001,MED-ALB-400,2026-09-03,1.0,0,213.3,swasthya-demand-v1.0
PHC-KA-BEN-001,MED-ALB-400,2026-09-04,1.0,0,212.3,swasthya-demand-v1.0
PHC-KA-BEN-001,MED-ALB-400,2026-09-05,1.0,0,211.3,swasthya-demand-v1.0
PHC-KA-BEN-001,MED-ALB-400,2026-09-06,1.0,0,210.3,swasthya-demand-v1.0
PHC-KA-BEN-001,MED-ALB-400,2026-09-07,9.0,0,201.3,swasthya-demand-v1.0
PHC-KA-BEN-001,MED-ALB-400,2026-09-08,1.0,0,200.3,swasthya-demand-v1.0
PHC-KA-BEN-001,MED-ALB-400,2026-09-09,1.0,0,199.3,swasthya-demand-v1.0
PHC-KA-BEN-001,MED-ALB-400,2026-09-10,1.0,0,198.3,swasthya-demand-v1.0
PHC-KA-BEN-001,MED-IFA-TAB,2026-08-28,23.4,0,0.0,swasthya-demand-v1.0
PHC-KA-BEN-001,MED-IFA-TAB,2026-08-29,1.0,0,0.0,swasthya-demand-v1.0
PHC-KA-BEN-001,MED-IFA-TAB,2026-08-30,1.0,812,786.6,swasthya-demand-v1.0
PHC-KA-BEN-001,MED-IFA-TAB,2026-08-31,13.8,0,772.8,swasthya-demand-v1.0
PHC-KA-BEN-001,MED-IFA-TAB,2026-09-01,1.0,0,771.8,swasthya-demand-v1.0
PHC-KA-BEN-001,MED-IFA-TAB,2026-09-02,1.0,0,770.8,swasthya-demand-v1.0
PHC-KA-BEN-001,MED-IFA-TAB,2026-09-03,1.0,0,769.8,swasthya-demand-v1.0
PHC-KA-BEN-001,MED-IFA-TAB,2026-09-04,1.0,0,768.8,swasthya-demand-v1.0
PHC-KA-BEN-001,MED-IFA-TAB,2026-09-05,1.0,0,767.8,swasthya-demand-v1.0
PHC-KA-BEN-001,MED-IFA-TAB,2026-09-06,1.0,0,766.8,swasthya-demand-v1.0
PHC-KA-BEN-001,MED-IFA-TAB,2026-09-07,7.9,0,758.9,swasthya-demand-v1.0
PHC-KA-BEN-001,MED-IFA-TAB,2026-09-08,1.0,0,757.9,swasthya-demand-v1.0
PHC-KA-BEN-001,MED-IFA-TAB,2026-09-09,1.0,0,756.9,swasthya-demand-v1.0
PHC-KA-BEN-001,MED-IFA-TAB,2026-09-10,1.0,0,755.9,swasthya-demand-v1.0
PHC-KA-BEN-002,MED-PCM-500,2026-08-28,31.6,1008,976.4,swasthya-demand-v1.0
PHC-KA-BEN-002,MED-PCM-500,2026-08-29,1.4,0,975.0,swasthya-demand-v1.0
PHC-KA-BEN-002,MED-PCM-500,2026-08-30,1.0,0,974.0,swasthya-demand-v1.0
PHC-KA-BEN-002,MED-PCM-500,2026-08-31,15.9,0,958.1,swasthya-demand-v1.0
PHC-KA-BEN-002,MED-PCM-500,2026-09-01,1.0,0,957.1,swasthya-demand-v1.0
PHC-KA-BEN-002,MED-PCM-500,2026-09-02,1.0,0,956.1,swasthya-demand-v1.0
PHC-KA-BEN-002,MED-PCM-500,2026-09-03,1.0,0,955.1,swasthya-demand-v1.0
PHC-KA-BEN-002,MED-PCM-500,2026-09-04,1.0,0,954.1,swasthya-demand-v1.0
PHC-KA-BEN-002,MED-PCM-500,2026-09-05,1.0,0,953.1,swasthya-demand-v1.0
PHC-KA-BEN-002,MED-PCM-500,2026-09-06,1.0,0,952.1,swasthya-demand-v1.0
PHC-KA-BEN-002,MED-PCM-500,2026-09-07,7.7,0,944.4,swasthya-demand-v1.0
PHC-KA-BEN-002,MED-PCM-500,2026-09-08,1.0,0,943.4,swasthya-demand-v1.0
PHC-KA-BEN-002,MED-PCM-500,2026-09-09,1.0,0,942.4,swasthya-demand-v1.0
PHC-KA-BEN-002,MED-PCM-500,2026-09-10,1.0,0,941.4,swasthya-demand-v1.0
PHC-KA-BEN-002,MED-PCM-SYR,2026-08-28,1.0,0,0.0,swasthya-demand-v1.0
PHC-KA-BEN-002,MED-PCM-SYR,2026-08-29,1.0,392,390.0,swasthya-demand-v1.0
PHC-KA-BEN-002,MED-PCM-SYR,2026-08-30,1.0,0,389.0,swasthya-demand-v1.0
PHC-KA-BEN-002,MED-PCM-SYR,2026-08-31,8.3,0,380.7,swasthya-demand-v1.0
PHC-KA-BEN-002,MED-PCM-SYR,2026-09-01,1.0,0,379.7,swasthya-demand-v1.0
PHC-KA-BEN-002,MED-PCM-SYR,2026-09-02,1.0,0,378.7,swasthya-demand-v1.0
PHC-KA-BEN-002,MED-PCM-SYR,2026-09-03,1.0,0,377.7,swasthya-demand-v1.0
PHC-KA-BEN-002,MED-PCM-SYR,2026-09-04,1.0,0,376.7,swasthya-demand-v1.0
PHC-KA-BEN-002,MED-PCM-SYR,2026-09-05,1.0,0,375.7,swasthya-demand-v1.0
PHC-KA-BEN-002,MED-PCM-SYR,2026-09-06,1.0,0,374.7,swasthya-demand-v1.0
PHC-KA-BEN-002,MED-PCM-SYR,2026-09-07,8.8,0,365.9,swasthya-demand-v1.0
PHC-KA-BEN-002,MED-PCM-SYR,2026-09-08,1.0,0,364.9,swasthya-demand-v1.0
PHC-KA-BEN-002,MED-PCM-SYR,2026-09-09,1.0,0,363.9,swasthya-demand-v1.0
PHC-KA-BEN-002,MED-PCM-SYR,2026-09-10,1.0,0,362.9,swasthya-demand-v1.0
PHC-KA-BEN-002,MED-AMX-500,2026-08-28,1.0,0,0.0,swasthya-demand-v1.0
PHC-KA-BEN-002,MED-AMX-500,2026-08-29,1.0,0,0.0,swasthya-demand-v1.0
PHC-KA-BEN-002,MED-AMX-500,2026-08-30,1.0,0,0.0,swasthya-demand-v1.0
PHC-KA-BEN-002,MED-AMX-500,2026-08-31,7.8,490,479.2,swasthya-demand-v1.0
PHC-KA-BEN-002,MED-AMX-500,2026-09-01,1.0,0,478.2,swasthya-demand-v1.0
PHC-KA-BEN-002,MED-AMX-500,2026-09-02,1.0,0,477.2,swasthya-demand-v1.0
PHC-KA-BEN-002,MED-AMX-500,2026-09-03,1.0,0,476.2,swasthya-demand-v1.0
PHC-KA-BEN-002,MED-AMX-500,2026-09-04,1.0,0,475.2,swasthya-demand-v1.0
PHC-KA-BEN-002,MED-AMX-500,2026-09-05,1.0,0,474.2,swasthya-demand-v1.0
PHC-KA-BEN-002,MED-AMX-500,2026-09-06,1.0,0,473.2,swasthya-demand-v1.0
PHC-KA-BEN-002,MED-AMX-500,2026-09-07,8.6,0,464.6,swasthya-demand-v1.0
PHC-KA-BEN-002,MED-AMX-500,2026-09-08,1.0,0,463.6,swasthya-demand-v1.0
PHC-KA-BEN-002,MED-AMX-500,2026-09-09,1.0,0,462.6,swasthya-demand-v1.0
PHC-KA-BEN-002,MED-AMX-500,2026-09-10,1.0,0,461.6,swasthya-demand-v1.0
PHC-KA-BEN-002,MED-AMC-625,2026-08-28,1.0,0,0.0,swasthya-demand-v1.0
PHC-KA-BEN-002,MED-AMC-625,2026-08-29,1.0,308,306.0,swasthya-demand-v1.0
PHC-KA-BEN-002,MED-AMC-625,2026-08-30,1.0,0,305.0,swasthya-demand-v1.0
PHC-KA-BEN-002,MED-AMC-625,2026-08-31,8.2,0,296.8,swasthya-demand-v1.0
PHC-KA-BEN-002,MED-AMC-625,2026-09-01,1.0,0,295.8,swasthya-demand-v1.0
PHC-KA-BEN-002,MED-AMC-625,2026-09-02,1.0,0,294.8,swasthya-demand-v1.0
PHC-KA-BEN-002,MED-AMC-625,2026-09-03,1.0,0,293.8,swasthya-demand-v1.0
PHC-KA-BEN-002,MED-AMC-625,2026-09-04,1.0,0,292.8,swasthya-demand-v1.0
PHC-KA-BEN-002,MED-AMC-625,2026-09-05,1.0,0,291.8,swasthya-demand-v1.0
PHC-KA-BEN-002,MED-AMC-625,2026-09-06,1.0,0,290.8,swasthya-demand-v1.0
PHC-KA-BEN-002,MED-AMC-625,2026-09-07,8.9,0,281.9,swasthya-demand-v1.0
PHC-KA-BEN-002,MED-AMC-625,2026-09-08,1.0,0,280.9,swasthya-demand-v1.0
PHC-KA-BEN-002,MED-AMC-625,2026-09-09,1.0,0,279.9,swasthya-demand-v1.0
PHC-KA-BEN-002,MED-AMC-625,2026-09-10,1.0,0,278.9,swasthya-demand-v1.0
PHC-KA-BEN-002,MED-ORS-SFT,2026-08-28,4.7,0,0.0,swasthya-demand-v1.0
PHC-KA-BEN-002,MED-ORS-SFT,2026-08-29,1.0,714,708.3,swasthya-demand-v1.0
PHC-KA-BEN-002,MED-ORS-SFT,2026-08-30,1.0,0,707.3,swasthya-demand-v1.0
PHC-KA-BEN-002,MED-ORS-SFT,2026-08-31,7.8,0,699.5,swasthya-demand-v1.0
PHC-KA-BEN-002,MED-ORS-SFT,2026-09-01,1.0,0,698.5,swasthya-demand-v1.0
PHC-KA-BEN-002,MED-ORS-SFT,2026-09-02,1.0,0,697.5,swasthya-demand-v1.0
PHC-KA-BEN-002,MED-ORS-SFT,2026-09-03,1.0,0,696.5,swasthya-demand-v1.0
PHC-KA-BEN-002,MED-ORS-SFT,2026-09-04,1.0,0,695.5,swasthya-demand-v1.0
PHC-KA-BEN-002,MED-ORS-SFT,2026-09-05,1.0,0,694.5,swasthya-demand-v1.0
PHC-KA-BEN-002,MED-ORS-SFT,2026-09-06,1.0,0,693.5,swasthya-demand-v1.0
PHC-KA-BEN-002,MED-ORS-SFT,2026-09-07,8.3,0,685.2,swasthya-demand-v1.0
PHC-KA-BEN-002,MED-ORS-SFT,2026-09-08,1.0,0,684.2,swasthya-demand-v1.0
PHC-KA-BEN-002,MED-ORS-SFT,2026-09-09,1.0,0,683.2,swasthya-demand-v1.0
PHC-KA-BEN-002,MED-ORS-SFT,2026-09-10,1.0,0,682.2,swasthya-demand-v1.0
PHC-KA-BEN-002,MED-ZNC-20,2026-08-28,1.0,0,0.0,swasthya-demand-v1.0
PHC-KA-BEN-002,MED-ZNC-20,2026-08-29,1.0,0,0.0,swasthya-demand-v1.0
PHC-KA-BEN-002,MED-ZNC-20,2026-08-30,1.0,350,347.0,swasthya-demand-v1.0
PHC-KA-BEN-002,MED-ZNC-20,2026-08-31,8.2,0,338.8,swasthya-demand-v1.0
PHC-KA-BEN-002,MED-ZNC-20,2026-09-01,1.0,0,337.8,swasthya-demand-v1.0
PHC-KA-BEN-002,MED-ZNC-20,2026-09-02,1.0,0,336.8,swasthya-demand-v1.0
PHC-KA-BEN-002,MED-ZNC-20,2026-09-03,1.0,0,335.8,swasthya-demand-v1.0
PHC-KA-BEN-002,MED-ZNC-20,2026-09-04,1.0,0,334.8,swasthya-demand-v1.0
PHC-KA-BEN-002,MED-ZNC-20,2026-09-05,1.0,0,333.8,swasthya-demand-v1.0
PHC-KA-BEN-002,MED-ZNC-20,2026-09-06,1.0,0,332.8,swasthya-demand-v1.0
PHC-KA-BEN-002,MED-ZNC-20,2026-09-07,8.8,0,324.0,swasthya-demand-v1.0
PHC-KA-BEN-002,MED-ZNC-20,2026-09-08,1.0,0,323.0,swasthya-demand-v1.0
PHC-KA-BEN-002,MED-ZNC-20,2026-09-09,1.0,0,322.0,swasthya-demand-v1.0
PHC-KA-BEN-002,MED-ZNC-20,2026-09-10,1.0,0,321.0,swasthya-demand-v1.0
PHC-KA-BEN-002,MED-AZI-500,2026-08-28,1.0,0,0.0,swasthya-demand-v1.0
PHC-KA-BEN-002,MED-AZI-500,2026-08-29,1.0,0,0.0,swasthya-demand-v1.0
PHC-KA-BEN-002,MED-AZI-500,2026-08-30,1.0,0,0.0,swasthya-demand-v1.0
PHC-KA-BEN-002,MED-AZI-500,2026-08-31,8.4,266,254.6,swasthya-demand-v1.0
PHC-KA-BEN-002,MED-AZI-500,2026-09-01,1.0,0,253.6,swasthya-demand-v1.0
PHC-KA-BEN-002,MED-AZI-500,2026-09-02,1.0,0,252.6,swasthya-demand-v1.0
PHC-KA-BEN-002,MED-AZI-500,2026-09-03,1.0,0,251.6,swasthya-demand-v1.0
PHC-KA-BEN-002,MED-AZI-500,2026-09-04,1.0,0,250.6,swasthya-demand-v1.0
PHC-KA-BEN-002,MED-AZI-500,2026-09-05,1.0,0,249.6,swasthya-demand-v1.0
PHC-KA-BEN-002,MED-AZI-500,2026-09-06,1.0,0,248.6,swasthya-demand-v1.0
PHC-KA-BEN-002,MED-AZI-500,2026-09-07,8.9,0,239.7,swasthya-demand-v1.0
PHC-KA-BEN-002,MED-AZI-500,2026-09-08,1.0,0,238.7,swasthya-demand-v1.0
PHC-KA-BEN-002,MED-AZI-500,2026-09-09,1.0,0,237.7,swasthya-demand-v1.0
PHC-KA-BEN-002,MED-AZI-500,2026-09-10,1.0,0,236.7,swasthya-demand-v1.0
PHC-KA-BEN-002,MED-CTX-1G,2026-08-28,1.0,0,43.0,swasthya-demand-v1.0
PHC-KA-BEN-002,MED-CTX-1G,2026-08-29,1.0,0,42.0,swasthya-demand-v1.0
PHC-KA-BEN-002,MED-CTX-1G,2026-08-30,1.0,0,41.0,swasthya-demand-v1.0
PHC-KA-BEN-002,MED-CTX-1G,2026-08-31,9.0,0,32.0,swasthya-demand-v1.0
PHC-KA-BEN-002,MED-CTX-1G,2026-09-01,1.0,126,157.0,swasthya-demand-v1.0
PHC-KA-BEN-002,MED-CTX-1G,2026-09-02,1.0,0,156.0,swasthya-demand-v1.0
PHC-KA-BEN-002,MED-CTX-1G,2026-09-03,1.0,0,155.0,swasthya-demand-v1.0
PHC-KA-BEN-002,MED-CTX-1G,2026-09-04,1.0,0,154.0,swasthya-demand-v1.0
PHC-KA-BEN-002,MED-CTX-1G,2026-09-05,1.0,0,153.0,swasthya-demand-v1.0
PHC-KA-BEN-002,MED-CTX-1G,2026-09-06,1.0,0,152.0,swasthya-demand-v1.0
PHC-KA-BEN-002,MED-CTX-1G,2026-09-07,9.1,0,142.9,swasthya-demand-v1.0
PHC-KA-BEN-002,MED-CTX-1G,2026-09-08,1.0,0,141.9,swasthya-demand-v1.0
PHC-KA-BEN-002,MED-CTX-1G,2026-09-09,1.0,0,140.9,swasthya-demand-v1.0
PHC-KA-BEN-002,MED-CTX-1G,2026-09-10,1.0,0,139.9,swasthya-demand-v1.0
PHC-KA-BEN-002,MED-RAB-VAC,2026-08-28,1.0,0,66.0,swasthya-demand-v1.0
PHC-KA-BEN-002,MED-RAB-VAC,2026-08-29,1.0,0,65.0,swasthya-demand-v1.0
PHC-KA-BEN-002,MED-RAB-VAC,2026-08-30,1.0,0,64.0,swasthya-demand-v1.0
PHC-KA-BEN-002,MED-RAB-VAC,2026-08-31,9.2,0,54.8,swasthya-demand-v1.0
PHC-KA-BEN-002,MED-RAB-VAC,2026-09-01,1.0,0,53.8,swasthya-demand-v1.0
PHC-KA-BEN-002,MED-RAB-VAC,2026-09-02,1.0,0,52.8,swasthya-demand-v1.0
PHC-KA-BEN-002,MED-RAB-VAC,2026-09-03,1.0,0,51.8,swasthya-demand-v1.0
PHC-KA-BEN-002,MED-RAB-VAC,2026-09-04,1.0,0,50.8,swasthya-demand-v1.0
PHC-KA-BEN-002,MED-RAB-VAC,2026-09-05,1.0,0,49.8,swasthya-demand-v1.0
PHC-KA-BEN-002,MED-RAB-VAC,2026-09-06,1.0,0,48.8,swasthya-demand-v1.0
PHC-KA-BEN-002,MED-RAB-VAC,2026-09-07,9.2,0,39.6,swasthya-demand-v1.0
PHC-KA-BEN-002,MED-RAB-VAC,2026-09-08,1.0,0,38.6,swasthya-demand-v1.0
PHC-KA-BEN-002,MED-RAB-VAC,2026-09-09,1.0,0,37.6,swasthya-demand-v1.0
PHC-KA-BEN-002,MED-RAB-VAC,2026-09-10,1.0,0,36.6,swasthya-demand-v1.0
PHC-KA-BEN-002,MED-ASV-VIAL,2026-08-28,1.0,0,88.0,swasthya-demand-v1.0
PHC-KA-BEN-002,MED-ASV-VIAL,2026-08-29,1.0,0,87.0,swasthya-demand-v1.0
PHC-KA-BEN-002,MED-ASV-VIAL,2026-08-30,1.0,0,86.0,swasthya-demand-v1.0
PHC-KA-BEN-002,MED-ASV-VIAL,2026-08-31,9.4,0,76.6,swasthya-demand-v1.0
PHC-KA-BEN-002,MED-ASV-VIAL,2026-09-01,1.0,0,75.6,swasthya-demand-v1.0
PHC-KA-BEN-002,MED-ASV-VIAL,2026-09-02,1.0,0,74.6,swasthya-demand-v1.0
PHC-KA-BEN-002,MED-ASV-VIAL,2026-09-03,1.0,0,73.6,swasthya-demand-v1.0
PHC-KA-BEN-002,MED-ASV-VIAL,2026-09-04,1.0,0,72.6,swasthya-demand-v1.0
PHC-KA-BEN-002,MED-ASV-VIAL,2026-09-05,1.0,0,71.6,swasthya-demand-v1.0
PHC-KA-BEN-002,MED-ASV-VIAL,2026-09-06,1.0,0,70.6,swasthya-demand-v1.0
PHC-KA-BEN-002,MED-ASV-VIAL,2026-09-07,9.3,0,61.3,swasthya-demand-v1.0
PHC-KA-BEN-002,MED-ASV-VIAL,2026-09-08,1.0,0,60.3,swasthya-demand-v1.0
PHC-KA-BEN-002,MED-ASV-VIAL,2026-09-09,1.0,0,59.3,swasthya-demand-v1.0
PHC-KA-BEN-002,MED-ASV-VIAL,2026-09-10,1.0,0,58.3,swasthya-demand-v1.0
PHC-KA-BEN-002,MED-INS-REG,2026-08-28,1.0,0,64.0,swasthya-demand-v1.0
PHC-KA-BEN-002,MED-INS-REG,2026-08-29,1.0,0,63.0,swasthya-demand-v1.0
PHC-KA-BEN-002,MED-INS-REG,2026-08-30,1.0,0,62.0,swasthya-demand-v1.0
PHC-KA-BEN-002,MED-INS-REG,2026-08-31,9.2,0,52.8,swasthya-demand-v1.0
PHC-KA-BEN-002,MED-INS-REG,2026-09-01,1.0,0,51.8,swasthya-demand-v1.0
PHC-KA-BEN-002,MED-INS-REG,2026-09-02,1.0,0,50.8,swasthya-demand-v1.0
PHC-KA-BEN-002,MED-INS-REG,2026-09-03,1.0,0,49.8,swasthya-demand-v1.0
PHC-KA-BEN-002,MED-INS-REG,2026-09-04,1.0,0,48.8,swasthya-demand-v1.0
PHC-KA-BEN-002,MED-INS-REG,2026-09-05,1.0,0,47.8,swasthya-demand-v1.0
PHC-KA-BEN-002,MED-INS-REG,2026-09-06,1.0,0,46.8,swasthya-demand-v1.0
PHC-KA-BEN-002,MED-INS-REG,2026-09-07,9.2,0,37.6,swasthya-demand-v1.0
PHC-KA-BEN-002,MED-INS-REG,2026-09-08,1.0,0,36.6,swasthya-demand-v1.0
PHC-KA-BEN-002,MED-INS-REG,2026-09-09,1.0,0,35.6,swasthya-demand-v1.0
PHC-KA-BEN-002,MED-INS-REG,2026-09-10,1.0,0,34.6,swasthya-demand-v1.0
PHC-KA-BEN-002,MED-MET-500,2026-08-28,1.0,0,0.0,swasthya-demand-v1.0
PHC-KA-BEN-002,MED-MET-500,2026-08-29,1.0,560,558.0,swasthya-demand-v1.0
PHC-KA-BEN-002,MED-MET-500,2026-08-30,1.0,0,557.0,swasthya-demand-v1.0
PHC-KA-BEN-002,MED-MET-500,2026-08-31,7.5,0,549.5,swasthya-demand-v1.0
PHC-KA-BEN-002,MED-MET-500,2026-09-01,1.0,0,548.5,swasthya-demand-v1.0
PHC-KA-BEN-002,MED-MET-500,2026-09-02,1.0,0,547.5,swasthya-demand-v1.0
PHC-KA-BEN-002,MED-MET-500,2026-09-03,1.0,0,546.5,swasthya-demand-v1.0
PHC-KA-BEN-002,MED-MET-500,2026-09-04,1.0,0,545.5,swasthya-demand-v1.0
PHC-KA-BEN-002,MED-MET-500,2026-09-05,1.0,0,544.5,swasthya-demand-v1.0
PHC-KA-BEN-002,MED-MET-500,2026-09-06,1.0,0,543.5,swasthya-demand-v1.0
PHC-KA-BEN-002,MED-MET-500,2026-09-07,8.5,0,535.0,swasthya-demand-v1.0
PHC-KA-BEN-002,MED-MET-500,2026-09-08,1.0,0,534.0,swasthya-demand-v1.0
PHC-KA-BEN-002,MED-MET-500,2026-09-09,1.0,0,533.0,swasthya-demand-v1.0
PHC-KA-BEN-002,MED-MET-500,2026-09-10,1.0,0,532.0,swasthya-demand-v1.0
PHC-KA-BEN-002,MED-OXY-AMP,2026-08-28,1.0,0,57.0,swasthya-demand-v1.0
PHC-KA-BEN-002,MED-OXY-AMP,2026-08-29,1.0,0,56.0,swasthya-demand-v1.0
PHC-KA-BEN-002,MED-OXY-AMP,2026-08-30,1.0,0,55.0,swasthya-demand-v1.0
PHC-KA-BEN-002,MED-OXY-AMP,2026-08-31,9.1,0,45.9,swasthya-demand-v1.0
PHC-KA-BEN-002,MED-OXY-AMP,2026-09-01,1.0,0,44.9,swasthya-demand-v1.0
PHC-KA-BEN-002,MED-OXY-AMP,2026-09-02,1.0,0,43.9,swasthya-demand-v1.0
PHC-KA-BEN-002,MED-OXY-AMP,2026-09-03,1.0,0,42.9,swasthya-demand-v1.0
PHC-KA-BEN-002,MED-OXY-AMP,2026-09-04,1.0,0,41.9,swasthya-demand-v1.0
PHC-KA-BEN-002,MED-OXY-AMP,2026-09-05,1.0,0,40.9,swasthya-demand-v1.0
PHC-KA-BEN-002,MED-OXY-AMP,2026-09-06,1.0,0,39.9,swasthya-demand-v1.0
PHC-KA-BEN-002,MED-OXY-AMP,2026-09-07,9.2,0,30.7,swasthya-demand-v1.0
PHC-KA-BEN-002,MED-OXY-AMP,2026-09-08,1.0,0,29.7,swasthya-demand-v1.0
PHC-KA-BEN-002,MED-OXY-AMP,2026-09-09,1.0,0,28.7,swasthya-demand-v1.0
PHC-KA-BEN-002,MED-OXY-AMP,2026-09-10,1.0,0,27.7,swasthya-demand-v1.0
PHC-KA-BEN-002,MED-MGS-50,2026-08-28,1.0,0,78.0,swasthya-demand-v1.0
PHC-KA-BEN-002,MED-MGS-50,2026-08-29,1.0,0,77.0,swasthya-demand-v1.0
PHC-KA-BEN-002,MED-MGS-50,2026-08-30,1.0,0,76.0,swasthya-demand-v1.0
PHC-KA-BEN-002,MED-MGS-50,2026-08-31,9.3,0,66.7,swasthya-demand-v1.0
PHC-KA-BEN-002,MED-MGS-50,2026-09-01,1.0,0,65.7,swasthya-demand-v1.0
PHC-KA-BEN-002,MED-MGS-50,2026-09-02,1.0,0,64.7,swasthya-demand-v1.0
PHC-KA-BEN-002,MED-MGS-50,2026-09-03,1.0,0,63.7,swasthya-demand-v1.0
PHC-KA-BEN-002,MED-MGS-50,2026-09-04,1.0,0,62.7,swasthya-demand-v1.0
PHC-KA-BEN-002,MED-MGS-50,2026-09-05,1.0,0,61.7,swasthya-demand-v1.0
PHC-KA-BEN-002,MED-MGS-50,2026-09-06,1.0,0,60.7,swasthya-demand-v1.0
PHC-KA-BEN-002,MED-MGS-50,2026-09-07,9.2,0,51.5,swasthya-demand-v1.0
PHC-KA-BEN-002,MED-MGS-50,2026-09-08,1.0,0,50.5,swasthya-demand-v1.0
PHC-KA-BEN-002,MED-MGS-50,2026-09-09,1.0,0,49.5,swasthya-demand-v1.0
PHC-KA-BEN-002,MED-MGS-50,2026-09-10,1.0,0,48.5,swasthya-demand-v1.0
PHC-KA-BEN-002,MED-IVF-NS500,2026-08-28,1.0,0,0.0,swasthya-demand-v1.0
PHC-KA-BEN-002,MED-IVF-NS500,2026-08-29,1.0,336,334.0,swasthya-demand-v1.0
PHC-KA-BEN-002,MED-IVF-NS500,2026-08-30,1.0,0,333.0,swasthya-demand-v1.0
PHC-KA-BEN-002,MED-IVF-NS500,2026-08-31,8.2,0,324.8,swasthya-demand-v1.0
PHC-KA-BEN-002,MED-IVF-NS500,2026-09-01,1.0,0,323.8,swasthya-demand-v1.0
PHC-KA-BEN-002,MED-IVF-NS500,2026-09-02,1.0,0,322.8,swasthya-demand-v1.0
PHC-KA-BEN-002,MED-IVF-NS500,2026-09-03,1.0,0,321.8,swasthya-demand-v1.0
PHC-KA-BEN-002,MED-IVF-NS500,2026-09-04,1.0,0,320.8,swasthya-demand-v1.0
PHC-KA-BEN-002,MED-IVF-NS500,2026-09-05,1.0,0,319.8,swasthya-demand-v1.0
PHC-KA-BEN-002,MED-IVF-NS500,2026-09-06,1.0,0,318.8,swasthya-demand-v1.0
PHC-KA-BEN-002,MED-IVF-NS500,2026-09-07,8.8,0,310.0,swasthya-demand-v1.0
PHC-KA-BEN-002,MED-IVF-NS500,2026-09-08,1.0,0,309.0,swasthya-demand-v1.0
PHC-KA-BEN-002,MED-IVF-NS500,2026-09-09,1.0,0,308.0,swasthya-demand-v1.0
PHC-KA-BEN-002,MED-IVF-NS500,2026-09-10,1.0,0,307.0,swasthya-demand-v1.0
PHC-KA-BEN-002,MED-IVF-RL500,2026-08-28,1.0,266,265.0,swasthya-demand-v1.0
PHC-KA-BEN-002,MED-IVF-RL500,2026-08-29,1.0,0,264.0,swasthya-demand-v1.0
PHC-KA-BEN-002,MED-IVF-RL500,2026-08-30,1.0,0,263.0,swasthya-demand-v1.0
PHC-KA-BEN-002,MED-IVF-RL500,2026-08-31,8.7,0,254.3,swasthya-demand-v1.0
PHC-KA-BEN-002,MED-IVF-RL500,2026-09-01,1.0,0,253.3,swasthya-demand-v1.0
PHC-KA-BEN-002,MED-IVF-RL500,2026-09-02,1.0,0,252.3,swasthya-demand-v1.0
PHC-KA-BEN-002,MED-IVF-RL500,2026-09-03,1.0,0,251.3,swasthya-demand-v1.0
PHC-KA-BEN-002,MED-IVF-RL500,2026-09-04,1.0,0,250.3,swasthya-demand-v1.0
PHC-KA-BEN-002,MED-IVF-RL500,2026-09-05,1.0,0,249.3,swasthya-demand-v1.0
PHC-KA-BEN-002,MED-IVF-RL500,2026-09-06,1.0,0,248.3,swasthya-demand-v1.0
PHC-KA-BEN-002,MED-IVF-RL500,2026-09-07,9.0,0,239.3,swasthya-demand-v1.0
PHC-KA-BEN-002,MED-IVF-RL500,2026-09-08,1.0,0,238.3,swasthya-demand-v1.0
PHC-KA-BEN-002,MED-IVF-RL500,2026-09-09,1.0,0,237.3,swasthya-demand-v1.0
PHC-KA-BEN-002,MED-IVF-RL500,2026-09-10,1.0,0,236.3,swasthya-demand-v1.0
PHC-KA-BEN-002,MED-IVF-D5500,2026-08-28,1.0,168,194.0,swasthya-demand-v1.0
PHC-KA-BEN-002,MED-IVF-D5500,2026-08-29,1.0,0,193.0,swasthya-demand-v1.0
PHC-KA-BEN-002,MED-IVF-D5500,2026-08-30,1.0,0,192.0,swasthya-demand-v1.0
PHC-KA-BEN-002,MED-IVF-D5500,2026-08-31,8.9,0,183.1,swasthya-demand-v1.0
PHC-KA-BEN-002,MED-IVF-D5500,2026-09-01,1.0,0,182.1,swasthya-demand-v1.0
PHC-KA-BEN-002,MED-IVF-D5500,2026-09-02,1.0,0,181.1,swasthya-demand-v1.0
PHC-KA-BEN-002,MED-IVF-D5500,2026-09-03,1.0,0,180.1,swasthya-demand-v1.0
PHC-KA-BEN-002,MED-IVF-D5500,2026-09-04,1.0,0,179.1,swasthya-demand-v1.0
PHC-KA-BEN-002,MED-IVF-D5500,2026-09-05,1.0,0,178.1,swasthya-demand-v1.0
PHC-KA-BEN-002,MED-IVF-D5500,2026-09-06,1.0,0,177.1,swasthya-demand-v1.0
PHC-KA-BEN-002,MED-IVF-D5500,2026-09-07,9.1,0,168.0,swasthya-demand-v1.0
PHC-KA-BEN-002,MED-IVF-D5500,2026-09-08,1.0,0,167.0,swasthya-demand-v1.0
PHC-KA-BEN-002,MED-IVF-D5500,2026-09-09,1.0,0,166.0,swasthya-demand-v1.0
PHC-KA-BEN-002,MED-IVF-D5500,2026-09-10,1.0,0,165.0,swasthya-demand-v1.0
PHC-KA-BEN-002,MED-ART-60,2026-08-28,1.0,0,71.0,swasthya-demand-v1.0
PHC-KA-BEN-002,MED-ART-60,2026-08-29,1.0,0,70.0,swasthya-demand-v1.0
PHC-KA-BEN-002,MED-ART-60,2026-08-30,1.0,0,69.0,swasthya-demand-v1.0
PHC-KA-BEN-002,MED-ART-60,2026-08-31,9.2,0,59.8,swasthya-demand-v1.0
PHC-KA-BEN-002,MED-ART-60,2026-09-01,1.0,0,58.8,swasthya-demand-v1.0
PHC-KA-BEN-002,MED-ART-60,2026-09-02,1.0,0,57.8,swasthya-demand-v1.0
PHC-KA-BEN-002,MED-ART-60,2026-09-03,1.0,0,56.8,swasthya-demand-v1.0
PHC-KA-BEN-002,MED-ART-60,2026-09-04,1.0,0,55.8,swasthya-demand-v1.0
PHC-KA-BEN-002,MED-ART-60,2026-09-05,1.0,0,54.8,swasthya-demand-v1.0
PHC-KA-BEN-002,MED-ART-60,2026-09-06,1.0,0,53.8,swasthya-demand-v1.0
PHC-KA-BEN-002,MED-ART-60,2026-09-07,9.2,0,44.6,swasthya-demand-v1.0
PHC-KA-BEN-002,MED-ART-60,2026-09-08,1.0,0,43.6,swasthya-demand-v1.0
PHC-KA-BEN-002,MED-ART-60,2026-09-09,1.0,0,42.6,swasthya-demand-v1.0
PHC-KA-BEN-002,MED-ART-60,2026-09-10,1.0,0,41.6,swasthya-demand-v1.0
PHC-KA-BEN-002,MED-ALB-400,2026-08-28,1.0,0,26.0,swasthya-demand-v1.0
PHC-KA-BEN-002,MED-ALB-400,2026-08-29,1.0,0,25.0,swasthya-demand-v1.0
PHC-KA-BEN-002,MED-ALB-400,2026-08-30,1.0,0,24.0,swasthya-demand-v1.0
PHC-KA-BEN-002,MED-ALB-400,2026-08-31,8.8,168,183.2,swasthya-demand-v1.0
PHC-KA-BEN-002,MED-ALB-400,2026-09-01,1.0,0,182.2,swasthya-demand-v1.0
PHC-KA-BEN-002,MED-ALB-400,2026-09-02,1.0,0,181.2,swasthya-demand-v1.0
PHC-KA-BEN-002,MED-ALB-400,2026-09-03,1.0,0,180.2,swasthya-demand-v1.0
PHC-KA-BEN-002,MED-ALB-400,2026-09-04,1.0,0,179.2,swasthya-demand-v1.0
PHC-KA-BEN-002,MED-ALB-400,2026-09-05,1.0,0,178.2,swasthya-demand-v1.0
PHC-KA-BEN-002,MED-ALB-400,2026-09-06,1.0,0,177.2,swasthya-demand-v1.0
PHC-KA-BEN-002,MED-ALB-400,2026-09-07,9.1,0,168.1,swasthya-demand-v1.0
PHC-KA-BEN-002,MED-ALB-400,2026-09-08,1.0,0,167.1,swasthya-demand-v1.0
PHC-KA-BEN-002,MED-ALB-400,2026-09-09,1.0,0,166.1,swasthya-demand-v1.0
PHC-KA-BEN-002,MED-ALB-400,2026-09-10,1.0,0,165.1,swasthya-demand-v1.0
PHC-KA-BEN-002,MED-IFA-TAB,2026-08-28,2.3,0,0.0,swasthya-demand-v1.0
PHC-KA-BEN-002,MED-IFA-TAB,2026-08-29,1.0,616,612.7,swasthya-demand-v1.0
PHC-KA-BEN-002,MED-IFA-TAB,2026-08-30,1.0,0,611.7,swasthya-demand-v1.0
PHC-KA-BEN-002,MED-IFA-TAB,2026-08-31,8.0,0,603.7,swasthya-demand-v1.0
PHC-KA-BEN-002,MED-IFA-TAB,2026-09-01,1.0,0,602.7,swasthya-demand-v1.0
PHC-KA-BEN-002,MED-IFA-TAB,2026-09-02,1.0,0,601.7,swasthya-demand-v1.0
PHC-KA-BEN-002,MED-IFA-TAB,2026-09-03,1.0,0,600.7,swasthya-demand-v1.0
PHC-KA-BEN-002,MED-IFA-TAB,2026-09-04,1.0,0,599.7,swasthya-demand-v1.0
PHC-KA-BEN-002,MED-IFA-TAB,2026-09-05,1.0,0,598.7,swasthya-demand-v1.0
PHC-KA-BEN-002,MED-IFA-TAB,2026-09-06,1.0,0,597.7,swasthya-demand-v1.0
PHC-KA-BEN-002,MED-IFA-TAB,2026-09-07,8.5,0,589.2,swasthya-demand-v1.0
PHC-KA-BEN-002,MED-IFA-TAB,2026-09-08,1.0,0,588.2,swasthya-demand-v1.0
PHC-KA-BEN-002,MED-IFA-TAB,2026-09-09,1.0,0,587.2,swasthya-demand-v1.0
PHC-KA-BEN-002,MED-IFA-TAB,2026-09-10,1.0,0,586.2,swasthya-demand-v1.0
PHC-KA-BEN-003,MED-PCM-500,2026-08-28,57.6,1162,1104.4,swasthya-demand-v1.0
PHC-KA-BEN-003,MED-PCM-500,2026-08-29,17.6,0,1086.8,swasthya-demand-v1.0
PHC-KA-BEN-003,MED-PCM-500,2026-08-30,1.0,0,1085.8,swasthya-demand-v1.0
PHC-KA-BEN-003,MED-PCM-500,2026-08-31,28.2,0,1057.6,swasthya-demand-v1.0
PHC-KA-BEN-003,MED-PCM-500,2026-09-01,1.0,0,1056.6,swasthya-demand-v1.0
PHC-KA-BEN-003,MED-PCM-500,2026-09-02,1.0,0,1055.6,swasthya-demand-v1.0
PHC-KA-BEN-003,MED-PCM-500,2026-09-03,1.0,0,1054.6,swasthya-demand-v1.0
PHC-KA-BEN-003,MED-PCM-500,2026-09-04,1.0,0,1053.6,swasthya-demand-v1.0
PHC-KA-BEN-003,MED-PCM-500,2026-09-05,1.0,0,1052.6,swasthya-demand-v1.0
PHC-KA-BEN-003,MED-PCM-500,2026-09-06,1.0,0,1051.6,swasthya-demand-v1.0
PHC-KA-BEN-003,MED-PCM-500,2026-09-07,7.0,0,1044.6,swasthya-demand-v1.0
PHC-KA-BEN-003,MED-PCM-500,2026-09-08,1.0,0,1043.6,swasthya-demand-v1.0
PHC-KA-BEN-003,MED-PCM-500,2026-09-09,1.0,0,1042.6,swasthya-demand-v1.0
PHC-KA-BEN-003,MED-PCM-500,2026-09-10,1.0,0,1041.6,swasthya-demand-v1.0
PHC-KA-BEN-003,MED-PCM-SYR,2026-08-28,1.0,0,0.0,swasthya-demand-v1.0
PHC-KA-BEN-003,MED-PCM-SYR,2026-08-29,1.0,0,0.0,swasthya-demand-v1.0
PHC-KA-BEN-003,MED-PCM-SYR,2026-08-30,1.0,0,0.0,swasthya-demand-v1.0
PHC-KA-BEN-003,MED-PCM-SYR,2026-08-31,7.8,462,451.2,swasthya-demand-v1.0
PHC-KA-BEN-003,MED-PCM-SYR,2026-09-01,1.0,0,450.2,swasthya-demand-v1.0
PHC-KA-BEN-003,MED-PCM-SYR,2026-09-02,1.0,0,449.2,swasthya-demand-v1.0
PHC-KA-BEN-003,MED-PCM-SYR,2026-09-03,1.0,0,448.2,swasthya-demand-v1.0
PHC-KA-BEN-003,MED-PCM-SYR,2026-09-04,1.0,0,447.2,swasthya-demand-v1.0
PHC-KA-BEN-003,MED-PCM-SYR,2026-09-05,1.0,0,446.2,swasthya-demand-v1.0
PHC-KA-BEN-003,MED-PCM-SYR,2026-09-06,1.0,0,445.2,swasthya-demand-v1.0
PHC-KA-BEN-003,MED-PCM-SYR,2026-09-07,8.6,0,436.6,swasthya-demand-v1.0
PHC-KA-BEN-003,MED-PCM-SYR,2026-09-08,1.0,0,435.6,swasthya-demand-v1.0
PHC-KA-BEN-003,MED-PCM-SYR,2026-09-09,1.0,0,434.6,swasthya-demand-v1.0
PHC-KA-BEN-003,MED-PCM-SYR,2026-09-10,1.0,0,433.6,swasthya-demand-v1.0
PHC-KA-BEN-003,MED-AMX-500,2026-08-28,1.0,0,0.0,swasthya-demand-v1.0
PHC-KA-BEN-003,MED-AMX-500,2026-08-29,1.0,560,558.0,swasthya-demand-v1.0
PHC-KA-BEN-003,MED-AMX-500,2026-08-30,1.0,0,557.0,swasthya-demand-v1.0
PHC-KA-BEN-003,MED-AMX-500,2026-08-31,7.4,0,549.6,swasthya-demand-v1.0
PHC-KA-BEN-003,MED-AMX-500,2026-09-01,1.0,0,548.6,swasthya-demand-v1.0
PHC-KA-BEN-003,MED-AMX-500,2026-09-02,1.0,0,547.6,swasthya-demand-v1.0
PHC-KA-BEN-003,MED-AMX-500,2026-09-03,1.0,0,546.6,swasthya-demand-v1.0
PHC-KA-BEN-003,MED-AMX-500,2026-09-04,1.0,0,545.6,swasthya-demand-v1.0
PHC-KA-BEN-003,MED-AMX-500,2026-09-05,1.0,0,544.6,swasthya-demand-v1.0
PHC-KA-BEN-003,MED-AMX-500,2026-09-06,1.0,0,543.6,swasthya-demand-v1.0
PHC-KA-BEN-003,MED-AMX-500,2026-09-07,8.5,0,535.1,swasthya-demand-v1.0
PHC-KA-BEN-003,MED-AMX-500,2026-09-08,1.0,0,534.1,swasthya-demand-v1.0
PHC-KA-BEN-003,MED-AMX-500,2026-09-09,1.0,0,533.1,swasthya-demand-v1.0
PHC-KA-BEN-003,MED-AMX-500,2026-09-10,1.0,0,532.1,swasthya-demand-v1.0
PHC-KA-BEN-003,MED-AMC-625,2026-08-28,1.0,0,0.0,swasthya-demand-v1.0
PHC-KA-BEN-003,MED-AMC-625,2026-08-29,1.0,0,0.0,swasthya-demand-v1.0
PHC-KA-BEN-003,MED-AMC-625,2026-08-30,1.0,350,347.0,swasthya-demand-v1.0
PHC-KA-BEN-003,MED-AMC-625,2026-08-31,8.2,0,338.8,swasthya-demand-v1.0
PHC-KA-BEN-003,MED-AMC-625,2026-09-01,1.0,0,337.8,swasthya-demand-v1.0
PHC-KA-BEN-003,MED-AMC-625,2026-09-02,1.0,0,336.8,swasthya-demand-v1.0
PHC-KA-BEN-003,MED-AMC-625,2026-09-03,1.0,0,335.8,swasthya-demand-v1.0
PHC-KA-BEN-003,MED-AMC-625,2026-09-04,1.0,0,334.8,swasthya-demand-v1.0
PHC-KA-BEN-003,MED-AMC-625,2026-09-05,1.0,0,333.8,swasthya-demand-v1.0
PHC-KA-BEN-003,MED-AMC-625,2026-09-06,1.0,0,332.8,swasthya-demand-v1.0
PHC-KA-BEN-003,MED-AMC-625,2026-09-07,8.8,0,324.0,swasthya-demand-v1.0
PHC-KA-BEN-003,MED-AMC-625,2026-09-08,1.0,0,323.0,swasthya-demand-v1.0
PHC-KA-BEN-003,MED-AMC-625,2026-09-09,1.0,0,322.0,swasthya-demand-v1.0
PHC-KA-BEN-003,MED-AMC-625,2026-09-10,1.0,0,321.0,swasthya-demand-v1.0
PHC-KA-BEN-003,MED-ORS-SFT,2026-08-28,11.4,826,814.6,swasthya-demand-v1.0
PHC-KA-BEN-003,MED-ORS-SFT,2026-08-29,1.0,0,813.6,swasthya-demand-v1.0
PHC-KA-BEN-003,MED-ORS-SFT,2026-08-30,1.0,0,812.6,swasthya-demand-v1.0
PHC-KA-BEN-003,MED-ORS-SFT,2026-08-31,9.7,0,802.9,swasthya-demand-v1.0
PHC-KA-BEN-003,MED-ORS-SFT,2026-09-01,1.0,0,801.9,swasthya-demand-v1.0
PHC-KA-BEN-003,MED-ORS-SFT,2026-09-02,1.0,0,800.9,swasthya-demand-v1.0
PHC-KA-BEN-003,MED-ORS-SFT,2026-09-03,1.0,0,799.9,swasthya-demand-v1.0
PHC-KA-BEN-003,MED-ORS-SFT,2026-09-04,1.0,0,798.9,swasthya-demand-v1.0
PHC-KA-BEN-003,MED-ORS-SFT,2026-09-05,1.0,0,797.9,swasthya-demand-v1.0
PHC-KA-BEN-003,MED-ORS-SFT,2026-09-06,1.0,0,796.9,swasthya-demand-v1.0
PHC-KA-BEN-003,MED-ORS-SFT,2026-09-07,8.1,0,788.8,swasthya-demand-v1.0
PHC-KA-BEN-003,MED-ORS-SFT,2026-09-08,1.0,0,787.8,swasthya-demand-v1.0
PHC-KA-BEN-003,MED-ORS-SFT,2026-09-09,1.0,0,786.8,swasthya-demand-v1.0
PHC-KA-BEN-003,MED-ORS-SFT,2026-09-10,1.0,0,785.8,swasthya-demand-v1.0
PHC-KA-BEN-003,MED-ZNC-20,2026-08-28,1.0,0,0.0,swasthya-demand-v1.0
PHC-KA-BEN-003,MED-ZNC-20,2026-08-29,1.0,0,0.0,swasthya-demand-v1.0
PHC-KA-BEN-003,MED-ZNC-20,2026-08-30,1.0,406,403.0,swasthya-demand-v1.0
PHC-KA-BEN-003,MED-ZNC-20,2026-08-31,8.1,0,394.9,swasthya-demand-v1.0
PHC-KA-BEN-003,MED-ZNC-20,2026-09-01,1.0,0,393.9,swasthya-demand-v1.0
PHC-KA-BEN-003,MED-ZNC-20,2026-09-02,1.0,0,392.9,swasthya-demand-v1.0
PHC-KA-BEN-003,MED-ZNC-20,2026-09-03,1.0,0,391.9,swasthya-demand-v1.0
PHC-KA-BEN-003,MED-ZNC-20,2026-09-04,1.0,0,390.9,swasthya-demand-v1.0
PHC-KA-BEN-003,MED-ZNC-20,2026-09-05,1.0,0,389.9,swasthya-demand-v1.0
PHC-KA-BEN-003,MED-ZNC-20,2026-09-06,1.0,0,388.9,swasthya-demand-v1.0
PHC-KA-BEN-003,MED-ZNC-20,2026-09-07,8.7,0,380.2,swasthya-demand-v1.0
PHC-KA-BEN-003,MED-ZNC-20,2026-09-08,1.0,0,379.2,swasthya-demand-v1.0
PHC-KA-BEN-003,MED-ZNC-20,2026-09-09,1.0,0,378.2,swasthya-demand-v1.0
PHC-KA-BEN-003,MED-ZNC-20,2026-09-10,1.0,0,377.2,swasthya-demand-v1.0
PHC-KA-BEN-003,MED-AZI-500,2026-08-28,1.0,0,0.0,swasthya-demand-v1.0
PHC-KA-BEN-003,MED-AZI-500,2026-08-29,1.0,308,306.0,swasthya-demand-v1.0
PHC-KA-BEN-003,MED-AZI-500,2026-08-30,1.0,0,305.0,swasthya-demand-v1.0
PHC-KA-BEN-003,MED-AZI-500,2026-08-31,8.4,0,296.6,swasthya-demand-v1.0
PHC-KA-BEN-003,MED-AZI-500,2026-09-01,1.0,0,295.6,swasthya-demand-v1.0
PHC-KA-BEN-003,MED-AZI-500,2026-09-02,1.0,0,294.6,swasthya-demand-v1.0
PHC-KA-BEN-003,MED-AZI-500,2026-09-03,1.0,0,293.6,swasthya-demand-v1.0
PHC-KA-BEN-003,MED-AZI-500,2026-09-04,1.0,0,292.6,swasthya-demand-v1.0
PHC-KA-BEN-003,MED-AZI-500,2026-09-05,1.0,0,291.6,swasthya-demand-v1.0
PHC-KA-BEN-003,MED-AZI-500,2026-09-06,1.0,0,290.6,swasthya-demand-v1.0
PHC-KA-BEN-003,MED-AZI-500,2026-09-07,8.9,0,281.7,swasthya-demand-v1.0
PHC-KA-BEN-003,MED-AZI-500,2026-09-08,1.0,0,280.7,swasthya-demand-v1.0
PHC-KA-BEN-003,MED-AZI-500,2026-09-09,1.0,0,279.7,swasthya-demand-v1.0
PHC-KA-BEN-003,MED-AZI-500,2026-09-10,1.0,0,278.7,swasthya-demand-v1.0
PHC-KA-BEN-003,MED-CTX-1G,2026-08-28,1.0,0,35.0,swasthya-demand-v1.0
PHC-KA-BEN-003,MED-CTX-1G,2026-08-29,1.0,0,34.0,swasthya-demand-v1.0
PHC-KA-BEN-003,MED-CTX-1G,2026-08-30,1.0,0,33.0,swasthya-demand-v1.0
PHC-KA-BEN-003,MED-CTX-1G,2026-08-31,8.9,154,178.1,swasthya-demand-v1.0
PHC-KA-BEN-003,MED-CTX-1G,2026-09-01,1.0,0,177.1,swasthya-demand-v1.0
PHC-KA-BEN-003,MED-CTX-1G,2026-09-02,1.0,0,176.1,swasthya-demand-v1.0
PHC-KA-BEN-003,MED-CTX-1G,2026-09-03,1.0,0,175.1,swasthya-demand-v1.0
PHC-KA-BEN-003,MED-CTX-1G,2026-09-04,1.0,0,174.1,swasthya-demand-v1.0
PHC-KA-BEN-003,MED-CTX-1G,2026-09-05,1.0,0,173.1,swasthya-demand-v1.0
PHC-KA-BEN-003,MED-CTX-1G,2026-09-06,1.0,0,172.1,swasthya-demand-v1.0
PHC-KA-BEN-003,MED-CTX-1G,2026-09-07,9.1,0,163.0,swasthya-demand-v1.0
PHC-KA-BEN-003,MED-CTX-1G,2026-09-08,1.0,0,162.0,swasthya-demand-v1.0
PHC-KA-BEN-003,MED-CTX-1G,2026-09-09,1.0,0,161.0,swasthya-demand-v1.0
PHC-KA-BEN-003,MED-CTX-1G,2026-09-10,1.0,0,160.0,swasthya-demand-v1.0
PHC-KA-BEN-003,MED-RAB-VAC,2026-08-28,1.0,0,63.0,swasthya-demand-v1.0
PHC-KA-BEN-003,MED-RAB-VAC,2026-08-29,1.0,0,62.0,swasthya-demand-v1.0
PHC-KA-BEN-003,MED-RAB-VAC,2026-08-30,1.0,0,61.0,swasthya-demand-v1.0
PHC-KA-BEN-003,MED-RAB-VAC,2026-08-31,9.1,0,51.9,swasthya-demand-v1.0
PHC-KA-BEN-003,MED-RAB-VAC,2026-09-01,1.0,0,50.9,swasthya-demand-v1.0
PHC-KA-BEN-003,MED-RAB-VAC,2026-09-02,1.0,0,49.9,swasthya-demand-v1.0
PHC-KA-BEN-003,MED-RAB-VAC,2026-09-03,1.0,0,48.9,swasthya-demand-v1.0
PHC-KA-BEN-003,MED-RAB-VAC,2026-09-04,1.0,0,47.9,swasthya-demand-v1.0
PHC-KA-BEN-003,MED-RAB-VAC,2026-09-05,1.0,0,46.9,swasthya-demand-v1.0
PHC-KA-BEN-003,MED-RAB-VAC,2026-09-06,1.0,0,45.9,swasthya-demand-v1.0
PHC-KA-BEN-003,MED-RAB-VAC,2026-09-07,9.2,0,36.7,swasthya-demand-v1.0
PHC-KA-BEN-003,MED-RAB-VAC,2026-09-08,1.0,0,35.7,swasthya-demand-v1.0
PHC-KA-BEN-003,MED-RAB-VAC,2026-09-09,1.0,0,34.7,swasthya-demand-v1.0
PHC-KA-BEN-003,MED-RAB-VAC,2026-09-10,1.0,0,33.7,swasthya-demand-v1.0
PHC-KA-BEN-003,MED-ASV-VIAL,2026-08-28,1.0,0,86.0,swasthya-demand-v1.0
PHC-KA-BEN-003,MED-ASV-VIAL,2026-08-29,1.0,0,85.0,swasthya-demand-v1.0
PHC-KA-BEN-003,MED-ASV-VIAL,2026-08-30,1.0,0,84.0,swasthya-demand-v1.0
PHC-KA-BEN-003,MED-ASV-VIAL,2026-08-31,9.4,0,74.6,swasthya-demand-v1.0
PHC-KA-BEN-003,MED-ASV-VIAL,2026-09-01,1.0,0,73.6,swasthya-demand-v1.0
PHC-KA-BEN-003,MED-ASV-VIAL,2026-09-02,1.0,0,72.6,swasthya-demand-v1.0
PHC-KA-BEN-003,MED-ASV-VIAL,2026-09-03,1.0,0,71.6,swasthya-demand-v1.0
PHC-KA-BEN-003,MED-ASV-VIAL,2026-09-04,1.0,0,70.6,swasthya-demand-v1.0
PHC-KA-BEN-003,MED-ASV-VIAL,2026-09-05,1.0,0,69.6,swasthya-demand-v1.0
PHC-KA-BEN-003,MED-ASV-VIAL,2026-09-06,1.0,0,68.6,swasthya-demand-v1.0
PHC-KA-BEN-003,MED-ASV-VIAL,2026-09-07,9.3,0,59.3,swasthya-demand-v1.0
PHC-KA-BEN-003,MED-ASV-VIAL,2026-09-08,1.0,0,58.3,swasthya-demand-v1.0
PHC-KA-BEN-003,MED-ASV-VIAL,2026-09-09,1.0,0,57.3,swasthya-demand-v1.0
PHC-KA-BEN-003,MED-ASV-VIAL,2026-09-10,1.0,0,56.3,swasthya-demand-v1.0
PHC-KA-BEN-003,MED-INS-REG,2026-08-28,1.0,0,59.0,swasthya-demand-v1.0
PHC-KA-BEN-003,MED-INS-REG,2026-08-29,1.0,0,58.0,swasthya-demand-v1.0
PHC-KA-BEN-003,MED-INS-REG,2026-08-30,1.0,0,57.0,swasthya-demand-v1.0
PHC-KA-BEN-003,MED-INS-REG,2026-08-31,9.1,0,47.9,swasthya-demand-v1.0
PHC-KA-BEN-003,MED-INS-REG,2026-09-01,1.0,0,46.9,swasthya-demand-v1.0
PHC-KA-BEN-003,MED-INS-REG,2026-09-02,1.0,0,45.9,swasthya-demand-v1.0
PHC-KA-BEN-003,MED-INS-REG,2026-09-03,1.0,0,44.9,swasthya-demand-v1.0
PHC-KA-BEN-003,MED-INS-REG,2026-09-04,1.0,0,43.9,swasthya-demand-v1.0
PHC-KA-BEN-003,MED-INS-REG,2026-09-05,1.0,0,42.9,swasthya-demand-v1.0
PHC-KA-BEN-003,MED-INS-REG,2026-09-06,1.0,0,41.9,swasthya-demand-v1.0
PHC-KA-BEN-003,MED-INS-REG,2026-09-07,9.2,0,32.7,swasthya-demand-v1.0
PHC-KA-BEN-003,MED-INS-REG,2026-09-08,1.0,0,31.7,swasthya-demand-v1.0
PHC-KA-BEN-003,MED-INS-REG,2026-09-09,1.0,0,30.7,swasthya-demand-v1.0
PHC-KA-BEN-003,MED-INS-REG,2026-09-10,1.0,0,29.7,swasthya-demand-v1.0
PHC-KA-BEN-003,MED-MET-500,2026-08-28,1.0,0,0.0,swasthya-demand-v1.0
PHC-KA-BEN-003,MED-MET-500,2026-08-29,1.0,644,642.0,swasthya-demand-v1.0
PHC-KA-BEN-003,MED-MET-500,2026-08-30,1.0,0,641.0,swasthya-demand-v1.0
PHC-KA-BEN-003,MED-MET-500,2026-08-31,7.4,0,633.6,swasthya-demand-v1.0
PHC-KA-BEN-003,MED-MET-500,2026-09-01,1.0,0,632.6,swasthya-demand-v1.0
PHC-KA-BEN-003,MED-MET-500,2026-09-02,1.0,0,631.6,swasthya-demand-v1.0
PHC-KA-BEN-003,MED-MET-500,2026-09-03,1.0,0,630.6,swasthya-demand-v1.0
PHC-KA-BEN-003,MED-MET-500,2026-09-04,1.0,0,629.6,swasthya-demand-v1.0
PHC-KA-BEN-003,MED-MET-500,2026-09-05,1.0,0,628.6,swasthya-demand-v1.0
PHC-KA-BEN-003,MED-MET-500,2026-09-06,1.0,0,627.6,swasthya-demand-v1.0
PHC-KA-BEN-003,MED-MET-500,2026-09-07,8.5,0,619.1,swasthya-demand-v1.0
PHC-KA-BEN-003,MED-MET-500,2026-09-08,1.0,0,618.1,swasthya-demand-v1.0
PHC-KA-BEN-003,MED-MET-500,2026-09-09,1.0,0,617.1,swasthya-demand-v1.0
PHC-KA-BEN-003,MED-MET-500,2026-09-10,1.0,0,616.1,swasthya-demand-v1.0
PHC-KA-BEN-003,MED-OXY-AMP,2026-08-28,1.0,0,46.0,swasthya-demand-v1.0
PHC-KA-BEN-003,MED-OXY-AMP,2026-08-29,1.0,0,45.0,swasthya-demand-v1.0
PHC-KA-BEN-003,MED-OXY-AMP,2026-08-30,1.0,0,44.0,swasthya-demand-v1.0
PHC-KA-BEN-003,MED-OXY-AMP,2026-08-31,9.0,0,35.0,swasthya-demand-v1.0
PHC-KA-BEN-003,MED-OXY-AMP,2026-09-01,1.0,126,160.0,swasthya-demand-v1.0
PHC-KA-BEN-003,MED-OXY-AMP,2026-09-02,1.0,0,159.0,swasthya-demand-v1.0
PHC-KA-BEN-003,MED-OXY-AMP,2026-09-03,1.0,0,158.0,swasthya-demand-v1.0
PHC-KA-BEN-003,MED-OXY-AMP,2026-09-04,1.0,0,157.0,swasthya-demand-v1.0
PHC-KA-BEN-003,MED-OXY-AMP,2026-09-05,1.0,0,156.0,swasthya-demand-v1.0
PHC-KA-BEN-003,MED-OXY-AMP,2026-09-06,1.0,0,155.0,swasthya-demand-v1.0
PHC-KA-BEN-003,MED-OXY-AMP,2026-09-07,9.1,0,145.9,swasthya-demand-v1.0
PHC-KA-BEN-003,MED-OXY-AMP,2026-09-08,1.0,0,144.9,swasthya-demand-v1.0
PHC-KA-BEN-003,MED-OXY-AMP,2026-09-09,1.0,0,143.9,swasthya-demand-v1.0
PHC-KA-BEN-003,MED-OXY-AMP,2026-09-10,1.0,0,142.9,swasthya-demand-v1.0
PHC-KA-BEN-003,MED-MGS-50,2026-08-28,1.0,0,72.0,swasthya-demand-v1.0
PHC-KA-BEN-003,MED-MGS-50,2026-08-29,1.0,0,71.0,swasthya-demand-v1.0
PHC-KA-BEN-003,MED-MGS-50,2026-08-30,1.0,0,70.0,swasthya-demand-v1.0
PHC-KA-BEN-003,MED-MGS-50,2026-08-31,9.2,0,60.8,swasthya-demand-v1.0
PHC-KA-BEN-003,MED-MGS-50,2026-09-01,1.0,0,59.8,swasthya-demand-v1.0
PHC-KA-BEN-003,MED-MGS-50,2026-09-02,1.0,0,58.8,swasthya-demand-v1.0
PHC-KA-BEN-003,MED-MGS-50,2026-09-03,1.0,0,57.8,swasthya-demand-v1.0
PHC-KA-BEN-003,MED-MGS-50,2026-09-04,1.0,0,56.8,swasthya-demand-v1.0
PHC-KA-BEN-003,MED-MGS-50,2026-09-05,1.0,0,55.8,swasthya-demand-v1.0
PHC-KA-BEN-003,MED-MGS-50,2026-09-06,1.0,0,54.8,swasthya-demand-v1.0
PHC-KA-BEN-003,MED-MGS-50,2026-09-07,9.2,0,45.6,swasthya-demand-v1.0
PHC-KA-BEN-003,MED-MGS-50,2026-09-08,1.0,0,44.6,swasthya-demand-v1.0
PHC-KA-BEN-003,MED-MGS-50,2026-09-09,1.0,0,43.6,swasthya-demand-v1.0
PHC-KA-BEN-003,MED-MGS-50,2026-09-10,1.0,0,42.6,swasthya-demand-v1.0
PHC-KA-BEN-003,MED-IVF-NS500,2026-08-28,1.0,378,377.0,swasthya-demand-v1.0
PHC-KA-BEN-003,MED-IVF-NS500,2026-08-29,1.0,0,376.0,swasthya-demand-v1.0
PHC-KA-BEN-003,MED-IVF-NS500,2026-08-30,1.0,0,375.0,swasthya-demand-v1.0
PHC-KA-BEN-003,MED-IVF-NS500,2026-08-31,8.1,0,366.9,swasthya-demand-v1.0
PHC-KA-BEN-003,MED-IVF-NS500,2026-09-01,1.0,0,365.9,swasthya-demand-v1.0
PHC-KA-BEN-003,MED-IVF-NS500,2026-09-02,1.0,0,364.9,swasthya-demand-v1.0
PHC-KA-BEN-003,MED-IVF-NS500,2026-09-03,1.0,0,363.9,swasthya-demand-v1.0
PHC-KA-BEN-003,MED-IVF-NS500,2026-09-04,1.0,0,362.9,swasthya-demand-v1.0
PHC-KA-BEN-003,MED-IVF-NS500,2026-09-05,1.0,0,361.9,swasthya-demand-v1.0
PHC-KA-BEN-003,MED-IVF-NS500,2026-09-06,1.0,0,360.9,swasthya-demand-v1.0
PHC-KA-BEN-003,MED-IVF-NS500,2026-09-07,8.8,0,352.1,swasthya-demand-v1.0
PHC-KA-BEN-003,MED-IVF-NS500,2026-09-08,1.0,0,351.1,swasthya-demand-v1.0
PHC-KA-BEN-003,MED-IVF-NS500,2026-09-09,1.0,0,350.1,swasthya-demand-v1.0
PHC-KA-BEN-003,MED-IVF-NS500,2026-09-10,1.0,0,349.1,swasthya-demand-v1.0
PHC-KA-BEN-003,MED-IVF-RL500,2026-08-28,1.0,0,0.0,swasthya-demand-v1.0
PHC-KA-BEN-003,MED-IVF-RL500,2026-08-29,1.0,308,306.0,swasthya-demand-v1.0
PHC-KA-BEN-003,MED-IVF-RL500,2026-08-30,1.0,0,305.0,swasthya-demand-v1.0
PHC-KA-BEN-003,MED-IVF-RL500,2026-08-31,8.3,0,296.7,swasthya-demand-v1.0
PHC-KA-BEN-003,MED-IVF-RL500,2026-09-01,1.0,0,295.7,swasthya-demand-v1.0
PHC-KA-BEN-003,MED-IVF-RL500,2026-09-02,1.0,0,294.7,swasthya-demand-v1.0
PHC-KA-BEN-003,MED-IVF-RL500,2026-09-03,1.0,0,293.7,swasthya-demand-v1.0
PHC-KA-BEN-003,MED-IVF-RL500,2026-09-04,1.0,0,292.7,swasthya-demand-v1.0
PHC-KA-BEN-003,MED-IVF-RL500,2026-09-05,1.0,0,291.7,swasthya-demand-v1.0
PHC-KA-BEN-003,MED-IVF-RL500,2026-09-06,1.0,0,290.7,swasthya-demand-v1.0
PHC-KA-BEN-003,MED-IVF-RL500,2026-09-07,8.9,0,281.8,swasthya-demand-v1.0
PHC-KA-BEN-003,MED-IVF-RL500,2026-09-08,1.0,0,280.8,swasthya-demand-v1.0
PHC-KA-BEN-003,MED-IVF-RL500,2026-09-09,1.0,0,279.8,swasthya-demand-v1.0
PHC-KA-BEN-003,MED-IVF-RL500,2026-09-10,1.0,0,278.8,swasthya-demand-v1.0
PHC-KA-BEN-003,MED-IVF-D5500,2026-08-28,1.0,0,14.0,swasthya-demand-v1.0
PHC-KA-BEN-003,MED-IVF-D5500,2026-08-29,1.0,0,13.0,swasthya-demand-v1.0
PHC-KA-BEN-003,MED-IVF-D5500,2026-08-30,1.0,196,208.0,swasthya-demand-v1.0
PHC-KA-BEN-003,MED-IVF-D5500,2026-08-31,8.7,0,199.3,swasthya-demand-v1.0
PHC-KA-BEN-003,MED-IVF-D5500,2026-09-01,1.0,0,198.3,swasthya-demand-v1.0
PHC-KA-BEN-003,MED-IVF-D5500,2026-09-02,1.0,0,197.3,swasthya-demand-v1.0
PHC-KA-BEN-003,MED-IVF-D5500,2026-09-03,1.0,0,196.3,swasthya-demand-v1.0
PHC-KA-BEN-003,MED-IVF-D5500,2026-09-04,1.0,0,195.3,swasthya-demand-v1.0
PHC-KA-BEN-003,MED-IVF-D5500,2026-09-05,1.0,0,194.3,swasthya-demand-v1.0
PHC-KA-BEN-003,MED-IVF-D5500,2026-09-06,1.0,0,193.3,swasthya-demand-v1.0
PHC-KA-BEN-003,MED-IVF-D5500,2026-09-07,9.0,0,184.3,swasthya-demand-v1.0
PHC-KA-BEN-003,MED-IVF-D5500,2026-09-08,1.0,0,183.3,swasthya-demand-v1.0
PHC-KA-BEN-003,MED-IVF-D5500,2026-09-09,1.0,0,182.3,swasthya-demand-v1.0
PHC-KA-BEN-003,MED-IVF-D5500,2026-09-10,1.0,0,181.3,swasthya-demand-v1.0
PHC-KA-BEN-003,MED-ART-60,2026-08-28,1.0,0,67.0,swasthya-demand-v1.0
PHC-KA-BEN-003,MED-ART-60,2026-08-29,1.0,0,66.0,swasthya-demand-v1.0
PHC-KA-BEN-003,MED-ART-60,2026-08-30,1.0,0,65.0,swasthya-demand-v1.0
PHC-KA-BEN-003,MED-ART-60,2026-08-31,9.2,0,55.8,swasthya-demand-v1.0
PHC-KA-BEN-003,MED-ART-60,2026-09-01,1.0,0,54.8,swasthya-demand-v1.0
PHC-KA-BEN-003,MED-ART-60,2026-09-02,1.0,0,53.8,swasthya-demand-v1.0
PHC-KA-BEN-003,MED-ART-60,2026-09-03,1.0,0,52.8,swasthya-demand-v1.0
PHC-KA-BEN-003,MED-ART-60,2026-09-04,1.0,0,51.8,swasthya-demand-v1.0
PHC-KA-BEN-003,MED-ART-60,2026-09-05,1.0,0,50.8,swasthya-demand-v1.0
PHC-KA-BEN-003,MED-ART-60,2026-09-06,1.0,0,49.8,swasthya-demand-v1.0
PHC-KA-BEN-003,MED-ART-60,2026-09-07,9.2,0,40.6,swasthya-demand-v1.0
PHC-KA-BEN-003,MED-ART-60,2026-09-08,1.0,0,39.6,swasthya-demand-v1.0
PHC-KA-BEN-003,MED-ART-60,2026-09-09,1.0,0,38.6,swasthya-demand-v1.0
PHC-KA-BEN-003,MED-ART-60,2026-09-10,1.0,0,37.6,swasthya-demand-v1.0
PHC-KA-BEN-003,MED-ALB-400,2026-08-28,1.0,0,15.0,swasthya-demand-v1.0
PHC-KA-BEN-003,MED-ALB-400,2026-08-29,1.0,0,14.0,swasthya-demand-v1.0
PHC-KA-BEN-003,MED-ALB-400,2026-08-30,1.0,196,209.0,swasthya-demand-v1.0
PHC-KA-BEN-003,MED-ALB-400,2026-08-31,8.8,0,200.2,swasthya-demand-v1.0
PHC-KA-BEN-003,MED-ALB-400,2026-09-01,1.0,0,199.2,swasthya-demand-v1.0
PHC-KA-BEN-003,MED-ALB-400,2026-09-02,1.0,0,198.2,swasthya-demand-v1.0
PHC-KA-BEN-003,MED-ALB-400,2026-09-03,1.0,0,197.2,swasthya-demand-v1.0
PHC-KA-BEN-003,MED-ALB-400,2026-09-04,1.0,0,196.2,swasthya-demand-v1.0
PHC-KA-BEN-003,MED-ALB-400,2026-09-05,1.0,0,195.2,swasthya-demand-v1.0
PHC-KA-BEN-003,MED-ALB-400,2026-09-06,1.0,0,194.2,swasthya-demand-v1.0
PHC-KA-BEN-003,MED-ALB-400,2026-09-07,9.0,0,185.2,swasthya-demand-v1.0
PHC-KA-BEN-003,MED-ALB-400,2026-09-08,1.0,0,184.2,swasthya-demand-v1.0
PHC-KA-BEN-003,MED-ALB-400,2026-09-09,1.0,0,183.2,swasthya-demand-v1.0
PHC-KA-BEN-003,MED-ALB-400,2026-09-10,1.0,0,182.2,swasthya-demand-v1.0
PHC-KA-BEN-003,MED-IFA-TAB,2026-08-28,5.6,0,0.0,swasthya-demand-v1.0
PHC-KA-BEN-003,MED-IFA-TAB,2026-08-29,1.0,0,0.0,swasthya-demand-v1.0
PHC-KA-BEN-003,MED-IFA-TAB,2026-08-30,1.0,0,0.0,swasthya-demand-v1.0
PHC-KA-BEN-003,MED-IFA-TAB,2026-08-31,8.3,714,698.1,swasthya-demand-v1.0
PHC-KA-BEN-003,MED-IFA-TAB,2026-09-01,1.0,0,697.1,swasthya-demand-v1.0
PHC-KA-BEN-003,MED-IFA-TAB,2026-09-02,1.0,0,696.1,swasthya-demand-v1.0
PHC-KA-BEN-003,MED-IFA-TAB,2026-09-03,1.0,0,695.1,swasthya-demand-v1.0
PHC-KA-BEN-003,MED-IFA-TAB,2026-09-04,1.0,0,694.1,swasthya-demand-v1.0
PHC-KA-BEN-003,MED-IFA-TAB,2026-09-05,1.0,0,693.1,swasthya-demand-v1.0
PHC-KA-BEN-003,MED-IFA-TAB,2026-09-06,1.0,0,692.1,swasthya-demand-v1.0
PHC-KA-BEN-003,MED-IFA-TAB,2026-09-07,8.3,0,683.8,swasthya-demand-v1.0
PHC-KA-BEN-003,MED-IFA-TAB,2026-09-08,1.0,0,682.8,swasthya-demand-v1.0
PHC-KA-BEN-003,MED-IFA-TAB,2026-09-09,1.0,0,681.8,swasthya-demand-v1.0
PHC-KA-BEN-003,MED-IFA-TAB,2026-09-10,1.0,0,680.8,swasthya-demand-v1.0
DH-KA-BEN-001,MED-PCM-500,2026-08-28,1695.5,0,0.0,swasthya-demand-v1.0
DH-KA-BEN-001,MED-PCM-500,2026-08-29,1573.6,19894,16624.9,swasthya-demand-v1.0
DH-KA-BEN-001,MED-PCM-500,2026-08-30,1476.2,0,15148.7,swasthya-demand-v1.0
DH-KA-BEN-001,MED-PCM-500,2026-08-31,1432.9,0,13715.8,swasthya-demand-v1.0
DH-KA-BEN-001,MED-PCM-500,2026-09-01,1327.3,0,12388.5,swasthya-demand-v1.0
DH-KA-BEN-001,MED-PCM-500,2026-09-02,1238.6,0,11149.9,swasthya-demand-v1.0
DH-KA-BEN-001,MED-PCM-500,2026-09-03,1152.5,0,9997.4,swasthya-demand-v1.0
DH-KA-BEN-001,MED-PCM-500,2026-09-04,1055.0,0,8942.4,swasthya-demand-v1.0
DH-KA-BEN-001,MED-PCM-500,2026-09-05,959.7,0,7982.7,swasthya-demand-v1.0
DH-KA-BEN-001,MED-PCM-500,2026-09-06,862.4,0,7120.3,swasthya-demand-v1.0
DH-KA-BEN-001,MED-PCM-500,2026-09-07,861.9,0,6258.4,swasthya-demand-v1.0
DH-KA-BEN-001,MED-PCM-500,2026-09-08,779.9,0,5478.5,swasthya-demand-v1.0
DH-KA-BEN-001,MED-PCM-500,2026-09-09,713.6,0,4764.9,swasthya-demand-v1.0
DH-KA-BEN-001,MED-PCM-500,2026-09-10,656.2,0,4108.7,swasthya-demand-v1.0
DH-KA-BEN-001,MED-PCM-SYR,2026-08-28,590.0,0,0.0,swasthya-demand-v1.0
DH-KA-BEN-001,MED-PCM-SYR,2026-08-29,541.1,7952,6820.9,swasthya-demand-v1.0
DH-KA-BEN-001,MED-PCM-SYR,2026-08-30,474.2,0,6346.7,swasthya-demand-v1.0
DH-KA-BEN-001,MED-PCM-SYR,2026-08-31,485.3,0,5861.4,swasthya-demand-v1.0
DH-KA-BEN-001,MED-PCM-SYR,2026-09-01,428.7,0,5432.7,swasthya-demand-v1.0
DH-KA-BEN-001,MED-PCM-SYR,2026-09-02,381.4,0,5051.3,swasthya-demand-v1.0
DH-KA-BEN-001,MED-PCM-SYR,2026-09-03,340.1,0,4711.2,swasthya-demand-v1.0
DH-KA-BEN-001,MED-PCM-SYR,2026-09-04,284.1,0,4427.1,swasthya-demand-v1.0
DH-KA-BEN-001,MED-PCM-SYR,2026-09-05,227.7,0,4199.4,swasthya-demand-v1.0
DH-KA-BEN-001,MED-PCM-SYR,2026-09-06,168.4,0,4031.0,swasthya-demand-v1.0
DH-KA-BEN-001,MED-PCM-SYR,2026-09-07,203.7,0,3827.3,swasthya-demand-v1.0
DH-KA-BEN-001,MED-PCM-SYR,2026-09-08,155.4,0,3671.9,swasthya-demand-v1.0
DH-KA-BEN-001,MED-PCM-SYR,2026-09-09,121.1,0,3550.8,swasthya-demand-v1.0
DH-KA-BEN-001,MED-PCM-SYR,2026-09-10,94.5,0,3456.3,swasthya-demand-v1.0
DH-KA-BEN-001,MED-AMX-500,2026-08-28,790.7,9716,8925.3,swasthya-demand-v1.0
DH-KA-BEN-001,MED-AMX-500,2026-08-29,723.5,0,8201.8,swasthya-demand-v1.0
DH-KA-BEN-001,MED-AMX-500,2026-08-30,658.5,0,7543.3,swasthya-demand-v1.0
DH-KA-BEN-001,MED-AMX-500,2026-08-31,661.4,0,6881.9,swasthya-demand-v1.0
DH-KA-BEN-001,MED-AMX-500,2026-09-01,596.1,0,6285.8,swasthya-demand-v1.0
DH-KA-BEN-001,MED-AMX-500,2026-09-02,543.6,0,5742.2,swasthya-demand-v1.0
DH-KA-BEN-001,MED-AMX-500,2026-09-03,495.0,0,5247.2,swasthya-demand-v1.0
DH-KA-BEN-001,MED-AMX-500,2026-09-04,432.0,0,4815.2,swasthya-demand-v1.0
DH-KA-BEN-001,MED-AMX-500,2026-09-05,369.1,0,4446.1,swasthya-demand-v1.0
DH-KA-BEN-001,MED-AMX-500,2026-09-06,303.0,0,4143.1,swasthya-demand-v1.0
DH-KA-BEN-001,MED-AMX-500,2026-09-07,331.7,0,3811.4,swasthya-demand-v1.0
DH-KA-BEN-001,MED-AMX-500,2026-09-08,276.9,0,3534.5,swasthya-demand-v1.0
DH-KA-BEN-001,MED-AMX-500,2026-09-09,236.7,0,3297.8,swasthya-demand-v1.0
DH-KA-BEN-001,MED-AMX-500,2026-09-10,204.2,0,3093.6,swasthya-demand-v1.0
DH-KA-BEN-001,MED-AMC-625,2026-08-28,479.1,6188,5708.9,swasthya-demand-v1.0
DH-KA-BEN-001,MED-AMC-625,2026-08-29,438.9,0,5270.0,swasthya-demand-v1.0
DH-KA-BEN-001,MED-AMC-625,2026-08-30,380.0,0,4890.0,swasthya-demand-v1.0
DH-KA-BEN-001,MED-AMC-625,2026-08-31,396.4,0,4493.6,swasthya-demand-v1.0
DH-KA-BEN-001,MED-AMC-625,2026-09-01,345.7,0,4147.9,swasthya-demand-v1.0
DH-KA-BEN-001,MED-AMC-625,2026-09-02,304.0,0,3843.9,swasthya-demand-v1.0
DH-KA-BEN-001,MED-AMC-625,2026-09-03,267.6,0,3576.3,swasthya-demand-v1.0
DH-KA-BEN-001,MED-AMC-625,2026-09-04,216.2,0,3360.1,swasthya-demand-v1.0
DH-KA-BEN-001,MED-AMC-625,2026-09-05,164.0,0,3196.1,swasthya-demand-v1.0
DH-KA-BEN-001,MED-AMC-625,2026-09-06,108.5,0,3087.6,swasthya-demand-v1.0
DH-KA-BEN-001,MED-AMC-625,2026-09-07,147.1,0,2940.5,swasthya-demand-v1.0
DH-KA-BEN-001,MED-AMC-625,2026-09-08,101.8,0,2838.7,swasthya-demand-v1.0
DH-KA-BEN-001,MED-AMC-625,2026-09-09,70.4,0,2768.3,swasthya-demand-v1.0
DH-KA-BEN-001,MED-AMC-625,2026-09-10,46.5,0,2721.8,swasthya-demand-v1.0
DH-KA-BEN-001,MED-ORS-SFT,2026-08-28,1262.5,14140,12877.5,swasthya-demand-v1.0
DH-KA-BEN-001,MED-ORS-SFT,2026-08-29,1235.3,0,11642.2,swasthya-demand-v1.0
DH-KA-BEN-001,MED-ORS-SFT,2026-08-30,1135.4,0,10506.8,swasthya-demand-v1.0
DH-KA-BEN-001,MED-ORS-SFT,2026-08-31,1103.8,0,9403.0,swasthya-demand-v1.0
DH-KA-BEN-001,MED-ORS-SFT,2026-09-01,1029.0,0,8374.0,swasthya-demand-v1.0
DH-KA-BEN-001,MED-ORS-SFT,2026-09-02,952.9,0,7421.1,swasthya-demand-v1.0
DH-KA-BEN-001,MED-ORS-SFT,2026-09-03,883.1,0,6538.0,swasthya-demand-v1.0
DH-KA-BEN-001,MED-ORS-SFT,2026-09-04,803.5,0,5734.5,swasthya-demand-v1.0
DH-KA-BEN-001,MED-ORS-SFT,2026-09-05,721.5,0,5013.0,swasthya-demand-v1.0
DH-KA-BEN-001,MED-ORS-SFT,2026-09-06,637.9,0,4375.1,swasthya-demand-v1.0
DH-KA-BEN-001,MED-ORS-SFT,2026-09-07,650.2,0,3724.9,swasthya-demand-v1.0
DH-KA-BEN-001,MED-ORS-SFT,2026-09-08,579.2,0,3145.7,swasthya-demand-v1.0
DH-KA-BEN-001,MED-ORS-SFT,2026-09-09,523.1,0,2622.6,swasthya-demand-v1.0
DH-KA-BEN-001,MED-ORS-SFT,2026-09-10,476.2,0,2146.4,swasthya-demand-v1.0
DH-KA-BEN-001,MED-ZNC-20,2026-08-28,567.7,0,0.0,swasthya-demand-v1.0
DH-KA-BEN-001,MED-ZNC-20,2026-08-29,534.6,0,0.0,swasthya-demand-v1.0
DH-KA-BEN-001,MED-ZNC-20,2026-08-30,463.5,0,0.0,swasthya-demand-v1.0
DH-KA-BEN-001,MED-ZNC-20,2026-08-31,474.8,7070,5029.4,swasthya-demand-v1.0
DH-KA-BEN-001,MED-ZNC-20,2026-09-01,421.4,0,4608.0,swasthya-demand-v1.0
DH-KA-BEN-001,MED-ZNC-20,2026-09-02,374.0,0,4234.0,swasthya-demand-v1.0
DH-KA-BEN-001,MED-ZNC-20,2026-09-03,333.7,0,3900.3,swasthya-demand-v1.0
DH-KA-BEN-001,MED-ZNC-20,2026-09-04,278.7,0,3621.6,swasthya-demand-v1.0
DH-KA-BEN-001,MED-ZNC-20,2026-09-05,222.7,0,3398.9,swasthya-demand-v1.0
DH-KA-BEN-001,MED-ZNC-20,2026-09-06,164.0,0,3234.9,swasthya-demand-v1.0
DH-KA-BEN-001,MED-ZNC-20,2026-09-07,199.7,0,3035.2,swasthya-demand-v1.0
DH-KA-BEN-001,MED-ZNC-20,2026-09-08,151.6,0,2883.6,swasthya-demand-v1.0
DH-KA-BEN-001,MED-ZNC-20,2026-09-09,117.5,0,2766.1,swasthya-demand-v1.0
DH-KA-BEN-001,MED-ZNC-20,2026-09-10,91.2,0,2674.9,swasthya-demand-v1.0
DH-KA-BEN-001,MED-AZI-500,2026-08-28,439.7,0,0.0,swasthya-demand-v1.0
DH-KA-BEN-001,MED-AZI-500,2026-08-29,386.8,0,0.0,swasthya-demand-v1.0
DH-KA-BEN-001,MED-AZI-500,2026-08-30,333.2,0,0.0,swasthya-demand-v1.0
DH-KA-BEN-001,MED-AZI-500,2026-08-31,355.8,5306,3790.5,swasthya-demand-v1.0
DH-KA-BEN-001,MED-AZI-500,2026-09-01,304.5,0,3486.0,swasthya-demand-v1.0
DH-KA-BEN-001,MED-AZI-500,2026-09-02,266.1,0,3219.9,swasthya-demand-v1.0
DH-KA-BEN-001,MED-AZI-500,2026-09-03,232.2,0,2987.7,swasthya-demand-v1.0
DH-KA-BEN-001,MED-AZI-500,2026-09-04,182.2,0,2805.5,swasthya-demand-v1.0
DH-KA-BEN-001,MED-AZI-500,2026-09-05,132.1,0,2673.4,swasthya-demand-v1.0
DH-KA-BEN-001,MED-AZI-500,2026-09-06,78.3,0,2595.1,swasthya-demand-v1.0
DH-KA-BEN-001,MED-AZI-500,2026-09-07,118.4,0,2476.7,swasthya-demand-v1.0
DH-KA-BEN-001,MED-AZI-500,2026-09-08,74.5,0,2402.2,swasthya-demand-v1.0
DH-KA-BEN-001,MED-AZI-500,2026-09-09,44.7,0,2357.5,swasthya-demand-v1.0
DH-KA-BEN-001,MED-AZI-500,2026-09-10,22.1,0,2335.4,swasthya-demand-v1.0
DH-KA-BEN-001,MED-CTX-1G,2026-08-28,182.6,0,0.0,swasthya-demand-v1.0
DH-KA-BEN-001,MED-CTX-1G,2026-08-29,147.0,2646,2316.4,swasthya-demand-v1.0
DH-KA-BEN-001,MED-CTX-1G,2026-08-30,101.0,0,2215.4,swasthya-demand-v1.0
DH-KA-BEN-001,MED-CTX-1G,2026-08-31,135.5,0,2079.9,swasthya-demand-v1.0
DH-KA-BEN-001,MED-CTX-1G,2026-09-01,95.6,0,1984.3,swasthya-demand-v1.0
DH-KA-BEN-001,MED-CTX-1G,2026-09-02,66.8,0,1917.5,swasthya-demand-v1.0
DH-KA-BEN-001,MED-CTX-1G,2026-09-03,43.2,0,1874.3,swasthya-demand-v1.0
DH-KA-BEN-001,MED-CTX-1G,2026-09-04,2.8,0,1871.5,swasthya-demand-v1.0
DH-KA-BEN-001,MED-CTX-1G,2026-09-05,1.0,0,1870.5,swasthya-demand-v1.0
DH-KA-BEN-001,MED-CTX-1G,2026-09-06,1.0,0,1869.5,swasthya-demand-v1.0
DH-KA-BEN-001,MED-CTX-1G,2026-09-07,4.0,0,1865.5,swasthya-demand-v1.0
DH-KA-BEN-001,MED-CTX-1G,2026-09-08,1.0,0,1864.5,swasthya-demand-v1.0
DH-KA-BEN-001,MED-CTX-1G,2026-09-09,1.0,0,1863.5,swasthya-demand-v1.0
DH-KA-BEN-001,MED-CTX-1G,2026-09-10,1.0,0,1862.5,swasthya-demand-v1.0
DH-KA-BEN-001,MED-RAB-VAC,2026-08-28,70.5,0,0.0,swasthya-demand-v1.0
DH-KA-BEN-001,MED-RAB-VAC,2026-08-29,41.0,0,0.0,swasthya-demand-v1.0
DH-KA-BEN-001,MED-RAB-VAC,2026-08-30,1.0,1540,1427.5,swasthya-demand-v1.0
DH-KA-BEN-001,MED-RAB-VAC,2026-08-31,38.4,0,1389.1,swasthya-demand-v1.0
DH-KA-BEN-001,MED-RAB-VAC,2026-09-01,3.3,0,1385.8,swasthya-demand-v1.0
DH-KA-BEN-001,MED-RAB-VAC,2026-09-02,1.0,0,1384.8,swasthya-demand-v1.0
DH-KA-BEN-001,MED-RAB-VAC,2026-09-03,1.0,0,1383.8,swasthya-demand-v1.0
DH-KA-BEN-001,MED-RAB-VAC,2026-09-04,1.0,0,1382.8,swasthya-demand-v1.0
DH-KA-BEN-001,MED-RAB-VAC,2026-09-05,1.0,0,1381.8,swasthya-demand-v1.0
DH-KA-BEN-001,MED-RAB-VAC,2026-09-06,1.0,0,1380.8,swasthya-demand-v1.0
DH-KA-BEN-001,MED-RAB-VAC,2026-09-07,6.4,0,1374.4,swasthya-demand-v1.0
DH-KA-BEN-001,MED-RAB-VAC,2026-09-08,1.0,0,1373.4,swasthya-demand-v1.0
DH-KA-BEN-001,MED-RAB-VAC,2026-09-09,1.0,0,1372.4,swasthya-demand-v1.0
DH-KA-BEN-001,MED-RAB-VAC,2026-09-10,1.0,0,1371.4,swasthya-demand-v1.0
DH-KA-BEN-001,MED-ASV-VIAL,2026-08-28,1.0,0,0.0,swasthya-demand-v1.0
DH-KA-BEN-001,MED-ASV-VIAL,2026-08-29,1.0,0,0.0,swasthya-demand-v1.0
DH-KA-BEN-001,MED-ASV-VIAL,2026-08-30,1.0,518,515.0,swasthya-demand-v1.0
DH-KA-BEN-001,MED-ASV-VIAL,2026-08-31,7.7,0,507.3,swasthya-demand-v1.0
DH-KA-BEN-001,MED-ASV-VIAL,2026-09-01,1.0,0,506.3,swasthya-demand-v1.0
DH-KA-BEN-001,MED-ASV-VIAL,2026-09-02,1.0,0,505.3,swasthya-demand-v1.0
DH-KA-BEN-001,MED-ASV-VIAL,2026-09-03,1.0,0,504.3,swasthya-demand-v1.0
DH-KA-BEN-001,MED-ASV-VIAL,2026-09-04,1.0,0,503.3,swasthya-demand-v1.0
DH-KA-BEN-001,MED-ASV-VIAL,2026-09-05,1.0,0,502.3,swasthya-demand-v1.0
DH-KA-BEN-001,MED-ASV-VIAL,2026-09-06,1.0,0,501.3,swasthya-demand-v1.0
DH-KA-BEN-001,MED-ASV-VIAL,2026-09-07,8.5,0,492.8,swasthya-demand-v1.0
DH-KA-BEN-001,MED-ASV-VIAL,2026-09-08,1.0,0,491.8,swasthya-demand-v1.0
DH-KA-BEN-001,MED-ASV-VIAL,2026-09-09,1.0,0,490.8,swasthya-demand-v1.0
DH-KA-BEN-001,MED-ASV-VIAL,2026-09-10,1.0,0,489.8,swasthya-demand-v1.0
DH-KA-BEN-001,MED-INS-REG,2026-08-28,114.9,1764,1649.1,swasthya-demand-v1.0
DH-KA-BEN-001,MED-INS-REG,2026-08-29,79.5,0,1569.6,swasthya-demand-v1.0
DH-KA-BEN-001,MED-INS-REG,2026-08-30,35.3,0,1534.3,swasthya-demand-v1.0
DH-KA-BEN-001,MED-INS-REG,2026-08-31,74.7,0,1459.6,swasthya-demand-v1.0
DH-KA-BEN-001,MED-INS-REG,2026-09-01,37.0,0,1422.6,swasthya-demand-v1.0
DH-KA-BEN-001,MED-INS-REG,2026-09-02,11.0,0,1411.6,swasthya-demand-v1.0
DH-KA-BEN-001,MED-INS-REG,2026-09-03,1.0,0,1410.6,swasthya-demand-v1.0
DH-KA-BEN-001,MED-INS-REG,2026-09-04,1.0,0,1409.6,swasthya-demand-v1.0
DH-KA-BEN-001,MED-INS-REG,2026-09-05,1.0,0,1408.6,swasthya-demand-v1.0
DH-KA-BEN-001,MED-INS-REG,2026-09-06,1.0,0,1407.6,swasthya-demand-v1.0
DH-KA-BEN-001,MED-INS-REG,2026-09-07,5.2,0,1402.4,swasthya-demand-v1.0
DH-KA-BEN-001,MED-INS-REG,2026-09-08,1.0,0,1401.4,swasthya-demand-v1.0
DH-KA-BEN-001,MED-INS-REG,2026-09-09,1.0,0,1400.4,swasthya-demand-v1.0
DH-KA-BEN-001,MED-INS-REG,2026-09-10,1.0,0,1399.4,swasthya-demand-v1.0
DH-KA-BEN-001,MED-MET-500,2026-08-28,878.4,11046,10167.6,swasthya-demand-v1.0
DH-KA-BEN-001,MED-MET-500,2026-08-29,825.4,0,9342.2,swasthya-demand-v1.0
DH-KA-BEN-001,MED-MET-500,2026-08-30,751.9,0,8590.3,swasthya-demand-v1.0
DH-KA-BEN-001,MED-MET-500,2026-08-31,744.2,0,7846.1,swasthya-demand-v1.0
DH-KA-BEN-001,MED-MET-500,2026-09-01,678.0,0,7168.1,swasthya-demand-v1.0
DH-KA-BEN-001,MED-MET-500,2026-09-02,619.7,0,6548.4,swasthya-demand-v1.0
DH-KA-BEN-001,MED-MET-500,2026-09-03,566.0,0,5982.4,swasthya-demand-v1.0
DH-KA-BEN-001,MED-MET-500,2026-09-04,499.7,0,5482.7,swasthya-demand-v1.0
DH-KA-BEN-001,MED-MET-500,2026-09-05,432.7,0,5050.0,swasthya-demand-v1.0
DH-KA-BEN-001,MED-MET-500,2026-09-06,363.1,0,4686.9,swasthya-demand-v1.0
DH-KA-BEN-001,MED-MET-500,2026-09-07,388.7,0,4298.2,swasthya-demand-v1.0
DH-KA-BEN-001,MED-MET-500,2026-09-08,331.0,0,3967.2,swasthya-demand-v1.0
DH-KA-BEN-001,MED-MET-500,2026-09-09,287.7,0,3679.5,swasthya-demand-v1.0
DH-KA-BEN-001,MED-MET-500,2026-09-10,252.6,0,3426.9,swasthya-demand-v1.0
DH-KA-BEN-001,MED-OXY-AMP,2026-08-28,137.1,2198,2060.9,swasthya-demand-v1.0
DH-KA-BEN-001,MED-OXY-AMP,2026-08-29,102.1,0,1958.8,swasthya-demand-v1.0
DH-KA-BEN-001,MED-OXY-AMP,2026-08-30,55.9,0,1902.9,swasthya-demand-v1.0
DH-KA-BEN-001,MED-OXY-AMP,2026-08-31,93.9,0,1809.0,swasthya-demand-v1.0
DH-KA-BEN-001,MED-OXY-AMP,2026-09-01,55.4,0,1753.6,swasthya-demand-v1.0
DH-KA-BEN-001,MED-OXY-AMP,2026-09-02,28.1,0,1725.5,swasthya-demand-v1.0
DH-KA-BEN-001,MED-OXY-AMP,2026-09-03,6.5,0,1719.0,swasthya-demand-v1.0
DH-KA-BEN-001,MED-OXY-AMP,2026-09-04,1.0,0,1718.0,swasthya-demand-v1.0
DH-KA-BEN-001,MED-OXY-AMP,2026-09-05,1.0,0,1717.0,swasthya-demand-v1.0
DH-KA-BEN-001,MED-OXY-AMP,2026-09-06,1.0,0,1716.0,swasthya-demand-v1.0
DH-KA-BEN-001,MED-OXY-AMP,2026-09-07,4.5,0,1711.5,swasthya-demand-v1.0
DH-KA-BEN-001,MED-OXY-AMP,2026-09-08,1.0,0,1710.5,swasthya-demand-v1.0
DH-KA-BEN-001,MED-OXY-AMP,2026-09-09,1.0,0,1709.5,swasthya-demand-v1.0
DH-KA-BEN-001,MED-OXY-AMP,2026-09-10,1.0,0,1708.5,swasthya-demand-v1.0
DH-KA-BEN-001,MED-MGS-50,2026-08-28,38.4,0,0.0,swasthya-demand-v1.0
DH-KA-BEN-001,MED-MGS-50,2026-08-29,8.4,1092,1045.2,swasthya-demand-v1.0
DH-KA-BEN-001,MED-MGS-50,2026-08-30,1.0,0,1044.2,swasthya-demand-v1.0
DH-KA-BEN-001,MED-MGS-50,2026-08-31,20.2,0,1024.0,swasthya-demand-v1.0
DH-KA-BEN-001,MED-MGS-50,2026-09-01,1.0,0,1023.0,swasthya-demand-v1.0
DH-KA-BEN-001,MED-MGS-50,2026-09-02,1.0,0,1022.0,swasthya-demand-v1.0
DH-KA-BEN-001,MED-MGS-50,2026-09-03,1.0,0,1021.0,swasthya-demand-v1.0
DH-KA-BEN-001,MED-MGS-50,2026-09-04,1.0,0,1020.0,swasthya-demand-v1.0
DH-KA-BEN-001,MED-MGS-50,2026-09-05,1.0,0,1019.0,swasthya-demand-v1.0
DH-KA-BEN-001,MED-MGS-50,2026-09-06,1.0,0,1018.0,swasthya-demand-v1.0
DH-KA-BEN-001,MED-MGS-50,2026-09-07,7.5,0,1010.5,swasthya-demand-v1.0
DH-KA-BEN-001,MED-MGS-50,2026-09-08,1.0,0,1009.5,swasthya-demand-v1.0
DH-KA-BEN-001,MED-MGS-50,2026-09-09,1.0,0,1008.5,swasthya-demand-v1.0
DH-KA-BEN-001,MED-MGS-50,2026-09-10,1.0,0,1007.5,swasthya-demand-v1.0
DH-KA-BEN-001,MED-IVF-NS500,2026-08-28,491.7,0,0.0,swasthya-demand-v1.0
DH-KA-BEN-001,MED-IVF-NS500,2026-08-29,450.2,0,0.0,swasthya-demand-v1.0
DH-KA-BEN-001,MED-IVF-NS500,2026-08-30,403.3,6622,5276.8,swasthya-demand-v1.0
DH-KA-BEN-001,MED-IVF-NS500,2026-08-31,410.1,0,4866.7,swasthya-demand-v1.0
DH-KA-BEN-001,MED-IVF-NS500,2026-09-01,359.8,0,4506.9,swasthya-demand-v1.0
DH-KA-BEN-001,MED-IVF-NS500,2026-09-02,319.0,0,4187.9,swasthya-demand-v1.0
DH-KA-BEN-001,MED-IVF-NS500,2026-09-03,280.1,0,3907.8,swasthya-demand-v1.0
DH-KA-BEN-001,MED-IVF-NS500,2026-09-04,228.7,0,3679.1,swasthya-demand-v1.0
DH-KA-BEN-001,MED-IVF-NS500,2026-09-05,176.0,0,3503.1,swasthya-demand-v1.0
DH-KA-BEN-001,MED-IVF-NS500,2026-09-06,119.6,0,3383.5,swasthya-demand-v1.0
DH-KA-BEN-001,MED-IVF-NS500,2026-09-07,157.8,0,3225.7,swasthya-demand-v1.0
DH-KA-BEN-001,MED-IVF-NS500,2026-09-08,112.0,0,3113.7,swasthya-demand-v1.0
DH-KA-BEN-001,MED-IVF-NS500,2026-09-09,80.0,0,3033.7,swasthya-demand-v1.0
DH-KA-BEN-001,MED-IVF-NS500,2026-09-10,55.6,0,2978.1,swasthya-demand-v1.0
DH-KA-BEN-001,MED-IVF-RL500,2026-08-28,399.2,5306,4906.8,swasthya-demand-v1.0
DH-KA-BEN-001,MED-IVF-RL500,2026-08-29,350.0,0,4556.8,swasthya-demand-v1.0
DH-KA-BEN-001,MED-IVF-RL500,2026-08-30,298.1,0,4258.7,swasthya-demand-v1.0
DH-KA-BEN-001,MED-IVF-RL500,2026-08-31,318.5,0,3940.2,swasthya-demand-v1.0
DH-KA-BEN-001,MED-IVF-RL500,2026-09-01,268.9,0,3671.3,swasthya-demand-v1.0
DH-KA-BEN-001,MED-IVF-RL500,2026-09-02,231.1,0,3440.2,swasthya-demand-v1.0
DH-KA-BEN-001,MED-IVF-RL500,2026-09-03,197.6,0,3242.6,swasthya-demand-v1.0
DH-KA-BEN-001,MED-IVF-RL500,2026-09-04,148.9,0,3093.7,swasthya-demand-v1.0
DH-KA-BEN-001,MED-IVF-RL500,2026-09-05,99.8,0,2993.9,swasthya-demand-v1.0
DH-KA-BEN-001,MED-IVF-RL500,2026-09-06,47.2,0,2946.7,swasthya-demand-v1.0
DH-KA-BEN-001,MED-IVF-RL500,2026-09-07,88.8,0,2857.9,swasthya-demand-v1.0
DH-KA-BEN-001,MED-IVF-RL500,2026-09-08,46.3,0,2811.6,swasthya-demand-v1.0
DH-KA-BEN-001,MED-IVF-RL500,2026-09-09,17.8,0,2793.8,swasthya-demand-v1.0
DH-KA-BEN-001,MED-IVF-RL500,2026-09-10,1.0,0,2792.8,swasthya-demand-v1.0
DH-KA-BEN-001,MED-IVF-D5500,2026-08-28,266.3,3528,3261.7,swasthya-demand-v1.0
DH-KA-BEN-001,MED-IVF-D5500,2026-08-29,224.1,0,3037.6,swasthya-demand-v1.0
DH-KA-BEN-001,MED-IVF-D5500,2026-08-30,176.1,0,2861.5,swasthya-demand-v1.0
DH-KA-BEN-001,MED-IVF-D5500,2026-08-31,205.9,0,2655.6,swasthya-demand-v1.0
DH-KA-BEN-001,MED-IVF-D5500,2026-09-01,162.0,0,2493.6,swasthya-demand-v1.0
DH-KA-BEN-001,MED-IVF-D5500,2026-09-02,130.0,0,2363.6,swasthya-demand-v1.0
DH-KA-BEN-001,MED-IVF-D5500,2026-09-03,102.7,0,2260.9,swasthya-demand-v1.0
DH-KA-BEN-001,MED-IVF-D5500,2026-09-04,59.1,0,2201.8,swasthya-demand-v1.0
DH-KA-BEN-001,MED-IVF-D5500,2026-09-05,15.0,0,2186.8,swasthya-demand-v1.0
DH-KA-BEN-001,MED-IVF-D5500,2026-09-06,1.0,0,2185.8,swasthya-demand-v1.0
DH-KA-BEN-001,MED-IVF-D5500,2026-09-07,23.6,0,2162.2,swasthya-demand-v1.0
DH-KA-BEN-001,MED-IVF-D5500,2026-09-08,1.0,0,2161.2,swasthya-demand-v1.0
DH-KA-BEN-001,MED-IVF-D5500,2026-09-09,1.0,0,2160.2,swasthya-demand-v1.0
DH-KA-BEN-001,MED-IVF-D5500,2026-09-10,1.0,0,2159.2,swasthya-demand-v1.0
DH-KA-BEN-001,MED-ART-60,2026-08-28,59.1,0,0.0,swasthya-demand-v1.0
DH-KA-BEN-001,MED-ART-60,2026-08-29,32.0,0,0.0,swasthya-demand-v1.0
DH-KA-BEN-001,MED-ART-60,2026-08-30,1.0,0,0.0,swasthya-demand-v1.0
DH-KA-BEN-001,MED-ART-60,2026-08-31,32.7,1316,1191.2,swasthya-demand-v1.0
DH-KA-BEN-001,MED-ART-60,2026-09-01,1.0,0,1190.2,swasthya-demand-v1.0
DH-KA-BEN-001,MED-ART-60,2026-09-02,1.0,0,1189.2,swasthya-demand-v1.0
DH-KA-BEN-001,MED-ART-60,2026-09-03,1.0,0,1188.2,swasthya-demand-v1.0
DH-KA-BEN-001,MED-ART-60,2026-09-04,1.0,0,1187.2,swasthya-demand-v1.0
DH-KA-BEN-001,MED-ART-60,2026-09-05,1.0,0,1186.2,swasthya-demand-v1.0
DH-KA-BEN-001,MED-ART-60,2026-09-06,1.0,0,1185.2,swasthya-demand-v1.0
DH-KA-BEN-001,MED-ART-60,2026-09-07,6.8,0,1178.4,swasthya-demand-v1.0
DH-KA-BEN-001,MED-ART-60,2026-09-08,1.0,0,1177.4,swasthya-demand-v1.0
DH-KA-BEN-001,MED-ART-60,2026-09-09,1.0,0,1176.4,swasthya-demand-v1.0
DH-KA-BEN-001,MED-ART-60,2026-09-10,1.0,0,1175.4,swasthya-demand-v1.0
DH-KA-BEN-001,MED-ALB-400,2026-08-28,266.5,0,0.0,swasthya-demand-v1.0
DH-KA-BEN-001,MED-ALB-400,2026-08-29,231.3,0,0.0,swasthya-demand-v1.0
DH-KA-BEN-001,MED-ALB-400,2026-08-30,186.5,0,0.0,swasthya-demand-v1.0
DH-KA-BEN-001,MED-ALB-400,2026-08-31,211.8,3528,2631.9,swasthya-demand-v1.0
DH-KA-BEN-001,MED-ALB-400,2026-09-01,169.7,0,2462.2,swasthya-demand-v1.0
DH-KA-BEN-001,MED-ALB-400,2026-09-02,137.7,0,2324.5,swasthya-demand-v1.0
DH-KA-BEN-001,MED-ALB-400,2026-09-03,109.6,0,2214.9,swasthya-demand-v1.0
DH-KA-BEN-001,MED-ALB-400,2026-09-04,66.3,0,2148.6,swasthya-demand-v1.0
DH-KA-BEN-001,MED-ALB-400,2026-09-05,22.0,0,2126.6,swasthya-demand-v1.0
DH-KA-BEN-001,MED-ALB-400,2026-09-06,1.0,0,2125.6,swasthya-demand-v1.0
DH-KA-BEN-001,MED-ALB-400,2026-09-07,28.0,0,2097.6,swasthya-demand-v1.0
DH-KA-BEN-001,MED-ALB-400,2026-09-08,1.0,0,2096.6,swasthya-demand-v1.0
DH-KA-BEN-001,MED-ALB-400,2026-09-09,1.0,0,2095.6,swasthya-demand-v1.0
DH-KA-BEN-001,MED-ALB-400,2026-09-10,1.0,0,2094.6,swasthya-demand-v1.0
DH-KA-BEN-001,MED-IFA-TAB,2026-08-28,1041.8,0,0.0,swasthya-demand-v1.0
DH-KA-BEN-001,MED-IFA-TAB,2026-08-29,1004.8,0,0.0,swasthya-demand-v1.0
DH-KA-BEN-001,MED-IFA-TAB,2026-08-30,917.3,0,0.0,swasthya-demand-v1.0
DH-KA-BEN-001,MED-IFA-TAB,2026-08-31,897.1,12376,8515.0,swasthya-demand-v1.0
DH-KA-BEN-001,MED-IFA-TAB,2026-09-01,827.7,0,7687.3,swasthya-demand-v1.0
DH-KA-BEN-001,MED-IFA-TAB,2026-09-02,760.6,0,6926.7,swasthya-demand-v1.0
DH-KA-BEN-001,MED-IFA-TAB,2026-09-03,699.4,0,6227.3,swasthya-demand-v1.0
DH-KA-BEN-001,MED-IFA-TAB,2026-09-04,627.3,0,5600.0,swasthya-demand-v1.0
DH-KA-BEN-001,MED-IFA-TAB,2026-09-05,553.5,0,5046.5,swasthya-demand-v1.0
DH-KA-BEN-001,MED-IFA-TAB,2026-09-06,477.8,0,4568.7,swasthya-demand-v1.0
DH-KA-BEN-001,MED-IFA-TAB,2026-09-07,497.8,0,4070.9,swasthya-demand-v1.0
DH-KA-BEN-001,MED-IFA-TAB,2026-09-08,434.6,0,3636.3,swasthya-demand-v1.0
DH-KA-BEN-001,MED-IFA-TAB,2026-09-09,385.7,0,3250.6,swasthya-demand-v1.0
DH-KA-BEN-001,MED-IFA-TAB,2026-09-10,345.7,0,2904.9,swasthya-demand-v1.0
