alert_id,severity,alert_type,facility_id,facility_name,resource_id,resource_name,evidence_summary,projected_impact,recommended_next_step,created_at,status
ALT-MED-0954623B,CRITICAL,MEDICINE_STOCKOUT_RISK,PHC-BR-PAT-001,PHC Bakhtiyarpur,MED-PCM-500,Paracetamol,Current Physical Stock: 0 units | Predicted 7-Day Burn Rate: 21.0 units/day | Safety Stock Threshold: 157 units | DOSA: 0.0 days | Projected stock-out in ~1 days (2026-08-28).,Immediate stock-out expected in ~1.0 days (DOSA: 0.0d). High risk of treatment failure for acute patients.,Authorize emergency redistribution transfer from nearest surplus facility in district.,2026-08-23T15:49:25.634021+00:00,ACTIVE
ALT-MED-67C5D50C,CRITICAL,MEDICINE_STOCKOUT_RISK,PHC-BR-PAT-001,PHC Bakhtiyarpur,MED-PCM-SYR,Paracetamol Paediatric Syrup,Current Physical Stock: 0 units | Predicted 7-Day Burn Rate: 1.9 units/day | Safety Stock Threshold: 14 units | DOSA: 0.0 days | Projected stock-out in ~1 days (2026-08-28).,Immediate stock-out expected in ~1.0 days (DOSA: 0.0d). High risk of treatment failure for acute patients.,Authorize emergency redistribution transfer from nearest surplus facility in district.,2026-08-23T15:49:25.634040+00:00,ACTIVE
ALT-MED-AFEB130C,CRITICAL,MEDICINE_STOCKOUT_RISK,PHC-BR-PAT-001,PHC Bakhtiyarpur,MED-AMX-500,Amoxicillin,Current Physical Stock: 0 units | Predicted 7-Day Burn Rate: 2.7 units/day | Safety Stock Threshold: 18 units | DOSA: 0.0 days | Projected stock-out in ~1 days (2026-08-28).,Immediate stock-out expected in ~1.0 days (DOSA: 0.0d). High risk of treatment failure for acute patients.,Authorize emergency redistribution transfer from nearest surplus facility in district.,2026-08-23T15:49:25.634050+00:00,ACTIVE
ALT-MED-BAB898A1,CRITICAL,MEDICINE_STOCKOUT_RISK,PHC-BR-PAT-001,PHC Bakhtiyarpur,MED-AMC-625,Amoxicillin + Clavulanic Acid,Current Physical Stock: 0 units | Predicted 7-Day Burn Rate: 2.0 units/day | Safety Stock Threshold: 15 units | DOSA: 0.0 days | Projected stock-out in ~1 days (2026-08-28).,Immediate stock-out expected in ~1.0 days (DOSA: 0.0d). High risk of treatment failure for acute patients.,Authorize emergency redistribution transfer from nearest surplus facility in district.,2026-08-23T15:49:25.634057+00:00,ACTIVE
ALT-MED-51302D37,CRITICAL,MEDICINE_STOCKOUT_RISK,PHC-BR-PAT-001,PHC Bakhtiyarpur,MED-ORS-SFT,Oral Rehydration Salts (WHO Formula),Current Physical Stock: 0 units | Predicted 7-Day Burn Rate: 10.9 units/day | Safety Stock Threshold: 86 units | DOSA: 0.0 days | Projected stock-out in ~1 days (2026-08-28).,Immediate stock-out expected in ~1.0 days (DOSA: 0.0d). High risk of treatment failure for acute patients.,Authorize emergency redistribution transfer from nearest surplus facility in district.,2026-08-23T15:49:25.634064+00:00,ACTIVE
ALT-MED-179801ED,CRITICAL,MEDICINE_STOCKOUT_RISK,PHC-BR-PAT-001,PHC Bakhtiyarpur,MED-ZNC-20,Zinc Sulfate Dispersible,Current Physical Stock: 0 units | Predicted 7-Day Burn Rate: 2.0 units/day | Safety Stock Threshold: 15 units | DOSA: 0.0 days | Projected stock-out in ~1 days (2026-08-28).,Immediate stock-out expected in ~1.0 days (DOSA: 0.0d). High risk of treatment failure for acute patients.,Authorize emergency redistribution transfer from nearest surplus facility in district.,2026-08-23T15:49:25.634070+00:00,ACTIVE
ALT-MED-9D9F72BC,CRITICAL,MEDICINE_STOCKOUT_RISK,PHC-BR-PAT-001,PHC Bakhtiyarpur,MED-AZI-500,Azithromycin,Current Physical Stock: 0 units | Predicted 7-Day Burn Rate: 2.1 units/day | Safety Stock Threshold: 16 units | DOSA: 0.0 days | Adequate stock coverage for >14 days (DOSA: 0.0 days).,Immediate stock-out expected in < 1 days (DOSA: 0.0d). High risk of treatment failure for acute patients.,Authorize emergency redistribution transfer from nearest surplus facility in district.,2026-08-23T15:49:25.634077+00:00,ACTIVE
ALT-MED-A1EC4933,WARNING,MEDICINE_STOCKOUT_RISK,PHC-BR-PAT-001,PHC Bakhtiyarpur,MED-CTX-1G,Ceftriaxone,Current Physical Stock: 16 units | Predicted 7-Day Burn Rate: 2.1 units/day | Safety Stock Threshold: 16 units | DOSA: 7.6 days | Adequate stock coverage for >14 days (DOSA: 7.57 days).,Stock has fallen below calculated safety buffer (16 units).,Verify scheduled routine replenishment orders.,2026-08-23T15:49:25.634084+00:00,ACTIVE
ALT-MED-EFE98CEC,CRITICAL,MEDICINE_STOCKOUT_RISK,PHC-BR-PAT-001,PHC Bakhtiyarpur,MED-MET-500,Metformin Hydrochloride,Current Physical Stock: 0 units | Predicted 7-Day Burn Rate: 1.9 units/day | Safety Stock Threshold: 14 units | DOSA: 0.0 days | Projected stock-out in ~1 days (2026-08-28).,Immediate stock-out expected in ~1.0 days (DOSA: 0.0d). High risk of treatment failure for acute patients.,Authorize emergency redistribution transfer from nearest surplus facility in district.,2026-08-23T15:49:25.634092+00:00,ACTIVE
ALT-MED-5C0B328D,CRITICAL,MEDICINE_STOCKOUT_RISK,PHC-BR-PAT-001,PHC Bakhtiyarpur,MED-IVF-NS500,Normal Saline (0.9% Sodium Chloride),Current Physical Stock: 0 units | Predicted 7-Day Burn Rate: 2.0 units/day | Safety Stock Threshold: 15 units | DOSA: 0.0 days | Adequate stock coverage for >14 days (DOSA: 0.0 days).,Immediate stock-out expected in < 1 days (DOSA: 0.0d). High risk of treatment failure for acute patients.,Authorize emergency redistribution transfer from nearest surplus facility in district.,2026-08-23T15:49:25.634098+00:00,ACTIVE
ALT-MED-EF2645FC,CRITICAL,MEDICINE_STOCKOUT_RISK,PHC-BR-PAT-001,PHC Bakhtiyarpur,MED-IVF-RL500,Ringer's Lactate (Compound Sodium Lactate),Current Physical Stock: 0 units | Predicted 7-Day Burn Rate: 2.1 units/day | Safety Stock Threshold: 16 units | DOSA: 0.0 days | Projected stock-out in ~1 days (2026-08-28).,Immediate stock-out expected in ~1.0 days (DOSA: 0.0d). High risk of treatment failure for acute patients.,Authorize emergency redistribution transfer from nearest surplus facility in district.,2026-08-23T15:49:25.634103+00:00,ACTIVE
ALT-MED-BB25AE0C,WARNING,MEDICINE_STOCKOUT_RISK,PHC-BR-PAT-001,PHC Bakhtiyarpur,MED-IVF-D5500,Dextrose 5% in Water,Current Physical Stock: 15 units | Predicted 7-Day Burn Rate: 2.1 units/day | Safety Stock Threshold: 16 units | DOSA: 7.1 days | Adequate stock coverage for >14 days (DOSA: 7.09 days).,Stock has fallen below calculated safety buffer (16 units).,Verify scheduled routine replenishment orders.,2026-08-23T15:49:25.634110+00:00,ACTIVE
ALT-MED-CFFBA019,WARNING,MEDICINE_STOCKOUT_RISK,PHC-BR-PAT-001,PHC Bakhtiyarpur,MED-ALB-400,Albendazole,Current Physical Stock: 17 units | Predicted 7-Day Burn Rate: 2.1 units/day | Safety Stock Threshold: 17 units | DOSA: 8.0 days | Adequate stock coverage for >14 days (DOSA: 7.99 days).,Stock has fallen below calculated safety buffer (17 units).,Verify scheduled routine replenishment orders.,2026-08-23T15:49:25.634116+00:00,ACTIVE
ALT-MED-9B8A1E09,CRITICAL,MEDICINE_STOCKOUT_RISK,PHC-BR-PAT-001,PHC Bakhtiyarpur,MED-IFA-TAB,Iron & Folic Acid (IFA),Current Physical Stock: 0 units | Predicted 7-Day Burn Rate: 3.8 units/day | Safety Stock Threshold: 28 units | DOSA: 0.0 days | Projected stock-out in ~1 days (2026-08-28).,Immediate stock-out expected in ~1.0 days (DOSA: 0.0d). High risk of treatment failure for acute patients.,Authorize emergency redistribution transfer from nearest surplus facility in district.,2026-08-23T15:49:25.634122+00:00,ACTIVE
ALT-MED-4AA80D48,CRITICAL,MEDICINE_STOCKOUT_RISK,PHC-BR-PAT-002,PHC Danapur,MED-PCM-500,Paracetamol,Current Physical Stock: 0 units | Predicted 7-Day Burn Rate: 46.5 units/day | Safety Stock Threshold: 284 units | DOSA: 0.0 days | Adequate stock coverage for >14 days (DOSA: 0.0 days).,Immediate stock-out expected in < 1 days (DOSA: 0.0d). High risk of treatment failure for acute patients.,Authorize emergency redistribution transfer from nearest surplus facility in district.,2026-08-23T15:49:25.634128+00:00,ACTIVE
ALT-MED-727743D8,CRITICAL,MEDICINE_STOCKOUT_RISK,PHC-BR-PAT-002,PHC Danapur,MED-PCM-SYR,Paracetamol Paediatric Syrup,Current Physical Stock: 0 units | Predicted 7-Day Burn Rate: 4.6 units/day | Safety Stock Threshold: 36 units | DOSA: 0.0 days | Projected stock-out in ~1 days (2026-08-28).,Immediate stock-out expected in ~1.0 days (DOSA: 0.0d). High risk of treatment failure for acute patients.,Authorize emergency redistribution transfer from nearest surplus facility in district.,2026-08-23T15:49:25.634134+00:00,ACTIVE
ALT-MED-A44D2E42,CRITICAL,MEDICINE_STOCKOUT_RISK,PHC-BR-PAT-002,PHC Danapur,MED-AMX-500,Amoxicillin,Current Physical Stock: 0 units | Predicted 7-Day Burn Rate: 8.3 units/day | Safety Stock Threshold: 71 units | DOSA: 0.0 days | Adequate stock coverage for >14 days (DOSA: 0.0 days).,Immediate stock-out expected in < 1 days (DOSA: 0.0d). High risk of treatment failure for acute patients.,Authorize emergency redistribution transfer from nearest surplus facility in district.,2026-08-23T15:49:25.634140+00:00,ACTIVE
ALT-MED-E75ABA85,CRITICAL,MEDICINE_STOCKOUT_RISK,PHC-BR-PAT-002,PHC Danapur,MED-AMC-625,Amoxicillin + Clavulanic Acid,Current Physical Stock: 0 units | Predicted 7-Day Burn Rate: 2.0 units/day | Safety Stock Threshold: 15 units | DOSA: 0.0 days | Projected stock-out in ~1 days (2026-08-28).,Immediate stock-out expected in ~1.0 days (DOSA: 0.0d). High risk of treatment failure for acute patients.,Authorize emergency redistribution transfer from nearest surplus facility in district.,2026-08-23T15:49:25.634146+00:00,ACTIVE
ALT-MED-D0ECEDF5,CRITICAL,MEDICINE_STOCKOUT_RISK,PHC-BR-PAT-002,PHC Danapur,MED-ORS-SFT,Oral Rehydration Salts (WHO Formula),Current Physical Stock: 0 units | Predicted 7-Day Burn Rate: 17.5 units/day | Safety Stock Threshold: 135 units | DOSA: 0.0 days | Projected stock-out in ~1 days (2026-08-28).,Immediate stock-out expected in ~1.0 days (DOSA: 0.0d). High risk of treatment failure for acute patients.,Authorize emergency redistribution transfer from nearest surplus facility in district.,2026-08-23T15:49:25.634152+00:00,ACTIVE
ALT-MED-90DBE01B,CRITICAL,MEDICINE_STOCKOUT_RISK,PHC-BR-PAT-002,PHC Danapur,MED-ZNC-20,Zinc Sulfate Dispersible,Current Physical Stock: 0 units | Predicted 7-Day Burn Rate: 1.9 units/day | Safety Stock Threshold: 14 units | DOSA: 0.0 days | Projected stock-out in ~1 days (2026-08-28).,Immediate stock-out expected in ~1.0 days (DOSA: 0.0d). High risk of treatment failure for acute patients.,Authorize emergency redistribution transfer from nearest surplus facility in district.,2026-08-23T15:49:25.634158+00:00,ACTIVE
ALT-MED-C5832F6C,CRITICAL,MEDICINE_STOCKOUT_RISK,PHC-BR-PAT-002,PHC Danapur,MED-AZI-500,Azithromycin,Current Physical Stock: 0 units | Predicted 7-Day Burn Rate: 2.0 units/day | Safety Stock Threshold: 15 units | DOSA: 0.0 days | Adequate stock coverage for >14 days (DOSA: 0.0 days).,Immediate stock-out expected in < 1 days (DOSA: 0.0d). High risk of treatment failure for acute patients.,Authorize emergency redistribution transfer from nearest surplus facility in district.,2026-08-23T15:49:25.634164+00:00,ACTIVE
ALT-MED-8ABBFBF1,CRITICAL,MEDICINE_STOCKOUT_RISK,PHC-BR-PAT-002,PHC Danapur,MED-CTX-1G,Ceftriaxone,Current Physical Stock: 0 units | Predicted 7-Day Burn Rate: 2.1 units/day | Safety Stock Threshold: 16 units | DOSA: 0.0 days | Projected stock-out in ~1 days (2026-08-28).,Immediate stock-out expected in ~1.0 days (DOSA: 0.0d). High risk of treatment failure for acute patients.,Authorize emergency redistribution transfer from nearest surplus facility in district.,2026-08-23T15:49:25.634169+00:00,ACTIVE
ALT-MED-71B4A3A2,CRITICAL,MEDICINE_STOCKOUT_RISK,PHC-BR-PAT-002,PHC Danapur,MED-MET-500,Metformin Hydrochloride,Current Physical Stock: 0 units | Predicted 7-Day Burn Rate: 5.7 units/day | Safety Stock Threshold: 46 units | DOSA: 0.0 days | Projected stock-out in ~1 days (2026-08-28).,Immediate stock-out expected in ~1.0 days (DOSA: 0.0d). High risk of treatment failure for acute patients.,Authorize emergency redistribution transfer from nearest surplus facility in district.,2026-08-23T15:49:25.634176+00:00,ACTIVE
ALT-MED-898985D3,CRITICAL,MEDICINE_STOCKOUT_RISK,PHC-BR-PAT-002,PHC Danapur,MED-IVF-NS500,Normal Saline (0.9% Sodium Chloride),Current Physical Stock: 0 units | Predicted 7-Day Burn Rate: 2.9 units/day | Safety Stock Threshold: 20 units | DOSA: 0.0 days | Adequate stock coverage for >14 days (DOSA: 0.0 days).,Immediate stock-out expected in < 1 days (DOSA: 0.0d). High risk of treatment failure for acute patients.,Authorize emergency redistribution transfer from nearest surplus facility in district.,2026-08-23T15:49:25.634183+00:00,ACTIVE
ALT-MED-56AE0D14,CRITICAL,MEDICINE_STOCKOUT_RISK,PHC-BR-PAT-002,PHC Danapur,MED-IVF-RL500,Ringer's Lactate (Compound Sodium Lactate),Current Physical Stock: 0 units | Predicted 7-Day Burn Rate: 2.0 units/day | Safety Stock Threshold: 15 units | DOSA: 0.0 days | Projected stock-out in ~1 days (2026-08-28).,Immediate stock-out expected in ~1.0 days (DOSA: 0.0d). High risk of treatment failure for acute patients.,Authorize emergency redistribution transfer from nearest surplus facility in district.,2026-08-23T15:49:25.634189+00:00,ACTIVE
ALT-MED-34C19EB8,CRITICAL,MEDICINE_STOCKOUT_RISK,PHC-BR-PAT-002,PHC Danapur,MED-IVF-D5500,Dextrose 5% in Water,Current Physical Stock: 0 units | Predicted 7-Day Burn Rate: 2.1 units/day | Safety Stock Threshold: 16 units | DOSA: 0.0 days | Adequate stock coverage for >14 days (DOSA: 0.0 days).,Immediate stock-out expected in < 1 days (DOSA: 0.0d). High risk of treatment failure for acute patients.,Authorize emergency redistribution transfer from nearest surplus facility in district.,2026-08-23T15:49:25.634195+00:00,ACTIVE
ALT-MED-99AA9780,CRITICAL,MEDICINE_STOCKOUT_RISK,PHC-BR-PAT-002,PHC Danapur,MED-ALB-400,Albendazole,Current Physical Stock: 0 units | Predicted 7-Day Burn Rate: 2.1 units/day | Safety Stock Threshold: 16 units | DOSA: 0.0 days | Projected stock-out in ~1 days (2026-08-28).,Immediate stock-out expected in ~1.0 days (DOSA: 0.0d). High risk of treatment failure for acute patients.,Authorize emergency redistribution transfer from nearest surplus facility in district.,2026-08-23T15:49:25.634201+00:00,ACTIVE
ALT-MED-92F71B89,CRITICAL,MEDICINE_STOCKOUT_RISK,PHC-BR-PAT-002,PHC Danapur,MED-IFA-TAB,Iron & Folic Acid (IFA),Current Physical Stock: 0 units | Predicted 7-Day Burn Rate: 7.1 units/day | Safety Stock Threshold: 59 units | DOSA: 0.0 days | Adequate stock coverage for >14 days (DOSA: 0.0 days).,Immediate stock-out expected in < 1 days (DOSA: 0.0d). High risk of treatment failure for acute patients.,Authorize emergency redistribution transfer from nearest surplus facility in district.,2026-08-23T15:49:25.634206+00:00,ACTIVE
ALT-MED-658C49C2,CRITICAL,MEDICINE_STOCKOUT_RISK,PHC-BR-PAT-003,PHC Bihta,MED-PCM-500,Paracetamol,Current Physical Stock: 0 units | Predicted 7-Day Burn Rate: 36.2 units/day | Safety Stock Threshold: 231 units | DOSA: 0.0 days | Adequate stock coverage for >14 days (DOSA: 0.0 days).,Immediate stock-out expected in < 1 days (DOSA: 0.0d). High risk of treatment failure for acute patients.,Authorize emergency redistribution transfer from nearest surplus facility in district.,2026-08-23T15:49:25.634211+00:00,ACTIVE
ALT-MED-A78F2906,CRITICAL,MEDICINE_STOCKOUT_RISK,PHC-BR-PAT-003,PHC Bihta,MED-PCM-SYR,Paracetamol Paediatric Syrup,Current Physical Stock: 0 units | Predicted 7-Day Burn Rate: 2.8 units/day | Safety Stock Threshold: 20 units | DOSA: 0.0 days | Projected stock-out in ~1 days (2026-08-28).,Immediate stock-out expected in ~1.0 days (DOSA: 0.0d). High risk of treatment failure for acute patients.,Authorize emergency redistribution transfer from nearest surplus facility in district.,2026-08-23T15:49:25.634217+00:00,ACTIVE
ALT-MED-57F13A51,CRITICAL,MEDICINE_STOCKOUT_RISK,PHC-BR-PAT-003,PHC Bihta,MED-AMX-500,Amoxicillin,Current Physical Stock: 0 units | Predicted 7-Day Burn Rate: 4.0 units/day | Safety Stock Threshold: 29 units | DOSA: 0.0 days | Adequate stock coverage for >14 days (DOSA: 0.0 days).,Immediate stock-out expected in < 1 days (DOSA: 0.0d). High risk of treatment failure for acute patients.,Authorize emergency redistribution transfer from nearest surplus facility in district.,2026-08-23T15:49:25.634230+00:00,ACTIVE
ALT-MED-F3F8E457,CRITICAL,MEDICINE_STOCKOUT_RISK,PHC-BR-PAT-003,PHC Bihta,MED-AMC-625,Amoxicillin + Clavulanic Acid,Current Physical Stock: 0 units | Predicted 7-Day Burn Rate: 2.0 units/day | Safety Stock Threshold: 15 units | DOSA: 0.0 days | Projected stock-out in ~1 days (2026-08-28).,Immediate stock-out expected in ~1.0 days (DOSA: 0.0d). High risk of treatment failure for acute patients.,Authorize emergency redistribution transfer from nearest surplus facility in district.,2026-08-23T15:49:25.634238+00:00,ACTIVE
ALT-MED-FA92177B,CRITICAL,MEDICINE_STOCKOUT_RISK,PHC-BR-PAT-003,PHC Bihta,MED-ORS-SFT,Oral Rehydration Salts (WHO Formula),Current Physical Stock: 0 units | Predicted 7-Day Burn Rate: 15.3 units/day | Safety Stock Threshold: 114 units | DOSA: 0.0 days | Adequate stock coverage for >14 days (DOSA: 0.0 days).,Immediate stock-out expected in < 1 days (DOSA: 0.0d). High risk of treatment failure for acute patients.,Authorize emergency redistribution transfer from nearest surplus facility in district.,2026-08-23T15:49:25.634247+00:00,ACTIVE
ALT-MED-26562F7D,CRITICAL,MEDICINE_STOCKOUT_RISK,PHC-BR-PAT-003,PHC Bihta,MED-ZNC-20,Zinc Sulfate Dispersible,Current Physical Stock: 0 units | Predicted 7-Day Burn Rate: 2.0 units/day | Safety Stock Threshold: 15 units | DOSA: 0.0 days | Projected stock-out in ~1 days (2026-08-28).,Immediate stock-out expected in ~1.0 days (DOSA: 0.0d). High risk of treatment failure for acute patients.,Authorize emergency redistribution transfer from nearest surplus facility in district.,2026-08-23T15:49:25.634253+00:00,ACTIVE
ALT-MED-5128D960,CRITICAL,MEDICINE_STOCKOUT_RISK,PHC-BR-PAT-003,PHC Bihta,MED-AZI-500,Azithromycin,Current Physical Stock: 0 units | Predicted 7-Day Burn Rate: 2.0 units/day | Safety Stock Threshold: 15 units | DOSA: 0.0 days | Projected stock-out in ~1 days (2026-08-28).,Immediate stock-out expected in ~1.0 days (DOSA: 0.0d). High risk of treatment failure for acute patients.,Authorize emergency redistribution transfer from nearest surplus facility in district.,2026-08-23T15:49:25.634259+00:00,ACTIVE
ALT-MED-06A6BAA8,HIGH,MEDICINE_STOCKOUT_RISK,PHC-BR-PAT-003,PHC Bihta,MED-CTX-1G,Ceftriaxone,Current Physical Stock: 10 units | Predicted 7-Day Burn Rate: 2.1 units/day | Safety Stock Threshold: 16 units | DOSA: 4.8 days | Adequate stock coverage for >14 days (DOSA: 4.76 days).,Stock coverage buffer is below 5 days (4.8 DOSA). Warehouse restock lead-time exceeds remaining stock.,Expedite pending shipment or trigger priority buffer reorder.,2026-08-23T15:49:25.634265+00:00,ACTIVE
ALT-MED-3E7A282A,CRITICAL,MEDICINE_STOCKOUT_RISK,PHC-BR-PAT-003,PHC Bihta,MED-MET-500,Metformin Hydrochloride,Current Physical Stock: 0 units | Predicted 7-Day Burn Rate: 3.9 units/day | Safety Stock Threshold: 29 units | DOSA: 0.0 days | Projected stock-out in ~1 days (2026-08-28).,Immediate stock-out expected in ~1.0 days (DOSA: 0.0d). High risk of treatment failure for acute patients.,Authorize emergency redistribution transfer from nearest surplus facility in district.,2026-08-23T15:49:25.634271+00:00,ACTIVE
ALT-MED-24468DF5,CRITICAL,MEDICINE_STOCKOUT_RISK,PHC-BR-PAT-003,PHC Bihta,MED-IVF-NS500,Normal Saline (0.9% Sodium Chloride),Current Physical Stock: 0 units | Predicted 7-Day Burn Rate: 1.9 units/day | Safety Stock Threshold: 14 units | DOSA: 0.0 days | Projected stock-out in ~1 days (2026-08-28).,Immediate stock-out expected in ~1.0 days (DOSA: 0.0d). High risk of treatment failure for acute patients.,Authorize emergency redistribution transfer from nearest surplus facility in district.,2026-08-23T15:49:25.634277+00:00,ACTIVE
ALT-MED-B885198B,CRITICAL,MEDICINE_STOCKOUT_RISK,PHC-BR-PAT-003,PHC Bihta,MED-IVF-RL500,Ringer's Lactate (Compound Sodium Lactate),Current Physical Stock: 0 units | Predicted 7-Day Burn Rate: 2.1 units/day | Safety Stock Threshold: 16 units | DOSA: 0.0 days | Projected stock-out in ~1 days (2026-08-28).,Immediate stock-out expected in ~1.0 days (DOSA: 0.0d). High risk of treatment failure for acute patients.,Authorize emergency redistribution transfer from nearest surplus facility in district.,2026-08-23T15:49:25.634284+00:00,ACTIVE
ALT-MED-3FAA658C,HIGH,MEDICINE_STOCKOUT_RISK,PHC-BR-PAT-003,PHC Bihta,MED-IVF-D5500,Dextrose 5% in Water,Current Physical Stock: 8 units | Predicted 7-Day Burn Rate: 2.1 units/day | Safety Stock Threshold: 16 units | DOSA: 3.8 days | Adequate stock coverage for >14 days (DOSA: 3.81 days).,Stock coverage buffer is below 5 days (3.8 DOSA). Warehouse restock lead-time exceeds remaining stock.,Expedite pending shipment or trigger priority buffer reorder.,2026-08-23T15:49:25.634289+00:00,ACTIVE
ALT-MED-EAD8064B,HIGH,MEDICINE_STOCKOUT_RISK,PHC-BR-PAT-003,PHC Bihta,MED-ALB-400,Albendazole,Current Physical Stock: 9 units | Predicted 7-Day Burn Rate: 2.1 units/day | Safety Stock Threshold: 16 units | DOSA: 4.3 days | Adequate stock coverage for >14 days (DOSA: 4.29 days).,Stock coverage buffer is below 5 days (4.3 DOSA). Warehouse restock lead-time exceeds remaining stock.,Expedite pending shipment or trigger priority buffer reorder.,2026-08-23T15:49:25.634295+00:00,ACTIVE
ALT-MED-F4D9B550,CRITICAL,MEDICINE_STOCKOUT_RISK,PHC-BR-PAT-003,PHC Bihta,MED-IFA-TAB,Iron & Folic Acid (IFA),Current Physical Stock: 0 units | Predicted 7-Day Burn Rate: 4.2 units/day | Safety Stock Threshold: 31 units | DOSA: 0.0 days | Projected stock-out in ~1 days (2026-08-28).,Immediate stock-out expected in ~1.0 days (DOSA: 0.0d). High risk of treatment failure for acute patients.,Authorize emergency redistribution transfer from nearest surplus facility in district.,2026-08-23T15:49:25.634301+00:00,ACTIVE
ALT-MED-6BE2357E,CRITICAL,MEDICINE_STOCKOUT_RISK,PHC-BR-PAT-004,PHC Fatuha,MED-PCM-500,Paracetamol,Current Physical Stock: 0 units | Predicted 7-Day Burn Rate: 16.6 units/day | Safety Stock Threshold: 125 units | DOSA: 0.0 days | Projected stock-out in ~1 days (2026-08-28).,Immediate stock-out expected in ~1.0 days (DOSA: 0.0d). High risk of treatment failure for acute patients.,Authorize emergency redistribution transfer from nearest surplus facility in district.,2026-08-23T15:49:25.634307+00:00,ACTIVE
ALT-MED-0DCE23A3,CRITICAL,MEDICINE_STOCKOUT_RISK,PHC-BR-PAT-004,PHC Fatuha,MED-PCM-SYR,Paracetamol Paediatric Syrup,Current Physical Stock: 0 units | Predicted 7-Day Burn Rate: 2.0 units/day | Safety Stock Threshold: 15 units | DOSA: 0.0 days | Projected stock-out in ~1 days (2026-08-28).,Immediate stock-out expected in ~1.0 days (DOSA: 0.0d). High risk of treatment failure for acute patients.,Authorize emergency redistribution transfer from nearest surplus facility in district.,2026-08-23T15:49:25.634312+00:00,ACTIVE
ALT-MED-B52C7725,CRITICAL,MEDICINE_STOCKOUT_RISK,PHC-BR-PAT-004,PHC Fatuha,MED-AMX-500,Amoxicillin,Current Physical Stock: 0 units | Predicted 7-Day Burn Rate: 2.4 units/day | Safety Stock Threshold: 17 units | DOSA: 0.0 days | Projected stock-out in ~1 days (2026-08-28).,Immediate stock-out expected in ~1.0 days (DOSA: 0.0d). High risk of treatment failure for acute patients.,Authorize emergency redistribution transfer from nearest surplus facility in district.,2026-08-23T15:49:25.634318+00:00,ACTIVE
ALT-MED-D1F639C3,CRITICAL,MEDICINE_STOCKOUT_RISK,PHC-BR-PAT-004,PHC Fatuha,MED-AMC-625,Amoxicillin + Clavulanic Acid,Current Physical Stock: 0 units | Predicted 7-Day Burn Rate: 2.1 units/day | Safety Stock Threshold: 16 units | DOSA: 0.0 days | Projected stock-out in ~1 days (2026-08-28).,Immediate stock-out expected in ~1.0 days (DOSA: 0.0d). High risk of treatment failure for acute patients.,Authorize emergency redistribution transfer from nearest surplus facility in district.,2026-08-23T15:49:25.634328+00:00,ACTIVE
ALT-MED-4A16071E,CRITICAL,MEDICINE_STOCKOUT_RISK,PHC-BR-PAT-004,PHC Fatuha,MED-ORS-SFT,Oral Rehydration Salts (WHO Formula),Current Physical Stock: 0 units | Predicted 7-Day Burn Rate: 5.9 units/day | Safety Stock Threshold: 48 units | DOSA: 0.0 days | Adequate stock coverage for >14 days (DOSA: 0.0 days).,Immediate stock-out expected in < 1 days (DOSA: 0.0d). High risk of treatment failure for acute patients.,Authorize emergency redistribution transfer from nearest surplus facility in district.,2026-08-23T15:49:25.634335+00:00,ACTIVE
ALT-MED-CE74764F,CRITICAL,MEDICINE_STOCKOUT_RISK,PHC-BR-PAT-004,PHC Fatuha,MED-ZNC-20,Zinc Sulfate Dispersible,Current Physical Stock: 0 units | Predicted 7-Day Burn Rate: 2.1 units/day | Safety Stock Threshold: 16 units | DOSA: 0.0 days | Projected stock-out in ~1 days (2026-08-28).,Immediate stock-out expected in ~1.0 days (DOSA: 0.0d). High risk of treatment failure for acute patients.,Authorize emergency redistribution transfer from nearest surplus facility in district.,2026-08-23T15:49:25.634346+00:00,ACTIVE
ALT-MED-DABC4D77,CRITICAL,MEDICINE_STOCKOUT_RISK,PHC-BR-PAT-004,PHC Fatuha,MED-AZI-500,Azithromycin,Current Physical Stock: 0 units | Predicted 7-Day Burn Rate: 2.1 units/day | Safety Stock Threshold: 16 units | DOSA: 0.0 days | Projected stock-out in ~1 days (2026-08-28).,Immediate stock-out expected in ~1.0 days (DOSA: 0.0d). High risk of treatment failure for acute patients.,Authorize emergency redistribution transfer from nearest surplus facility in district.,2026-08-23T15:49:25.634354+00:00,ACTIVE
ALT-MED-B8D70BF0,CRITICAL,MEDICINE_STOCKOUT_RISK,PHC-BR-PAT-004,PHC Fatuha,MED-MET-500,Metformin Hydrochloride,Current Physical Stock: 0 units | Predicted 7-Day Burn Rate: 1.9 units/day | Safety Stock Threshold: 14 units | DOSA: 0.0 days | Projected stock-out in ~1 days (2026-08-28).,Immediate stock-out expected in ~1.0 days (DOSA: 0.0d). High risk of treatment failure for acute patients.,Authorize emergency redistribution transfer from nearest surplus facility in district.,2026-08-23T15:49:25.634364+00:00,ACTIVE
ALT-MED-0225FA5D,CRITICAL,MEDICINE_STOCKOUT_RISK,PHC-BR-PAT-004,PHC Fatuha,MED-IVF-NS500,Normal Saline (0.9% Sodium Chloride),Current Physical Stock: 0 units | Predicted 7-Day Burn Rate: 2.0 units/day | Safety Stock Threshold: 15 units | DOSA: 0.0 days | Projected stock-out in ~1 days (2026-08-28).,Immediate stock-out expected in ~1.0 days (DOSA: 0.0d). High risk of treatment failure for acute patients.,Authorize emergency redistribution transfer from nearest surplus facility in district.,2026-08-23T15:49:25.634372+00:00,ACTIVE
ALT-MED-BCAB912B,CRITICAL,MEDICINE_STOCKOUT_RISK,PHC-BR-PAT-004,PHC Fatuha,MED-IVF-RL500,Ringer's Lactate (Compound Sodium Lactate),Current Physical Stock: 0 units | Predicted 7-Day Burn Rate: 2.1 units/day | Safety Stock Threshold: 16 units | DOSA: 0.0 days | Projected stock-out in ~1 days (2026-08-28).,Immediate stock-out expected in ~1.0 days (DOSA: 0.0d). High risk of treatment failure for acute patients.,Authorize emergency redistribution transfer from nearest surplus facility in district.,2026-08-23T15:49:25.634380+00:00,ACTIVE
ALT-MED-0CA54A32,CRITICAL,MEDICINE_STOCKOUT_RISK,PHC-BR-PAT-004,PHC Fatuha,MED-IFA-TAB,Iron & Folic Acid (IFA),Current Physical Stock: 0 units | Predicted 7-Day Burn Rate: 1.9 units/day | Safety Stock Threshold: 14 units | DOSA: 0.0 days | Projected stock-out in ~1 days (2026-08-28).,Immediate stock-out expected in ~1.0 days (DOSA: 0.0d). High risk of treatment failure for acute patients.,Authorize emergency redistribution transfer from nearest surplus facility in district.,2026-08-23T15:49:25.634389+00:00,ACTIVE
ALT-MED-0BCEC59D,CRITICAL,MEDICINE_STOCKOUT_RISK,PHC-BR-PAT-005,PHC Mokama,MED-PCM-500,Paracetamol,Current Physical Stock: 0 units | Predicted 7-Day Burn Rate: 20.3 units/day | Safety Stock Threshold: 150 units | DOSA: 0.0 days | Adequate stock coverage for >14 days (DOSA: 0.0 days).,Immediate stock-out expected in < 1 days (DOSA: 0.0d). High risk of treatment failure for acute patients.,Authorize emergency redistribution transfer from nearest surplus facility in district.,2026-08-23T15:49:25.634397+00:00,ACTIVE
ALT-MED-6EFCB69D,CRITICAL,MEDICINE_STOCKOUT_RISK,PHC-BR-PAT-005,PHC Mokama,MED-PCM-SYR,Paracetamol Paediatric Syrup,Current Physical Stock: 0 units | Predicted 7-Day Burn Rate: 1.9 units/day | Safety Stock Threshold: 13 units | DOSA: 0.0 days | Projected stock-out in ~1 days (2026-08-28).,Immediate stock-out expected in ~1.0 days (DOSA: 0.0d). High risk of treatment failure for acute patients.,Authorize emergency redistribution transfer from nearest surplus facility in district.,2026-08-23T15:49:25.634408+00:00,ACTIVE
ALT-MED-FA737FCE,CRITICAL,MEDICINE_STOCKOUT_RISK,PHC-BR-PAT-005,PHC Mokama,MED-AMX-500,Amoxicillin,Current Physical Stock: 0 units | Predicted 7-Day Burn Rate: 3.0 units/day | Safety Stock Threshold: 21 units | DOSA: 0.0 days | Adequate stock coverage for >14 days (DOSA: 0.0 days).,Immediate stock-out expected in < 1 days (DOSA: 0.0d). High risk of treatment failure for acute patients.,Authorize emergency redistribution transfer from nearest surplus facility in district.,2026-08-23T15:49:25.634418+00:00,ACTIVE
ALT-MED-0D060C4B,CRITICAL,MEDICINE_STOCKOUT_RISK,PHC-BR-PAT-005,PHC Mokama,MED-AMC-625,Amoxicillin + Clavulanic Acid,Current Physical Stock: 0 units | Predicted 7-Day Burn Rate: 2.0 units/day | Safety Stock Threshold: 15 units | DOSA: 0.0 days | Projected stock-out in ~1 days (2026-08-28).,Immediate stock-out expected in ~1.0 days (DOSA: 0.0d). High risk of treatment failure for acute patients.,Authorize emergency redistribution transfer from nearest surplus facility in district.,2026-08-23T15:49:25.634424+00:00,ACTIVE
ALT-MED-BDED2BC4,CRITICAL,MEDICINE_STOCKOUT_RISK,PHC-BR-PAT-005,PHC Mokama,MED-ORS-SFT,Oral Rehydration Salts (WHO Formula),Current Physical Stock: 0 units | Predicted 7-Day Burn Rate: 8.6 units/day | Safety Stock Threshold: 71 units | DOSA: 0.0 days | Projected stock-out in ~1 days (2026-08-28).,Immediate stock-out expected in ~1.0 days (DOSA: 0.0d). High risk of treatment failure for acute patients.,Authorize emergency redistribution transfer from nearest surplus facility in district.,2026-08-23T15:49:25.634430+00:00,ACTIVE
ALT-MED-22C69065,CRITICAL,MEDICINE_STOCKOUT_RISK,PHC-BR-PAT-005,PHC Mokama,MED-ZNC-20,Zinc Sulfate Dispersible,Current Physical Stock: 0 units | Predicted 7-Day Burn Rate: 1.9 units/day | Safety Stock Threshold: 14 units | DOSA: 0.0 days | Projected stock-out in ~1 days (2026-08-28).,Immediate stock-out expected in ~1.0 days (DOSA: 0.0d). High risk of treatment failure for acute patients.,Authorize emergency redistribution transfer from nearest surplus facility in district.,2026-08-23T15:49:25.634436+00:00,ACTIVE
ALT-MED-CB58E779,CRITICAL,MEDICINE_STOCKOUT_RISK,PHC-BR-PAT-005,PHC Mokama,MED-AZI-500,Azithromycin,Current Physical Stock: 0 units | Predicted 7-Day Burn Rate: 2.0 units/day | Safety Stock Threshold: 15 units | DOSA: 0.0 days | Projected stock-out in ~1 days (2026-08-28).,Immediate stock-out expected in ~1.0 days (DOSA: 0.0d). High risk of treatment failure for acute patients.,Authorize emergency redistribution transfer from nearest surplus facility in district.,2026-08-23T15:49:25.634442+00:00,ACTIVE
ALT-MED-71926EB5,WARNING,MEDICINE_STOCKOUT_RISK,PHC-BR-PAT-005,PHC Mokama,MED-CTX-1G,Ceftriaxone,Current Physical Stock: 16 units | Predicted 7-Day Burn Rate: 2.1 units/day | Safety Stock Threshold: 16 units | DOSA: 7.7 days | Adequate stock coverage for >14 days (DOSA: 7.67 days).,Stock has fallen below calculated safety buffer (16 units).,Verify scheduled routine replenishment orders.,2026-08-23T15:49:25.634447+00:00,ACTIVE
ALT-MED-785237AE,CRITICAL,MEDICINE_STOCKOUT_RISK,PHC-BR-PAT-005,PHC Mokama,MED-MET-500,Metformin Hydrochloride,Current Physical Stock: 0 units | Predicted 7-Day Burn Rate: 2.7 units/day | Safety Stock Threshold: 18 units | DOSA: 0.0 days | Projected stock-out in ~1 days (2026-08-28).,Immediate stock-out expected in ~1.0 days (DOSA: 0.0d). High risk of treatment failure for acute patients.,Authorize emergency redistribution transfer from nearest surplus facility in district.,2026-08-23T15:49:25.634454+00:00,ACTIVE
ALT-MED-92B091BA,CRITICAL,MEDICINE_STOCKOUT_RISK,PHC-BR-PAT-005,PHC Mokama,MED-IVF-NS500,Normal Saline (0.9% Sodium Chloride),Current Physical Stock: 0 units | Predicted 7-Day Burn Rate: 1.9 units/day | Safety Stock Threshold: 14 units | DOSA: 0.0 days | Projected stock-out in ~1 days (2026-08-28).,Immediate stock-out expected in ~1.0 days (DOSA: 0.0d). High risk of treatment failure for acute patients.,Authorize emergency redistribution transfer from nearest surplus facility in district.,2026-08-23T15:49:25.634460+00:00,ACTIVE
ALT-MED-D82932CB,CRITICAL,MEDICINE_STOCKOUT_RISK,PHC-BR-PAT-005,PHC Mokama,MED-IVF-RL500,Ringer's Lactate (Compound Sodium Lactate),Current Physical Stock: 0 units | Predicted 7-Day Burn Rate: 2.1 units/day | Safety Stock Threshold: 16 units | DOSA: 0.0 days | Projected stock-out in ~1 days (2026-08-28).,Immediate stock-out expected in ~1.0 days (DOSA: 0.0d). High risk of treatment failure for acute patients.,Authorize emergency redistribution transfer from nearest surplus facility in district.,2026-08-23T15:49:25.634466+00:00,ACTIVE
ALT-MED-1654B418,WARNING,MEDICINE_STOCKOUT_RISK,PHC-BR-PAT-005,PHC Mokama,MED-IVF-D5500,Dextrose 5% in Water,Current Physical Stock: 12 units | Predicted 7-Day Burn Rate: 2.1 units/day | Safety Stock Threshold: 16 units | DOSA: 5.7 days | Adequate stock coverage for >14 days (DOSA: 5.71 days).,Stock has fallen below calculated safety buffer (16 units).,Verify scheduled routine replenishment orders.,2026-08-23T15:49:25.634472+00:00,ACTIVE
ALT-MED-08831EE9,WARNING,MEDICINE_STOCKOUT_RISK,PHC-BR-PAT-005,PHC Mokama,MED-ALB-400,Albendazole,Current Physical Stock: 12 units | Predicted 7-Day Burn Rate: 2.1 units/day | Safety Stock Threshold: 16 units | DOSA: 5.8 days | Adequate stock coverage for >14 days (DOSA: 5.75 days).,Stock has fallen below calculated safety buffer (16 units).,Verify scheduled routine replenishment orders.,2026-08-23T15:49:25.634481+00:00,ACTIVE
ALT-MED-884164E0,CRITICAL,MEDICINE_STOCKOUT_RISK,PHC-BR-PAT-005,PHC Mokama,MED-IFA-TAB,Iron & Folic Acid (IFA),Current Physical Stock: 0 units | Predicted 7-Day Burn Rate: 2.3 units/day | Safety Stock Threshold: 15 units | DOSA: 0.0 days | Adequate stock coverage for >14 days (DOSA: 0.0 days).,Immediate stock-out expected in < 1 days (DOSA: 0.0d). High risk of treatment failure for acute patients.,Authorize emergency redistribution transfer from nearest surplus facility in district.,2026-08-23T15:49:25.634487+00:00,ACTIVE
ALT-MED-DC4D6132,CRITICAL,MEDICINE_STOCKOUT_RISK,CHC-BR-PAT-001,CHC Phulwari Sharif,MED-PCM-500,Paracetamol,"Current Physical Stock: 0 units | Predicted 7-Day Burn Rate: 267.6 units/day | Safety Stock Threshold: 1,025 units | DOSA: 0.0 days | Projected stock-out in ~1 days (2026-08-28).",Immediate stock-out expected in ~1.0 days (DOSA: 0.0d). High risk of treatment failure for acute patients.,Authorize emergency redistribution transfer from nearest surplus facility in district.,2026-08-23T15:49:25.634493+00:00,ACTIVE
ALT-MED-01D300C6,CRITICAL,MEDICINE_STOCKOUT_RISK,CHC-BR-PAT-001,CHC Phulwari Sharif,MED-PCM-SYR,Paracetamol Paediatric Syrup,Current Physical Stock: 0 units | Predicted 7-Day Burn Rate: 38.8 units/day | Safety Stock Threshold: 247 units | DOSA: 0.0 days | Projected stock-out in ~1 days (2026-08-28).,Immediate stock-out expected in ~1.0 days (DOSA: 0.0d). High risk of treatment failure for acute patients.,Authorize emergency redistribution transfer from nearest surplus facility in district.,2026-08-23T15:49:25.634499+00:00,ACTIVE
ALT-MED-0EC06CC2,CRITICAL,MEDICINE_STOCKOUT_RISK,CHC-BR-PAT-001,CHC Phulwari Sharif,MED-AMX-500,Amoxicillin,Current Physical Stock: 0 units | Predicted 7-Day Burn Rate: 78.8 units/day | Safety Stock Threshold: 400 units | DOSA: 0.0 days | Projected stock-out in ~1 days (2026-08-28).,Immediate stock-out expected in ~1.0 days (DOSA: 0.0d). High risk of treatment failure for acute patients.,Authorize emergency redistribution transfer from nearest surplus facility in district.,2026-08-23T15:49:25.634506+00:00,ACTIVE
ALT-MED-7F35A195,CRITICAL,MEDICINE_STOCKOUT_RISK,CHC-BR-PAT-001,CHC Phulwari Sharif,MED-AMC-625,Amoxicillin + Clavulanic Acid,Current Physical Stock: 0 units | Predicted 7-Day Burn Rate: 11.2 units/day | Safety Stock Threshold: 88 units | DOSA: 0.0 days | Projected stock-out in ~1 days (2026-08-28).,Immediate stock-out expected in ~1.0 days (DOSA: 0.0d). High risk of treatment failure for acute patients.,Authorize emergency redistribution transfer from nearest surplus facility in district.,2026-08-23T15:49:25.634579+00:00,ACTIVE
ALT-MED-6BC77133,CRITICAL,MEDICINE_STOCKOUT_RISK,CHC-BR-PAT-001,CHC Phulwari Sharif,MED-ORS-SFT,Oral Rehydration Salts (WHO Formula),Current Physical Stock: 0 units | Predicted 7-Day Burn Rate: 158.6 units/day | Safety Stock Threshold: 668 units | DOSA: 0.0 days | Projected stock-out in ~1 days (2026-08-28).,Immediate stock-out expected in ~1.0 days (DOSA: 0.0d). High risk of treatment failure for acute patients.,Authorize emergency redistribution transfer from nearest surplus facility in district.,2026-08-23T15:49:25.634604+00:00,ACTIVE
ALT-MED-18F0E549,CRITICAL,MEDICINE_STOCKOUT_RISK,CHC-BR-PAT-001,CHC Phulwari Sharif,MED-ZNC-20,Zinc Sulfate Dispersible,Current Physical Stock: 0 units | Predicted 7-Day Burn Rate: 13.2 units/day | Safety Stock Threshold: 103 units | DOSA: 0.0 days | Projected stock-out in ~1 days (2026-08-28).,Immediate stock-out expected in ~1.0 days (DOSA: 0.0d). High risk of treatment failure for acute patients.,Authorize emergency redistribution transfer from nearest surplus facility in district.,2026-08-23T15:49:25.634618+00:00,ACTIVE
ALT-MED-C5B266DD,CRITICAL,MEDICINE_STOCKOUT_RISK,CHC-BR-PAT-001,CHC Phulwari Sharif,MED-AZI-500,Azithromycin,Current Physical Stock: 0 units | Predicted 7-Day Burn Rate: 6.8 units/day | Safety Stock Threshold: 56 units | DOSA: 0.0 days | Projected stock-out in ~1 days (2026-08-28).,Immediate stock-out expected in ~1.0 days (DOSA: 0.0d). High risk of treatment failure for acute patients.,Authorize emergency redistribution transfer from nearest surplus facility in district.,2026-08-23T15:49:25.634630+00:00,ACTIVE
ALT-MED-CF68BC54,CRITICAL,MEDICINE_STOCKOUT_RISK,CHC-BR-PAT-001,CHC Phulwari Sharif,MED-CTX-1G,Ceftriaxone,Current Physical Stock: 0 units | Predicted 7-Day Burn Rate: 2.1 units/day | Safety Stock Threshold: 15 units | DOSA: 0.0 days | Projected stock-out in ~1 days (2026-08-28).,Immediate stock-out expected in ~1.0 days (DOSA: 0.0d). High risk of treatment failure for acute patients.,Authorize emergency redistribution transfer from nearest surplus facility in district.,2026-08-23T15:49:25.634642+00:00,ACTIVE
ALT-MED-FF0FDC2C,CRITICAL,MEDICINE_STOCKOUT_RISK,CHC-BR-PAT-001,CHC Phulwari Sharif,MED-RAB-VAC,Anti-Rabies Vaccine (Cell Culture),Current Physical Stock: 0 units | Predicted 7-Day Burn Rate: 2.1 units/day | Safety Stock Threshold: 16 units | DOSA: 0.0 days | Projected stock-out in ~1 days (2026-08-28).,Immediate stock-out expected in ~1.0 days (DOSA: 0.0d). High risk of treatment failure for acute patients.,Authorize emergency redistribution transfer from nearest surplus facility in district.,2026-08-23T15:49:25.634666+00:00,ACTIVE
ALT-MED-7F3F7EBB,CRITICAL,MEDICINE_STOCKOUT_RISK,CHC-BR-PAT-001,CHC Phulwari Sharif,MED-INS-REG,Human Insulin (Regular / Soluble),Current Physical Stock: 0 units | Predicted 7-Day Burn Rate: 2.1 units/day | Safety Stock Threshold: 16 units | DOSA: 0.0 days | Adequate stock coverage for >14 days (DOSA: 0.0 days).,Immediate stock-out expected in < 1 days (DOSA: 0.0d). High risk of treatment failure for acute patients.,Authorize emergency redistribution transfer from nearest surplus facility in district.,2026-08-23T15:49:25.634687+00:00,ACTIVE
ALT-MED-24FBB6C2,CRITICAL,MEDICINE_STOCKOUT_RISK,CHC-BR-PAT-001,CHC Phulwari Sharif,MED-MET-500,Metformin Hydrochloride,Current Physical Stock: 0 units | Predicted 7-Day Burn Rate: 71.0 units/day | Safety Stock Threshold: 358 units | DOSA: 0.0 days | Projected stock-out in ~1 days (2026-08-28).,Immediate stock-out expected in ~1.0 days (DOSA: 0.0d). High risk of treatment failure for acute patients.,Authorize emergency redistribution transfer from nearest surplus facility in district.,2026-08-23T15:49:25.634699+00:00,ACTIVE
ALT-MED-D60CEEB2,CRITICAL,MEDICINE_STOCKOUT_RISK,CHC-BR-PAT-001,CHC Phulwari Sharif,MED-OXY-AMP,Oxytocin,Current Physical Stock: 0 units | Predicted 7-Day Burn Rate: 2.0 units/day | Safety Stock Threshold: 15 units | DOSA: 0.0 days | Projected stock-out in ~1 days (2026-08-28).,Immediate stock-out expected in ~1.0 days (DOSA: 0.0d). High risk of treatment failure for acute patients.,Authorize emergency redistribution transfer from nearest surplus facility in district.,2026-08-23T15:49:25.634709+00:00,ACTIVE
ALT-MED-64950507,WARNING,MEDICINE_STOCKOUT_RISK,CHC-BR-PAT-001,CHC Phulwari Sharif,MED-MGS-50,Magnesium Sulfate,Current Physical Stock: 15 units | Predicted 7-Day Burn Rate: 2.1 units/day | Safety Stock Threshold: 16 units | DOSA: 7.1 days | Adequate stock coverage for >14 days (DOSA: 7.09 days).,Stock has fallen below calculated safety buffer (16 units).,Verify scheduled routine replenishment orders.,2026-08-23T15:49:25.634721+00:00,ACTIVE
ALT-MED-5CDE8DF4,CRITICAL,MEDICINE_STOCKOUT_RISK,CHC-BR-PAT-001,CHC Phulwari Sharif,MED-IVF-NS500,Normal Saline (0.9% Sodium Chloride),Current Physical Stock: 0 units | Predicted 7-Day Burn Rate: 25.4 units/day | Safety Stock Threshold: 183 units | DOSA: 0.0 days | Projected stock-out in ~1 days (2026-08-28).,Immediate stock-out expected in ~1.0 days (DOSA: 0.0d). High risk of treatment failure for acute patients.,Authorize emergency redistribution transfer from nearest surplus facility in district.,2026-08-23T15:49:25.634730+00:00,ACTIVE
ALT-MED-58F30793,CRITICAL,MEDICINE_STOCKOUT_RISK,CHC-BR-PAT-001,CHC Phulwari Sharif,MED-IVF-RL500,Ringer's Lactate (Compound Sodium Lactate),Current Physical Stock: 0 units | Predicted 7-Day Burn Rate: 9.2 units/day | Safety Stock Threshold: 74 units | DOSA: 0.0 days | Adequate stock coverage for >14 days (DOSA: 0.0 days).,Immediate stock-out expected in < 1 days (DOSA: 0.0d). High risk of treatment failure for acute patients.,Authorize emergency redistribution transfer from nearest surplus facility in district.,2026-08-23T15:49:25.634739+00:00,ACTIVE
ALT-MED-90A9261A,CRITICAL,MEDICINE_STOCKOUT_RISK,CHC-BR-PAT-001,CHC Phulwari Sharif,MED-IVF-D5500,Dextrose 5% in Water,Current Physical Stock: 0 units | Predicted 7-Day Burn Rate: 2.7 units/day | Safety Stock Threshold: 19 units | DOSA: 0.0 days | Projected stock-out in ~1 days (2026-08-28).,Immediate stock-out expected in ~1.0 days (DOSA: 0.0d). High risk of treatment failure for acute patients.,Authorize emergency redistribution transfer from nearest surplus facility in district.,2026-08-23T15:49:25.634748+00:00,ACTIVE
ALT-MED-D77F3425,CRITICAL,MEDICINE_STOCKOUT_RISK,CHC-BR-PAT-001,CHC Phulwari Sharif,MED-ART-60,Artesunate,Current Physical Stock: 2 units | Predicted 7-Day Burn Rate: 2.1 units/day | Safety Stock Threshold: 16 units | DOSA: 0.9 days | Projected stock-out in ~2 days (2026-08-29).,Immediate stock-out expected in ~2.0 days (DOSA: 0.9d). High risk of treatment failure for acute patients.,Authorize emergency redistribution transfer from nearest surplus facility in district.,2026-08-23T15:49:25.634758+00:00,ACTIVE
ALT-MED-E45A70E4,CRITICAL,MEDICINE_STOCKOUT_RISK,CHC-BR-PAT-001,CHC Phulwari Sharif,MED-ALB-400,Albendazole,Current Physical Stock: 0 units | Predicted 7-Day Burn Rate: 2.4 units/day | Safety Stock Threshold: 17 units | DOSA: 0.0 days | Projected stock-out in ~1 days (2026-08-28).,Immediate stock-out expected in ~1.0 days (DOSA: 0.0d). High risk of treatment failure for acute patients.,Authorize emergency redistribution transfer from nearest surplus facility in district.,2026-08-23T15:49:25.634767+00:00,ACTIVE
ALT-MED-8DE61558,CRITICAL,MEDICINE_STOCKOUT_RISK,CHC-BR-PAT-001,CHC Phulwari Sharif,MED-IFA-TAB,Iron & Folic Acid (IFA),Current Physical Stock: 0 units | Predicted 7-Day Burn Rate: 75.9 units/day | Safety Stock Threshold: 382 units | DOSA: 0.0 days | Projected stock-out in ~1 days (2026-08-28).,Immediate stock-out expected in ~1.0 days (DOSA: 0.0d). High risk of treatment failure for acute patients.,Authorize emergency redistribution transfer from nearest surplus facility in district.,2026-08-23T15:49:25.634778+00:00,ACTIVE
ALT-MED-E48DD088,CRITICAL,MEDICINE_STOCKOUT_RISK,DH-BR-PAT-001,District Hospital Gardanibagh,MED-PCM-500,Paracetamol,"Current Physical Stock: 0 units | Predicted 7-Day Burn Rate: 1167.9 units/day | Safety Stock Threshold: 4,000 units | DOSA: 0.0 days | Projected stock-out in ~1 days (2026-08-28).",Immediate stock-out expected in ~1.0 days (DOSA: 0.0d). High risk of treatment failure for acute patients.,Authorize emergency redistribution transfer from nearest surplus facility in district.,2026-08-23T15:49:25.634787+00:00,ACTIVE
ALT-MED-B7C47C05,CRITICAL,MEDICINE_STOCKOUT_RISK,DH-BR-PAT-001,District Hospital Gardanibagh,MED-PCM-SYR,Paracetamol Paediatric Syrup,"Current Physical Stock: 0 units | Predicted 7-Day Burn Rate: 409.4 units/day | Safety Stock Threshold: 1,498 units | DOSA: 0.0 days | Projected stock-out in ~12 days (2026-09-08).",Immediate stock-out expected in ~12.0 days (DOSA: 0.0d). High risk of treatment failure for acute patients.,Authorize emergency redistribution transfer from nearest surplus facility in district.,2026-08-23T15:49:25.634872+00:00,ACTIVE
ALT-MED-DB262212,CRITICAL,MEDICINE_STOCKOUT_RISK,DH-BR-PAT-001,District Hospital Gardanibagh,MED-AMX-500,Amoxicillin,"Current Physical Stock: 0 units | Predicted 7-Day Burn Rate: 542.4 units/day | Safety Stock Threshold: 1,917 units | DOSA: 0.0 days | Projected stock-out in ~1 days (2026-08-28).",Immediate stock-out expected in ~1.0 days (DOSA: 0.0d). High risk of treatment failure for acute patients.,Authorize emergency redistribution transfer from nearest surplus facility in district.,2026-08-23T15:49:25.634906+00:00,ACTIVE
ALT-MED-4C3674E2,CRITICAL,MEDICINE_STOCKOUT_RISK,DH-BR-PAT-001,District Hospital Gardanibagh,MED-AMC-625,Amoxicillin + Clavulanic Acid,Current Physical Stock: 0 units | Predicted 7-Day Burn Rate: 256.1 units/day | Safety Stock Threshold: 967 units | DOSA: 0.0 days | Projected stock-out in ~1 days (2026-08-28).,Immediate stock-out expected in ~1.0 days (DOSA: 0.0d). High risk of treatment failure for acute patients.,Authorize emergency redistribution transfer from nearest surplus facility in district.,2026-08-23T15:49:25.634916+00:00,ACTIVE
ALT-MED-8E722907,CRITICAL,MEDICINE_STOCKOUT_RISK,DH-BR-PAT-001,District Hospital Gardanibagh,MED-ORS-SFT,Oral Rehydration Salts (WHO Formula),"Current Physical Stock: 0 units | Predicted 7-Day Burn Rate: 780.9 units/day | Safety Stock Threshold: 2,714 units | DOSA: 0.0 days | Projected stock-out in ~10 days (2026-09-06).",Immediate stock-out expected in ~10.0 days (DOSA: 0.0d). High risk of treatment failure for acute patients.,Authorize emergency redistribution transfer from nearest surplus facility in district.,2026-08-23T15:49:25.634923+00:00,ACTIVE
ALT-MED-DECC3FE4,CRITICAL,MEDICINE_STOCKOUT_RISK,DH-BR-PAT-001,District Hospital Gardanibagh,MED-ZNC-20,Zinc Sulfate Dispersible,Current Physical Stock: 0 units | Predicted 7-Day Burn Rate: 243.2 units/day | Safety Stock Threshold: 947 units | DOSA: 0.0 days | Adequate stock coverage for >14 days (DOSA: 0.0 days).,Immediate stock-out expected in < 1 days (DOSA: 0.0d). High risk of treatment failure for acute patients.,Authorize emergency redistribution transfer from nearest surplus facility in district.,2026-08-23T15:49:25.634929+00:00,ACTIVE
ALT-MED-6C692091,CRITICAL,MEDICINE_STOCKOUT_RISK,DH-BR-PAT-001,District Hospital Gardanibagh,MED-AZI-500,Azithromycin,Current Physical Stock: 0 units | Predicted 7-Day Burn Rate: 147.9 units/day | Safety Stock Threshold: 632 units | DOSA: 0.0 days | Projected stock-out in ~1 days (2026-08-28).,Immediate stock-out expected in ~1.0 days (DOSA: 0.0d). High risk of treatment failure for acute patients.,Authorize emergency redistribution transfer from nearest surplus facility in district.,2026-08-23T15:49:25.634935+00:00,ACTIVE
ALT-MED-FA5B9FF1,CRITICAL,MEDICINE_STOCKOUT_RISK,DH-BR-PAT-001,District Hospital Gardanibagh,MED-CTX-1G,Ceftriaxone,Current Physical Stock: 0 units | Predicted 7-Day Burn Rate: 49.7 units/day | Safety Stock Threshold: 294 units | DOSA: 0.0 days | Adequate stock coverage for >14 days (DOSA: 0.0 days).,Immediate stock-out expected in < 1 days (DOSA: 0.0d). High risk of treatment failure for acute patients.,Authorize emergency redistribution transfer from nearest surplus facility in district.,2026-08-23T15:49:25.634944+00:00,ACTIVE
ALT-MED-4A1A6920,CRITICAL,MEDICINE_STOCKOUT_RISK,DH-BR-PAT-001,District Hospital Gardanibagh,MED-RAB-VAC,Anti-Rabies Vaccine (Cell Culture),Current Physical Stock: 0 units | Predicted 7-Day Burn Rate: 7.6 units/day | Safety Stock Threshold: 62 units | DOSA: 0.0 days | Projected stock-out in ~1 days (2026-08-28).,Immediate stock-out expected in ~1.0 days (DOSA: 0.0d). High risk of treatment failure for acute patients.,Authorize emergency redistribution transfer from nearest surplus facility in district.,2026-08-23T15:49:25.634950+00:00,ACTIVE
ALT-MED-7C18F646,CRITICAL,MEDICINE_STOCKOUT_RISK,DH-BR-PAT-001,District Hospital Gardanibagh,MED-ASV-VIAL,Anti-Snake Venom Serum (Polyvalent),Current Physical Stock: 0 units | Predicted 7-Day Burn Rate: 2.1 units/day | Safety Stock Threshold: 16 units | DOSA: 0.0 days | Adequate stock coverage for >14 days (DOSA: 0.0 days).,Immediate stock-out expected in < 1 days (DOSA: 0.0d). High risk of treatment failure for acute patients.,Authorize emergency redistribution transfer from nearest surplus facility in district.,2026-08-23T15:49:25.634961+00:00,ACTIVE
ALT-MED-D199A319,CRITICAL,MEDICINE_STOCKOUT_RISK,DH-BR-PAT-001,District Hospital Gardanibagh,MED-INS-REG,Human Insulin (Regular / Soluble),Current Physical Stock: 0 units | Predicted 7-Day Burn Rate: 12.4 units/day | Safety Stock Threshold: 95 units | DOSA: 0.0 days | Projected stock-out in ~1 days (2026-08-28).,Immediate stock-out expected in ~1.0 days (DOSA: 0.0d). High risk of treatment failure for acute patients.,Authorize emergency redistribution transfer from nearest surplus facility in district.,2026-08-23T15:49:25.634967+00:00,ACTIVE
ALT-MED-FB594EB9,CRITICAL,MEDICINE_STOCKOUT_RISK,DH-BR-PAT-001,District Hospital Gardanibagh,MED-MET-500,Metformin Hydrochloride,"Current Physical Stock: 0 units | Predicted 7-Day Burn Rate: 472.2 units/day | Safety Stock Threshold: 1,699 units | DOSA: 0.0 days | Projected stock-out in ~1 days (2026-08-28).",Immediate stock-out expected in ~1.0 days (DOSA: 0.0d). High risk of treatment failure for acute patients.,Authorize emergency redistribution transfer from nearest surplus facility in district.,2026-08-23T15:49:25.634972+00:00,ACTIVE
ALT-MED-EED55966,CRITICAL,MEDICINE_STOCKOUT_RISK,DH-BR-PAT-001,District Hospital Gardanibagh,MED-OXY-AMP,Oxytocin,Current Physical Stock: 0 units | Predicted 7-Day Burn Rate: 25.2 units/day | Safety Stock Threshold: 176 units | DOSA: 0.0 days | Projected stock-out in ~1 days (2026-08-28).,Immediate stock-out expected in ~1.0 days (DOSA: 0.0d). High risk of treatment failure for acute patients.,Authorize emergency redistribution transfer from nearest surplus facility in district.,2026-08-23T15:49:25.634978+00:00,ACTIVE
ALT-MED-CAFC59A7,CRITICAL,MEDICINE_STOCKOUT_RISK,DH-BR-PAT-001,District Hospital Gardanibagh,MED-MGS-50,Magnesium Sulfate,Current Physical Stock: 0 units | Predicted 7-Day Burn Rate: 3.6 units/day | Safety Stock Threshold: 26 units | DOSA: 0.0 days | Projected stock-out in ~1 days (2026-08-28).,Immediate stock-out expected in ~1.0 days (DOSA: 0.0d). High risk of treatment failure for acute patients.,Authorize emergency redistribution transfer from nearest surplus facility in district.,2026-08-23T15:49:25.634984+00:00,ACTIVE
ALT-MED-CA1A9AF7,CRITICAL,MEDICINE_STOCKOUT_RISK,DH-BR-PAT-001,District Hospital Gardanibagh,MED-IVF-NS500,Normal Saline (0.9% Sodium Chloride),"Current Physical Stock: 0 units | Predicted 7-Day Burn Rate: 352.0 units/day | Safety Stock Threshold: 1,283 units | DOSA: 0.0 days | Projected stock-out in ~1 days (2026-08-28).",Immediate stock-out expected in ~1.0 days (DOSA: 0.0d). High risk of treatment failure for acute patients.,Authorize emergency redistribution transfer from nearest surplus facility in district.,2026-08-23T15:49:25.634990+00:00,ACTIVE
ALT-MED-3ED2BC9E,CRITICAL,MEDICINE_STOCKOUT_RISK,DH-BR-PAT-001,District Hospital Gardanibagh,MED-IVF-RL500,Ringer's Lactate (Compound Sodium Lactate),Current Physical Stock: 0 units | Predicted 7-Day Burn Rate: 205.4 units/day | Safety Stock Threshold: 802 units | DOSA: 0.0 days | Projected stock-out in ~1 days (2026-08-28).,Immediate stock-out expected in ~1.0 days (DOSA: 0.0d). High risk of treatment failure for acute patients.,Authorize emergency redistribution transfer from nearest surplus facility in district.,2026-08-23T15:49:25.634995+00:00,ACTIVE
ALT-MED-8886D461,CRITICAL,MEDICINE_STOCKOUT_RISK,DH-BR-PAT-001,District Hospital Gardanibagh,MED-IVF-D5500,Dextrose 5% in Water,Current Physical Stock: 0 units | Predicted 7-Day Burn Rate: 90.4 units/day | Safety Stock Threshold: 425 units | DOSA: 0.0 days | Projected stock-out in ~1 days (2026-08-28).,Immediate stock-out expected in ~1.0 days (DOSA: 0.0d). High risk of treatment failure for acute patients.,Authorize emergency redistribution transfer from nearest surplus facility in district.,2026-08-23T15:49:25.635003+00:00,ACTIVE
ALT-MED-90EFBAE0,CRITICAL,MEDICINE_STOCKOUT_RISK,DH-BR-PAT-001,District Hospital Gardanibagh,MED-ART-60,Artesunate,Current Physical Stock: 0 units | Predicted 7-Day Burn Rate: 5.8 units/day | Safety Stock Threshold: 46 units | DOSA: 0.0 days | Projected stock-out in ~1 days (2026-08-28).,Immediate stock-out expected in ~1.0 days (DOSA: 0.0d). High risk of treatment failure for acute patients.,Authorize emergency redistribution transfer from nearest surplus facility in district.,2026-08-23T15:49:25.635009+00:00,ACTIVE
ALT-MED-93184A46,CRITICAL,MEDICINE_STOCKOUT_RISK,DH-BR-PAT-001,District Hospital Gardanibagh,MED-ALB-400,Albendazole,Current Physical Stock: 0 units | Predicted 7-Day Burn Rate: 88.1 units/day | Safety Stock Threshold: 424 units | DOSA: 0.0 days | Adequate stock coverage for >14 days (DOSA: 0.0 days).,Immediate stock-out expected in < 1 days (DOSA: 0.0d). High risk of treatment failure for acute patients.,Authorize emergency redistribution transfer from nearest surplus facility in district.,2026-08-23T15:49:25.635015+00:00,ACTIVE
ALT-MED-4FC929A7,CRITICAL,MEDICINE_STOCKOUT_RISK,DH-BR-PAT-001,District Hospital Gardanibagh,MED-IFA-TAB,Iron & Folic Acid (IFA),"Current Physical Stock: 0 units | Predicted 7-Day Burn Rate: 488.6 units/day | Safety Stock Threshold: 1,766 units | DOSA: 0.0 days | Projected stock-out in ~1 days (2026-08-28).",Immediate stock-out expected in ~1.0 days (DOSA: 0.0d). High risk of treatment failure for acute patients.,Authorize emergency redistribution transfer from nearest surplus facility in district.,2026-08-23T15:49:25.635022+00:00,ACTIVE
ALT-MED-6156FAC0,CRITICAL,MEDICINE_STOCKOUT_RISK,PHC-BR-GAY-001,PHC Bodh Gaya,MED-PCM-500,Paracetamol,Current Physical Stock: 0 units | Predicted 7-Day Burn Rate: 4.1 units/day | Safety Stock Threshold: 31 units | DOSA: 0.0 days | Projected stock-out in ~1 days (2026-08-28).,Immediate stock-out expected in ~1.0 days (DOSA: 0.0d). High risk of treatment failure for acute patients.,Authorize emergency redistribution transfer from nearest surplus facility in district.,2026-08-23T15:49:25.635029+00:00,ACTIVE
ALT-MED-AC4F25CD,CRITICAL,MEDICINE_STOCKOUT_RISK,PHC-BR-GAY-001,PHC Bodh Gaya,MED-PCM-SYR,Paracetamol Paediatric Syrup,Current Physical Stock: 0 units | Predicted 7-Day Burn Rate: 2.0 units/day | Safety Stock Threshold: 15 units | DOSA: 0.0 days | Projected stock-out in ~1 days (2026-08-28).,Immediate stock-out expected in ~1.0 days (DOSA: 0.0d). High risk of treatment failure for acute patients.,Authorize emergency redistribution transfer from nearest surplus facility in district.,2026-08-23T15:49:25.635035+00:00,ACTIVE
ALT-MED-D419CE43,CRITICAL,MEDICINE_STOCKOUT_RISK,PHC-BR-GAY-001,PHC Bodh Gaya,MED-AMX-500,Amoxicillin,Current Physical Stock: 0 units | Predicted 7-Day Burn Rate: 2.0 units/day | Safety Stock Threshold: 15 units | DOSA: 0.0 days | Projected stock-out in ~1 days (2026-08-28).,Immediate stock-out expected in ~1.0 days (DOSA: 0.0d). High risk of treatment failure for acute patients.,Authorize emergency redistribution transfer from nearest surplus facility in district.,2026-08-23T15:49:25.635041+00:00,ACTIVE
ALT-MED-FBC0C2C8,CRITICAL,MEDICINE_STOCKOUT_RISK,PHC-BR-GAY-001,PHC Bodh Gaya,MED-AMC-625,Amoxicillin + Clavulanic Acid,Current Physical Stock: 0 units | Predicted 7-Day Burn Rate: 2.1 units/day | Safety Stock Threshold: 16 units | DOSA: 0.0 days | Projected stock-out in ~1 days (2026-08-28).,Immediate stock-out expected in ~1.0 days (DOSA: 0.0d). High risk of treatment failure for acute patients.,Authorize emergency redistribution transfer from nearest surplus facility in district.,2026-08-23T15:49:25.635048+00:00,ACTIVE
ALT-MED-599D02CC,CRITICAL,MEDICINE_STOCKOUT_RISK,PHC-BR-GAY-001,PHC Bodh Gaya,MED-ORS-SFT,Oral Rehydration Salts (WHO Formula),Current Physical Stock: 0 units | Predicted 7-Day Burn Rate: 1.9 units/day | Safety Stock Threshold: 14 units | DOSA: 0.0 days | Projected stock-out in ~1 days (2026-08-28).,Immediate stock-out expected in ~1.0 days (DOSA: 0.0d). High risk of treatment failure for acute patients.,Authorize emergency redistribution transfer from nearest surplus facility in district.,2026-08-23T15:49:25.635053+00:00,ACTIVE
ALT-MED-0994E369,CRITICAL,MEDICINE_STOCKOUT_RISK,PHC-BR-GAY-001,PHC Bodh Gaya,MED-ZNC-20,Zinc Sulfate Dispersible,Current Physical Stock: 0 units | Predicted 7-Day Burn Rate: 2.1 units/day | Safety Stock Threshold: 16 units | DOSA: 0.0 days | Projected stock-out in ~1 days (2026-08-28).,Immediate stock-out expected in ~1.0 days (DOSA: 0.0d). High risk of treatment failure for acute patients.,Authorize emergency redistribution transfer from nearest surplus facility in district.,2026-08-23T15:49:25.635058+00:00,ACTIVE
ALT-MED-0BC56007,CRITICAL,MEDICINE_STOCKOUT_RISK,PHC-BR-GAY-001,PHC Bodh Gaya,MED-AZI-500,Azithromycin,Current Physical Stock: 4 units | Predicted 7-Day Burn Rate: 2.1 units/day | Safety Stock Threshold: 16 units | DOSA: 1.9 days | Adequate stock coverage for >14 days (DOSA: 1.89 days).,Immediate stock-out expected in < 1 days (DOSA: 1.9d). High risk of treatment failure for acute patients.,Authorize emergency redistribution transfer from nearest surplus facility in district.,2026-08-23T15:49:25.635064+00:00,ACTIVE
ALT-MED-EA9CCBC1,CRITICAL,MEDICINE_STOCKOUT_RISK,PHC-BR-GAY-001,PHC Bodh Gaya,MED-MET-500,Metformin Hydrochloride,Current Physical Stock: 0 units | Predicted 7-Day Burn Rate: 2.0 units/day | Safety Stock Threshold: 15 units | DOSA: 0.0 days | Projected stock-out in ~1 days (2026-08-28).,Immediate stock-out expected in ~1.0 days (DOSA: 0.0d). High risk of treatment failure for acute patients.,Authorize emergency redistribution transfer from nearest surplus facility in district.,2026-08-23T15:49:25.635071+00:00,ACTIVE
ALT-MED-A4DA5F45,CRITICAL,MEDICINE_STOCKOUT_RISK,PHC-BR-GAY-001,PHC Bodh Gaya,MED-IVF-NS500,Normal Saline (0.9% Sodium Chloride),Current Physical Stock: 0 units | Predicted 7-Day Burn Rate: 2.1 units/day | Safety Stock Threshold: 16 units | DOSA: 0.0 days | Projected stock-out in ~1 days (2026-08-28).,Immediate stock-out expected in ~1.0 days (DOSA: 0.0d). High risk of treatment failure for acute patients.,Authorize emergency redistribution transfer from nearest surplus facility in district.,2026-08-23T15:49:25.635077+00:00,ACTIVE
ALT-MED-94690075,WARNING,MEDICINE_STOCKOUT_RISK,PHC-BR-GAY-001,PHC Bodh Gaya,MED-IVF-RL500,Ringer's Lactate (Compound Sodium Lactate),Current Physical Stock: 16 units | Predicted 7-Day Burn Rate: 2.1 units/day | Safety Stock Threshold: 16 units | DOSA: 7.6 days | Adequate stock coverage for >14 days (DOSA: 7.62 days).,Stock has fallen below calculated safety buffer (16 units).,Verify scheduled routine replenishment orders.,2026-08-23T15:49:25.635086+00:00,ACTIVE
ALT-MED-84E04159,CRITICAL,MEDICINE_STOCKOUT_RISK,PHC-BR-GAY-001,PHC Bodh Gaya,MED-IFA-TAB,Iron & Folic Acid (IFA),Current Physical Stock: 0 units | Predicted 7-Day Burn Rate: 1.9 units/day | Safety Stock Threshold: 14 units | DOSA: 0.0 days | Projected stock-out in ~1 days (2026-08-28).,Immediate stock-out expected in ~1.0 days (DOSA: 0.0d). High risk of treatment failure for acute patients.,Authorize emergency redistribution transfer from nearest surplus facility in district.,2026-08-23T15:49:25.635093+00:00,ACTIVE
ALT-MED-51283553,CRITICAL,MEDICINE_STOCKOUT_RISK,PHC-BR-GAY-002,PHC Sherghati,MED-PCM-500,Paracetamol,Current Physical Stock: 0 units | Predicted 7-Day Burn Rate: 3.8 units/day | Safety Stock Threshold: 27 units | DOSA: 0.0 days | Adequate stock coverage for >14 days (DOSA: 0.0 days).,Immediate stock-out expected in < 1 days (DOSA: 0.0d). High risk of treatment failure for acute patients.,Authorize emergency redistribution transfer from nearest surplus facility in district.,2026-08-23T15:49:25.635100+00:00,ACTIVE
ALT-MED-3C9E1C39,CRITICAL,MEDICINE_STOCKOUT_RISK,PHC-BR-GAY-002,PHC Sherghati,MED-PCM-SYR,Paracetamol Paediatric Syrup,Current Physical Stock: 0 units | Predicted 7-Day Burn Rate: 2.1 units/day | Safety Stock Threshold: 16 units | DOSA: 0.0 days | Projected stock-out in ~1 days (2026-08-28).,Immediate stock-out expected in ~1.0 days (DOSA: 0.0d). High risk of treatment failure for acute patients.,Authorize emergency redistribution transfer from nearest surplus facility in district.,2026-08-23T15:49:25.635106+00:00,ACTIVE
ALT-MED-40FFD4DB,CRITICAL,MEDICINE_STOCKOUT_RISK,PHC-BR-GAY-002,PHC Sherghati,MED-AMX-500,Amoxicillin,Current Physical Stock: 0 units | Predicted 7-Day Burn Rate: 2.0 units/day | Safety Stock Threshold: 16 units | DOSA: 0.0 days | Projected stock-out in ~1 days (2026-08-28).,Immediate stock-out expected in ~1.0 days (DOSA: 0.0d). High risk of treatment failure for acute patients.,Authorize emergency redistribution transfer from nearest surplus facility in district.,2026-08-23T15:49:25.635112+00:00,ACTIVE
ALT-MED-C5F9E4D7,WARNING,MEDICINE_STOCKOUT_RISK,PHC-BR-GAY-002,PHC Sherghati,MED-AMC-625,Amoxicillin + Clavulanic Acid,Current Physical Stock: 17 units | Predicted 7-Day Burn Rate: 2.1 units/day | Safety Stock Threshold: 16 units | DOSA: 8.0 days | Adequate stock coverage for >14 days (DOSA: 8.04 days).,Stock has fallen below calculated safety buffer (16 units).,Verify scheduled routine replenishment orders.,2026-08-23T15:49:25.635119+00:00,ACTIVE
ALT-MED-86D2D46A,CRITICAL,MEDICINE_STOCKOUT_RISK,PHC-BR-GAY-002,PHC Sherghati,MED-ORS-SFT,Oral Rehydration Salts (WHO Formula),Current Physical Stock: 0 units | Predicted 7-Day Burn Rate: 2.0 units/day | Safety Stock Threshold: 15 units | DOSA: 0.0 days | Projected stock-out in ~1 days (2026-08-28).,Immediate stock-out expected in ~1.0 days (DOSA: 0.0d). High risk of treatment failure for acute patients.,Authorize emergency redistribution transfer from nearest surplus facility in district.,2026-08-23T15:49:25.635125+00:00,ACTIVE
ALT-MED-B7BC672A,CRITICAL,MEDICINE_STOCKOUT_RISK,PHC-BR-GAY-002,PHC Sherghati,MED-ZNC-20,Zinc Sulfate Dispersible,Current Physical Stock: 0 units | Predicted 7-Day Burn Rate: 2.1 units/day | Safety Stock Threshold: 16 units | DOSA: 0.0 days | Projected stock-out in ~1 days (2026-08-28).,Immediate stock-out expected in ~1.0 days (DOSA: 0.0d). High risk of treatment failure for acute patients.,Authorize emergency redistribution transfer from nearest surplus facility in district.,2026-08-23T15:49:25.635130+00:00,ACTIVE
ALT-MED-10CED022,CRITICAL,MEDICINE_STOCKOUT_RISK,PHC-BR-GAY-002,PHC Sherghati,MED-MET-500,Metformin Hydrochloride,Current Physical Stock: 0 units | Predicted 7-Day Burn Rate: 2.0 units/day | Safety Stock Threshold: 15 units | DOSA: 0.0 days | Projected stock-out in ~1 days (2026-08-28).,Immediate stock-out expected in ~1.0 days (DOSA: 0.0d). High risk of treatment failure for acute patients.,Authorize emergency redistribution transfer from nearest surplus facility in district.,2026-08-23T15:49:25.635137+00:00,ACTIVE
ALT-MED-BC13975A,CRITICAL,MEDICINE_STOCKOUT_RISK,PHC-BR-GAY-002,PHC Sherghati,MED-IVF-NS500,Normal Saline (0.9% Sodium Chloride),Current Physical Stock: 0 units | Predicted 7-Day Burn Rate: 2.1 units/day | Safety Stock Threshold: 16 units | DOSA: 0.0 days | Projected stock-out in ~1 days (2026-08-28).,Immediate stock-out expected in ~1.0 days (DOSA: 0.0d). High risk of treatment failure for acute patients.,Authorize emergency redistribution transfer from nearest surplus facility in district.,2026-08-23T15:49:25.635143+00:00,ACTIVE
ALT-MED-9AFA7292,CRITICAL,MEDICINE_STOCKOUT_RISK,PHC-BR-GAY-002,PHC Sherghati,MED-IFA-TAB,Iron & Folic Acid (IFA),Current Physical Stock: 0 units | Predicted 7-Day Burn Rate: 2.0 units/day | Safety Stock Threshold: 15 units | DOSA: 0.0 days | Adequate stock coverage for >14 days (DOSA: 0.0 days).,Immediate stock-out expected in < 1 days (DOSA: 0.0d). High risk of treatment failure for acute patients.,Authorize emergency redistribution transfer from nearest surplus facility in district.,2026-08-23T15:49:25.635153+00:00,ACTIVE
ALT-MED-60293990,CRITICAL,MEDICINE_STOCKOUT_RISK,PHC-BR-GAY-003,PHC Tekari,MED-PCM-500,Paracetamol,Current Physical Stock: 0 units | Predicted 7-Day Burn Rate: 1.8 units/day | Safety Stock Threshold: 13 units | DOSA: 0.0 days | Projected stock-out in ~1 days (2026-08-28).,Immediate stock-out expected in ~1.0 days (DOSA: 0.0d). High risk of treatment failure for acute patients.,Authorize emergency redistribution transfer from nearest surplus facility in district.,2026-08-23T15:49:25.635159+00:00,ACTIVE
ALT-MED-A3F2CE05,CRITICAL,MEDICINE_STOCKOUT_RISK,PHC-BR-GAY-003,PHC Tekari,MED-PCM-SYR,Paracetamol Paediatric Syrup,Current Physical Stock: 0 units | Predicted 7-Day Burn Rate: 2.1 units/day | Safety Stock Threshold: 16 units | DOSA: 0.0 days | Adequate stock coverage for >14 days (DOSA: 0.0 days).,Immediate stock-out expected in < 1 days (DOSA: 0.0d). High risk of treatment failure for acute patients.,Authorize emergency redistribution transfer from nearest surplus facility in district.,2026-08-23T15:49:25.635165+00:00,ACTIVE
ALT-MED-BA777E8A,CRITICAL,MEDICINE_STOCKOUT_RISK,PHC-BR-GAY-003,PHC Tekari,MED-AMX-500,Amoxicillin,Current Physical Stock: 0 units | Predicted 7-Day Burn Rate: 2.0 units/day | Safety Stock Threshold: 15 units | DOSA: 0.0 days | Projected stock-out in ~1 days (2026-08-28).,Immediate stock-out expected in ~1.0 days (DOSA: 0.0d). High risk of treatment failure for acute patients.,Authorize emergency redistribution transfer from nearest surplus facility in district.,2026-08-23T15:49:25.635170+00:00,ACTIVE
ALT-MED-F58E1F2F,CRITICAL,MEDICINE_STOCKOUT_RISK,PHC-BR-GAY-003,PHC Tekari,MED-ORS-SFT,Oral Rehydration Salts (WHO Formula),Current Physical Stock: 0 units | Predicted 7-Day Burn Rate: 2.0 units/day | Safety Stock Threshold: 15 units | DOSA: 0.0 days | Projected stock-out in ~1 days (2026-08-28).,Immediate stock-out expected in ~1.0 days (DOSA: 0.0d). High risk of treatment failure for acute patients.,Authorize emergency redistribution transfer from nearest surplus facility in district.,2026-08-23T15:49:25.635182+00:00,ACTIVE
ALT-MED-C3647B83,HIGH,MEDICINE_STOCKOUT_RISK,PHC-BR-GAY-003,PHC Tekari,MED-ZNC-20,Zinc Sulfate Dispersible,Current Physical Stock: 8 units | Predicted 7-Day Burn Rate: 2.1 units/day | Safety Stock Threshold: 16 units | DOSA: 3.9 days | Adequate stock coverage for >14 days (DOSA: 3.86 days).,Stock coverage buffer is below 5 days (3.9 DOSA). Warehouse restock lead-time exceeds remaining stock.,Expedite pending shipment or trigger priority buffer reorder.,2026-08-23T15:49:25.635187+00:00,ACTIVE
ALT-MED-F8788858,CRITICAL,MEDICINE_STOCKOUT_RISK,PHC-BR-GAY-003,PHC Tekari,MED-MET-500,Metformin Hydrochloride,Current Physical Stock: 0 units | Predicted 7-Day Burn Rate: 2.0 units/day | Safety Stock Threshold: 15 units | DOSA: 0.0 days | Projected stock-out in ~1 days (2026-08-28).,Immediate stock-out expected in ~1.0 days (DOSA: 0.0d). High risk of treatment failure for acute patients.,Authorize emergency redistribution transfer from nearest surplus facility in district.,2026-08-23T15:49:25.635196+00:00,ACTIVE
ALT-MED-AE7680B8,WARNING,MEDICINE_STOCKOUT_RISK,PHC-BR-GAY-003,PHC Tekari,MED-IVF-NS500,Normal Saline (0.9% Sodium Chloride),Current Physical Stock: 21 units | Predicted 7-Day Burn Rate: 2.1 units/day | Safety Stock Threshold: 16 units | DOSA: 9.9 days | Adequate stock coverage for >14 days (DOSA: 9.93 days).,Stock has fallen below calculated safety buffer (16 units).,Verify scheduled routine replenishment orders.,2026-08-23T15:49:25.635202+00:00,ACTIVE
ALT-MED-6FF4646D,CRITICAL,MEDICINE_STOCKOUT_RISK,PHC-BR-GAY-003,PHC Tekari,MED-IFA-TAB,Iron & Folic Acid (IFA),Current Physical Stock: 0 units | Predicted 7-Day Burn Rate: 2.0 units/day | Safety Stock Threshold: 15 units | DOSA: 0.0 days | Projected stock-out in ~1 days (2026-08-28).,Immediate stock-out expected in ~1.0 days (DOSA: 0.0d). High risk of treatment failure for acute patients.,Authorize emergency redistribution transfer from nearest surplus facility in district.,2026-08-23T15:49:25.635209+00:00,ACTIVE
ALT-MED-70D84EBC,CRITICAL,MEDICINE_STOCKOUT_RISK,DH-BR-GAY-001,Jay Prakash Narayan District Hospital Gaya,MED-PCM-500,Paracetamol,"Current Physical Stock: 0 units | Predicted 7-Day Burn Rate: 778.2 units/day | Safety Stock Threshold: 2,760 units | DOSA: 0.0 days | Projected stock-out in ~1 days (2026-08-28).",Immediate stock-out expected in ~1.0 days (DOSA: 0.0d). High risk of treatment failure for acute patients.,Authorize emergency redistribution transfer from nearest surplus facility in district.,2026-08-23T15:49:25.635215+00:00,ACTIVE
ALT-MED-3929FE1A,CRITICAL,MEDICINE_STOCKOUT_RISK,DH-BR-GAY-001,Jay Prakash Narayan District Hospital Gaya,MED-PCM-SYR,Paracetamol Paediatric Syrup,"Current Physical Stock: 0 units | Predicted 7-Day Burn Rate: 299.4 units/day | Safety Stock Threshold: 1,125 units | DOSA: 0.0 days | Projected stock-out in ~1 days (2026-08-28).",Immediate stock-out expected in ~1.0 days (DOSA: 0.0d). High risk of treatment failure for acute patients.,Authorize emergency redistribution transfer from nearest surplus facility in district.,2026-08-23T15:49:25.635222+00:00,ACTIVE
ALT-MED-74B667F4,CRITICAL,MEDICINE_STOCKOUT_RISK,DH-BR-GAY-001,Jay Prakash Narayan District Hospital Gaya,MED-AMX-500,Amoxicillin,"Current Physical Stock: 0 units | Predicted 7-Day Burn Rate: 323.5 units/day | Safety Stock Threshold: 1,233 units | DOSA: 0.0 days | Projected stock-out in ~1 days (2026-08-28).",Immediate stock-out expected in ~1.0 days (DOSA: 0.0d). High risk of treatment failure for acute patients.,Authorize emergency redistribution transfer from nearest surplus facility in district.,2026-08-23T15:49:25.635228+00:00,ACTIVE
ALT-MED-71B57539,CRITICAL,MEDICINE_STOCKOUT_RISK,DH-BR-GAY-001,Jay Prakash Narayan District Hospital Gaya,MED-AMC-625,Amoxicillin + Clavulanic Acid,Current Physical Stock: 0 units | Predicted 7-Day Burn Rate: 166.6 units/day | Safety Stock Threshold: 702 units | DOSA: 0.0 days | Adequate stock coverage for >14 days (DOSA: 0.0 days).,Immediate stock-out expected in < 1 days (DOSA: 0.0d). High risk of treatment failure for acute patients.,Authorize emergency redistribution transfer from nearest surplus facility in district.,2026-08-23T15:49:25.635233+00:00,ACTIVE
ALT-MED-331C545A,CRITICAL,MEDICINE_STOCKOUT_RISK,DH-BR-GAY-001,Jay Prakash Narayan District Hospital Gaya,MED-ORS-SFT,Oral Rehydration Salts (WHO Formula),"Current Physical Stock: 0 units | Predicted 7-Day Burn Rate: 518.2 units/day | Safety Stock Threshold: 1,850 units | DOSA: 0.0 days | Adequate stock coverage for >14 days (DOSA: 0.0 days).",Immediate stock-out expected in < 1 days (DOSA: 0.0d). High risk of treatment failure for acute patients.,Authorize emergency redistribution transfer from nearest surplus facility in district.,2026-08-23T15:49:25.635238+00:00,ACTIVE
ALT-MED-CCC86408,CRITICAL,MEDICINE_STOCKOUT_RISK,DH-BR-GAY-001,Jay Prakash Narayan District Hospital Gaya,MED-ZNC-20,Zinc Sulfate Dispersible,Current Physical Stock: 0 units | Predicted 7-Day Burn Rate: 249.7 units/day | Safety Stock Threshold: 976 units | DOSA: 0.0 days | Projected stock-out in ~1 days (2026-08-28).,Immediate stock-out expected in ~1.0 days (DOSA: 0.0d). High risk of treatment failure for acute patients.,Authorize emergency redistribution transfer from nearest surplus facility in district.,2026-08-23T15:49:25.635244+00:00,ACTIVE
ALT-MED-A0B961D1,CRITICAL,MEDICINE_STOCKOUT_RISK,DH-BR-GAY-001,Jay Prakash Narayan District Hospital Gaya,MED-AZI-500,Azithromycin,Current Physical Stock: 0 units | Predicted 7-Day Burn Rate: 129.3 units/day | Safety Stock Threshold: 572 units | DOSA: 0.0 days | Adequate stock coverage for >14 days (DOSA: 0.0 days).,Immediate stock-out expected in < 1 days (DOSA: 0.0d). High risk of treatment failure for acute patients.,Authorize emergency redistribution transfer from nearest surplus facility in district.,2026-08-23T15:49:25.635249+00:00,ACTIVE
ALT-MED-BA585E3D,CRITICAL,MEDICINE_STOCKOUT_RISK,DH-BR-GAY-001,Jay Prakash Narayan District Hospital Gaya,MED-CTX-1G,Ceftriaxone,Current Physical Stock: 0 units | Predicted 7-Day Burn Rate: 28.8 units/day | Safety Stock Threshold: 203 units | DOSA: 0.0 days | Projected stock-out in ~1 days (2026-08-28).,Immediate stock-out expected in ~1.0 days (DOSA: 0.0d). High risk of treatment failure for acute patients.,Authorize emergency redistribution transfer from nearest surplus facility in district.,2026-08-23T15:49:25.635255+00:00,ACTIVE
ALT-MED-C7153CF0,CRITICAL,MEDICINE_STOCKOUT_RISK,DH-BR-GAY-001,Jay Prakash Narayan District Hospital Gaya,MED-RAB-VAC,Anti-Rabies Vaccine (Cell Culture),Current Physical Stock: 0 units | Predicted 7-Day Burn Rate: 7.5 units/day | Safety Stock Threshold: 63 units | DOSA: 0.0 days | Projected stock-out in ~1 days (2026-08-28).,Immediate stock-out expected in ~1.0 days (DOSA: 0.0d). High risk of treatment failure for acute patients.,Authorize emergency redistribution transfer from nearest surplus facility in district.,2026-08-23T15:49:25.635260+00:00,ACTIVE
ALT-MED-6730C98E,CRITICAL,MEDICINE_STOCKOUT_RISK,DH-BR-GAY-001,Jay Prakash Narayan District Hospital Gaya,MED-ASV-VIAL,Anti-Snake Venom Serum (Polyvalent),Current Physical Stock: 0 units | Predicted 7-Day Burn Rate: 2.0 units/day | Safety Stock Threshold: 16 units | DOSA: 0.0 days | Projected stock-out in ~1 days (2026-08-28).,Immediate stock-out expected in ~1.0 days (DOSA: 0.0d). High risk of treatment failure for acute patients.,Authorize emergency redistribution transfer from nearest surplus facility in district.,2026-08-23T15:49:25.635265+00:00,ACTIVE
ALT-MED-E3835CA6,CRITICAL,MEDICINE_STOCKOUT_RISK,DH-BR-GAY-001,Jay Prakash Narayan District Hospital Gaya,MED-INS-REG,Human Insulin (Regular / Soluble),Current Physical Stock: 0 units | Predicted 7-Day Burn Rate: 10.4 units/day | Safety Stock Threshold: 82 units | DOSA: 0.0 days | Projected stock-out in ~1 days (2026-08-28).,Immediate stock-out expected in ~1.0 days (DOSA: 0.0d). High risk of treatment failure for acute patients.,Authorize emergency redistribution transfer from nearest surplus facility in district.,2026-08-23T15:49:25.635271+00:00,ACTIVE
ALT-MED-00E81E9E,CRITICAL,MEDICINE_STOCKOUT_RISK,DH-BR-GAY-001,Jay Prakash Narayan District Hospital Gaya,MED-MET-500,Metformin Hydrochloride,"Current Physical Stock: 0 units | Predicted 7-Day Burn Rate: 453.5 units/day | Safety Stock Threshold: 1,652 units | DOSA: 0.0 days | Projected stock-out in ~1 days (2026-08-28).",Immediate stock-out expected in ~1.0 days (DOSA: 0.0d). High risk of treatment failure for acute patients.,Authorize emergency redistribution transfer from nearest surplus facility in district.,2026-08-23T15:49:25.635278+00:00,ACTIVE
ALT-MED-7F1CF2BF,CRITICAL,MEDICINE_STOCKOUT_RISK,DH-BR-GAY-001,Jay Prakash Narayan District Hospital Gaya,MED-OXY-AMP,Oxytocin,Current Physical Stock: 0 units | Predicted 7-Day Burn Rate: 18.7 units/day | Safety Stock Threshold: 141 units | DOSA: 0.0 days | Projected stock-out in ~1 days (2026-08-28).,Immediate stock-out expected in ~1.0 days (DOSA: 0.0d). High risk of treatment failure for acute patients.,Authorize emergency redistribution transfer from nearest surplus facility in district.,2026-08-23T15:49:25.635284+00:00,ACTIVE
ALT-MED-7C4049E1,CRITICAL,MEDICINE_STOCKOUT_RISK,DH-BR-GAY-001,Jay Prakash Narayan District Hospital Gaya,MED-MGS-50,Magnesium Sulfate,Current Physical Stock: 0 units | Predicted 7-Day Burn Rate: 3.2 units/day | Safety Stock Threshold: 22 units | DOSA: 0.0 days | Projected stock-out in ~1 days (2026-08-28).,Immediate stock-out expected in ~1.0 days (DOSA: 0.0d). High risk of treatment failure for acute patients.,Authorize emergency redistribution transfer from nearest surplus facility in district.,2026-08-23T15:49:25.635290+00:00,ACTIVE
ALT-MED-04D9C06C,CRITICAL,MEDICINE_STOCKOUT_RISK,DH-BR-GAY-001,Jay Prakash Narayan District Hospital Gaya,MED-IVF-NS500,Normal Saline (0.9% Sodium Chloride),Current Physical Stock: 0 units | Predicted 7-Day Burn Rate: 222.6 units/day | Safety Stock Threshold: 876 units | DOSA: 0.0 days | Projected stock-out in ~1 days (2026-08-28).,Immediate stock-out expected in ~1.0 days (DOSA: 0.0d). High risk of treatment failure for acute patients.,Authorize emergency redistribution transfer from nearest surplus facility in district.,2026-08-23T15:49:25.635295+00:00,ACTIVE
ALT-MED-721006A5,CRITICAL,MEDICINE_STOCKOUT_RISK,DH-BR-GAY-001,Jay Prakash Narayan District Hospital Gaya,MED-IVF-RL500,Ringer's Lactate (Compound Sodium Lactate),Current Physical Stock: 0 units | Predicted 7-Day Burn Rate: 144.7 units/day | Safety Stock Threshold: 614 units | DOSA: 0.0 days | Projected stock-out in ~1 days (2026-08-28).,Immediate stock-out expected in ~1.0 days (DOSA: 0.0d). High risk of treatment failure for acute patients.,Authorize emergency redistribution transfer from nearest surplus facility in district.,2026-08-23T15:49:25.635301+00:00,ACTIVE
ALT-MED-21FF007D,CRITICAL,MEDICINE_STOCKOUT_RISK,DH-BR-GAY-001,Jay Prakash Narayan District Hospital Gaya,MED-IVF-D5500,Dextrose 5% in Water,Current Physical Stock: 0 units | Predicted 7-Day Burn Rate: 61.8 units/day | Safety Stock Threshold: 341 units | DOSA: 0.0 days | Projected stock-out in ~1 days (2026-08-28).,Immediate stock-out expected in ~1.0 days (DOSA: 0.0d). High risk of treatment failure for acute patients.,Authorize emergency redistribution transfer from nearest surplus facility in district.,2026-08-23T15:49:25.635307+00:00,ACTIVE
ALT-MED-7595C83D,CRITICAL,MEDICINE_STOCKOUT_RISK,DH-BR-GAY-001,Jay Prakash Narayan District Hospital Gaya,MED-ART-60,Artesunate,Current Physical Stock: 0 units | Predicted 7-Day Burn Rate: 5.2 units/day | Safety Stock Threshold: 41 units | DOSA: 0.0 days | Projected stock-out in ~1 days (2026-08-28).,Immediate stock-out expected in ~1.0 days (DOSA: 0.0d). High risk of treatment failure for acute patients.,Authorize emergency redistribution transfer from nearest surplus facility in district.,2026-08-23T15:49:25.635312+00:00,ACTIVE
ALT-MED-E7951741,CRITICAL,MEDICINE_STOCKOUT_RISK,DH-BR-GAY-001,Jay Prakash Narayan District Hospital Gaya,MED-ALB-400,Albendazole,Current Physical Stock: 0 units | Predicted 7-Day Burn Rate: 71.2 units/day | Safety Stock Threshold: 380 units | DOSA: 0.0 days | Projected stock-out in ~1 days (2026-08-28).,Immediate stock-out expected in ~1.0 days (DOSA: 0.0d). High risk of treatment failure for acute patients.,Authorize emergency redistribution transfer from nearest surplus facility in district.,2026-08-23T15:49:25.635317+00:00,ACTIVE
ALT-MED-B8B51D76,CRITICAL,MEDICINE_STOCKOUT_RISK,DH-BR-GAY-001,Jay Prakash Narayan District Hospital Gaya,MED-IFA-TAB,Iron & Folic Acid (IFA),"Current Physical Stock: 0 units | Predicted 7-Day Burn Rate: 465.4 units/day | Safety Stock Threshold: 1,688 units | DOSA: 0.0 days | Projected stock-out in ~1 days (2026-08-28).",Immediate stock-out expected in ~1.0 days (DOSA: 0.0d). High risk of treatment failure for acute patients.,Authorize emergency redistribution transfer from nearest surplus facility in district.,2026-08-23T15:49:25.635322+00:00,ACTIVE
ALT-MED-3D606ECF,CRITICAL,MEDICINE_STOCKOUT_RISK,PHC-UP-VAR-001,PHC Cholapur,MED-PCM-500,Paracetamol,Current Physical Stock: 0 units | Predicted 7-Day Burn Rate: 5.1 units/day | Safety Stock Threshold: 40 units | DOSA: 0.0 days | Projected stock-out in ~1 days (2026-08-28).,Immediate stock-out expected in ~1.0 days (DOSA: 0.0d). High risk of treatment failure for acute patients.,Authorize emergency redistribution transfer from nearest surplus facility in district.,2026-08-23T15:49:25.635329+00:00,ACTIVE
ALT-MED-32B8F357,CRITICAL,MEDICINE_STOCKOUT_RISK,PHC-UP-VAR-001,PHC Cholapur,MED-PCM-SYR,Paracetamol Paediatric Syrup,Current Physical Stock: 0 units | Predicted 7-Day Burn Rate: 2.1 units/day | Safety Stock Threshold: 16 units | DOSA: 0.0 days | Projected stock-out in ~1 days (2026-08-28).,Immediate stock-out expected in ~1.0 days (DOSA: 0.0d). High risk of treatment failure for acute patients.,Authorize emergency redistribution transfer from nearest surplus facility in district.,2026-08-23T15:49:25.635336+00:00,ACTIVE
ALT-MED-67A7BDB0,CRITICAL,MEDICINE_STOCKOUT_RISK,PHC-UP-VAR-001,PHC Cholapur,MED-AMX-500,Amoxicillin,Current Physical Stock: 0 units | Predicted 7-Day Burn Rate: 2.0 units/day | Safety Stock Threshold: 15 units | DOSA: 0.0 days | Projected stock-out in ~1 days (2026-08-28).,Immediate stock-out expected in ~1.0 days (DOSA: 0.0d). High risk of treatment failure for acute patients.,Authorize emergency redistribution transfer from nearest surplus facility in district.,2026-08-23T15:49:25.635342+00:00,ACTIVE
ALT-MED-858456A5,CRITICAL,MEDICINE_STOCKOUT_RISK,PHC-UP-VAR-001,PHC Cholapur,MED-AMC-625,Amoxicillin + Clavulanic Acid,Current Physical Stock: 0 units | Predicted 7-Day Burn Rate: 2.1 units/day | Safety Stock Threshold: 16 units | DOSA: 0.0 days | Projected stock-out in ~1 days (2026-08-28).,Immediate stock-out expected in ~1.0 days (DOSA: 0.0d). High risk of treatment failure for acute patients.,Authorize emergency redistribution transfer from nearest surplus facility in district.,2026-08-23T15:49:25.635348+00:00,ACTIVE
ALT-MED-A0C38485,CRITICAL,MEDICINE_STOCKOUT_RISK,PHC-UP-VAR-001,PHC Cholapur,MED-ORS-SFT,Oral Rehydration Salts (WHO Formula),Current Physical Stock: 0 units | Predicted 7-Day Burn Rate: 1.9 units/day | Safety Stock Threshold: 14 units | DOSA: 0.0 days | Adequate stock coverage for >14 days (DOSA: 0.0 days).,Immediate stock-out expected in < 1 days (DOSA: 0.0d). High risk of treatment failure for acute patients.,Authorize emergency redistribution transfer from nearest surplus facility in district.,2026-08-23T15:49:25.635353+00:00,ACTIVE
ALT-MED-12CB3EDA,CRITICAL,MEDICINE_STOCKOUT_RISK,PHC-UP-VAR-001,PHC Cholapur,MED-ZNC-20,Zinc Sulfate Dispersible,Current Physical Stock: 0 units | Predicted 7-Day Burn Rate: 2.1 units/day | Safety Stock Threshold: 16 units | DOSA: 0.0 days | Projected stock-out in ~1 days (2026-08-28).,Immediate stock-out expected in ~1.0 days (DOSA: 0.0d). High risk of treatment failure for acute patients.,Authorize emergency redistribution transfer from nearest surplus facility in district.,2026-08-23T15:49:25.635359+00:00,ACTIVE
ALT-MED-70DCB15A,CRITICAL,MEDICINE_STOCKOUT_RISK,PHC-UP-VAR-001,PHC Cholapur,MED-AZI-500,Azithromycin,Current Physical Stock: 4 units | Predicted 7-Day Burn Rate: 2.1 units/day | Safety Stock Threshold: 16 units | DOSA: 1.9 days | Adequate stock coverage for >14 days (DOSA: 1.9 days).,Immediate stock-out expected in < 1 days (DOSA: 1.9d). High risk of treatment failure for acute patients.,Authorize emergency redistribution transfer from nearest surplus facility in district.,2026-08-23T15:49:25.635364+00:00,ACTIVE
ALT-MED-A81C8A45,CRITICAL,MEDICINE_STOCKOUT_RISK,PHC-UP-VAR-001,PHC Cholapur,MED-MET-500,Metformin Hydrochloride,Current Physical Stock: 0 units | Predicted 7-Day Burn Rate: 2.0 units/day | Safety Stock Threshold: 15 units | DOSA: 0.0 days | Adequate stock coverage for >14 days (DOSA: 0.0 days).,Immediate stock-out expected in < 1 days (DOSA: 0.0d). High risk of treatment failure for acute patients.,Authorize emergency redistribution transfer from nearest surplus facility in district.,2026-08-23T15:49:25.635370+00:00,ACTIVE
ALT-MED-9456AEFE,CRITICAL,MEDICINE_STOCKOUT_RISK,PHC-UP-VAR-001,PHC Cholapur,MED-IVF-NS500,Normal Saline (0.9% Sodium Chloride),Current Physical Stock: 0 units | Predicted 7-Day Burn Rate: 2.1 units/day | Safety Stock Threshold: 16 units | DOSA: 0.0 days | Projected stock-out in ~1 days (2026-08-28).,Immediate stock-out expected in ~1.0 days (DOSA: 0.0d). High risk of treatment failure for acute patients.,Authorize emergency redistribution transfer from nearest surplus facility in district.,2026-08-23T15:49:25.635376+00:00,ACTIVE
ALT-MED-52C73FA4,HIGH,MEDICINE_STOCKOUT_RISK,PHC-UP-VAR-001,PHC Cholapur,MED-IVF-RL500,Ringer's Lactate (Compound Sodium Lactate),Current Physical Stock: 8 units | Predicted 7-Day Burn Rate: 2.1 units/day | Safety Stock Threshold: 16 units | DOSA: 3.8 days | Adequate stock coverage for >14 days (DOSA: 3.81 days).,Stock coverage buffer is below 5 days (3.8 DOSA). Warehouse restock lead-time exceeds remaining stock.,Expedite pending shipment or trigger priority buffer reorder.,2026-08-23T15:49:25.635381+00:00,ACTIVE
ALT-MED-702D8DDF,CRITICAL,MEDICINE_STOCKOUT_RISK,PHC-UP-VAR-001,PHC Cholapur,MED-IFA-TAB,Iron & Folic Acid (IFA),Current Physical Stock: 0 units | Predicted 7-Day Burn Rate: 1.9 units/day | Safety Stock Threshold: 14 units | DOSA: 0.0 days | Projected stock-out in ~1 days (2026-08-28).,Immediate stock-out expected in ~1.0 days (DOSA: 0.0d). High risk of treatment failure for acute patients.,Authorize emergency redistribution transfer from nearest surplus facility in district.,2026-08-23T15:49:25.635387+00:00,ACTIVE
ALT-MED-C22EB966,CRITICAL,MEDICINE_STOCKOUT_RISK,PHC-UP-VAR-002,PHC Pindra,MED-PCM-500,Paracetamol,Current Physical Stock: 0 units | Predicted 7-Day Burn Rate: 6.3 units/day | Safety Stock Threshold: 52 units | DOSA: 0.0 days | Projected stock-out in ~1 days (2026-08-28).,Immediate stock-out expected in ~1.0 days (DOSA: 0.0d). High risk of treatment failure for acute patients.,Authorize emergency redistribution transfer from nearest surplus facility in district.,2026-08-23T15:49:25.635394+00:00,ACTIVE
ALT-MED-21B959A7,CRITICAL,MEDICINE_STOCKOUT_RISK,PHC-UP-VAR-002,PHC Pindra,MED-PCM-SYR,Paracetamol Paediatric Syrup,Current Physical Stock: 0 units | Predicted 7-Day Burn Rate: 2.0 units/day | Safety Stock Threshold: 15 units | DOSA: 0.0 days | Projected stock-out in ~1 days (2026-08-28).,Immediate stock-out expected in ~1.0 days (DOSA: 0.0d). High risk of treatment failure for acute patients.,Authorize emergency redistribution transfer from nearest surplus facility in district.,2026-08-23T15:49:25.635399+00:00,ACTIVE
ALT-MED-557D0BB5,CRITICAL,MEDICINE_STOCKOUT_RISK,PHC-UP-VAR-002,PHC Pindra,MED-AMX-500,Amoxicillin,Current Physical Stock: 0 units | Predicted 7-Day Burn Rate: 2.0 units/day | Safety Stock Threshold: 15 units | DOSA: 0.0 days | Projected stock-out in ~1 days (2026-08-28).,Immediate stock-out expected in ~1.0 days (DOSA: 0.0d). High risk of treatment failure for acute patients.,Authorize emergency redistribution transfer from nearest surplus facility in district.,2026-08-23T15:49:25.635404+00:00,ACTIVE
ALT-MED-3970A6FB,CRITICAL,MEDICINE_STOCKOUT_RISK,PHC-UP-VAR-002,PHC Pindra,MED-AMC-625,Amoxicillin + Clavulanic Acid,Current Physical Stock: 0 units | Predicted 7-Day Burn Rate: 2.1 units/day | Safety Stock Threshold: 16 units | DOSA: 0.0 days | Projected stock-out in ~1 days (2026-08-28).,Immediate stock-out expected in ~1.0 days (DOSA: 0.0d). High risk of treatment failure for acute patients.,Authorize emergency redistribution transfer from nearest surplus facility in district.,2026-08-23T15:49:25.635409+00:00,ACTIVE
ALT-MED-BC041D2F,CRITICAL,MEDICINE_STOCKOUT_RISK,PHC-UP-VAR-002,PHC Pindra,MED-ORS-SFT,Oral Rehydration Salts (WHO Formula),Current Physical Stock: 0 units | Predicted 7-Day Burn Rate: 2.7 units/day | Safety Stock Threshold: 19 units | DOSA: 0.0 days | Projected stock-out in ~1 days (2026-08-28).,Immediate stock-out expected in ~1.0 days (DOSA: 0.0d). High risk of treatment failure for acute patients.,Authorize emergency redistribution transfer from nearest surplus facility in district.,2026-08-23T15:49:25.635415+00:00,ACTIVE
ALT-MED-6D1C686F,CRITICAL,MEDICINE_STOCKOUT_RISK,PHC-UP-VAR-002,PHC Pindra,MED-ZNC-20,Zinc Sulfate Dispersible,Current Physical Stock: 0 units | Predicted 7-Day Burn Rate: 2.0 units/day | Safety Stock Threshold: 15 units | DOSA: 0.0 days | Projected stock-out in ~1 days (2026-08-28).,Immediate stock-out expected in ~1.0 days (DOSA: 0.0d). High risk of treatment failure for acute patients.,Authorize emergency redistribution transfer from nearest surplus facility in district.,2026-08-23T15:49:25.635420+00:00,ACTIVE
ALT-MED-45FCB1C3,CRITICAL,MEDICINE_STOCKOUT_RISK,PHC-UP-VAR-002,PHC Pindra,MED-AZI-500,Azithromycin,Current Physical Stock: 0 units | Predicted 7-Day Burn Rate: 2.1 units/day | Safety Stock Threshold: 16 units | DOSA: 0.0 days | Adequate stock coverage for >14 days (DOSA: 0.0 days).,Immediate stock-out expected in < 1 days (DOSA: 0.0d). High risk of treatment failure for acute patients.,Authorize emergency redistribution transfer from nearest surplus facility in district.,2026-08-23T15:49:25.635425+00:00,ACTIVE
ALT-MED-76356583,CRITICAL,MEDICINE_STOCKOUT_RISK,PHC-UP-VAR-002,PHC Pindra,MED-MET-500,Metformin Hydrochloride,Current Physical Stock: 0 units | Predicted 7-Day Burn Rate: 2.0 units/day | Safety Stock Threshold: 15 units | DOSA: 0.0 days | Projected stock-out in ~1 days (2026-08-28).,Immediate stock-out expected in ~1.0 days (DOSA: 0.0d). High risk of treatment failure for acute patients.,Authorize emergency redistribution transfer from nearest surplus facility in district.,2026-08-23T15:49:25.635431+00:00,ACTIVE
ALT-MED-9336D8ED,CRITICAL,MEDICINE_STOCKOUT_RISK,PHC-UP-VAR-002,PHC Pindra,MED-IVF-NS500,Normal Saline (0.9% Sodium Chloride),Current Physical Stock: 0 units | Predicted 7-Day Burn Rate: 2.1 units/day | Safety Stock Threshold: 16 units | DOSA: 0.0 days | Projected stock-out in ~1 days (2026-08-28).,Immediate stock-out expected in ~1.0 days (DOSA: 0.0d). High risk of treatment failure for acute patients.,Authorize emergency redistribution transfer from nearest surplus facility in district.,2026-08-23T15:49:25.635438+00:00,ACTIVE
ALT-MED-8FBA6854,CRITICAL,MEDICINE_STOCKOUT_RISK,PHC-UP-VAR-002,PHC Pindra,MED-IVF-RL500,Ringer's Lactate (Compound Sodium Lactate),Current Physical Stock: 0 units | Predicted 7-Day Burn Rate: 2.1 units/day | Safety Stock Threshold: 16 units | DOSA: 0.0 days | Adequate stock coverage for >14 days (DOSA: 0.0 days).,Immediate stock-out expected in < 1 days (DOSA: 0.0d). High risk of treatment failure for acute patients.,Authorize emergency redistribution transfer from nearest surplus facility in district.,2026-08-23T15:49:25.635443+00:00,ACTIVE
ALT-MED-0025F7B2,CRITICAL,MEDICINE_STOCKOUT_RISK,PHC-UP-VAR-002,PHC Pindra,MED-IFA-TAB,Iron & Folic Acid (IFA),Current Physical Stock: 0 units | Predicted 7-Day Burn Rate: 2.1 units/day | Safety Stock Threshold: 15 units | DOSA: 0.0 days | Projected stock-out in ~1 days (2026-08-28).,Immediate stock-out expected in ~1.0 days (DOSA: 0.0d). High risk of treatment failure for acute patients.,Authorize emergency redistribution transfer from nearest surplus facility in district.,2026-08-23T15:49:25.635451+00:00,ACTIVE
ALT-MED-3B328D98,CRITICAL,MEDICINE_STOCKOUT_RISK,PHC-UP-VAR-003,PHC Sevapuri,MED-PCM-500,Paracetamol,Current Physical Stock: 0 units | Predicted 7-Day Burn Rate: 3.4 units/day | Safety Stock Threshold: 24 units | DOSA: 0.0 days | Projected stock-out in ~1 days (2026-08-28).,Immediate stock-out expected in ~1.0 days (DOSA: 0.0d). High risk of treatment failure for acute patients.,Authorize emergency redistribution transfer from nearest surplus facility in district.,2026-08-23T15:49:25.635456+00:00,ACTIVE
ALT-MED-617FD082,CRITICAL,MEDICINE_STOCKOUT_RISK,PHC-UP-VAR-003,PHC Sevapuri,MED-PCM-SYR,Paracetamol Paediatric Syrup,Current Physical Stock: 0 units | Predicted 7-Day Burn Rate: 2.0 units/day | Safety Stock Threshold: 16 units | DOSA: 0.0 days | Adequate stock coverage for >14 days (DOSA: 0.0 days).,Immediate stock-out expected in < 1 days (DOSA: 0.0d). High risk of treatment failure for acute patients.,Authorize emergency redistribution transfer from nearest surplus facility in district.,2026-08-23T15:49:25.635462+00:00,ACTIVE
ALT-MED-DF6EBCA9,CRITICAL,MEDICINE_STOCKOUT_RISK,PHC-UP-VAR-003,PHC Sevapuri,MED-AMX-500,Amoxicillin,Current Physical Stock: 0 units | Predicted 7-Day Burn Rate: 2.0 units/day | Safety Stock Threshold: 15 units | DOSA: 0.0 days | Projected stock-out in ~1 days (2026-08-28).,Immediate stock-out expected in ~1.0 days (DOSA: 0.0d). High risk of treatment failure for acute patients.,Authorize emergency redistribution transfer from nearest surplus facility in district.,2026-08-23T15:49:25.635467+00:00,ACTIVE
ALT-MED-1AD2B083,HIGH,MEDICINE_STOCKOUT_RISK,PHC-UP-VAR-003,PHC Sevapuri,MED-AMC-625,Amoxicillin + Clavulanic Acid,Current Physical Stock: 5 units | Predicted 7-Day Burn Rate: 2.1 units/day | Safety Stock Threshold: 16 units | DOSA: 2.4 days | Adequate stock coverage for >14 days (DOSA: 2.38 days).,Stock coverage buffer is below 5 days (2.4 DOSA). Warehouse restock lead-time exceeds remaining stock.,Expedite pending shipment or trigger priority buffer reorder.,2026-08-23T15:49:25.635472+00:00,ACTIVE
ALT-MED-4F4BD109,CRITICAL,MEDICINE_STOCKOUT_RISK,PHC-UP-VAR-003,PHC Sevapuri,MED-ORS-SFT,Oral Rehydration Salts (WHO Formula),Current Physical Stock: 0 units | Predicted 7-Day Burn Rate: 1.9 units/day | Safety Stock Threshold: 14 units | DOSA: 0.0 days | Projected stock-out in ~1 days (2026-08-28).,Immediate stock-out expected in ~1.0 days (DOSA: 0.0d). High risk of treatment failure for acute patients.,Authorize emergency redistribution transfer from nearest surplus facility in district.,2026-08-23T15:49:25.635477+00:00,ACTIVE
ALT-MED-51B3E3B6,CRITICAL,MEDICINE_STOCKOUT_RISK,PHC-UP-VAR-003,PHC Sevapuri,MED-ZNC-20,Zinc Sulfate Dispersible,Current Physical Stock: 0 units | Predicted 7-Day Burn Rate: 2.1 units/day | Safety Stock Threshold: 16 units | DOSA: 0.0 days | Adequate stock coverage for >14 days (DOSA: 0.0 days).,Immediate stock-out expected in < 1 days (DOSA: 0.0d). High risk of treatment failure for acute patients.,Authorize emergency redistribution transfer from nearest surplus facility in district.,2026-08-23T15:49:25.635482+00:00,ACTIVE
ALT-MED-CCC0ABE3,WARNING,MEDICINE_STOCKOUT_RISK,PHC-UP-VAR-003,PHC Sevapuri,MED-AZI-500,Azithromycin,Current Physical Stock: 18 units | Predicted 7-Day Burn Rate: 2.1 units/day | Safety Stock Threshold: 16 units | DOSA: 8.5 days | Adequate stock coverage for >14 days (DOSA: 8.51 days).,Stock has fallen below calculated safety buffer (16 units).,Verify scheduled routine replenishment orders.,2026-08-23T15:49:25.635488+00:00,ACTIVE
ALT-MED-B0A22078,CRITICAL,MEDICINE_STOCKOUT_RISK,PHC-UP-VAR-003,PHC Sevapuri,MED-MET-500,Metformin Hydrochloride,Current Physical Stock: 0 units | Predicted 7-Day Burn Rate: 2.0 units/day | Safety Stock Threshold: 15 units | DOSA: 0.0 days | Adequate stock coverage for >14 days (DOSA: 0.0 days).,Immediate stock-out expected in < 1 days (DOSA: 0.0d). High risk of treatment failure for acute patients.,Authorize emergency redistribution transfer from nearest surplus facility in district.,2026-08-23T15:49:25.635495+00:00,ACTIVE
ALT-MED-915889C5,HIGH,MEDICINE_STOCKOUT_RISK,PHC-UP-VAR-003,PHC Sevapuri,MED-IVF-NS500,Normal Saline (0.9% Sodium Chloride),Current Physical Stock: 7 units | Predicted 7-Day Burn Rate: 2.1 units/day | Safety Stock Threshold: 16 units | DOSA: 3.3 days | Adequate stock coverage for >14 days (DOSA: 3.33 days).,Stock coverage buffer is below 5 days (3.3 DOSA). Warehouse restock lead-time exceeds remaining stock.,Expedite pending shipment or trigger priority buffer reorder.,2026-08-23T15:49:25.635501+00:00,ACTIVE
ALT-MED-830270AC,WARNING,MEDICINE_STOCKOUT_RISK,PHC-UP-VAR-003,PHC Sevapuri,MED-IVF-RL500,Ringer's Lactate (Compound Sodium Lactate),Current Physical Stock: 14 units | Predicted 7-Day Burn Rate: 2.1 units/day | Safety Stock Threshold: 16 units | DOSA: 6.7 days | Adequate stock coverage for >14 days (DOSA: 6.67 days).,Stock has fallen below calculated safety buffer (16 units).,Verify scheduled routine replenishment orders.,2026-08-23T15:49:25.635508+00:00,ACTIVE
ALT-MED-2E28EC2E,CRITICAL,MEDICINE_STOCKOUT_RISK,PHC-UP-VAR-003,PHC Sevapuri,MED-IFA-TAB,Iron & Folic Acid (IFA),Current Physical Stock: 0 units | Predicted 7-Day Burn Rate: 2.0 units/day | Safety Stock Threshold: 15 units | DOSA: 0.0 days | Adequate stock coverage for >14 days (DOSA: 0.0 days).,Immediate stock-out expected in < 1 days (DOSA: 0.0d). High risk of treatment failure for acute patients.,Authorize emergency redistribution transfer from nearest surplus facility in district.,2026-08-23T15:49:25.635514+00:00,ACTIVE
ALT-MED-ED14C4AD,CRITICAL,MEDICINE_STOCKOUT_RISK,PHC-UP-VAR-004,PHC Kashi Vidyapeeth,MED-PCM-500,Paracetamol,Current Physical Stock: 0 units | Predicted 7-Day Burn Rate: 15.5 units/day | Safety Stock Threshold: 118 units | DOSA: 0.0 days | Projected stock-out in ~1 days (2026-08-28).,Immediate stock-out expected in ~1.0 days (DOSA: 0.0d). High risk of treatment failure for acute patients.,Authorize emergency redistribution transfer from nearest surplus facility in district.,2026-08-23T15:49:25.635521+00:00,ACTIVE
ALT-MED-30C8CDB3,CRITICAL,MEDICINE_STOCKOUT_RISK,PHC-UP-VAR-004,PHC Kashi Vidyapeeth,MED-PCM-SYR,Paracetamol Paediatric Syrup,Current Physical Stock: 0 units | Predicted 7-Day Burn Rate: 2.0 units/day | Safety Stock Threshold: 15 units | DOSA: 0.0 days | Projected stock-out in ~1 days (2026-08-28).,Immediate stock-out expected in ~1.0 days (DOSA: 0.0d). High risk of treatment failure for acute patients.,Authorize emergency redistribution transfer from nearest surplus facility in district.,2026-08-23T15:49:25.635526+00:00,ACTIVE
ALT-MED-6109F73F,CRITICAL,MEDICINE_STOCKOUT_RISK,PHC-UP-VAR-004,PHC Kashi Vidyapeeth,MED-AMX-500,Amoxicillin,Current Physical Stock: 0 units | Predicted 7-Day Burn Rate: 2.0 units/day | Safety Stock Threshold: 15 units | DOSA: 0.0 days | Projected stock-out in ~1 days (2026-08-28).,Immediate stock-out expected in ~1.0 days (DOSA: 0.0d). High risk of treatment failure for acute patients.,Authorize emergency redistribution transfer from nearest surplus facility in district.,2026-08-23T15:49:25.635531+00:00,ACTIVE
ALT-MED-B9ECF799,CRITICAL,MEDICINE_STOCKOUT_RISK,PHC-UP-VAR-004,PHC Kashi Vidyapeeth,MED-AMC-625,Amoxicillin + Clavulanic Acid,Current Physical Stock: 0 units | Predicted 7-Day Burn Rate: 2.1 units/day | Safety Stock Threshold: 16 units | DOSA: 0.0 days | Projected stock-out in ~1 days (2026-08-28).,Immediate stock-out expected in ~1.0 days (DOSA: 0.0d). High risk of treatment failure for acute patients.,Authorize emergency redistribution transfer from nearest surplus facility in district.,2026-08-23T15:49:25.635537+00:00,ACTIVE
ALT-MED-B7093B0E,CRITICAL,MEDICINE_STOCKOUT_RISK,PHC-UP-VAR-004,PHC Kashi Vidyapeeth,MED-ORS-SFT,Oral Rehydration Salts (WHO Formula),Current Physical Stock: 0 units | Predicted 7-Day Burn Rate: 4.4 units/day | Safety Stock Threshold: 33 units | DOSA: 0.0 days | Projected stock-out in ~1 days (2026-08-28).,Immediate stock-out expected in ~1.0 days (DOSA: 0.0d). High risk of treatment failure for acute patients.,Authorize emergency redistribution transfer from nearest surplus facility in district.,2026-08-23T15:49:25.635542+00:00,ACTIVE
ALT-MED-153E74B6,CRITICAL,MEDICINE_STOCKOUT_RISK,PHC-UP-VAR-004,PHC Kashi Vidyapeeth,MED-ZNC-20,Zinc Sulfate Dispersible,Current Physical Stock: 0 units | Predicted 7-Day Burn Rate: 2.0 units/day | Safety Stock Threshold: 15 units | DOSA: 0.0 days | Adequate stock coverage for >14 days (DOSA: 0.0 days).,Immediate stock-out expected in < 1 days (DOSA: 0.0d). High risk of treatment failure for acute patients.,Authorize emergency redistribution transfer from nearest surplus facility in district.,2026-08-23T15:49:25.635547+00:00,ACTIVE
ALT-MED-387E6B16,CRITICAL,MEDICINE_STOCKOUT_RISK,PHC-UP-VAR-004,PHC Kashi Vidyapeeth,MED-AZI-500,Azithromycin,Current Physical Stock: 0 units | Predicted 7-Day Burn Rate: 2.1 units/day | Safety Stock Threshold: 16 units | DOSA: 0.0 days | Adequate stock coverage for >14 days (DOSA: 0.0 days).,Immediate stock-out expected in < 1 days (DOSA: 0.0d). High risk of treatment failure for acute patients.,Authorize emergency redistribution transfer from nearest surplus facility in district.,2026-08-23T15:49:25.635552+00:00,ACTIVE
ALT-MED-CA9F13AB,CRITICAL,MEDICINE_STOCKOUT_RISK,PHC-UP-VAR-004,PHC Kashi Vidyapeeth,MED-MET-500,Metformin Hydrochloride,Current Physical Stock: 0 units | Predicted 7-Day Burn Rate: 1.9 units/day | Safety Stock Threshold: 14 units | DOSA: 0.0 days | Projected stock-out in ~1 days (2026-08-28).,Immediate stock-out expected in ~1.0 days (DOSA: 0.0d). High risk of treatment failure for acute patients.,Authorize emergency redistribution transfer from nearest surplus facility in district.,2026-08-23T15:49:25.635558+00:00,ACTIVE
ALT-MED-B5537652,CRITICAL,MEDICINE_STOCKOUT_RISK,PHC-UP-VAR-004,PHC Kashi Vidyapeeth,MED-IVF-NS500,Normal Saline (0.9% Sodium Chloride),Current Physical Stock: 0 units | Predicted 7-Day Burn Rate: 2.0 units/day | Safety Stock Threshold: 15 units | DOSA: 0.0 days | Projected stock-out in ~1 days (2026-08-28).,Immediate stock-out expected in ~1.0 days (DOSA: 0.0d). High risk of treatment failure for acute patients.,Authorize emergency redistribution transfer from nearest surplus facility in district.,2026-08-23T15:49:25.635565+00:00,ACTIVE
ALT-MED-7477BBA2,CRITICAL,MEDICINE_STOCKOUT_RISK,PHC-UP-VAR-004,PHC Kashi Vidyapeeth,MED-IVF-RL500,Ringer's Lactate (Compound Sodium Lactate),Current Physical Stock: 0 units | Predicted 7-Day Burn Rate: 2.1 units/day | Safety Stock Threshold: 16 units | DOSA: 0.0 days | Adequate stock coverage for >14 days (DOSA: 0.0 days).,Immediate stock-out expected in < 1 days (DOSA: 0.0d). High risk of treatment failure for acute patients.,Authorize emergency redistribution transfer from nearest surplus facility in district.,2026-08-23T15:49:25.635571+00:00,ACTIVE
ALT-MED-1A11CF1F,WARNING,MEDICINE_STOCKOUT_RISK,PHC-UP-VAR-004,PHC Kashi Vidyapeeth,MED-IVF-D5500,Dextrose 5% in Water,Current Physical Stock: 16 units | Predicted 7-Day Burn Rate: 2.1 units/day | Safety Stock Threshold: 16 units | DOSA: 7.6 days | Adequate stock coverage for >14 days (DOSA: 7.57 days).,Stock has fallen below calculated safety buffer (16 units).,Verify scheduled routine replenishment orders.,2026-08-23T15:49:25.635576+00:00,ACTIVE
ALT-MED-08C1C7AE,WARNING,MEDICINE_STOCKOUT_RISK,PHC-UP-VAR-004,PHC Kashi Vidyapeeth,MED-ALB-400,Albendazole,Current Physical Stock: 16 units | Predicted 7-Day Burn Rate: 2.1 units/day | Safety Stock Threshold: 17 units | DOSA: 7.5 days | Adequate stock coverage for >14 days (DOSA: 7.52 days).,Stock has fallen below calculated safety buffer (17 units).,Verify scheduled routine replenishment orders.,2026-08-23T15:49:25.635582+00:00,ACTIVE
ALT-MED-EC8885EB,CRITICAL,MEDICINE_STOCKOUT_RISK,PHC-UP-VAR-004,PHC Kashi Vidyapeeth,MED-IFA-TAB,Iron & Folic Acid (IFA),Current Physical Stock: 0 units | Predicted 7-Day Burn Rate: 3.6 units/day | Safety Stock Threshold: 26 units | DOSA: 0.0 days | Projected stock-out in ~1 days (2026-08-28).,Immediate stock-out expected in ~1.0 days (DOSA: 0.0d). High risk of treatment failure for acute patients.,Authorize emergency redistribution transfer from nearest surplus facility in district.,2026-08-23T15:49:25.635587+00:00,ACTIVE
ALT-MED-AE387147,CRITICAL,MEDICINE_STOCKOUT_RISK,CHC-UP-VAR-001,CHC Misirpur,MED-PCM-500,Paracetamol,Current Physical Stock: 0 units | Predicted 7-Day Burn Rate: 113.7 units/day | Safety Stock Threshold: 510 units | DOSA: 0.0 days | Projected stock-out in ~1 days (2026-08-28).,Immediate stock-out expected in ~1.0 days (DOSA: 0.0d). High risk of treatment failure for acute patients.,Authorize emergency redistribution transfer from nearest surplus facility in district.,2026-08-23T15:49:25.635592+00:00,ACTIVE
ALT-MED-2423BD79,CRITICAL,MEDICINE_STOCKOUT_RISK,CHC-UP-VAR-001,CHC Misirpur,MED-PCM-SYR,Paracetamol Paediatric Syrup,Current Physical Stock: 0 units | Predicted 7-Day Burn Rate: 6.9 units/day | Safety Stock Threshold: 59 units | DOSA: 0.0 days | Projected stock-out in ~1 days (2026-08-28).,Immediate stock-out expected in ~1.0 days (DOSA: 0.0d). High risk of treatment failure for acute patients.,Authorize emergency redistribution transfer from nearest surplus facility in district.,2026-08-23T15:49:25.635599+00:00,ACTIVE
ALT-MED-CF22D06F,CRITICAL,MEDICINE_STOCKOUT_RISK,CHC-UP-VAR-001,CHC Misirpur,MED-AMX-500,Amoxicillin,Current Physical Stock: 0 units | Predicted 7-Day Burn Rate: 15.9 units/day | Safety Stock Threshold: 122 units | DOSA: 0.0 days | Projected stock-out in ~1 days (2026-08-28).,Immediate stock-out expected in ~1.0 days (DOSA: 0.0d). High risk of treatment failure for acute patients.,Authorize emergency redistribution transfer from nearest surplus facility in district.,2026-08-23T15:49:25.635604+00:00,ACTIVE
ALT-MED-F7909AFB,CRITICAL,MEDICINE_STOCKOUT_RISK,CHC-UP-VAR-001,CHC Misirpur,MED-AMC-625,Amoxicillin + Clavulanic Acid,Current Physical Stock: 0 units | Predicted 7-Day Burn Rate: 3.2 units/day | Safety Stock Threshold: 22 units | DOSA: 0.0 days | Projected stock-out in ~1 days (2026-08-28).,Immediate stock-out expected in ~1.0 days (DOSA: 0.0d). High risk of treatment failure for acute patients.,Authorize emergency redistribution transfer from nearest surplus facility in district.,2026-08-23T15:49:25.635615+00:00,ACTIVE
ALT-MED-12D05950,CRITICAL,MEDICINE_STOCKOUT_RISK,CHC-UP-VAR-001,CHC Misirpur,MED-ORS-SFT,Oral Rehydration Salts (WHO Formula),Current Physical Stock: 0 units | Predicted 7-Day Burn Rate: 51.0 units/day | Safety Stock Threshold: 297 units | DOSA: 0.0 days | Projected stock-out in ~1 days (2026-08-28).,Immediate stock-out expected in ~1.0 days (DOSA: 0.0d). High risk of treatment failure for acute patients.,Authorize emergency redistribution transfer from nearest surplus facility in district.,2026-08-23T15:49:25.635620+00:00,ACTIVE
ALT-MED-89C390C6,CRITICAL,MEDICINE_STOCKOUT_RISK,CHC-UP-VAR-001,CHC Misirpur,MED-ZNC-20,Zinc Sulfate Dispersible,Current Physical Stock: 0 units | Predicted 7-Day Burn Rate: 6.5 units/day | Safety Stock Threshold: 53 units | DOSA: 0.0 days | Projected stock-out in ~1 days (2026-08-28).,Immediate stock-out expected in ~1.0 days (DOSA: 0.0d). High risk of treatment failure for acute patients.,Authorize emergency redistribution transfer from nearest surplus facility in district.,2026-08-23T15:49:25.635627+00:00,ACTIVE
ALT-MED-B58E3791,CRITICAL,MEDICINE_STOCKOUT_RISK,CHC-UP-VAR-001,CHC Misirpur,MED-AZI-500,Azithromycin,Current Physical Stock: 0 units | Predicted 7-Day Burn Rate: 3.3 units/day | Safety Stock Threshold: 23 units | DOSA: 0.0 days | Projected stock-out in ~1 days (2026-08-28).,Immediate stock-out expected in ~1.0 days (DOSA: 0.0d). High risk of treatment failure for acute patients.,Authorize emergency redistribution transfer from nearest surplus facility in district.,2026-08-23T15:49:25.635633+00:00,ACTIVE
ALT-MED-7B4D0EDC,CRITICAL,MEDICINE_STOCKOUT_RISK,CHC-UP-VAR-001,CHC Misirpur,MED-CTX-1G,Ceftriaxone,Current Physical Stock: 0 units | Predicted 7-Day Burn Rate: 2.0 units/day | Safety Stock Threshold: 16 units | DOSA: 0.0 days | Projected stock-out in ~1 days (2026-08-28).,Immediate stock-out expected in ~1.0 days (DOSA: 0.0d). High risk of treatment failure for acute patients.,Authorize emergency redistribution transfer from nearest surplus facility in district.,2026-08-23T15:49:25.635638+00:00,ACTIVE
ALT-MED-361501F2,WARNING,MEDICINE_STOCKOUT_RISK,CHC-UP-VAR-001,CHC Misirpur,MED-RAB-VAC,Anti-Rabies Vaccine (Cell Culture),Current Physical Stock: 14 units | Predicted 7-Day Burn Rate: 2.1 units/day | Safety Stock Threshold: 16 units | DOSA: 6.6 days | Adequate stock coverage for >14 days (DOSA: 6.62 days).,Stock has fallen below calculated safety buffer (16 units).,Verify scheduled routine replenishment orders.,2026-08-23T15:49:25.635643+00:00,ACTIVE
ALT-MED-B4B50CD7,CRITICAL,MEDICINE_STOCKOUT_RISK,CHC-UP-VAR-001,CHC Misirpur,MED-INS-REG,Human Insulin (Regular / Soluble),Current Physical Stock: 0 units | Predicted 7-Day Burn Rate: 2.1 units/day | Safety Stock Threshold: 16 units | DOSA: 0.0 days | Projected stock-out in ~1 days (2026-08-28).,Immediate stock-out expected in ~1.0 days (DOSA: 0.0d). High risk of treatment failure for acute patients.,Authorize emergency redistribution transfer from nearest surplus facility in district.,2026-08-23T15:49:25.635649+00:00,ACTIVE
ALT-MED-66F9F3BA,CRITICAL,MEDICINE_STOCKOUT_RISK,CHC-UP-VAR-001,CHC Misirpur,MED-MET-500,Metformin Hydrochloride,Current Physical Stock: 0 units | Predicted 7-Day Burn Rate: 17.3 units/day | Safety Stock Threshold: 131 units | DOSA: 0.0 days | Projected stock-out in ~1 days (2026-08-28).,Immediate stock-out expected in ~1.0 days (DOSA: 0.0d). High risk of treatment failure for acute patients.,Authorize emergency redistribution transfer from nearest surplus facility in district.,2026-08-23T15:49:25.635654+00:00,ACTIVE
ALT-MED-066BC91E,CRITICAL,MEDICINE_STOCKOUT_RISK,CHC-UP-VAR-001,CHC Misirpur,MED-OXY-AMP,Oxytocin,Current Physical Stock: 0 units | Predicted 7-Day Burn Rate: 2.1 units/day | Safety Stock Threshold: 16 units | DOSA: 0.0 days | Adequate stock coverage for >14 days (DOSA: 0.0 days).,Immediate stock-out expected in < 1 days (DOSA: 0.0d). High risk of treatment failure for acute patients.,Authorize emergency redistribution transfer from nearest surplus facility in district.,2026-08-23T15:49:25.635659+00:00,ACTIVE
ALT-MED-09F703FA,CRITICAL,MEDICINE_STOCKOUT_RISK,CHC-UP-VAR-001,CHC Misirpur,MED-IVF-NS500,Normal Saline (0.9% Sodium Chloride),Current Physical Stock: 0 units | Predicted 7-Day Burn Rate: 4.9 units/day | Safety Stock Threshold: 38 units | DOSA: 0.0 days | Projected stock-out in ~1 days (2026-08-28).,Immediate stock-out expected in ~1.0 days (DOSA: 0.0d). High risk of treatment failure for acute patients.,Authorize emergency redistribution transfer from nearest surplus facility in district.,2026-08-23T15:49:25.635665+00:00,ACTIVE
ALT-MED-759A1CA3,CRITICAL,MEDICINE_STOCKOUT_RISK,CHC-UP-VAR-001,CHC Misirpur,MED-IVF-RL500,Ringer's Lactate (Compound Sodium Lactate),Current Physical Stock: 0 units | Predicted 7-Day Burn Rate: 2.9 units/day | Safety Stock Threshold: 20 units | DOSA: 0.0 days | Projected stock-out in ~1 days (2026-08-28).,Immediate stock-out expected in ~1.0 days (DOSA: 0.0d). High risk of treatment failure for acute patients.,Authorize emergency redistribution transfer from nearest surplus facility in district.,2026-08-23T15:49:25.635670+00:00,ACTIVE
ALT-MED-91BC836C,CRITICAL,MEDICINE_STOCKOUT_RISK,CHC-UP-VAR-001,CHC Misirpur,MED-IVF-D5500,Dextrose 5% in Water,Current Physical Stock: 0 units | Predicted 7-Day Burn Rate: 2.0 units/day | Safety Stock Threshold: 15 units | DOSA: 0.0 days | Projected stock-out in ~1 days (2026-08-28).,Immediate stock-out expected in ~1.0 days (DOSA: 0.0d). High risk of treatment failure for acute patients.,Authorize emergency redistribution transfer from nearest surplus facility in district.,2026-08-23T15:49:25.635678+00:00,ACTIVE
ALT-MED-71C191F1,CRITICAL,MEDICINE_STOCKOUT_RISK,CHC-UP-VAR-001,CHC Misirpur,MED-ALB-400,Albendazole,Current Physical Stock: 0 units | Predicted 7-Day Burn Rate: 2.0 units/day | Safety Stock Threshold: 15 units | DOSA: 0.0 days | Projected stock-out in ~1 days (2026-08-28).,Immediate stock-out expected in ~1.0 days (DOSA: 0.0d). High risk of treatment failure for acute patients.,Authorize emergency redistribution transfer from nearest surplus facility in district.,2026-08-23T15:49:25.635685+00:00,ACTIVE
ALT-MED-1B9E44F4,CRITICAL,MEDICINE_STOCKOUT_RISK,CHC-UP-VAR-001,CHC Misirpur,MED-IFA-TAB,Iron & Folic Acid (IFA),Current Physical Stock: 0 units | Predicted 7-Day Burn Rate: 27.9 units/day | Safety Stock Threshold: 194 units | DOSA: 0.0 days | Projected stock-out in ~1 days (2026-08-28).,Immediate stock-out expected in ~1.0 days (DOSA: 0.0d). High risk of treatment failure for acute patients.,Authorize emergency redistribution transfer from nearest surplus facility in district.,2026-08-23T15:49:25.635692+00:00,ACTIVE
ALT-MED-8FF04C14,CRITICAL,MEDICINE_STOCKOUT_RISK,DH-UP-VAR-001,Pandit Deen Dayal Upadhyay District Hospital,MED-PCM-500,Paracetamol,"Current Physical Stock: 0 units | Predicted 7-Day Burn Rate: 1040.8 units/day | Safety Stock Threshold: 3,560 units | DOSA: 0.0 days | Adequate stock coverage for >14 days (DOSA: 0.0 days).",Immediate stock-out expected in < 1 days (DOSA: 0.0d). High risk of treatment failure for acute patients.,Authorize emergency redistribution transfer from nearest surplus facility in district.,2026-08-23T15:49:25.635698+00:00,ACTIVE
ALT-MED-D2D81646,CRITICAL,MEDICINE_STOCKOUT_RISK,DH-UP-VAR-001,Pandit Deen Dayal Upadhyay District Hospital,MED-PCM-SYR,Paracetamol Paediatric Syrup,"Current Physical Stock: 0 units | Predicted 7-Day Burn Rate: 366.3 units/day | Safety Stock Threshold: 1,344 units | DOSA: 0.0 days | Projected stock-out in ~1 days (2026-08-28).",Immediate stock-out expected in ~1.0 days (DOSA: 0.0d). High risk of treatment failure for acute patients.,Authorize emergency redistribution transfer from nearest surplus facility in district.,2026-08-23T15:49:25.635703+00:00,ACTIVE
ALT-MED-540A27F0,CRITICAL,MEDICINE_STOCKOUT_RISK,DH-UP-VAR-001,Pandit Deen Dayal Upadhyay District Hospital,MED-AMX-500,Amoxicillin,"Current Physical Stock: 0 units | Predicted 7-Day Burn Rate: 520.8 units/day | Safety Stock Threshold: 1,842 units | DOSA: 0.0 days | Adequate stock coverage for >14 days (DOSA: 0.0 days).",Immediate stock-out expected in < 1 days (DOSA: 0.0d). High risk of treatment failure for acute patients.,Authorize emergency redistribution transfer from nearest surplus facility in district.,2026-08-23T15:49:25.635709+00:00,ACTIVE
ALT-MED-C29AEFDB,CRITICAL,MEDICINE_STOCKOUT_RISK,DH-UP-VAR-001,Pandit Deen Dayal Upadhyay District Hospital,MED-AMC-625,Amoxicillin + Clavulanic Acid,"Current Physical Stock: 0 units | Predicted 7-Day Burn Rate: 271.7 units/day | Safety Stock Threshold: 1,026 units | DOSA: 0.0 days | Projected stock-out in ~1 days (2026-08-28).",Immediate stock-out expected in ~1.0 days (DOSA: 0.0d). High risk of treatment failure for acute patients.,Authorize emergency redistribution transfer from nearest surplus facility in district.,2026-08-23T15:49:25.635714+00:00,ACTIVE
ALT-MED-55F0F2AE,CRITICAL,MEDICINE_STOCKOUT_RISK,DH-UP-VAR-001,Pandit Deen Dayal Upadhyay District Hospital,MED-ORS-SFT,Oral Rehydration Salts (WHO Formula),"Current Physical Stock: 0 units | Predicted 7-Day Burn Rate: 700.1 units/day | Safety Stock Threshold: 2,502 units | DOSA: 0.0 days | Projected stock-out in ~1 days (2026-08-28).",Immediate stock-out expected in ~1.0 days (DOSA: 0.0d). High risk of treatment failure for acute patients.,Authorize emergency redistribution transfer from nearest surplus facility in district.,2026-08-23T15:49:25.635719+00:00,ACTIVE
ALT-MED-42C77517,CRITICAL,MEDICINE_STOCKOUT_RISK,DH-UP-VAR-001,Pandit Deen Dayal Upadhyay District Hospital,MED-ZNC-20,Zinc Sulfate Dispersible,"Current Physical Stock: 0 units | Predicted 7-Day Burn Rate: 274.6 units/day | Safety Stock Threshold: 1,048 units | DOSA: 0.0 days | Projected stock-out in ~1 days (2026-08-28).",Immediate stock-out expected in ~1.0 days (DOSA: 0.0d). High risk of treatment failure for acute patients.,Authorize emergency redistribution transfer from nearest surplus facility in district.,2026-08-23T15:49:25.635724+00:00,ACTIVE
ALT-MED-A7BCD2F0,CRITICAL,MEDICINE_STOCKOUT_RISK,DH-UP-VAR-001,Pandit Deen Dayal Upadhyay District Hospital,MED-AZI-500,Azithromycin,Current Physical Stock: 0 units | Predicted 7-Day Burn Rate: 236.8 units/day | Safety Stock Threshold: 907 units | DOSA: 0.0 days | Projected stock-out in ~1 days (2026-08-28).,Immediate stock-out expected in ~1.0 days (DOSA: 0.0d). High risk of treatment failure for acute patients.,Authorize emergency redistribution transfer from nearest surplus facility in district.,2026-08-23T15:49:25.635730+00:00,ACTIVE
ALT-MED-D439DD04,CRITICAL,MEDICINE_STOCKOUT_RISK,DH-UP-VAR-001,Pandit Deen Dayal Upadhyay District Hospital,MED-CTX-1G,Ceftriaxone,Current Physical Stock: 0 units | Predicted 7-Day Burn Rate: 74.2 units/day | Safety Stock Threshold: 367 units | DOSA: 0.0 days | Projected stock-out in ~1 days (2026-08-28).,Immediate stock-out expected in ~1.0 days (DOSA: 0.0d). High risk of treatment failure for acute patients.,Authorize emergency redistribution transfer from nearest surplus facility in district.,2026-08-23T15:49:25.635735+00:00,ACTIVE
ALT-MED-C20975E0,CRITICAL,MEDICINE_STOCKOUT_RISK,DH-UP-VAR-001,Pandit Deen Dayal Upadhyay District Hospital,MED-RAB-VAC,Anti-Rabies Vaccine (Cell Culture),Current Physical Stock: 0 units | Predicted 7-Day Burn Rate: 11.5 units/day | Safety Stock Threshold: 88 units | DOSA: 0.0 days | Adequate stock coverage for >14 days (DOSA: 0.0 days).,Immediate stock-out expected in < 1 days (DOSA: 0.0d). High risk of treatment failure for acute patients.,Authorize emergency redistribution transfer from nearest surplus facility in district.,2026-08-23T15:49:25.635742+00:00,ACTIVE
ALT-MED-E3535749,CRITICAL,MEDICINE_STOCKOUT_RISK,DH-UP-VAR-001,Pandit Deen Dayal Upadhyay District Hospital,MED-ASV-VIAL,Anti-Snake Venom Serum (Polyvalent),Current Physical Stock: 0 units | Predicted 7-Day Burn Rate: 2.0 units/day | Safety Stock Threshold: 15 units | DOSA: 0.0 days | Projected stock-out in ~1 days (2026-08-28).,Immediate stock-out expected in ~1.0 days (DOSA: 0.0d). High risk of treatment failure for acute patients.,Authorize emergency redistribution transfer from nearest surplus facility in district.,2026-08-23T15:49:25.635748+00:00,ACTIVE
ALT-MED-D109F33A,CRITICAL,MEDICINE_STOCKOUT_RISK,DH-UP-VAR-001,Pandit Deen Dayal Upadhyay District Hospital,MED-INS-REG,Human Insulin (Regular / Soluble),Current Physical Stock: 0 units | Predicted 7-Day Burn Rate: 15.9 units/day | Safety Stock Threshold: 119 units | DOSA: 0.0 days | Projected stock-out in ~1 days (2026-08-28).,Immediate stock-out expected in ~1.0 days (DOSA: 0.0d). High risk of treatment failure for acute patients.,Authorize emergency redistribution transfer from nearest surplus facility in district.,2026-08-23T15:49:25.635754+00:00,ACTIVE
ALT-MED-C9B7D119,CRITICAL,MEDICINE_STOCKOUT_RISK,DH-UP-VAR-001,Pandit Deen Dayal Upadhyay District Hospital,MED-MET-500,Metformin Hydrochloride,"Current Physical Stock: 0 units | Predicted 7-Day Burn Rate: 555.1 units/day | Safety Stock Threshold: 1,965 units | DOSA: 0.0 days | Projected stock-out in ~1 days (2026-08-28).",Immediate stock-out expected in ~1.0 days (DOSA: 0.0d). High risk of treatment failure for acute patients.,Authorize emergency redistribution transfer from nearest surplus facility in district.,2026-08-23T15:49:25.635761+00:00,ACTIVE
ALT-MED-E938F236,CRITICAL,MEDICINE_STOCKOUT_RISK,DH-UP-VAR-001,Pandit Deen Dayal Upadhyay District Hospital,MED-OXY-AMP,Oxytocin,Current Physical Stock: 0 units | Predicted 7-Day Burn Rate: 35.3 units/day | Safety Stock Threshold: 224 units | DOSA: 0.0 days | Adequate stock coverage for >14 days (DOSA: 0.0 days).,Immediate stock-out expected in < 1 days (DOSA: 0.0d). High risk of treatment failure for acute patients.,Authorize emergency redistribution transfer from nearest surplus facility in district.,2026-08-23T15:49:25.635766+00:00,ACTIVE
ALT-MED-E24D1195,CRITICAL,MEDICINE_STOCKOUT_RISK,DH-UP-VAR-001,Pandit Deen Dayal Upadhyay District Hospital,MED-MGS-50,Magnesium Sulfate,Current Physical Stock: 0 units | Predicted 7-Day Burn Rate: 4.4 units/day | Safety Stock Threshold: 33 units | DOSA: 0.0 days | Adequate stock coverage for >14 days (DOSA: 0.0 days).,Immediate stock-out expected in < 1 days (DOSA: 0.0d). High risk of treatment failure for acute patients.,Authorize emergency redistribution transfer from nearest surplus facility in district.,2026-08-23T15:49:25.635771+00:00,ACTIVE
ALT-MED-70FC0619,CRITICAL,MEDICINE_STOCKOUT_RISK,DH-UP-VAR-001,Pandit Deen Dayal Upadhyay District Hospital,MED-IVF-NS500,Normal Saline (0.9% Sodium Chloride),"Current Physical Stock: 0 units | Predicted 7-Day Burn Rate: 275.1 units/day | Safety Stock Threshold: 1,036 units | DOSA: 0.0 days | Projected stock-out in ~1 days (2026-08-28).",Immediate stock-out expected in ~1.0 days (DOSA: 0.0d). High risk of treatment failure for acute patients.,Authorize emergency redistribution transfer from nearest surplus facility in district.,2026-08-23T15:49:25.635777+00:00,ACTIVE
ALT-MED-FEA3CDE5,CRITICAL,MEDICINE_STOCKOUT_RISK,DH-UP-VAR-001,Pandit Deen Dayal Upadhyay District Hospital,MED-IVF-RL500,Ringer's Lactate (Compound Sodium Lactate),Current Physical Stock: 0 units | Predicted 7-Day Burn Rate: 198.3 units/day | Safety Stock Threshold: 792 units | DOSA: 0.0 days | Projected stock-out in ~1 days (2026-08-28).,Immediate stock-out expected in ~1.0 days (DOSA: 0.0d). High risk of treatment failure for acute patients.,Authorize emergency redistribution transfer from nearest surplus facility in district.,2026-08-23T15:49:25.635782+00:00,ACTIVE
ALT-MED-BDF1D737,CRITICAL,MEDICINE_STOCKOUT_RISK,DH-UP-VAR-001,Pandit Deen Dayal Upadhyay District Hospital,MED-IVF-D5500,Dextrose 5% in Water,Current Physical Stock: 0 units | Predicted 7-Day Burn Rate: 114.2 units/day | Safety Stock Threshold: 504 units | DOSA: 0.0 days | Projected stock-out in ~1 days (2026-08-28).,Immediate stock-out expected in ~1.0 days (DOSA: 0.0d). High risk of treatment failure for acute patients.,Authorize emergency redistribution transfer from nearest surplus facility in district.,2026-08-23T15:49:25.635789+00:00,ACTIVE
ALT-MED-C3870F33,CRITICAL,MEDICINE_STOCKOUT_RISK,DH-UP-VAR-001,Pandit Deen Dayal Upadhyay District Hospital,MED-ART-60,Artesunate,Current Physical Stock: 0 units | Predicted 7-Day Burn Rate: 6.7 units/day | Safety Stock Threshold: 56 units | DOSA: 0.0 days | Adequate stock coverage for >14 days (DOSA: 0.0 days).,Immediate stock-out expected in < 1 days (DOSA: 0.0d). High risk of treatment failure for acute patients.,Authorize emergency redistribution transfer from nearest surplus facility in district.,2026-08-23T15:49:25.635794+00:00,ACTIVE
ALT-MED-337171B0,CRITICAL,MEDICINE_STOCKOUT_RISK,DH-UP-VAR-001,Pandit Deen Dayal Upadhyay District Hospital,MED-ALB-400,Albendazole,Current Physical Stock: 0 units | Predicted 7-Day Burn Rate: 103.6 units/day | Safety Stock Threshold: 474 units | DOSA: 0.0 days | Adequate stock coverage for >14 days (DOSA: 0.0 days).,Immediate stock-out expected in < 1 days (DOSA: 0.0d). High risk of treatment failure for acute patients.,Authorize emergency redistribution transfer from nearest surplus facility in district.,2026-08-23T15:49:25.635801+00:00,ACTIVE
ALT-MED-56A2F290,CRITICAL,MEDICINE_STOCKOUT_RISK,DH-UP-VAR-001,Pandit Deen Dayal Upadhyay District Hospital,MED-IFA-TAB,Iron & Folic Acid (IFA),"Current Physical Stock: 0 units | Predicted 7-Day Burn Rate: 641.7 units/day | Safety Stock Threshold: 2,250 units | DOSA: 0.0 days | Projected stock-out in ~1 days (2026-08-28).",Immediate stock-out expected in ~1.0 days (DOSA: 0.0d). High risk of treatment failure for acute patients.,Authorize emergency redistribution transfer from nearest surplus facility in district.,2026-08-23T15:49:25.635808+00:00,ACTIVE
ALT-MED-9C0CF9ED,CRITICAL,MEDICINE_STOCKOUT_RISK,PHC-UP-LUK-001,PHC Bakshi Ka Talab,MED-PCM-500,Paracetamol,Current Physical Stock: 0 units | Predicted 7-Day Burn Rate: 9.4 units/day | Safety Stock Threshold: 77 units | DOSA: 0.0 days | Adequate stock coverage for >14 days (DOSA: 0.0 days).,Immediate stock-out expected in < 1 days (DOSA: 0.0d). High risk of treatment failure for acute patients.,Authorize emergency redistribution transfer from nearest surplus facility in district.,2026-08-23T15:49:25.635813+00:00,ACTIVE
ALT-MED-83A0BEF2,CRITICAL,MEDICINE_STOCKOUT_RISK,PHC-UP-LUK-001,PHC Bakshi Ka Talab,MED-PCM-SYR,Paracetamol Paediatric Syrup,Current Physical Stock: 0 units | Predicted 7-Day Burn Rate: 2.0 units/day | Safety Stock Threshold: 15 units | DOSA: 0.0 days | Adequate stock coverage for >14 days (DOSA: 0.0 days).,Immediate stock-out expected in < 1 days (DOSA: 0.0d). High risk of treatment failure for acute patients.,Authorize emergency redistribution transfer from nearest surplus facility in district.,2026-08-23T15:49:25.635818+00:00,ACTIVE
ALT-MED-3ADE3684,CRITICAL,MEDICINE_STOCKOUT_RISK,PHC-UP-LUK-001,PHC Bakshi Ka Talab,MED-AMX-500,Amoxicillin,Current Physical Stock: 0 units | Predicted 7-Day Burn Rate: 2.0 units/day | Safety Stock Threshold: 15 units | DOSA: 0.0 days | Adequate stock coverage for >14 days (DOSA: 0.0 days).,Immediate stock-out expected in < 1 days (DOSA: 0.0d). High risk of treatment failure for acute patients.,Authorize emergency redistribution transfer from nearest surplus facility in district.,2026-08-23T15:49:25.635823+00:00,ACTIVE
ALT-MED-F0A3D96F,CRITICAL,MEDICINE_STOCKOUT_RISK,PHC-UP-LUK-001,PHC Bakshi Ka Talab,MED-AMC-625,Amoxicillin + Clavulanic Acid,Current Physical Stock: 0 units | Predicted 7-Day Burn Rate: 2.0 units/day | Safety Stock Threshold: 16 units | DOSA: 0.0 days | Projected stock-out in ~1 days (2026-08-28).,Immediate stock-out expected in ~1.0 days (DOSA: 0.0d). High risk of treatment failure for acute patients.,Authorize emergency redistribution transfer from nearest surplus facility in district.,2026-08-23T15:49:25.635829+00:00,ACTIVE
ALT-MED-87135BE8,CRITICAL,MEDICINE_STOCKOUT_RISK,PHC-UP-LUK-001,PHC Bakshi Ka Talab,MED-ORS-SFT,Oral Rehydration Salts (WHO Formula),Current Physical Stock: 0 units | Predicted 7-Day Burn Rate: 4.5 units/day | Safety Stock Threshold: 34 units | DOSA: 0.0 days | Projected stock-out in ~1 days (2026-08-28).,Immediate stock-out expected in ~1.0 days (DOSA: 0.0d). High risk of treatment failure for acute patients.,Authorize emergency redistribution transfer from nearest surplus facility in district.,2026-08-23T15:49:25.635834+00:00,ACTIVE
ALT-MED-A67BF6D1,CRITICAL,MEDICINE_STOCKOUT_RISK,PHC-UP-LUK-001,PHC Bakshi Ka Talab,MED-ZNC-20,Zinc Sulfate Dispersible,Current Physical Stock: 0 units | Predicted 7-Day Burn Rate: 2.0 units/day | Safety Stock Threshold: 15 units | DOSA: 0.0 days | Projected stock-out in ~1 days (2026-08-28).,Immediate stock-out expected in ~1.0 days (DOSA: 0.0d). High risk of treatment failure for acute patients.,Authorize emergency redistribution transfer from nearest surplus facility in district.,2026-08-23T15:49:25.635841+00:00,ACTIVE
ALT-MED-287FCF07,CRITICAL,MEDICINE_STOCKOUT_RISK,PHC-UP-LUK-001,PHC Bakshi Ka Talab,MED-AZI-500,Azithromycin,Current Physical Stock: 0 units | Predicted 7-Day Burn Rate: 2.1 units/day | Safety Stock Threshold: 16 units | DOSA: 0.0 days | Projected stock-out in ~1 days (2026-08-28).,Immediate stock-out expected in ~1.0 days (DOSA: 0.0d). High risk of treatment failure for acute patients.,Authorize emergency redistribution transfer from nearest surplus facility in district.,2026-08-23T15:49:25.635847+00:00,ACTIVE
ALT-MED-45209BBC,CRITICAL,MEDICINE_STOCKOUT_RISK,PHC-UP-LUK-001,PHC Bakshi Ka Talab,MED-MET-500,Metformin Hydrochloride,Current Physical Stock: 0 units | Predicted 7-Day Burn Rate: 1.9 units/day | Safety Stock Threshold: 14 units | DOSA: 0.0 days | Adequate stock coverage for >14 days (DOSA: 0.0 days).,Immediate stock-out expected in < 1 days (DOSA: 0.0d). High risk of treatment failure for acute patients.,Authorize emergency redistribution transfer from nearest surplus facility in district.,2026-08-23T15:49:25.635856+00:00,ACTIVE
ALT-MED-13BD20D5,CRITICAL,MEDICINE_STOCKOUT_RISK,PHC-UP-LUK-001,PHC Bakshi Ka Talab,MED-IVF-NS500,Normal Saline (0.9% Sodium Chloride),Current Physical Stock: 0 units | Predicted 7-Day Burn Rate: 2.1 units/day | Safety Stock Threshold: 16 units | DOSA: 0.0 days | Projected stock-out in ~1 days (2026-08-28).,Immediate stock-out expected in ~1.0 days (DOSA: 0.0d). High risk of treatment failure for acute patients.,Authorize emergency redistribution transfer from nearest surplus facility in district.,2026-08-23T15:49:25.635863+00:00,ACTIVE
ALT-MED-F0D65744,CRITICAL,MEDICINE_STOCKOUT_RISK,PHC-UP-LUK-001,PHC Bakshi Ka Talab,MED-IVF-RL500,Ringer's Lactate (Compound Sodium Lactate),Current Physical Stock: 0 units | Predicted 7-Day Burn Rate: 2.1 units/day | Safety Stock Threshold: 16 units | DOSA: 0.0 days | Projected stock-out in ~1 days (2026-08-28).,Immediate stock-out expected in ~1.0 days (DOSA: 0.0d). High risk of treatment failure for acute patients.,Authorize emergency redistribution transfer from nearest surplus facility in district.,2026-08-23T15:49:25.635869+00:00,ACTIVE
ALT-MED-719BBDB4,WARNING,MEDICINE_STOCKOUT_RISK,PHC-UP-LUK-001,PHC Bakshi Ka Talab,MED-IVF-D5500,Dextrose 5% in Water,Current Physical Stock: 16 units | Predicted 7-Day Burn Rate: 2.1 units/day | Safety Stock Threshold: 16 units | DOSA: 7.6 days | Adequate stock coverage for >14 days (DOSA: 7.57 days).,Stock has fallen below calculated safety buffer (16 units).,Verify scheduled routine replenishment orders.,2026-08-23T15:49:25.635875+00:00,ACTIVE
ALT-MED-F9D1E446,WARNING,MEDICINE_STOCKOUT_RISK,PHC-UP-LUK-001,PHC Bakshi Ka Talab,MED-ALB-400,Albendazole,Current Physical Stock: 19 units | Predicted 7-Day Burn Rate: 2.1 units/day | Safety Stock Threshold: 16 units | DOSA: 9.0 days | Adequate stock coverage for >14 days (DOSA: 8.99 days).,Stock has fallen below calculated safety buffer (16 units).,Verify scheduled routine replenishment orders.,2026-08-23T15:49:25.635881+00:00,ACTIVE
ALT-MED-8BF3F577,CRITICAL,MEDICINE_STOCKOUT_RISK,PHC-UP-LUK-001,PHC Bakshi Ka Talab,MED-IFA-TAB,Iron & Folic Acid (IFA),Current Physical Stock: 0 units | Predicted 7-Day Burn Rate: 3.4 units/day | Safety Stock Threshold: 24 units | DOSA: 0.0 days | Projected stock-out in ~1 days (2026-08-28).,Immediate stock-out expected in ~1.0 days (DOSA: 0.0d). High risk of treatment failure for acute patients.,Authorize emergency redistribution transfer from nearest surplus facility in district.,2026-08-23T15:49:25.635887+00:00,ACTIVE
ALT-MED-0A469856,CRITICAL,MEDICINE_STOCKOUT_RISK,PHC-UP-LUK-002,PHC Malihabad,MED-PCM-500,Paracetamol,Current Physical Stock: 0 units | Predicted 7-Day Burn Rate: 6.4 units/day | Safety Stock Threshold: 53 units | DOSA: 0.0 days | Projected stock-out in ~1 days (2026-08-28).,Immediate stock-out expected in ~1.0 days (DOSA: 0.0d). High risk of treatment failure for acute patients.,Authorize emergency redistribution transfer from nearest surplus facility in district.,2026-08-23T15:49:25.635893+00:00,ACTIVE
ALT-MED-AD3F25CC,CRITICAL,MEDICINE_STOCKOUT_RISK,PHC-UP-LUK-002,PHC Malihabad,MED-PCM-SYR,Paracetamol Paediatric Syrup,Current Physical Stock: 0 units | Predicted 7-Day Burn Rate: 2.1 units/day | Safety Stock Threshold: 16 units | DOSA: 0.0 days | Projected stock-out in ~1 days (2026-08-28).,Immediate stock-out expected in ~1.0 days (DOSA: 0.0d). High risk of treatment failure for acute patients.,Authorize emergency redistribution transfer from nearest surplus facility in district.,2026-08-23T15:49:25.635898+00:00,ACTIVE
ALT-MED-4208373A,CRITICAL,MEDICINE_STOCKOUT_RISK,PHC-UP-LUK-002,PHC Malihabad,MED-AMX-500,Amoxicillin,Current Physical Stock: 0 units | Predicted 7-Day Burn Rate: 2.0 units/day | Safety Stock Threshold: 15 units | DOSA: 0.0 days | Projected stock-out in ~1 days (2026-08-28).,Immediate stock-out expected in ~1.0 days (DOSA: 0.0d). High risk of treatment failure for acute patients.,Authorize emergency redistribution transfer from nearest surplus facility in district.,2026-08-23T15:49:25.635904+00:00,ACTIVE
ALT-MED-A971C649,CRITICAL,MEDICINE_STOCKOUT_RISK,PHC-UP-LUK-002,PHC Malihabad,MED-AMC-625,Amoxicillin + Clavulanic Acid,Current Physical Stock: 0 units | Predicted 7-Day Burn Rate: 2.1 units/day | Safety Stock Threshold: 16 units | DOSA: 0.0 days | Projected stock-out in ~1 days (2026-08-28).,Immediate stock-out expected in ~1.0 days (DOSA: 0.0d). High risk of treatment failure for acute patients.,Authorize emergency redistribution transfer from nearest surplus facility in district.,2026-08-23T15:49:25.635909+00:00,ACTIVE
ALT-MED-B84AA0F7,CRITICAL,MEDICINE_STOCKOUT_RISK,PHC-UP-LUK-002,PHC Malihabad,MED-ORS-SFT,Oral Rehydration Salts (WHO Formula),Current Physical Stock: 0 units | Predicted 7-Day Burn Rate: 2.0 units/day | Safety Stock Threshold: 15 units | DOSA: 0.0 days | Projected stock-out in ~1 days (2026-08-28).,Immediate stock-out expected in ~1.0 days (DOSA: 0.0d). High risk of treatment failure for acute patients.,Authorize emergency redistribution transfer from nearest surplus facility in district.,2026-08-23T15:49:25.635914+00:00,ACTIVE
ALT-MED-97867413,CRITICAL,MEDICINE_STOCKOUT_RISK,PHC-UP-LUK-002,PHC Malihabad,MED-ZNC-20,Zinc Sulfate Dispersible,Current Physical Stock: 0 units | Predicted 7-Day Burn Rate: 2.1 units/day | Safety Stock Threshold: 16 units | DOSA: 0.0 days | Projected stock-out in ~1 days (2026-08-28).,Immediate stock-out expected in ~1.0 days (DOSA: 0.0d). High risk of treatment failure for acute patients.,Authorize emergency redistribution transfer from nearest surplus facility in district.,2026-08-23T15:49:25.635921+00:00,ACTIVE
ALT-MED-F3B1187C,HIGH,MEDICINE_STOCKOUT_RISK,PHC-UP-LUK-002,PHC Malihabad,MED-AZI-500,Azithromycin,Current Physical Stock: 5 units | Predicted 7-Day Burn Rate: 2.1 units/day | Safety Stock Threshold: 16 units | DOSA: 2.4 days | Adequate stock coverage for >14 days (DOSA: 2.4 days).,Stock coverage buffer is below 5 days (2.4 DOSA). Warehouse restock lead-time exceeds remaining stock.,Expedite pending shipment or trigger priority buffer reorder.,2026-08-23T15:49:25.635927+00:00,ACTIVE
ALT-MED-2C056461,CRITICAL,MEDICINE_STOCKOUT_RISK,PHC-UP-LUK-002,PHC Malihabad,MED-MET-500,Metformin Hydrochloride,Current Physical Stock: 0 units | Predicted 7-Day Burn Rate: 2.0 units/day | Safety Stock Threshold: 15 units | DOSA: 0.0 days | Adequate stock coverage for >14 days (DOSA: 0.0 days).,Immediate stock-out expected in < 1 days (DOSA: 0.0d). High risk of treatment failure for acute patients.,Authorize emergency redistribution transfer from nearest surplus facility in district.,2026-08-23T15:49:25.635933+00:00,ACTIVE
ALT-MED-0F4FF92E,CRITICAL,MEDICINE_STOCKOUT_RISK,PHC-UP-LUK-002,PHC Malihabad,MED-IVF-NS500,Normal Saline (0.9% Sodium Chloride),Current Physical Stock: 0 units | Predicted 7-Day Burn Rate: 2.1 units/day | Safety Stock Threshold: 16 units | DOSA: 0.0 days | Projected stock-out in ~1 days (2026-08-28).,Immediate stock-out expected in ~1.0 days (DOSA: 0.0d). High risk of treatment failure for acute patients.,Authorize emergency redistribution transfer from nearest surplus facility in district.,2026-08-23T15:49:25.635939+00:00,ACTIVE
ALT-MED-8183195D,WARNING,MEDICINE_STOCKOUT_RISK,PHC-UP-LUK-002,PHC Malihabad,MED-IVF-RL500,Ringer's Lactate (Compound Sodium Lactate),Current Physical Stock: 11 units | Predicted 7-Day Burn Rate: 2.1 units/day | Safety Stock Threshold: 16 units | DOSA: 5.2 days | Adequate stock coverage for >14 days (DOSA: 5.2 days).,Stock has fallen below calculated safety buffer (16 units).,Verify scheduled routine replenishment orders.,2026-08-23T15:49:25.635944+00:00,ACTIVE
ALT-MED-EA70D9E0,CRITICAL,MEDICINE_STOCKOUT_RISK,PHC-UP-LUK-002,PHC Malihabad,MED-IFA-TAB,Iron & Folic Acid (IFA),Current Physical Stock: 0 units | Predicted 7-Day Burn Rate: 2.0 units/day | Safety Stock Threshold: 15 units | DOSA: 0.0 days | Projected stock-out in ~1 days (2026-08-28).,Immediate stock-out expected in ~1.0 days (DOSA: 0.0d). High risk of treatment failure for acute patients.,Authorize emergency redistribution transfer from nearest surplus facility in district.,2026-08-23T15:49:25.635950+00:00,ACTIVE
ALT-MED-813D33B1,CRITICAL,MEDICINE_STOCKOUT_RISK,PHC-UP-LUK-003,PHC Mohanlalganj,MED-PCM-500,Paracetamol,Current Physical Stock: 0 units | Predicted 7-Day Burn Rate: 6.2 units/day | Safety Stock Threshold: 51 units | DOSA: 0.0 days | Projected stock-out in ~1 days (2026-08-28).,Immediate stock-out expected in ~1.0 days (DOSA: 0.0d). High risk of treatment failure for acute patients.,Authorize emergency redistribution transfer from nearest surplus facility in district.,2026-08-23T15:49:25.635955+00:00,ACTIVE
ALT-MED-EB01B857,CRITICAL,MEDICINE_STOCKOUT_RISK,PHC-UP-LUK-003,PHC Mohanlalganj,MED-PCM-SYR,Paracetamol Paediatric Syrup,Current Physical Stock: 0 units | Predicted 7-Day Burn Rate: 2.0 units/day | Safety Stock Threshold: 16 units | DOSA: 0.0 days | Projected stock-out in ~1 days (2026-08-28).,Immediate stock-out expected in ~1.0 days (DOSA: 0.0d). High risk of treatment failure for acute patients.,Authorize emergency redistribution transfer from nearest surplus facility in district.,2026-08-23T15:49:25.635960+00:00,ACTIVE
ALT-MED-171A97E3,CRITICAL,MEDICINE_STOCKOUT_RISK,PHC-UP-LUK-003,PHC Mohanlalganj,MED-AMX-500,Amoxicillin,Current Physical Stock: 0 units | Predicted 7-Day Burn Rate: 2.0 units/day | Safety Stock Threshold: 15 units | DOSA: 0.0 days | Projected stock-out in ~1 days (2026-08-28).,Immediate stock-out expected in ~1.0 days (DOSA: 0.0d). High risk of treatment failure for acute patients.,Authorize emergency redistribution transfer from nearest surplus facility in district.,2026-08-23T15:49:25.635966+00:00,ACTIVE
ALT-MED-6B44AA98,CRITICAL,MEDICINE_STOCKOUT_RISK,PHC-UP-LUK-003,PHC Mohanlalganj,MED-AMC-625,Amoxicillin + Clavulanic Acid,Current Physical Stock: 0 units | Predicted 7-Day Burn Rate: 2.1 units/day | Safety Stock Threshold: 16 units | DOSA: 0.0 days | Projected stock-out in ~1 days (2026-08-28).,Immediate stock-out expected in ~1.0 days (DOSA: 0.0d). High risk of treatment failure for acute patients.,Authorize emergency redistribution transfer from nearest surplus facility in district.,2026-08-23T15:49:25.635972+00:00,ACTIVE
ALT-MED-C1497D07,CRITICAL,MEDICINE_STOCKOUT_RISK,PHC-UP-LUK-003,PHC Mohanlalganj,MED-ORS-SFT,Oral Rehydration Salts (WHO Formula),Current Physical Stock: 0 units | Predicted 7-Day Burn Rate: 2.9 units/day | Safety Stock Threshold: 20 units | DOSA: 0.0 days | Adequate stock coverage for >14 days (DOSA: 0.0 days).,Immediate stock-out expected in < 1 days (DOSA: 0.0d). High risk of treatment failure for acute patients.,Authorize emergency redistribution transfer from nearest surplus facility in district.,2026-08-23T15:49:25.635979+00:00,ACTIVE
ALT-MED-6810F11D,CRITICAL,MEDICINE_STOCKOUT_RISK,PHC-UP-LUK-003,PHC Mohanlalganj,MED-ZNC-20,Zinc Sulfate Dispersible,Current Physical Stock: 0 units | Predicted 7-Day Burn Rate: 2.1 units/day | Safety Stock Threshold: 16 units | DOSA: 0.0 days | Projected stock-out in ~1 days (2026-08-28).,Immediate stock-out expected in ~1.0 days (DOSA: 0.0d). High risk of treatment failure for acute patients.,Authorize emergency redistribution transfer from nearest surplus facility in district.,2026-08-23T15:49:25.635984+00:00,ACTIVE
ALT-MED-1552E5DA,CRITICAL,MEDICINE_STOCKOUT_RISK,PHC-UP-LUK-003,PHC Mohanlalganj,MED-AZI-500,Azithromycin,Current Physical Stock: 0 units | Predicted 7-Day Burn Rate: 2.1 units/day | Safety Stock Threshold: 16 units | DOSA: 0.0 days | Adequate stock coverage for >14 days (DOSA: 0.0 days).,Immediate stock-out expected in < 1 days (DOSA: 0.0d). High risk of treatment failure for acute patients.,Authorize emergency redistribution transfer from nearest surplus facility in district.,2026-08-23T15:49:25.635989+00:00,ACTIVE
ALT-MED-E45838A4,CRITICAL,MEDICINE_STOCKOUT_RISK,PHC-UP-LUK-003,PHC Mohanlalganj,MED-MET-500,Metformin Hydrochloride,Current Physical Stock: 0 units | Predicted 7-Day Burn Rate: 2.0 units/day | Safety Stock Threshold: 15 units | DOSA: 0.0 days | Projected stock-out in ~1 days (2026-08-28).,Immediate stock-out expected in ~1.0 days (DOSA: 0.0d). High risk of treatment failure for acute patients.,Authorize emergency redistribution transfer from nearest surplus facility in district.,2026-08-23T15:49:25.635996+00:00,ACTIVE
ALT-MED-1665F185,CRITICAL,MEDICINE_STOCKOUT_RISK,PHC-UP-LUK-003,PHC Mohanlalganj,MED-IVF-NS500,Normal Saline (0.9% Sodium Chloride),Current Physical Stock: 0 units | Predicted 7-Day Burn Rate: 2.1 units/day | Safety Stock Threshold: 16 units | DOSA: 0.0 days | Projected stock-out in ~1 days (2026-08-28).,Immediate stock-out expected in ~1.0 days (DOSA: 0.0d). High risk of treatment failure for acute patients.,Authorize emergency redistribution transfer from nearest surplus facility in district.,2026-08-23T15:49:25.636003+00:00,ACTIVE
ALT-MED-CF372BFF,CRITICAL,MEDICINE_STOCKOUT_RISK,PHC-UP-LUK-003,PHC Mohanlalganj,MED-IVF-RL500,Ringer's Lactate (Compound Sodium Lactate),Current Physical Stock: 4 units | Predicted 7-Day Burn Rate: 2.1 units/day | Safety Stock Threshold: 16 units | DOSA: 1.9 days | Adequate stock coverage for >14 days (DOSA: 1.9 days).,Immediate stock-out expected in < 1 days (DOSA: 1.9d). High risk of treatment failure for acute patients.,Authorize emergency redistribution transfer from nearest surplus facility in district.,2026-08-23T15:49:25.636009+00:00,ACTIVE
ALT-MED-EB12FA27,CRITICAL,MEDICINE_STOCKOUT_RISK,PHC-UP-LUK-003,PHC Mohanlalganj,MED-IFA-TAB,Iron & Folic Acid (IFA),Current Physical Stock: 0 units | Predicted 7-Day Burn Rate: 1.9 units/day | Safety Stock Threshold: 14 units | DOSA: 0.0 days | Projected stock-out in ~1 days (2026-08-28).,Immediate stock-out expected in ~1.0 days (DOSA: 0.0d). High risk of treatment failure for acute patients.,Authorize emergency redistribution transfer from nearest surplus facility in district.,2026-08-23T15:49:25.636016+00:00,ACTIVE
ALT-MED-EFBED94C,CRITICAL,MEDICINE_STOCKOUT_RISK,DH-UP-LUK-001,Balrampur District Hospital Lucknow,MED-PCM-500,Paracetamol,"Current Physical Stock: 0 units | Predicted 7-Day Burn Rate: 1228.5 units/day | Safety Stock Threshold: 4,288 units | DOSA: 0.0 days | Projected stock-out in ~1 days (2026-08-28).",Immediate stock-out expected in ~1.0 days (DOSA: 0.0d). High risk of treatment failure for acute patients.,Authorize emergency redistribution transfer from nearest surplus facility in district.,2026-08-23T15:49:25.636022+00:00,ACTIVE
ALT-MED-0E645AC6,CRITICAL,MEDICINE_STOCKOUT_RISK,DH-UP-LUK-001,Balrampur District Hospital Lucknow,MED-PCM-SYR,Paracetamol Paediatric Syrup,"Current Physical Stock: 0 units | Predicted 7-Day Burn Rate: 402.6 units/day | Safety Stock Threshold: 1,525 units | DOSA: 0.0 days | Adequate stock coverage for >14 days (DOSA: 0.0 days).",Immediate stock-out expected in < 1 days (DOSA: 0.0d). High risk of treatment failure for acute patients.,Authorize emergency redistribution transfer from nearest surplus facility in district.,2026-08-23T15:49:25.636028+00:00,ACTIVE
ALT-MED-2E658A79,CRITICAL,MEDICINE_STOCKOUT_RISK,DH-UP-LUK-001,Balrampur District Hospital Lucknow,MED-AMX-500,Amoxicillin,"Current Physical Stock: 0 units | Predicted 7-Day Burn Rate: 500.9 units/day | Safety Stock Threshold: 1,843 units | DOSA: 0.0 days | Projected stock-out in ~1 days (2026-08-28).",Immediate stock-out expected in ~1.0 days (DOSA: 0.0d). High risk of treatment failure for acute patients.,Authorize emergency redistribution transfer from nearest surplus facility in district.,2026-08-23T15:49:25.636033+00:00,ACTIVE
ALT-MED-94D5D550,CRITICAL,MEDICINE_STOCKOUT_RISK,DH-UP-LUK-001,Balrampur District Hospital Lucknow,MED-AMC-625,Amoxicillin + Clavulanic Acid,"Current Physical Stock: 0 units | Predicted 7-Day Burn Rate: 351.3 units/day | Safety Stock Threshold: 1,324 units | DOSA: 0.0 days | Projected stock-out in ~1 days (2026-08-28).",Immediate stock-out expected in ~1.0 days (DOSA: 0.0d). High risk of treatment failure for acute patients.,Authorize emergency redistribution transfer from nearest surplus facility in district.,2026-08-23T15:49:25.636041+00:00,ACTIVE
ALT-MED-DC7CDA37,CRITICAL,MEDICINE_STOCKOUT_RISK,DH-UP-LUK-001,Balrampur District Hospital Lucknow,MED-ORS-SFT,Oral Rehydration Salts (WHO Formula),"Current Physical Stock: 0 units | Predicted 7-Day Burn Rate: 897.7 units/day | Safety Stock Threshold: 3,194 units | DOSA: 0.0 days | Projected stock-out in ~1 days (2026-08-28).",Immediate stock-out expected in ~1.0 days (DOSA: 0.0d). High risk of treatment failure for acute patients.,Authorize emergency redistribution transfer from nearest surplus facility in district.,2026-08-23T15:49:25.636048+00:00,ACTIVE
ALT-MED-D5D754D1,CRITICAL,MEDICINE_STOCKOUT_RISK,DH-UP-LUK-001,Balrampur District Hospital Lucknow,MED-ZNC-20,Zinc Sulfate Dispersible,"Current Physical Stock: 0 units | Predicted 7-Day Burn Rate: 416.8 units/day | Safety Stock Threshold: 1,554 units | DOSA: 0.0 days | Projected stock-out in ~1 days (2026-08-28).",Immediate stock-out expected in ~1.0 days (DOSA: 0.0d). High risk of treatment failure for acute patients.,Authorize emergency redistribution transfer from nearest surplus facility in district.,2026-08-23T15:49:25.636053+00:00,ACTIVE
ALT-MED-87F252CF,CRITICAL,MEDICINE_STOCKOUT_RISK,DH-UP-LUK-001,Balrampur District Hospital Lucknow,MED-AZI-500,Azithromycin,Current Physical Stock: 0 units | Predicted 7-Day Burn Rate: 232.5 units/day | Safety Stock Threshold: 916 units | DOSA: 0.0 days | Projected stock-out in ~1 days (2026-08-28).,Immediate stock-out expected in ~1.0 days (DOSA: 0.0d). High risk of treatment failure for acute patients.,Authorize emergency redistribution transfer from nearest surplus facility in district.,2026-08-23T15:49:25.636059+00:00,ACTIVE
ALT-MED-9A528745,CRITICAL,MEDICINE_STOCKOUT_RISK,DH-UP-LUK-001,Balrampur District Hospital Lucknow,MED-CTX-1G,Ceftriaxone,Current Physical Stock: 0 units | Predicted 7-Day Burn Rate: 85.8 units/day | Safety Stock Threshold: 424 units | DOSA: 0.0 days | Projected stock-out in ~1 days (2026-08-28).,Immediate stock-out expected in ~1.0 days (DOSA: 0.0d). High risk of treatment failure for acute patients.,Authorize emergency redistribution transfer from nearest surplus facility in district.,2026-08-23T15:49:25.636064+00:00,ACTIVE
ALT-MED-31CD51A3,CRITICAL,MEDICINE_STOCKOUT_RISK,DH-UP-LUK-001,Balrampur District Hospital Lucknow,MED-RAB-VAC,Anti-Rabies Vaccine (Cell Culture),Current Physical Stock: 0 units | Predicted 7-Day Burn Rate: 18.1 units/day | Safety Stock Threshold: 138 units | DOSA: 0.0 days | Projected stock-out in ~1 days (2026-08-28).,Immediate stock-out expected in ~1.0 days (DOSA: 0.0d). High risk of treatment failure for acute patients.,Authorize emergency redistribution transfer from nearest surplus facility in district.,2026-08-23T15:49:25.636070+00:00,ACTIVE
ALT-MED-5711B685,CRITICAL,MEDICINE_STOCKOUT_RISK,DH-UP-LUK-001,Balrampur District Hospital Lucknow,MED-ASV-VIAL,Anti-Snake Venom Serum (Polyvalent),Current Physical Stock: 0 units | Predicted 7-Day Burn Rate: 2.0 units/day | Safety Stock Threshold: 15 units | DOSA: 0.0 days | Projected stock-out in ~1 days (2026-08-28).,Immediate stock-out expected in ~1.0 days (DOSA: 0.0d). High risk of treatment failure for acute patients.,Authorize emergency redistribution transfer from nearest surplus facility in district.,2026-08-23T15:49:25.636075+00:00,ACTIVE
ALT-MED-4A1D7BFF,CRITICAL,MEDICINE_STOCKOUT_RISK,DH-UP-LUK-001,Balrampur District Hospital Lucknow,MED-INS-REG,Human Insulin (Regular / Soluble),Current Physical Stock: 0 units | Predicted 7-Day Burn Rate: 36.6 units/day | Safety Stock Threshold: 240 units | DOSA: 0.0 days | Projected stock-out in ~1 days (2026-08-28).,Immediate stock-out expected in ~1.0 days (DOSA: 0.0d). High risk of treatment failure for acute patients.,Authorize emergency redistribution transfer from nearest surplus facility in district.,2026-08-23T15:49:25.636081+00:00,ACTIVE
ALT-MED-2EDDFFEC,CRITICAL,MEDICINE_STOCKOUT_RISK,DH-UP-LUK-001,Balrampur District Hospital Lucknow,MED-MET-500,Metformin Hydrochloride,"Current Physical Stock: 0 units | Predicted 7-Day Burn Rate: 654.9 units/day | Safety Stock Threshold: 2,362 units | DOSA: 0.0 days | Projected stock-out in ~1 days (2026-08-28).",Immediate stock-out expected in ~1.0 days (DOSA: 0.0d). High risk of treatment failure for acute patients.,Authorize emergency redistribution transfer from nearest surplus facility in district.,2026-08-23T15:49:25.636087+00:00,ACTIVE
ALT-MED-738A6C38,CRITICAL,MEDICINE_STOCKOUT_RISK,DH-UP-LUK-001,Balrampur District Hospital Lucknow,MED-OXY-AMP,Oxytocin,Current Physical Stock: 0 units | Predicted 7-Day Burn Rate: 43.3 units/day | Safety Stock Threshold: 270 units | DOSA: 0.0 days | Projected stock-out in ~1 days (2026-08-28).,Immediate stock-out expected in ~1.0 days (DOSA: 0.0d). High risk of treatment failure for acute patients.,Authorize emergency redistribution transfer from nearest surplus facility in district.,2026-08-23T15:49:25.636093+00:00,ACTIVE
ALT-MED-9EC0BA60,CRITICAL,MEDICINE_STOCKOUT_RISK,DH-UP-LUK-001,Balrampur District Hospital Lucknow,MED-MGS-50,Magnesium Sulfate,Current Physical Stock: 0 units | Predicted 7-Day Burn Rate: 8.5 units/day | Safety Stock Threshold: 74 units | DOSA: 0.0 days | Adequate stock coverage for >14 days (DOSA: 0.0 days).,Immediate stock-out expected in < 1 days (DOSA: 0.0d). High risk of treatment failure for acute patients.,Authorize emergency redistribution transfer from nearest surplus facility in district.,2026-08-23T15:49:25.636101+00:00,ACTIVE
ALT-MED-BBA291A0,CRITICAL,MEDICINE_STOCKOUT_RISK,DH-UP-LUK-001,Balrampur District Hospital Lucknow,MED-IVF-NS500,Normal Saline (0.9% Sodium Chloride),"Current Physical Stock: 0 units | Predicted 7-Day Burn Rate: 364.4 units/day | Safety Stock Threshold: 1,396 units | DOSA: 0.0 days | Adequate stock coverage for >14 days (DOSA: 0.0 days).",Immediate stock-out expected in < 1 days (DOSA: 0.0d). High risk of treatment failure for acute patients.,Authorize emergency redistribution transfer from nearest surplus facility in district.,2026-08-23T15:49:25.636106+00:00,ACTIVE
ALT-MED-0657A811,CRITICAL,MEDICINE_STOCKOUT_RISK,DH-UP-LUK-001,Balrampur District Hospital Lucknow,MED-IVF-RL500,Ringer's Lactate (Compound Sodium Lactate),Current Physical Stock: 0 units | Predicted 7-Day Burn Rate: 230.4 units/day | Safety Stock Threshold: 927 units | DOSA: 0.0 days | Projected stock-out in ~1 days (2026-08-28).,Immediate stock-out expected in ~1.0 days (DOSA: 0.0d). High risk of treatment failure for acute patients.,Authorize emergency redistribution transfer from nearest surplus facility in district.,2026-08-23T15:49:25.636112+00:00,ACTIVE
ALT-MED-BEDADDE7,CRITICAL,MEDICINE_STOCKOUT_RISK,DH-UP-LUK-001,Balrampur District Hospital Lucknow,MED-IVF-D5500,Dextrose 5% in Water,Current Physical Stock: 0 units | Predicted 7-Day Burn Rate: 155.7 units/day | Safety Stock Threshold: 667 units | DOSA: 0.0 days | Adequate stock coverage for >14 days (DOSA: 0.0 days).,Immediate stock-out expected in < 1 days (DOSA: 0.0d). High risk of treatment failure for acute patients.,Authorize emergency redistribution transfer from nearest surplus facility in district.,2026-08-23T15:49:25.636117+00:00,ACTIVE
ALT-MED-754440CC,CRITICAL,MEDICINE_STOCKOUT_RISK,DH-UP-LUK-001,Balrampur District Hospital Lucknow,MED-ART-60,Artesunate,Current Physical Stock: 0 units | Predicted 7-Day Burn Rate: 15.7 units/day | Safety Stock Threshold: 122 units | DOSA: 0.0 days | Projected stock-out in ~1 days (2026-08-28).,Immediate stock-out expected in ~1.0 days (DOSA: 0.0d). High risk of treatment failure for acute patients.,Authorize emergency redistribution transfer from nearest surplus facility in district.,2026-08-23T15:49:25.636122+00:00,ACTIVE
ALT-MED-9A7D1033,CRITICAL,MEDICINE_STOCKOUT_RISK,DH-UP-LUK-001,Balrampur District Hospital Lucknow,MED-ALB-400,Albendazole,Current Physical Stock: 0 units | Predicted 7-Day Burn Rate: 152.2 units/day | Safety Stock Threshold: 646 units | DOSA: 0.0 days | Projected stock-out in ~1 days (2026-08-28).,Immediate stock-out expected in ~1.0 days (DOSA: 0.0d). High risk of treatment failure for acute patients.,Authorize emergency redistribution transfer from nearest surplus facility in district.,2026-08-23T15:49:25.636128+00:00,ACTIVE
ALT-MED-19B41182,CRITICAL,MEDICINE_STOCKOUT_RISK,DH-UP-LUK-001,Balrampur District Hospital Lucknow,MED-IFA-TAB,Iron & Folic Acid (IFA),"Current Physical Stock: 0 units | Predicted 7-Day Burn Rate: 808.1 units/day | Safety Stock Threshold: 2,880 units | DOSA: 0.0 days | Projected stock-out in ~1 days (2026-08-28).",Immediate stock-out expected in ~1.0 days (DOSA: 0.0d). High risk of treatment failure for acute patients.,Authorize emergency redistribution transfer from nearest surplus facility in district.,2026-08-23T15:49:25.636134+00:00,ACTIVE
ALT-MED-307517DD,CRITICAL,MEDICINE_STOCKOUT_RISK,PHC-RJ-JAI-001,PHC Bassi,MED-PCM-500,Paracetamol,Current Physical Stock: 0 units | Predicted 7-Day Burn Rate: 6.5 units/day | Safety Stock Threshold: 54 units | DOSA: 0.0 days | Projected stock-out in ~1 days (2026-08-28).,Immediate stock-out expected in ~1.0 days (DOSA: 0.0d). High risk of treatment failure for acute patients.,Authorize emergency redistribution transfer from nearest surplus facility in district.,2026-08-23T15:49:25.636139+00:00,ACTIVE
ALT-MED-2CCC0ECE,CRITICAL,MEDICINE_STOCKOUT_RISK,PHC-RJ-JAI-001,PHC Bassi,MED-PCM-SYR,Paracetamol Paediatric Syrup,Current Physical Stock: 0 units | Predicted 7-Day Burn Rate: 2.1 units/day | Safety Stock Threshold: 16 units | DOSA: 0.0 days | Projected stock-out in ~1 days (2026-08-28).,Immediate stock-out expected in ~1.0 days (DOSA: 0.0d). High risk of treatment failure for acute patients.,Authorize emergency redistribution transfer from nearest surplus facility in district.,2026-08-23T15:49:25.636145+00:00,ACTIVE
ALT-MED-5D5C9AB5,CRITICAL,MEDICINE_STOCKOUT_RISK,PHC-RJ-JAI-001,PHC Bassi,MED-AMX-500,Amoxicillin,Current Physical Stock: 0 units | Predicted 7-Day Burn Rate: 2.0 units/day | Safety Stock Threshold: 15 units | DOSA: 0.0 days | Adequate stock coverage for >14 days (DOSA: 0.0 days).,Immediate stock-out expected in < 1 days (DOSA: 0.0d). High risk of treatment failure for acute patients.,Authorize emergency redistribution transfer from nearest surplus facility in district.,2026-08-23T15:49:25.636150+00:00,ACTIVE
ALT-MED-0EE6AAFF,CRITICAL,MEDICINE_STOCKOUT_RISK,PHC-RJ-JAI-001,PHC Bassi,MED-AMC-625,Amoxicillin + Clavulanic Acid,Current Physical Stock: 0 units | Predicted 7-Day Burn Rate: 2.1 units/day | Safety Stock Threshold: 16 units | DOSA: 0.0 days | Projected stock-out in ~1 days (2026-08-28).,Immediate stock-out expected in ~1.0 days (DOSA: 0.0d). High risk of treatment failure for acute patients.,Authorize emergency redistribution transfer from nearest surplus facility in district.,2026-08-23T15:49:25.636157+00:00,ACTIVE
ALT-MED-70985397,CRITICAL,MEDICINE_STOCKOUT_RISK,PHC-RJ-JAI-001,PHC Bassi,MED-ORS-SFT,Oral Rehydration Salts (WHO Formula),Current Physical Stock: 0 units | Predicted 7-Day Burn Rate: 2.0 units/day | Safety Stock Threshold: 15 units | DOSA: 0.0 days | Projected stock-out in ~1 days (2026-08-28).,Immediate stock-out expected in ~1.0 days (DOSA: 0.0d). High risk of treatment failure for acute patients.,Authorize emergency redistribution transfer from nearest surplus facility in district.,2026-08-23T15:49:25.636164+00:00,ACTIVE
ALT-MED-610CDF4F,CRITICAL,MEDICINE_STOCKOUT_RISK,PHC-RJ-JAI-001,PHC Bassi,MED-ZNC-20,Zinc Sulfate Dispersible,Current Physical Stock: 0 units | Predicted 7-Day Burn Rate: 2.1 units/day | Safety Stock Threshold: 16 units | DOSA: 0.0 days | Projected stock-out in ~1 days (2026-08-28).,Immediate stock-out expected in ~1.0 days (DOSA: 0.0d). High risk of treatment failure for acute patients.,Authorize emergency redistribution transfer from nearest surplus facility in district.,2026-08-23T15:49:25.636169+00:00,ACTIVE
ALT-MED-68658C27,HIGH,MEDICINE_STOCKOUT_RISK,PHC-RJ-JAI-001,PHC Bassi,MED-AZI-500,Azithromycin,Current Physical Stock: 10 units | Predicted 7-Day Burn Rate: 2.1 units/day | Safety Stock Threshold: 16 units | DOSA: 4.8 days | Adequate stock coverage for >14 days (DOSA: 4.76 days).,Stock coverage buffer is below 5 days (4.8 DOSA). Warehouse restock lead-time exceeds remaining stock.,Expedite pending shipment or trigger priority buffer reorder.,2026-08-23T15:49:25.636175+00:00,ACTIVE
ALT-MED-63F16209,CRITICAL,MEDICINE_STOCKOUT_RISK,PHC-RJ-JAI-001,PHC Bassi,MED-MET-500,Metformin Hydrochloride,Current Physical Stock: 0 units | Predicted 7-Day Burn Rate: 2.0 units/day | Safety Stock Threshold: 15 units | DOSA: 0.0 days | Projected stock-out in ~1 days (2026-08-28).,Immediate stock-out expected in ~1.0 days (DOSA: 0.0d). High risk of treatment failure for acute patients.,Authorize emergency redistribution transfer from nearest surplus facility in district.,2026-08-23T15:49:25.636182+00:00,ACTIVE
ALT-MED-C3069BF5,CRITICAL,MEDICINE_STOCKOUT_RISK,PHC-RJ-JAI-001,PHC Bassi,MED-IVF-NS500,Normal Saline (0.9% Sodium Chloride),Current Physical Stock: 0 units | Predicted 7-Day Burn Rate: 2.1 units/day | Safety Stock Threshold: 16 units | DOSA: 0.0 days | Projected stock-out in ~1 days (2026-08-28).,Immediate stock-out expected in ~1.0 days (DOSA: 0.0d). High risk of treatment failure for acute patients.,Authorize emergency redistribution transfer from nearest surplus facility in district.,2026-08-23T15:49:25.636188+00:00,ACTIVE
ALT-MED-889B520F,CRITICAL,MEDICINE_STOCKOUT_RISK,PHC-RJ-JAI-001,PHC Bassi,MED-IVF-RL500,Ringer's Lactate (Compound Sodium Lactate),Current Physical Stock: 4 units | Predicted 7-Day Burn Rate: 2.1 units/day | Safety Stock Threshold: 16 units | DOSA: 1.9 days | Adequate stock coverage for >14 days (DOSA: 1.9 days).,Immediate stock-out expected in < 1 days (DOSA: 1.9d). High risk of treatment failure for acute patients.,Authorize emergency redistribution transfer from nearest surplus facility in district.,2026-08-23T15:49:25.636240+00:00,ACTIVE
ALT-MED-BF12EBAC,CRITICAL,MEDICINE_STOCKOUT_RISK,PHC-RJ-JAI-001,PHC Bassi,MED-IFA-TAB,Iron & Folic Acid (IFA),Current Physical Stock: 0 units | Predicted 7-Day Burn Rate: 2.0 units/day | Safety Stock Threshold: 15 units | DOSA: 0.0 days | Adequate stock coverage for >14 days (DOSA: 0.0 days).,Immediate stock-out expected in < 1 days (DOSA: 0.0d). High risk of treatment failure for acute patients.,Authorize emergency redistribution transfer from nearest surplus facility in district.,2026-08-23T15:49:25.636255+00:00,ACTIVE
ALT-MED-9A85743A,CRITICAL,MEDICINE_STOCKOUT_RISK,PHC-RJ-JAI-002,PHC Chaksu,MED-PCM-500,Paracetamol,Current Physical Stock: 0 units | Predicted 7-Day Burn Rate: 4.0 units/day | Safety Stock Threshold: 30 units | DOSA: 0.0 days | Projected stock-out in ~1 days (2026-08-28).,Immediate stock-out expected in ~1.0 days (DOSA: 0.0d). High risk of treatment failure for acute patients.,Authorize emergency redistribution transfer from nearest surplus facility in district.,2026-08-23T15:49:25.636262+00:00,ACTIVE
ALT-MED-345CF935,CRITICAL,MEDICINE_STOCKOUT_RISK,PHC-RJ-JAI-002,PHC Chaksu,MED-PCM-SYR,Paracetamol Paediatric Syrup,Current Physical Stock: 0 units | Predicted 7-Day Burn Rate: 2.1 units/day | Safety Stock Threshold: 16 units | DOSA: 0.0 days | Adequate stock coverage for >14 days (DOSA: 0.0 days).,Immediate stock-out expected in < 1 days (DOSA: 0.0d). High risk of treatment failure for acute patients.,Authorize emergency redistribution transfer from nearest surplus facility in district.,2026-08-23T15:49:25.636267+00:00,ACTIVE
ALT-MED-92CB4EDE,CRITICAL,MEDICINE_STOCKOUT_RISK,PHC-RJ-JAI-002,PHC Chaksu,MED-AMX-500,Amoxicillin,Current Physical Stock: 0 units | Predicted 7-Day Burn Rate: 2.1 units/day | Safety Stock Threshold: 16 units | DOSA: 0.0 days | Adequate stock coverage for >14 days (DOSA: 0.0 days).,Immediate stock-out expected in < 1 days (DOSA: 0.0d). High risk of treatment failure for acute patients.,Authorize emergency redistribution transfer from nearest surplus facility in district.,2026-08-23T15:49:25.636276+00:00,ACTIVE
ALT-MED-1963E2A0,HIGH,MEDICINE_STOCKOUT_RISK,PHC-RJ-JAI-002,PHC Chaksu,MED-AMC-625,Amoxicillin + Clavulanic Acid,Current Physical Stock: 6 units | Predicted 7-Day Burn Rate: 2.1 units/day | Safety Stock Threshold: 16 units | DOSA: 2.9 days | Adequate stock coverage for >14 days (DOSA: 2.88 days).,Stock coverage buffer is below 5 days (2.9 DOSA). Warehouse restock lead-time exceeds remaining stock.,Expedite pending shipment or trigger priority buffer reorder.,2026-08-23T15:49:25.636281+00:00,ACTIVE
ALT-MED-713B39AB,CRITICAL,MEDICINE_STOCKOUT_RISK,PHC-RJ-JAI-002,PHC Chaksu,MED-ORS-SFT,Oral Rehydration Salts (WHO Formula),Current Physical Stock: 0 units | Predicted 7-Day Burn Rate: 1.9 units/day | Safety Stock Threshold: 14 units | DOSA: 0.0 days | Projected stock-out in ~1 days (2026-08-28).,Immediate stock-out expected in ~1.0 days (DOSA: 0.0d). High risk of treatment failure for acute patients.,Authorize emergency redistribution transfer from nearest surplus facility in district.,2026-08-23T15:49:25.636287+00:00,ACTIVE
ALT-MED-AB4ADBCA,CRITICAL,MEDICINE_STOCKOUT_RISK,PHC-RJ-JAI-002,PHC Chaksu,MED-ZNC-20,Zinc Sulfate Dispersible,Current Physical Stock: 0 units | Predicted 7-Day Burn Rate: 2.1 units/day | Safety Stock Threshold: 16 units | DOSA: 0.0 days | Projected stock-out in ~1 days (2026-08-28).,Immediate stock-out expected in ~1.0 days (DOSA: 0.0d). High risk of treatment failure for acute patients.,Authorize emergency redistribution transfer from nearest surplus facility in district.,2026-08-23T15:49:25.636294+00:00,ACTIVE
ALT-MED-2224CE26,WARNING,MEDICINE_STOCKOUT_RISK,PHC-RJ-JAI-002,PHC Chaksu,MED-AZI-500,Azithromycin,Current Physical Stock: 11 units | Predicted 7-Day Burn Rate: 2.1 units/day | Safety Stock Threshold: 16 units | DOSA: 5.2 days | Adequate stock coverage for >14 days (DOSA: 5.24 days).,Stock has fallen below calculated safety buffer (16 units).,Verify scheduled routine replenishment orders.,2026-08-23T15:49:25.636302+00:00,ACTIVE
ALT-MED-B20465C9,CRITICAL,MEDICINE_STOCKOUT_RISK,PHC-RJ-JAI-002,PHC Chaksu,MED-MET-500,Metformin Hydrochloride,Current Physical Stock: 0 units | Predicted 7-Day Burn Rate: 2.0 units/day | Safety Stock Threshold: 15 units | DOSA: 0.0 days | Projected stock-out in ~1 days (2026-08-28).,Immediate stock-out expected in ~1.0 days (DOSA: 0.0d). High risk of treatment failure for acute patients.,Authorize emergency redistribution transfer from nearest surplus facility in district.,2026-08-23T15:49:25.636309+00:00,ACTIVE
ALT-MED-C6CFEDDD,CRITICAL,MEDICINE_STOCKOUT_RISK,PHC-RJ-JAI-002,PHC Chaksu,MED-IVF-NS500,Normal Saline (0.9% Sodium Chloride),Current Physical Stock: 0 units | Predicted 7-Day Burn Rate: 2.1 units/day | Safety Stock Threshold: 16 units | DOSA: 0.0 days | Projected stock-out in ~1 days (2026-08-28).,Immediate stock-out expected in ~1.0 days (DOSA: 0.0d). High risk of treatment failure for acute patients.,Authorize emergency redistribution transfer from nearest surplus facility in district.,2026-08-23T15:49:25.636314+00:00,ACTIVE
ALT-MED-055FA09B,CRITICAL,MEDICINE_STOCKOUT_RISK,PHC-RJ-JAI-002,PHC Chaksu,MED-IVF-RL500,Ringer's Lactate (Compound Sodium Lactate),Current Physical Stock: 4 units | Predicted 7-Day Burn Rate: 2.1 units/day | Safety Stock Threshold: 16 units | DOSA: 1.9 days | Adequate stock coverage for >14 days (DOSA: 1.92 days).,Immediate stock-out expected in < 1 days (DOSA: 1.9d). High risk of treatment failure for acute patients.,Authorize emergency redistribution transfer from nearest surplus facility in district.,2026-08-23T15:49:25.636319+00:00,ACTIVE
ALT-MED-A959B27A,CRITICAL,MEDICINE_STOCKOUT_RISK,PHC-RJ-JAI-002,PHC Chaksu,MED-IFA-TAB,Iron & Folic Acid (IFA),Current Physical Stock: 0 units | Predicted 7-Day Burn Rate: 2.0 units/day | Safety Stock Threshold: 15 units | DOSA: 0.0 days | Projected stock-out in ~1 days (2026-08-28).,Immediate stock-out expected in ~1.0 days (DOSA: 0.0d). High risk of treatment failure for acute patients.,Authorize emergency redistribution transfer from nearest surplus facility in district.,2026-08-23T15:49:25.636326+00:00,ACTIVE
ALT-MED-25761B9F,CRITICAL,MEDICINE_STOCKOUT_RISK,PHC-RJ-JAI-003,PHC Amer,MED-PCM-500,Paracetamol,Current Physical Stock: 0 units | Predicted 7-Day Burn Rate: 10.8 units/day | Safety Stock Threshold: 85 units | DOSA: 0.0 days | Projected stock-out in ~1 days (2026-08-28).,Immediate stock-out expected in ~1.0 days (DOSA: 0.0d). High risk of treatment failure for acute patients.,Authorize emergency redistribution transfer from nearest surplus facility in district.,2026-08-23T15:49:25.636331+00:00,ACTIVE
ALT-MED-83F51071,CRITICAL,MEDICINE_STOCKOUT_RISK,PHC-RJ-JAI-003,PHC Amer,MED-PCM-SYR,Paracetamol Paediatric Syrup,Current Physical Stock: 0 units | Predicted 7-Day Burn Rate: 2.0 units/day | Safety Stock Threshold: 15 units | DOSA: 0.0 days | Projected stock-out in ~1 days (2026-08-28).,Immediate stock-out expected in ~1.0 days (DOSA: 0.0d). High risk of treatment failure for acute patients.,Authorize emergency redistribution transfer from nearest surplus facility in district.,2026-08-23T15:49:25.636338+00:00,ACTIVE
ALT-MED-B63D6AC6,CRITICAL,MEDICINE_STOCKOUT_RISK,PHC-RJ-JAI-003,PHC Amer,MED-AMX-500,Amoxicillin,Current Physical Stock: 0 units | Predicted 7-Day Burn Rate: 2.0 units/day | Safety Stock Threshold: 15 units | DOSA: 0.0 days | Projected stock-out in ~1 days (2026-08-28).,Immediate stock-out expected in ~1.0 days (DOSA: 0.0d). High risk of treatment failure for acute patients.,Authorize emergency redistribution transfer from nearest surplus facility in district.,2026-08-23T15:49:25.636344+00:00,ACTIVE
ALT-MED-A734D8E6,CRITICAL,MEDICINE_STOCKOUT_RISK,PHC-RJ-JAI-003,PHC Amer,MED-AMC-625,Amoxicillin + Clavulanic Acid,Current Physical Stock: 0 units | Predicted 7-Day Burn Rate: 2.1 units/day | Safety Stock Threshold: 16 units | DOSA: 0.0 days | Adequate stock coverage for >14 days (DOSA: 0.0 days).,Immediate stock-out expected in < 1 days (DOSA: 0.0d). High risk of treatment failure for acute patients.,Authorize emergency redistribution transfer from nearest surplus facility in district.,2026-08-23T15:49:25.636349+00:00,ACTIVE
ALT-MED-3FA8F4A6,CRITICAL,MEDICINE_STOCKOUT_RISK,PHC-RJ-JAI-003,PHC Amer,MED-ORS-SFT,Oral Rehydration Salts (WHO Formula),Current Physical Stock: 0 units | Predicted 7-Day Burn Rate: 2.8 units/day | Safety Stock Threshold: 19 units | DOSA: 0.0 days | Adequate stock coverage for >14 days (DOSA: 0.0 days).,Immediate stock-out expected in < 1 days (DOSA: 0.0d). High risk of treatment failure for acute patients.,Authorize emergency redistribution transfer from nearest surplus facility in district.,2026-08-23T15:49:25.636353+00:00,ACTIVE
ALT-MED-2E3A62AF,CRITICAL,MEDICINE_STOCKOUT_RISK,PHC-RJ-JAI-003,PHC Amer,MED-ZNC-20,Zinc Sulfate Dispersible,Current Physical Stock: 0 units | Predicted 7-Day Burn Rate: 2.0 units/day | Safety Stock Threshold: 15 units | DOSA: 0.0 days | Projected stock-out in ~1 days (2026-08-28).,Immediate stock-out expected in ~1.0 days (DOSA: 0.0d). High risk of treatment failure for acute patients.,Authorize emergency redistribution transfer from nearest surplus facility in district.,2026-08-23T15:49:25.636359+00:00,ACTIVE
ALT-MED-D51B58BD,CRITICAL,MEDICINE_STOCKOUT_RISK,PHC-RJ-JAI-003,PHC Amer,MED-AZI-500,Azithromycin,Current Physical Stock: 0 units | Predicted 7-Day Burn Rate: 2.1 units/day | Safety Stock Threshold: 16 units | DOSA: 0.0 days | Projected stock-out in ~1 days (2026-08-28).,Immediate stock-out expected in ~1.0 days (DOSA: 0.0d). High risk of treatment failure for acute patients.,Authorize emergency redistribution transfer from nearest surplus facility in district.,2026-08-23T15:49:25.636364+00:00,ACTIVE
ALT-MED-ADEC726F,CRITICAL,MEDICINE_STOCKOUT_RISK,PHC-RJ-JAI-003,PHC Amer,MED-MET-500,Metformin Hydrochloride,Current Physical Stock: 0 units | Predicted 7-Day Burn Rate: 2.0 units/day | Safety Stock Threshold: 15 units | DOSA: 0.0 days | Projected stock-out in ~1 days (2026-08-28).,Immediate stock-out expected in ~1.0 days (DOSA: 0.0d). High risk of treatment failure for acute patients.,Authorize emergency redistribution transfer from nearest surplus facility in district.,2026-08-23T15:49:25.636370+00:00,ACTIVE
ALT-MED-9AA1E292,CRITICAL,MEDICINE_STOCKOUT_RISK,PHC-RJ-JAI-003,PHC Amer,MED-IVF-NS500,Normal Saline (0.9% Sodium Chloride),Current Physical Stock: 0 units | Predicted 7-Day Burn Rate: 2.0 units/day | Safety Stock Threshold: 16 units | DOSA: 0.0 days | Projected stock-out in ~1 days (2026-08-28).,Immediate stock-out expected in ~1.0 days (DOSA: 0.0d). High risk of treatment failure for acute patients.,Authorize emergency redistribution transfer from nearest surplus facility in district.,2026-08-23T15:49:25.636375+00:00,ACTIVE
ALT-MED-28231C7A,CRITICAL,MEDICINE_STOCKOUT_RISK,PHC-RJ-JAI-003,PHC Amer,MED-IVF-RL500,Ringer's Lactate (Compound Sodium Lactate),Current Physical Stock: 0 units | Predicted 7-Day Burn Rate: 2.1 units/day | Safety Stock Threshold: 16 units | DOSA: 0.0 days | Projected stock-out in ~1 days (2026-08-28).,Immediate stock-out expected in ~1.0 days (DOSA: 0.0d). High risk of treatment failure for acute patients.,Authorize emergency redistribution transfer from nearest surplus facility in district.,2026-08-23T15:49:25.636381+00:00,ACTIVE
ALT-MED-EDC1DC81,CRITICAL,MEDICINE_STOCKOUT_RISK,PHC-RJ-JAI-003,PHC Amer,MED-IFA-TAB,Iron & Folic Acid (IFA),Current Physical Stock: 0 units | Predicted 7-Day Burn Rate: 1.9 units/day | Safety Stock Threshold: 14 units | DOSA: 0.0 days | Projected stock-out in ~1 days (2026-08-28).,Immediate stock-out expected in ~1.0 days (DOSA: 0.0d). High risk of treatment failure for acute patients.,Authorize emergency redistribution transfer from nearest surplus facility in district.,2026-08-23T15:49:25.636386+00:00,ACTIVE
ALT-MED-8B40BBC8,CRITICAL,MEDICINE_STOCKOUT_RISK,DH-RJ-JAI-001,Kanwatia District Hospital Jaipur,MED-PCM-500,Paracetamol,"Current Physical Stock: 0 units | Predicted 7-Day Burn Rate: 847.7 units/day | Safety Stock Threshold: 2,974 units | DOSA: 0.0 days | Projected stock-out in ~1 days (2026-08-28).",Immediate stock-out expected in ~1.0 days (DOSA: 0.0d). High risk of treatment failure for acute patients.,Authorize emergency redistribution transfer from nearest surplus facility in district.,2026-08-23T15:49:25.636395+00:00,ACTIVE
ALT-MED-A2A48F57,CRITICAL,MEDICINE_STOCKOUT_RISK,DH-RJ-JAI-001,Kanwatia District Hospital Jaipur,MED-PCM-SYR,Paracetamol Paediatric Syrup,"Current Physical Stock: 0 units | Predicted 7-Day Burn Rate: 296.9 units/day | Safety Stock Threshold: 1,115 units | DOSA: 0.0 days | Projected stock-out in ~1 days (2026-08-28).",Immediate stock-out expected in ~1.0 days (DOSA: 0.0d). High risk of treatment failure for acute patients.,Authorize emergency redistribution transfer from nearest surplus facility in district.,2026-08-23T15:49:25.636401+00:00,ACTIVE
ALT-MED-9678B3D4,CRITICAL,MEDICINE_STOCKOUT_RISK,DH-RJ-JAI-001,Kanwatia District Hospital Jaipur,MED-AMX-500,Amoxicillin,"Current Physical Stock: 0 units | Predicted 7-Day Burn Rate: 385.3 units/day | Safety Stock Threshold: 1,431 units | DOSA: 0.0 days | Projected stock-out in ~1 days (2026-08-28).",Immediate stock-out expected in ~1.0 days (DOSA: 0.0d). High risk of treatment failure for acute patients.,Authorize emergency redistribution transfer from nearest surplus facility in district.,2026-08-23T15:49:25.636406+00:00,ACTIVE
ALT-MED-FF796637,CRITICAL,MEDICINE_STOCKOUT_RISK,DH-RJ-JAI-001,Kanwatia District Hospital Jaipur,MED-AMC-625,Amoxicillin + Clavulanic Acid,Current Physical Stock: 0 units | Predicted 7-Day Burn Rate: 236.5 units/day | Safety Stock Threshold: 908 units | DOSA: 0.0 days | Projected stock-out in ~1 days (2026-08-28).,Immediate stock-out expected in ~1.0 days (DOSA: 0.0d). High risk of treatment failure for acute patients.,Authorize emergency redistribution transfer from nearest surplus facility in district.,2026-08-23T15:49:25.636411+00:00,ACTIVE
ALT-MED-13CE9A6E,CRITICAL,MEDICINE_STOCKOUT_RISK,DH-RJ-JAI-001,Kanwatia District Hospital Jaipur,MED-ORS-SFT,Oral Rehydration Salts (WHO Formula),"Current Physical Stock: 0 units | Predicted 7-Day Burn Rate: 657.6 units/day | Safety Stock Threshold: 2,316 units | DOSA: 0.0 days | Projected stock-out in ~1 days (2026-08-28).",Immediate stock-out expected in ~1.0 days (DOSA: 0.0d). High risk of treatment failure for acute patients.,Authorize emergency redistribution transfer from nearest surplus facility in district.,2026-08-23T15:49:25.636417+00:00,ACTIVE
ALT-MED-554F7F95,CRITICAL,MEDICINE_STOCKOUT_RISK,DH-RJ-JAI-001,Kanwatia District Hospital Jaipur,MED-ZNC-20,Zinc Sulfate Dispersible,"Current Physical Stock: 0 units | Predicted 7-Day Burn Rate: 272.4 units/day | Safety Stock Threshold: 1,034 units | DOSA: 0.0 days | Projected stock-out in ~1 days (2026-08-28).",Immediate stock-out expected in ~1.0 days (DOSA: 0.0d). High risk of treatment failure for acute patients.,Authorize emergency redistribution transfer from nearest surplus facility in district.,2026-08-23T15:49:25.636422+00:00,ACTIVE
ALT-MED-E10B9495,CRITICAL,MEDICINE_STOCKOUT_RISK,DH-RJ-JAI-001,Kanwatia District Hospital Jaipur,MED-AZI-500,Azithromycin,Current Physical Stock: 0 units | Predicted 7-Day Burn Rate: 141.0 units/day | Safety Stock Threshold: 601 units | DOSA: 0.0 days | Projected stock-out in ~1 days (2026-08-28).,Immediate stock-out expected in ~1.0 days (DOSA: 0.0d). High risk of treatment failure for acute patients.,Authorize emergency redistribution transfer from nearest surplus facility in district.,2026-08-23T15:49:25.636427+00:00,ACTIVE
ALT-MED-346484A3,CRITICAL,MEDICINE_STOCKOUT_RISK,DH-RJ-JAI-001,Kanwatia District Hospital Jaipur,MED-CTX-1G,Ceftriaxone,Current Physical Stock: 0 units | Predicted 7-Day Burn Rate: 50.3 units/day | Safety Stock Threshold: 281 units | DOSA: 0.0 days | Projected stock-out in ~1 days (2026-08-28).,Immediate stock-out expected in ~1.0 days (DOSA: 0.0d). High risk of treatment failure for acute patients.,Authorize emergency redistribution transfer from nearest surplus facility in district.,2026-08-23T15:49:25.636432+00:00,ACTIVE
ALT-MED-8EA42195,CRITICAL,MEDICINE_STOCKOUT_RISK,DH-RJ-JAI-001,Kanwatia District Hospital Jaipur,MED-RAB-VAC,Anti-Rabies Vaccine (Cell Culture),Current Physical Stock: 0 units | Predicted 7-Day Burn Rate: 9.2 units/day | Safety Stock Threshold: 76 units | DOSA: 0.0 days | Projected stock-out in ~1 days (2026-08-28).,Immediate stock-out expected in ~1.0 days (DOSA: 0.0d). High risk of treatment failure for acute patients.,Authorize emergency redistribution transfer from nearest surplus facility in district.,2026-08-23T15:49:25.636438+00:00,ACTIVE
ALT-MED-964FB9A9,CRITICAL,MEDICINE_STOCKOUT_RISK,DH-RJ-JAI-001,Kanwatia District Hospital Jaipur,MED-ASV-VIAL,Anti-Snake Venom Serum (Polyvalent),Current Physical Stock: 0 units | Predicted 7-Day Burn Rate: 2.0 units/day | Safety Stock Threshold: 15 units | DOSA: 0.0 days | Projected stock-out in ~1 days (2026-08-28).,Immediate stock-out expected in ~1.0 days (DOSA: 0.0d). High risk of treatment failure for acute patients.,Authorize emergency redistribution transfer from nearest surplus facility in district.,2026-08-23T15:49:25.636443+00:00,ACTIVE
ALT-MED-88CA0D48,CRITICAL,MEDICINE_STOCKOUT_RISK,DH-RJ-JAI-001,Kanwatia District Hospital Jaipur,MED-INS-REG,Human Insulin (Regular / Soluble),Current Physical Stock: 0 units | Predicted 7-Day Burn Rate: 11.6 units/day | Safety Stock Threshold: 92 units | DOSA: 0.0 days | Projected stock-out in ~1 days (2026-08-28).,Immediate stock-out expected in ~1.0 days (DOSA: 0.0d). High risk of treatment failure for acute patients.,Authorize emergency redistribution transfer from nearest surplus facility in district.,2026-08-23T15:49:25.636450+00:00,ACTIVE
ALT-MED-3E4DEC3C,CRITICAL,MEDICINE_STOCKOUT_RISK,DH-RJ-JAI-001,Kanwatia District Hospital Jaipur,MED-MET-500,Metformin Hydrochloride,"Current Physical Stock: 0 units | Predicted 7-Day Burn Rate: 510.4 units/day | Safety Stock Threshold: 1,806 units | DOSA: 0.0 days | Projected stock-out in ~1 days (2026-08-28).",Immediate stock-out expected in ~1.0 days (DOSA: 0.0d). High risk of treatment failure for acute patients.,Authorize emergency redistribution transfer from nearest surplus facility in district.,2026-08-23T15:49:25.636455+00:00,ACTIVE
ALT-MED-5B426D2C,CRITICAL,MEDICINE_STOCKOUT_RISK,DH-RJ-JAI-001,Kanwatia District Hospital Jaipur,MED-OXY-AMP,Oxytocin,Current Physical Stock: 0 units | Predicted 7-Day Burn Rate: 21.6 units/day | Safety Stock Threshold: 159 units | DOSA: 0.0 days | Projected stock-out in ~1 days (2026-08-28).,Immediate stock-out expected in ~1.0 days (DOSA: 0.0d). High risk of treatment failure for acute patients.,Authorize emergency redistribution transfer from nearest surplus facility in district.,2026-08-23T15:49:25.636461+00:00,ACTIVE
ALT-MED-86A69A2D,CRITICAL,MEDICINE_STOCKOUT_RISK,DH-RJ-JAI-001,Kanwatia District Hospital Jaipur,MED-MGS-50,Magnesium Sulfate,Current Physical Stock: 0 units | Predicted 7-Day Burn Rate: 4.0 units/day | Safety Stock Threshold: 30 units | DOSA: 0.0 days | Adequate stock coverage for >14 days (DOSA: 0.0 days).,Immediate stock-out expected in < 1 days (DOSA: 0.0d). High risk of treatment failure for acute patients.,Authorize emergency redistribution transfer from nearest surplus facility in district.,2026-08-23T15:49:25.636466+00:00,ACTIVE
ALT-MED-417977A8,CRITICAL,MEDICINE_STOCKOUT_RISK,DH-RJ-JAI-001,Kanwatia District Hospital Jaipur,MED-IVF-NS500,Normal Saline (0.9% Sodium Chloride),Current Physical Stock: 0 units | Predicted 7-Day Burn Rate: 240.1 units/day | Safety Stock Threshold: 937 units | DOSA: 0.0 days | Projected stock-out in ~1 days (2026-08-28).,Immediate stock-out expected in ~1.0 days (DOSA: 0.0d). High risk of treatment failure for acute patients.,Authorize emergency redistribution transfer from nearest surplus facility in district.,2026-08-23T15:49:25.636471+00:00,ACTIVE
ALT-MED-E215ADAB,CRITICAL,MEDICINE_STOCKOUT_RISK,DH-RJ-JAI-001,Kanwatia District Hospital Jaipur,MED-IVF-RL500,Ringer's Lactate (Compound Sodium Lactate),Current Physical Stock: 0 units | Predicted 7-Day Burn Rate: 190.4 units/day | Safety Stock Threshold: 760 units | DOSA: 0.0 days | Adequate stock coverage for >14 days (DOSA: 0.0 days).,Immediate stock-out expected in < 1 days (DOSA: 0.0d). High risk of treatment failure for acute patients.,Authorize emergency redistribution transfer from nearest surplus facility in district.,2026-08-23T15:49:25.636479+00:00,ACTIVE
ALT-MED-89DAD500,CRITICAL,MEDICINE_STOCKOUT_RISK,DH-RJ-JAI-001,Kanwatia District Hospital Jaipur,MED-IVF-D5500,Dextrose 5% in Water,Current Physical Stock: 0 units | Predicted 7-Day Burn Rate: 94.3 units/day | Safety Stock Threshold: 437 units | DOSA: 0.0 days | Projected stock-out in ~1 days (2026-08-28).,Immediate stock-out expected in ~1.0 days (DOSA: 0.0d). High risk of treatment failure for acute patients.,Authorize emergency redistribution transfer from nearest surplus facility in district.,2026-08-23T15:49:25.636485+00:00,ACTIVE
ALT-MED-7AA7351D,CRITICAL,MEDICINE_STOCKOUT_RISK,DH-RJ-JAI-001,Kanwatia District Hospital Jaipur,MED-ART-60,Artesunate,Current Physical Stock: 0 units | Predicted 7-Day Burn Rate: 6.9 units/day | Safety Stock Threshold: 58 units | DOSA: 0.0 days | Adequate stock coverage for >14 days (DOSA: 0.0 days).,Immediate stock-out expected in < 1 days (DOSA: 0.0d). High risk of treatment failure for acute patients.,Authorize emergency redistribution transfer from nearest surplus facility in district.,2026-08-23T15:49:25.636490+00:00,ACTIVE
ALT-MED-1E50C0A9,CRITICAL,MEDICINE_STOCKOUT_RISK,DH-RJ-JAI-001,Kanwatia District Hospital Jaipur,MED-ALB-400,Albendazole,Current Physical Stock: 0 units | Predicted 7-Day Burn Rate: 82.1 units/day | Safety Stock Threshold: 406 units | DOSA: 0.0 days | Adequate stock coverage for >14 days (DOSA: 0.0 days).,Immediate stock-out expected in < 1 days (DOSA: 0.0d). High risk of treatment failure for acute patients.,Authorize emergency redistribution transfer from nearest surplus facility in district.,2026-08-23T15:49:25.636495+00:00,ACTIVE
ALT-MED-83966D9D,CRITICAL,MEDICINE_STOCKOUT_RISK,DH-RJ-JAI-001,Kanwatia District Hospital Jaipur,MED-IFA-TAB,Iron & Folic Acid (IFA),"Current Physical Stock: 0 units | Predicted 7-Day Burn Rate: 561.8 units/day | Safety Stock Threshold: 1,991 units | DOSA: 0.0 days | Projected stock-out in ~1 days (2026-08-28).",Immediate stock-out expected in ~1.0 days (DOSA: 0.0d). High risk of treatment failure for acute patients.,Authorize emergency redistribution transfer from nearest surplus facility in district.,2026-08-23T15:49:25.636500+00:00,ACTIVE
ALT-MED-E4624725,CRITICAL,MEDICINE_STOCKOUT_RISK,PHC-MH-PUN-001,PHC Mulshi,MED-PCM-500,Paracetamol,Current Physical Stock: 0 units | Predicted 7-Day Burn Rate: 2.8 units/day | Safety Stock Threshold: 20 units | DOSA: 0.0 days | Projected stock-out in ~1 days (2026-08-28).,Immediate stock-out expected in ~1.0 days (DOSA: 0.0d). High risk of treatment failure for acute patients.,Authorize emergency redistribution transfer from nearest surplus facility in district.,2026-08-23T15:49:25.636507+00:00,ACTIVE
ALT-MED-20BA731B,CRITICAL,MEDICINE_STOCKOUT_RISK,PHC-MH-PUN-001,PHC Mulshi,MED-PCM-SYR,Paracetamol Paediatric Syrup,Current Physical Stock: 0 units | Predicted 7-Day Burn Rate: 2.1 units/day | Safety Stock Threshold: 16 units | DOSA: 0.0 days | Adequate stock coverage for >14 days (DOSA: 0.0 days).,Immediate stock-out expected in < 1 days (DOSA: 0.0d). High risk of treatment failure for acute patients.,Authorize emergency redistribution transfer from nearest surplus facility in district.,2026-08-23T15:49:25.636512+00:00,ACTIVE
ALT-MED-A27DC7A7,CRITICAL,MEDICINE_STOCKOUT_RISK,PHC-MH-PUN-001,PHC Mulshi,MED-AMX-500,Amoxicillin,Current Physical Stock: 0 units | Predicted 7-Day Burn Rate: 2.1 units/day | Safety Stock Threshold: 16 units | DOSA: 0.0 days | Projected stock-out in ~1 days (2026-08-28).,Immediate stock-out expected in ~1.0 days (DOSA: 0.0d). High risk of treatment failure for acute patients.,Authorize emergency redistribution transfer from nearest surplus facility in district.,2026-08-23T15:49:25.636518+00:00,ACTIVE
ALT-MED-0E36B428,CRITICAL,MEDICINE_STOCKOUT_RISK,PHC-MH-PUN-001,PHC Mulshi,MED-ORS-SFT,Oral Rehydration Salts (WHO Formula),Current Physical Stock: 0 units | Predicted 7-Day Burn Rate: 2.0 units/day | Safety Stock Threshold: 15 units | DOSA: 0.0 days | Adequate stock coverage for >14 days (DOSA: 0.0 days).,Immediate stock-out expected in < 1 days (DOSA: 0.0d). High risk of treatment failure for acute patients.,Authorize emergency redistribution transfer from nearest surplus facility in district.,2026-08-23T15:49:25.636523+00:00,ACTIVE
ALT-MED-EEC857FC,CRITICAL,MEDICINE_STOCKOUT_RISK,PHC-MH-PUN-001,PHC Mulshi,MED-ZNC-20,Zinc Sulfate Dispersible,Current Physical Stock: 0 units | Predicted 7-Day Burn Rate: 2.1 units/day | Safety Stock Threshold: 16 units | DOSA: 0.0 days | Projected stock-out in ~1 days (2026-08-28).,Immediate stock-out expected in ~1.0 days (DOSA: 0.0d). High risk of treatment failure for acute patients.,Authorize emergency redistribution transfer from nearest surplus facility in district.,2026-08-23T15:49:25.636529+00:00,ACTIVE
ALT-MED-32ADAAFC,CRITICAL,MEDICINE_STOCKOUT_RISK,PHC-MH-PUN-001,PHC Mulshi,MED-MET-500,Metformin Hydrochloride,Current Physical Stock: 0 units | Predicted 7-Day Burn Rate: 2.1 units/day | Safety Stock Threshold: 16 units | DOSA: 0.0 days | Projected stock-out in ~1 days (2026-08-28).,Immediate stock-out expected in ~1.0 days (DOSA: 0.0d). High risk of treatment failure for acute patients.,Authorize emergency redistribution transfer from nearest surplus facility in district.,2026-08-23T15:49:25.636535+00:00,ACTIVE
ALT-MED-58258CA1,WARNING,MEDICINE_STOCKOUT_RISK,PHC-MH-PUN-001,PHC Mulshi,MED-IVF-NS500,Normal Saline (0.9% Sodium Chloride),Current Physical Stock: 17 units | Predicted 7-Day Burn Rate: 2.1 units/day | Safety Stock Threshold: 16 units | DOSA: 8.0 days | Adequate stock coverage for >14 days (DOSA: 8.04 days).,Stock has fallen below calculated safety buffer (16 units).,Verify scheduled routine replenishment orders.,2026-08-23T15:49:25.636541+00:00,ACTIVE
ALT-MED-97D01628,CRITICAL,MEDICINE_STOCKOUT_RISK,PHC-MH-PUN-001,PHC Mulshi,MED-IFA-TAB,Iron & Folic Acid (IFA),Current Physical Stock: 0 units | Predicted 7-Day Burn Rate: 2.0 units/day | Safety Stock Threshold: 15 units | DOSA: 0.0 days | Projected stock-out in ~1 days (2026-08-28).,Immediate stock-out expected in ~1.0 days (DOSA: 0.0d). High risk of treatment failure for acute patients.,Authorize emergency redistribution transfer from nearest surplus facility in district.,2026-08-23T15:49:25.636548+00:00,ACTIVE
ALT-MED-02273A44,CRITICAL,MEDICINE_STOCKOUT_RISK,PHC-MH-PUN-002,PHC Haveli,MED-PCM-500,Paracetamol,Current Physical Stock: 0 units | Predicted 7-Day Burn Rate: 13.0 units/day | Safety Stock Threshold: 99 units | DOSA: 0.0 days | Projected stock-out in ~1 days (2026-08-28).,Immediate stock-out expected in ~1.0 days (DOSA: 0.0d). High risk of treatment failure for acute patients.,Authorize emergency redistribution transfer from nearest surplus facility in district.,2026-08-23T15:49:25.636556+00:00,ACTIVE
ALT-MED-3893F709,CRITICAL,MEDICINE_STOCKOUT_RISK,PHC-MH-PUN-002,PHC Haveli,MED-PCM-SYR,Paracetamol Paediatric Syrup,Current Physical Stock: 0 units | Predicted 7-Day Burn Rate: 2.0 units/day | Safety Stock Threshold: 15 units | DOSA: 0.0 days | Projected stock-out in ~1 days (2026-08-28).,Immediate stock-out expected in ~1.0 days (DOSA: 0.0d). High risk of treatment failure for acute patients.,Authorize emergency redistribution transfer from nearest surplus facility in district.,2026-08-23T15:49:25.636561+00:00,ACTIVE
ALT-MED-3CBDD05C,CRITICAL,MEDICINE_STOCKOUT_RISK,PHC-MH-PUN-002,PHC Haveli,MED-AMX-500,Amoxicillin,Current Physical Stock: 0 units | Predicted 7-Day Burn Rate: 1.9 units/day | Safety Stock Threshold: 14 units | DOSA: 0.0 days | Projected stock-out in ~1 days (2026-08-28).,Immediate stock-out expected in ~1.0 days (DOSA: 0.0d). High risk of treatment failure for acute patients.,Authorize emergency redistribution transfer from nearest surplus facility in district.,2026-08-23T15:49:25.636567+00:00,ACTIVE
ALT-MED-182C8AD9,CRITICAL,MEDICINE_STOCKOUT_RISK,PHC-MH-PUN-002,PHC Haveli,MED-AMC-625,Amoxicillin + Clavulanic Acid,Current Physical Stock: 0 units | Predicted 7-Day Burn Rate: 2.1 units/day | Safety Stock Threshold: 16 units | DOSA: 0.0 days | Projected stock-out in ~1 days (2026-08-28).,Immediate stock-out expected in ~1.0 days (DOSA: 0.0d). High risk of treatment failure for acute patients.,Authorize emergency redistribution transfer from nearest surplus facility in district.,2026-08-23T15:49:25.636573+00:00,ACTIVE
ALT-MED-50FBE840,CRITICAL,MEDICINE_STOCKOUT_RISK,PHC-MH-PUN-002,PHC Haveli,MED-ORS-SFT,Oral Rehydration Salts (WHO Formula),Current Physical Stock: 0 units | Predicted 7-Day Burn Rate: 3.7 units/day | Safety Stock Threshold: 27 units | DOSA: 0.0 days | Projected stock-out in ~1 days (2026-08-28).,Immediate stock-out expected in ~1.0 days (DOSA: 0.0d). High risk of treatment failure for acute patients.,Authorize emergency redistribution transfer from nearest surplus facility in district.,2026-08-23T15:49:25.636579+00:00,ACTIVE
ALT-MED-109DB3F2,CRITICAL,MEDICINE_STOCKOUT_RISK,PHC-MH-PUN-002,PHC Haveli,MED-ZNC-20,Zinc Sulfate Dispersible,Current Physical Stock: 0 units | Predicted 7-Day Burn Rate: 2.0 units/day | Safety Stock Threshold: 15 units | DOSA: 0.0 days | Projected stock-out in ~1 days (2026-08-28).,Immediate stock-out expected in ~1.0 days (DOSA: 0.0d). High risk of treatment failure for acute patients.,Authorize emergency redistribution transfer from nearest surplus facility in district.,2026-08-23T15:49:25.636584+00:00,ACTIVE
ALT-MED-0891926D,CRITICAL,MEDICINE_STOCKOUT_RISK,PHC-MH-PUN-002,PHC Haveli,MED-AZI-500,Azithromycin,Current Physical Stock: 0 units | Predicted 7-Day Burn Rate: 2.1 units/day | Safety Stock Threshold: 16 units | DOSA: 0.0 days | Projected stock-out in ~1 days (2026-08-28).,Immediate stock-out expected in ~1.0 days (DOSA: 0.0d). High risk of treatment failure for acute patients.,Authorize emergency redistribution transfer from nearest surplus facility in district.,2026-08-23T15:49:25.636589+00:00,ACTIVE
ALT-MED-4817DCAB,CRITICAL,MEDICINE_STOCKOUT_RISK,PHC-MH-PUN-002,PHC Haveli,MED-MET-500,Metformin Hydrochloride,Current Physical Stock: 0 units | Predicted 7-Day Burn Rate: 2.9 units/day | Safety Stock Threshold: 20 units | DOSA: 0.0 days | Projected stock-out in ~1 days (2026-08-28).,Immediate stock-out expected in ~1.0 days (DOSA: 0.0d). High risk of treatment failure for acute patients.,Authorize emergency redistribution transfer from nearest surplus facility in district.,2026-08-23T15:49:25.636594+00:00,ACTIVE
ALT-MED-BB08C977,CRITICAL,MEDICINE_STOCKOUT_RISK,PHC-MH-PUN-002,PHC Haveli,MED-IVF-NS500,Normal Saline (0.9% Sodium Chloride),Current Physical Stock: 0 units | Predicted 7-Day Burn Rate: 2.0 units/day | Safety Stock Threshold: 15 units | DOSA: 0.0 days | Adequate stock coverage for >14 days (DOSA: 0.0 days).,Immediate stock-out expected in < 1 days (DOSA: 0.0d). High risk of treatment failure for acute patients.,Authorize emergency redistribution transfer from nearest surplus facility in district.,2026-08-23T15:49:25.636600+00:00,ACTIVE
ALT-MED-D9FE645A,CRITICAL,MEDICINE_STOCKOUT_RISK,PHC-MH-PUN-002,PHC Haveli,MED-IVF-RL500,Ringer's Lactate (Compound Sodium Lactate),Current Physical Stock: 0 units | Predicted 7-Day Burn Rate: 2.1 units/day | Safety Stock Threshold: 16 units | DOSA: 0.0 days | Projected stock-out in ~1 days (2026-08-28).,Immediate stock-out expected in ~1.0 days (DOSA: 0.0d). High risk of treatment failure for acute patients.,Authorize emergency redistribution transfer from nearest surplus facility in district.,2026-08-23T15:49:25.636605+00:00,ACTIVE
ALT-MED-1E1B80E7,WARNING,MEDICINE_STOCKOUT_RISK,PHC-MH-PUN-002,PHC Haveli,MED-IVF-D5500,Dextrose 5% in Water,Current Physical Stock: 20 units | Predicted 7-Day Burn Rate: 2.1 units/day | Safety Stock Threshold: 16 units | DOSA: 9.5 days | Adequate stock coverage for >14 days (DOSA: 9.46 days).,Stock has fallen below calculated safety buffer (16 units).,Verify scheduled routine replenishment orders.,2026-08-23T15:49:25.636610+00:00,ACTIVE
ALT-MED-37FFD076,HIGH,MEDICINE_STOCKOUT_RISK,PHC-MH-PUN-002,PHC Haveli,MED-ALB-400,Albendazole,Current Physical Stock: 9 units | Predicted 7-Day Burn Rate: 2.1 units/day | Safety Stock Threshold: 16 units | DOSA: 4.3 days | Adequate stock coverage for >14 days (DOSA: 4.29 days).,Stock coverage buffer is below 5 days (4.3 DOSA). Warehouse restock lead-time exceeds remaining stock.,Expedite pending shipment or trigger priority buffer reorder.,2026-08-23T15:49:25.636615+00:00,ACTIVE
ALT-MED-CC0236BF,CRITICAL,MEDICINE_STOCKOUT_RISK,PHC-MH-PUN-002,PHC Haveli,MED-IFA-TAB,Iron & Folic Acid (IFA),Current Physical Stock: 0 units | Predicted 7-Day Burn Rate: 2.3 units/day | Safety Stock Threshold: 16 units | DOSA: 0.0 days | Projected stock-out in ~1 days (2026-08-28).,Immediate stock-out expected in ~1.0 days (DOSA: 0.0d). High risk of treatment failure for acute patients.,Authorize emergency redistribution transfer from nearest surplus facility in district.,2026-08-23T15:49:25.636622+00:00,ACTIVE
ALT-MED-D13B5CDE,CRITICAL,MEDICINE_STOCKOUT_RISK,PHC-MH-PUN-003,PHC Khed,MED-PCM-500,Paracetamol,Current Physical Stock: 0 units | Predicted 7-Day Burn Rate: 6.7 units/day | Safety Stock Threshold: 56 units | DOSA: 0.0 days | Projected stock-out in ~1 days (2026-08-28).,Immediate stock-out expected in ~1.0 days (DOSA: 0.0d). High risk of treatment failure for acute patients.,Authorize emergency redistribution transfer from nearest surplus facility in district.,2026-08-23T15:49:25.636628+00:00,ACTIVE
ALT-MED-6863217C,CRITICAL,MEDICINE_STOCKOUT_RISK,PHC-MH-PUN-003,PHC Khed,MED-PCM-SYR,Paracetamol Paediatric Syrup,Current Physical Stock: 0 units | Predicted 7-Day Burn Rate: 2.1 units/day | Safety Stock Threshold: 16 units | DOSA: 0.0 days | Adequate stock coverage for >14 days (DOSA: 0.0 days).,Immediate stock-out expected in < 1 days (DOSA: 0.0d). High risk of treatment failure for acute patients.,Authorize emergency redistribution transfer from nearest surplus facility in district.,2026-08-23T15:49:25.636633+00:00,ACTIVE
ALT-MED-D97A4021,CRITICAL,MEDICINE_STOCKOUT_RISK,PHC-MH-PUN-003,PHC Khed,MED-AMX-500,Amoxicillin,Current Physical Stock: 0 units | Predicted 7-Day Burn Rate: 2.0 units/day | Safety Stock Threshold: 15 units | DOSA: 0.0 days | Adequate stock coverage for >14 days (DOSA: 0.0 days).,Immediate stock-out expected in < 1 days (DOSA: 0.0d). High risk of treatment failure for acute patients.,Authorize emergency redistribution transfer from nearest surplus facility in district.,2026-08-23T15:49:25.636638+00:00,ACTIVE
ALT-MED-6B5B2284,CRITICAL,MEDICINE_STOCKOUT_RISK,PHC-MH-PUN-003,PHC Khed,MED-AMC-625,Amoxicillin + Clavulanic Acid,Current Physical Stock: 0 units | Predicted 7-Day Burn Rate: 2.1 units/day | Safety Stock Threshold: 16 units | DOSA: 0.0 days | Projected stock-out in ~1 days (2026-08-28).,Immediate stock-out expected in ~1.0 days (DOSA: 0.0d). High risk of treatment failure for acute patients.,Authorize emergency redistribution transfer from nearest surplus facility in district.,2026-08-23T15:49:25.636643+00:00,ACTIVE
ALT-MED-7C1EA5DB,CRITICAL,MEDICINE_STOCKOUT_RISK,PHC-MH-PUN-003,PHC Khed,MED-ORS-SFT,Oral Rehydration Salts (WHO Formula),Current Physical Stock: 0 units | Predicted 7-Day Burn Rate: 2.1 units/day | Safety Stock Threshold: 15 units | DOSA: 0.0 days | Projected stock-out in ~1 days (2026-08-28).,Immediate stock-out expected in ~1.0 days (DOSA: 0.0d). High risk of treatment failure for acute patients.,Authorize emergency redistribution transfer from nearest surplus facility in district.,2026-08-23T15:49:25.636648+00:00,ACTIVE
ALT-MED-04EA3186,CRITICAL,MEDICINE_STOCKOUT_RISK,PHC-MH-PUN-003,PHC Khed,MED-ZNC-20,Zinc Sulfate Dispersible,Current Physical Stock: 0 units | Predicted 7-Day Burn Rate: 2.1 units/day | Safety Stock Threshold: 16 units | DOSA: 0.0 days | Projected stock-out in ~1 days (2026-08-28).,Immediate stock-out expected in ~1.0 days (DOSA: 0.0d). High risk of treatment failure for acute patients.,Authorize emergency redistribution transfer from nearest surplus facility in district.,2026-08-23T15:49:25.636653+00:00,ACTIVE
ALT-MED-624CF46F,HIGH,MEDICINE_STOCKOUT_RISK,PHC-MH-PUN-003,PHC Khed,MED-AZI-500,Azithromycin,Current Physical Stock: 8 units | Predicted 7-Day Burn Rate: 2.1 units/day | Safety Stock Threshold: 16 units | DOSA: 3.8 days | Adequate stock coverage for >14 days (DOSA: 3.81 days).,Stock coverage buffer is below 5 days (3.8 DOSA). Warehouse restock lead-time exceeds remaining stock.,Expedite pending shipment or trigger priority buffer reorder.,2026-08-23T15:49:25.636660+00:00,ACTIVE
ALT-MED-F8B8C6A7,CRITICAL,MEDICINE_STOCKOUT_RISK,PHC-MH-PUN-003,PHC Khed,MED-MET-500,Metformin Hydrochloride,Current Physical Stock: 0 units | Predicted 7-Day Burn Rate: 2.0 units/day | Safety Stock Threshold: 15 units | DOSA: 0.0 days | Projected stock-out in ~1 days (2026-08-28).,Immediate stock-out expected in ~1.0 days (DOSA: 0.0d). High risk of treatment failure for acute patients.,Authorize emergency redistribution transfer from nearest surplus facility in district.,2026-08-23T15:49:25.636667+00:00,ACTIVE
ALT-MED-96775869,CRITICAL,MEDICINE_STOCKOUT_RISK,PHC-MH-PUN-003,PHC Khed,MED-IVF-NS500,Normal Saline (0.9% Sodium Chloride),Current Physical Stock: 0 units | Predicted 7-Day Burn Rate: 2.1 units/day | Safety Stock Threshold: 16 units | DOSA: 0.0 days | Projected stock-out in ~1 days (2026-08-28).,Immediate stock-out expected in ~1.0 days (DOSA: 0.0d). High risk of treatment failure for acute patients.,Authorize emergency redistribution transfer from nearest surplus facility in district.,2026-08-23T15:49:25.636673+00:00,ACTIVE
ALT-MED-292FF38C,CRITICAL,MEDICINE_STOCKOUT_RISK,PHC-MH-PUN-003,PHC Khed,MED-IVF-RL500,Ringer's Lactate (Compound Sodium Lactate),Current Physical Stock: 3 units | Predicted 7-Day Burn Rate: 2.1 units/day | Safety Stock Threshold: 16 units | DOSA: 1.4 days | Adequate stock coverage for >14 days (DOSA: 1.43 days).,Immediate stock-out expected in < 1 days (DOSA: 1.4d). High risk of treatment failure for acute patients.,Authorize emergency redistribution transfer from nearest surplus facility in district.,2026-08-23T15:49:25.636679+00:00,ACTIVE
ALT-MED-8945DF49,CRITICAL,MEDICINE_STOCKOUT_RISK,PHC-MH-PUN-003,PHC Khed,MED-IFA-TAB,Iron & Folic Acid (IFA),Current Physical Stock: 0 units | Predicted 7-Day Burn Rate: 2.0 units/day | Safety Stock Threshold: 15 units | DOSA: 0.0 days | Projected stock-out in ~1 days (2026-08-28).,Immediate stock-out expected in ~1.0 days (DOSA: 0.0d). High risk of treatment failure for acute patients.,Authorize emergency redistribution transfer from nearest surplus facility in district.,2026-08-23T15:49:25.636685+00:00,ACTIVE
ALT-MED-B99F9193,CRITICAL,MEDICINE_STOCKOUT_RISK,DH-MH-PUN-001,Aundh District Hospital Pune,MED-PCM-500,Paracetamol,"Current Physical Stock: 0 units | Predicted 7-Day Burn Rate: 1196.2 units/day | Safety Stock Threshold: 4,101 units | DOSA: 0.0 days | Adequate stock coverage for >14 days (DOSA: 0.0 days).",Immediate stock-out expected in < 1 days (DOSA: 0.0d). High risk of treatment failure for acute patients.,Authorize emergency redistribution transfer from nearest surplus facility in district.,2026-08-23T15:49:25.636691+00:00,ACTIVE
ALT-MED-D733EF1B,CRITICAL,MEDICINE_STOCKOUT_RISK,DH-MH-PUN-001,Aundh District Hospital Pune,MED-PCM-SYR,Paracetamol Paediatric Syrup,"Current Physical Stock: 0 units | Predicted 7-Day Burn Rate: 371.2 units/day | Safety Stock Threshold: 1,376 units | DOSA: 0.0 days | Projected stock-out in ~1 days (2026-08-28).",Immediate stock-out expected in ~1.0 days (DOSA: 0.0d). High risk of treatment failure for acute patients.,Authorize emergency redistribution transfer from nearest surplus facility in district.,2026-08-23T15:49:25.636696+00:00,ACTIVE
ALT-MED-9D328C74,CRITICAL,MEDICINE_STOCKOUT_RISK,DH-MH-PUN-001,Aundh District Hospital Pune,MED-AMX-500,Amoxicillin,"Current Physical Stock: 0 units | Predicted 7-Day Burn Rate: 477.0 units/day | Safety Stock Threshold: 1,721 units | DOSA: 0.0 days | Projected stock-out in ~1 days (2026-08-28).",Immediate stock-out expected in ~1.0 days (DOSA: 0.0d). High risk of treatment failure for acute patients.,Authorize emergency redistribution transfer from nearest surplus facility in district.,2026-08-23T15:49:25.636701+00:00,ACTIVE
ALT-MED-23141395,CRITICAL,MEDICINE_STOCKOUT_RISK,DH-MH-PUN-001,Aundh District Hospital Pune,MED-AMC-625,Amoxicillin + Clavulanic Acid,"Current Physical Stock: 0 units | Predicted 7-Day Burn Rate: 263.9 units/day | Safety Stock Threshold: 1,017 units | DOSA: 0.0 days | Projected stock-out in ~1 days (2026-08-28).",Immediate stock-out expected in ~1.0 days (DOSA: 0.0d). High risk of treatment failure for acute patients.,Authorize emergency redistribution transfer from nearest surplus facility in district.,2026-08-23T15:49:25.636708+00:00,ACTIVE
ALT-MED-7DC01006,CRITICAL,MEDICINE_STOCKOUT_RISK,DH-MH-PUN-001,Aundh District Hospital Pune,MED-ORS-SFT,Oral Rehydration Salts (WHO Formula),"Current Physical Stock: 0 units | Predicted 7-Day Burn Rate: 757.3 units/day | Safety Stock Threshold: 2,675 units | DOSA: 0.0 days | Projected stock-out in ~1 days (2026-08-28).",Immediate stock-out expected in ~1.0 days (DOSA: 0.0d). High risk of treatment failure for acute patients.,Authorize emergency redistribution transfer from nearest surplus facility in district.,2026-08-23T15:49:25.636714+00:00,ACTIVE
ALT-MED-FEC02387,CRITICAL,MEDICINE_STOCKOUT_RISK,DH-MH-PUN-001,Aundh District Hospital Pune,MED-ZNC-20,Zinc Sulfate Dispersible,"Current Physical Stock: 0 units | Predicted 7-Day Burn Rate: 353.9 units/day | Safety Stock Threshold: 1,314 units | DOSA: 0.0 days | Adequate stock coverage for >14 days (DOSA: 0.0 days).",Immediate stock-out expected in < 1 days (DOSA: 0.0d). High risk of treatment failure for acute patients.,Authorize emergency redistribution transfer from nearest surplus facility in district.,2026-08-23T15:49:25.636719+00:00,ACTIVE
ALT-MED-F275665B,CRITICAL,MEDICINE_STOCKOUT_RISK,DH-MH-PUN-001,Aundh District Hospital Pune,MED-AZI-500,Azithromycin,Current Physical Stock: 0 units | Predicted 7-Day Burn Rate: 245.2 units/day | Safety Stock Threshold: 950 units | DOSA: 0.0 days | Projected stock-out in ~1 days (2026-08-28).,Immediate stock-out expected in ~1.0 days (DOSA: 0.0d). High risk of treatment failure for acute patients.,Authorize emergency redistribution transfer from nearest surplus facility in district.,2026-08-23T15:49:25.636724+00:00,ACTIVE
ALT-MED-AD57F1B1,CRITICAL,MEDICINE_STOCKOUT_RISK,DH-MH-PUN-001,Aundh District Hospital Pune,MED-CTX-1G,Ceftriaxone,Current Physical Stock: 0 units | Predicted 7-Day Burn Rate: 58.1 units/day | Safety Stock Threshold: 329 units | DOSA: 0.0 days | Projected stock-out in ~1 days (2026-08-28).,Immediate stock-out expected in ~1.0 days (DOSA: 0.0d). High risk of treatment failure for acute patients.,Authorize emergency redistribution transfer from nearest surplus facility in district.,2026-08-23T15:49:25.636729+00:00,ACTIVE
ALT-MED-77AE594C,CRITICAL,MEDICINE_STOCKOUT_RISK,DH-MH-PUN-001,Aundh District Hospital Pune,MED-RAB-VAC,Anti-Rabies Vaccine (Cell Culture),Current Physical Stock: 0 units | Predicted 7-Day Burn Rate: 17.7 units/day | Safety Stock Threshold: 133 units | DOSA: 0.0 days | Projected stock-out in ~1 days (2026-08-28).,Immediate stock-out expected in ~1.0 days (DOSA: 0.0d). High risk of treatment failure for acute patients.,Authorize emergency redistribution transfer from nearest surplus facility in district.,2026-08-23T15:49:25.636736+00:00,ACTIVE
ALT-MED-B2166314,CRITICAL,MEDICINE_STOCKOUT_RISK,DH-MH-PUN-001,Aundh District Hospital Pune,MED-ASV-VIAL,Anti-Snake Venom Serum (Polyvalent),Current Physical Stock: 0 units | Predicted 7-Day Burn Rate: 2.0 units/day | Safety Stock Threshold: 15 units | DOSA: 0.0 days | Projected stock-out in ~1 days (2026-08-28).,Immediate stock-out expected in ~1.0 days (DOSA: 0.0d). High risk of treatment failure for acute patients.,Authorize emergency redistribution transfer from nearest surplus facility in district.,2026-08-23T15:49:25.636741+00:00,ACTIVE
ALT-MED-EEB368E9,CRITICAL,MEDICINE_STOCKOUT_RISK,DH-MH-PUN-001,Aundh District Hospital Pune,MED-INS-REG,Human Insulin (Regular / Soluble),Current Physical Stock: 0 units | Predicted 7-Day Burn Rate: 20.4 units/day | Safety Stock Threshold: 149 units | DOSA: 0.0 days | Projected stock-out in ~1 days (2026-08-28).,Immediate stock-out expected in ~1.0 days (DOSA: 0.0d). High risk of treatment failure for acute patients.,Authorize emergency redistribution transfer from nearest surplus facility in district.,2026-08-23T15:49:25.636747+00:00,ACTIVE
ALT-MED-E512173A,CRITICAL,MEDICINE_STOCKOUT_RISK,DH-MH-PUN-001,Aundh District Hospital Pune,MED-MET-500,Metformin Hydrochloride,"Current Physical Stock: 0 units | Predicted 7-Day Burn Rate: 658.8 units/day | Safety Stock Threshold: 2,333 units | DOSA: 0.0 days | Projected stock-out in ~1 days (2026-08-28).",Immediate stock-out expected in ~1.0 days (DOSA: 0.0d). High risk of treatment failure for acute patients.,Authorize emergency redistribution transfer from nearest surplus facility in district.,2026-08-23T15:49:25.636752+00:00,ACTIVE
ALT-MED-4D292D84,CRITICAL,MEDICINE_STOCKOUT_RISK,DH-MH-PUN-001,Aundh District Hospital Pune,MED-OXY-AMP,Oxytocin,Current Physical Stock: 0 units | Predicted 7-Day Burn Rate: 38.5 units/day | Safety Stock Threshold: 246 units | DOSA: 0.0 days | Projected stock-out in ~1 days (2026-08-28).,Immediate stock-out expected in ~1.0 days (DOSA: 0.0d). High risk of treatment failure for acute patients.,Authorize emergency redistribution transfer from nearest surplus facility in district.,2026-08-23T15:49:25.636757+00:00,ACTIVE
ALT-MED-C22F2E85,CRITICAL,MEDICINE_STOCKOUT_RISK,DH-MH-PUN-001,Aundh District Hospital Pune,MED-MGS-50,Magnesium Sulfate,Current Physical Stock: 0 units | Predicted 7-Day Burn Rate: 6.7 units/day | Safety Stock Threshold: 55 units | DOSA: 0.0 days | Projected stock-out in ~1 days (2026-08-28).,Immediate stock-out expected in ~1.0 days (DOSA: 0.0d). High risk of treatment failure for acute patients.,Authorize emergency redistribution transfer from nearest surplus facility in district.,2026-08-23T15:49:25.636762+00:00,ACTIVE
ALT-MED-49581D69,CRITICAL,MEDICINE_STOCKOUT_RISK,DH-MH-PUN-001,Aundh District Hospital Pune,MED-IVF-NS500,Normal Saline (0.9% Sodium Chloride),"Current Physical Stock: 0 units | Predicted 7-Day Burn Rate: 343.3 units/day | Safety Stock Threshold: 1,259 units | DOSA: 0.0 days | Projected stock-out in ~1 days (2026-08-28).",Immediate stock-out expected in ~1.0 days (DOSA: 0.0d). High risk of treatment failure for acute patients.,Authorize emergency redistribution transfer from nearest surplus facility in district.,2026-08-23T15:49:25.636767+00:00,ACTIVE
ALT-MED-B779D929,CRITICAL,MEDICINE_STOCKOUT_RISK,DH-MH-PUN-001,Aundh District Hospital Pune,MED-IVF-RL500,Ringer's Lactate (Compound Sodium Lactate),"Current Physical Stock: 0 units | Predicted 7-Day Burn Rate: 284.6 units/day | Safety Stock Threshold: 1,077 units | DOSA: 0.0 days | Projected stock-out in ~1 days (2026-08-28).",Immediate stock-out expected in ~1.0 days (DOSA: 0.0d). High risk of treatment failure for acute patients.,Authorize emergency redistribution transfer from nearest surplus facility in district.,2026-08-23T15:49:25.636772+00:00,ACTIVE
ALT-MED-A5255F24,CRITICAL,MEDICINE_STOCKOUT_RISK,DH-MH-PUN-001,Aundh District Hospital Pune,MED-IVF-D5500,Dextrose 5% in Water,Current Physical Stock: 0 units | Predicted 7-Day Burn Rate: 135.6 units/day | Safety Stock Threshold: 580 units | DOSA: 0.0 days | Projected stock-out in ~1 days (2026-08-28).,Immediate stock-out expected in ~1.0 days (DOSA: 0.0d). High risk of treatment failure for acute patients.,Authorize emergency redistribution transfer from nearest surplus facility in district.,2026-08-23T15:49:25.636778+00:00,ACTIVE
ALT-MED-D4F7FC69,CRITICAL,MEDICINE_STOCKOUT_RISK,DH-MH-PUN-001,Aundh District Hospital Pune,MED-ART-60,Artesunate,Current Physical Stock: 0 units | Predicted 7-Day Burn Rate: 12.1 units/day | Safety Stock Threshold: 91 units | DOSA: 0.0 days | Projected stock-out in ~1 days (2026-08-28).,Immediate stock-out expected in ~1.0 days (DOSA: 0.0d). High risk of treatment failure for acute patients.,Authorize emergency redistribution transfer from nearest surplus facility in district.,2026-08-23T15:49:25.636783+00:00,ACTIVE
ALT-MED-BF0D7567,CRITICAL,MEDICINE_STOCKOUT_RISK,DH-MH-PUN-001,Aundh District Hospital Pune,MED-ALB-400,Albendazole,Current Physical Stock: 0 units | Predicted 7-Day Burn Rate: 100.7 units/day | Safety Stock Threshold: 472 units | DOSA: 0.0 days | Projected stock-out in ~1 days (2026-08-28).,Immediate stock-out expected in ~1.0 days (DOSA: 0.0d). High risk of treatment failure for acute patients.,Authorize emergency redistribution transfer from nearest surplus facility in district.,2026-08-23T15:49:25.636790+00:00,ACTIVE
ALT-MED-731211BA,CRITICAL,MEDICINE_STOCKOUT_RISK,DH-MH-PUN-001,Aundh District Hospital Pune,MED-IFA-TAB,Iron & Folic Acid (IFA),"Current Physical Stock: 0 units | Predicted 7-Day Burn Rate: 645.5 units/day | Safety Stock Threshold: 2,300 units | DOSA: 0.0 days | Projected stock-out in ~1 days (2026-08-28).",Immediate stock-out expected in ~1.0 days (DOSA: 0.0d). High risk of treatment failure for acute patients.,Authorize emergency redistribution transfer from nearest surplus facility in district.,2026-08-23T15:49:25.636795+00:00,ACTIVE
ALT-MED-E105B52E,CRITICAL,MEDICINE_STOCKOUT_RISK,PHC-KA-BEN-001,PHC Yelahanka,MED-PCM-500,Paracetamol,Current Physical Stock: 0 units | Predicted 7-Day Burn Rate: 19.1 units/day | Safety Stock Threshold: 145 units | DOSA: 0.0 days | Projected stock-out in ~1 days (2026-08-28).,Immediate stock-out expected in ~1.0 days (DOSA: 0.0d). High risk of treatment failure for acute patients.,Authorize emergency redistribution transfer from nearest surplus facility in district.,2026-08-23T15:49:25.636800+00:00,ACTIVE
ALT-MED-AA515E98,CRITICAL,MEDICINE_STOCKOUT_RISK,PHC-KA-BEN-001,PHC Yelahanka,MED-PCM-SYR,Paracetamol Paediatric Syrup,Current Physical Stock: 0 units | Predicted 7-Day Burn Rate: 1.9 units/day | Safety Stock Threshold: 14 units | DOSA: 0.0 days | Projected stock-out in ~1 days (2026-08-28).,Immediate stock-out expected in ~1.0 days (DOSA: 0.0d). High risk of treatment failure for acute patients.,Authorize emergency redistribution transfer from nearest surplus facility in district.,2026-08-23T15:49:25.636805+00:00,ACTIVE
ALT-MED-D579FBEF,CRITICAL,MEDICINE_STOCKOUT_RISK,PHC-KA-BEN-001,PHC Yelahanka,MED-AMX-500,Amoxicillin,Current Physical Stock: 0 units | Predicted 7-Day Burn Rate: 2.1 units/day | Safety Stock Threshold: 14 units | DOSA: 0.0 days | Projected stock-out in ~1 days (2026-08-28).,Immediate stock-out expected in ~1.0 days (DOSA: 0.0d). High risk of treatment failure for acute patients.,Authorize emergency redistribution transfer from nearest surplus facility in district.,2026-08-23T15:49:25.636811+00:00,ACTIVE
ALT-MED-0F8B3A6C,CRITICAL,MEDICINE_STOCKOUT_RISK,PHC-KA-BEN-001,PHC Yelahanka,MED-AMC-625,Amoxicillin + Clavulanic Acid,Current Physical Stock: 0 units | Predicted 7-Day Burn Rate: 2.0 units/day | Safety Stock Threshold: 15 units | DOSA: 0.0 days | Projected stock-out in ~1 days (2026-08-28).,Immediate stock-out expected in ~1.0 days (DOSA: 0.0d). High risk of treatment failure for acute patients.,Authorize emergency redistribution transfer from nearest surplus facility in district.,2026-08-23T15:49:25.636816+00:00,ACTIVE
ALT-MED-769F9C21,CRITICAL,MEDICINE_STOCKOUT_RISK,PHC-KA-BEN-001,PHC Yelahanka,MED-ORS-SFT,Oral Rehydration Salts (WHO Formula),Current Physical Stock: 0 units | Predicted 7-Day Burn Rate: 7.2 units/day | Safety Stock Threshold: 60 units | DOSA: 0.0 days | Projected stock-out in ~1 days (2026-08-28).,Immediate stock-out expected in ~1.0 days (DOSA: 0.0d). High risk of treatment failure for acute patients.,Authorize emergency redistribution transfer from nearest surplus facility in district.,2026-08-23T15:49:25.636822+00:00,ACTIVE
ALT-MED-8DEDF93B,CRITICAL,MEDICINE_STOCKOUT_RISK,PHC-KA-BEN-001,PHC Yelahanka,MED-ZNC-20,Zinc Sulfate Dispersible,Current Physical Stock: 0 units | Predicted 7-Day Burn Rate: 2.0 units/day | Safety Stock Threshold: 15 units | DOSA: 0.0 days | Projected stock-out in ~1 days (2026-08-28).,Immediate stock-out expected in ~1.0 days (DOSA: 0.0d). High risk of treatment failure for acute patients.,Authorize emergency redistribution transfer from nearest surplus facility in district.,2026-08-23T15:49:25.636827+00:00,ACTIVE
ALT-MED-E2EE8C11,CRITICAL,MEDICINE_STOCKOUT_RISK,PHC-KA-BEN-001,PHC Yelahanka,MED-AZI-500,Azithromycin,Current Physical Stock: 0 units | Predicted 7-Day Burn Rate: 2.1 units/day | Safety Stock Threshold: 16 units | DOSA: 0.0 days | Projected stock-out in ~1 days (2026-08-28).,Immediate stock-out expected in ~1.0 days (DOSA: 0.0d). High risk of treatment failure for acute patients.,Authorize emergency redistribution transfer from nearest surplus facility in district.,2026-08-23T15:49:25.636834+00:00,ACTIVE
ALT-MED-61241DC3,CRITICAL,MEDICINE_STOCKOUT_RISK,PHC-KA-BEN-001,PHC Yelahanka,MED-MET-500,Metformin Hydrochloride,Current Physical Stock: 0 units | Predicted 7-Day Burn Rate: 3.6 units/day | Safety Stock Threshold: 26 units | DOSA: 0.0 days | Projected stock-out in ~1 days (2026-08-28).,Immediate stock-out expected in ~1.0 days (DOSA: 0.0d). High risk of treatment failure for acute patients.,Authorize emergency redistribution transfer from nearest surplus facility in district.,2026-08-23T15:49:25.636840+00:00,ACTIVE
ALT-MED-CE2DA9BF,CRITICAL,MEDICINE_STOCKOUT_RISK,PHC-KA-BEN-001,PHC Yelahanka,MED-IVF-NS500,Normal Saline (0.9% Sodium Chloride),Current Physical Stock: 0 units | Predicted 7-Day Burn Rate: 2.0 units/day | Safety Stock Threshold: 15 units | DOSA: 0.0 days | Adequate stock coverage for >14 days (DOSA: 0.0 days).,Immediate stock-out expected in < 1 days (DOSA: 0.0d). High risk of treatment failure for acute patients.,Authorize emergency redistribution transfer from nearest surplus facility in district.,2026-08-23T15:49:25.636849+00:00,ACTIVE
ALT-MED-34F6DEEB,CRITICAL,MEDICINE_STOCKOUT_RISK,PHC-KA-BEN-001,PHC Yelahanka,MED-IVF-RL500,Ringer's Lactate (Compound Sodium Lactate),Current Physical Stock: 0 units | Predicted 7-Day Burn Rate: 2.0 units/day | Safety Stock Threshold: 16 units | DOSA: 0.0 days | Projected stock-out in ~1 days (2026-08-28).,Immediate stock-out expected in ~1.0 days (DOSA: 0.0d). High risk of treatment failure for acute patients.,Authorize emergency redistribution transfer from nearest surplus facility in district.,2026-08-23T15:49:25.636855+00:00,ACTIVE
ALT-MED-D525ACEA,CRITICAL,MEDICINE_STOCKOUT_RISK,PHC-KA-BEN-001,PHC Yelahanka,MED-IVF-D5500,Dextrose 5% in Water,Current Physical Stock: 2 units | Predicted 7-Day Burn Rate: 2.1 units/day | Safety Stock Threshold: 16 units | DOSA: 1.0 days | Projected stock-out in ~2 days (2026-08-29).,Immediate stock-out expected in ~2.0 days (DOSA: 1.0d). High risk of treatment failure for acute patients.,Authorize emergency redistribution transfer from nearest surplus facility in district.,2026-08-23T15:49:25.636860+00:00,ACTIVE
ALT-MED-1711A958,CRITICAL,MEDICINE_STOCKOUT_RISK,PHC-KA-BEN-001,PHC Yelahanka,MED-ALB-400,Albendazole,Current Physical Stock: 4 units | Predicted 7-Day Burn Rate: 2.1 units/day | Safety Stock Threshold: 16 units | DOSA: 1.9 days | Adequate stock coverage for >14 days (DOSA: 1.9 days).,Immediate stock-out expected in < 1 days (DOSA: 1.9d). High risk of treatment failure for acute patients.,Authorize emergency redistribution transfer from nearest surplus facility in district.,2026-08-23T15:49:25.636865+00:00,ACTIVE
ALT-MED-C8653E14,CRITICAL,MEDICINE_STOCKOUT_RISK,PHC-KA-BEN-001,PHC Yelahanka,MED-IFA-TAB,Iron & Folic Acid (IFA),Current Physical Stock: 0 units | Predicted 7-Day Burn Rate: 6.0 units/day | Safety Stock Threshold: 49 units | DOSA: 0.0 days | Projected stock-out in ~1 days (2026-08-28).,Immediate stock-out expected in ~1.0 days (DOSA: 0.0d). High risk of treatment failure for acute patients.,Authorize emergency redistribution transfer from nearest surplus facility in district.,2026-08-23T15:49:25.636870+00:00,ACTIVE
ALT-MED-10E9BA14,CRITICAL,MEDICINE_STOCKOUT_RISK,PHC-KA-BEN-002,PHC Anekal,MED-PCM-500,Paracetamol,Current Physical Stock: 0 units | Predicted 7-Day Burn Rate: 7.6 units/day | Safety Stock Threshold: 64 units | DOSA: 0.0 days | Adequate stock coverage for >14 days (DOSA: 0.0 days).,Immediate stock-out expected in < 1 days (DOSA: 0.0d). High risk of treatment failure for acute patients.,Authorize emergency redistribution transfer from nearest surplus facility in district.,2026-08-23T15:49:25.636875+00:00,ACTIVE
ALT-MED-DFF2F2A7,CRITICAL,MEDICINE_STOCKOUT_RISK,PHC-KA-BEN-002,PHC Anekal,MED-PCM-SYR,Paracetamol Paediatric Syrup,Current Physical Stock: 0 units | Predicted 7-Day Burn Rate: 2.0 units/day | Safety Stock Threshold: 16 units | DOSA: 0.0 days | Projected stock-out in ~1 days (2026-08-28).,Immediate stock-out expected in ~1.0 days (DOSA: 0.0d). High risk of treatment failure for acute patients.,Authorize emergency redistribution transfer from nearest surplus facility in district.,2026-08-23T15:49:25.636880+00:00,ACTIVE
ALT-MED-FD9029DE,CRITICAL,MEDICINE_STOCKOUT_RISK,PHC-KA-BEN-002,PHC Anekal,MED-AMX-500,Amoxicillin,Current Physical Stock: 0 units | Predicted 7-Day Burn Rate: 2.0 units/day | Safety Stock Threshold: 15 units | DOSA: 0.0 days | Projected stock-out in ~1 days (2026-08-28).,Immediate stock-out expected in ~1.0 days (DOSA: 0.0d). High risk of treatment failure for acute patients.,Authorize emergency redistribution transfer from nearest surplus facility in district.,2026-08-23T15:49:25.636885+00:00,ACTIVE
ALT-MED-3B49282F,CRITICAL,MEDICINE_STOCKOUT_RISK,PHC-KA-BEN-002,PHC Anekal,MED-AMC-625,Amoxicillin + Clavulanic Acid,Current Physical Stock: 0 units | Predicted 7-Day Burn Rate: 2.0 units/day | Safety Stock Threshold: 15 units | DOSA: 0.0 days | Projected stock-out in ~1 days (2026-08-28).,Immediate stock-out expected in ~1.0 days (DOSA: 0.0d). High risk of treatment failure for acute patients.,Authorize emergency redistribution transfer from nearest surplus facility in district.,2026-08-23T15:49:25.636891+00:00,ACTIVE
ALT-MED-6034A5B1,CRITICAL,MEDICINE_STOCKOUT_RISK,PHC-KA-BEN-002,PHC Anekal,MED-ORS-SFT,Oral Rehydration Salts (WHO Formula),Current Physical Stock: 0 units | Predicted 7-Day Burn Rate: 2.5 units/day | Safety Stock Threshold: 17 units | DOSA: 0.0 days | Projected stock-out in ~1 days (2026-08-28).,Immediate stock-out expected in ~1.0 days (DOSA: 0.0d). High risk of treatment failure for acute patients.,Authorize emergency redistribution transfer from nearest surplus facility in district.,2026-08-23T15:49:25.636900+00:00,ACTIVE
ALT-MED-17AD8335,CRITICAL,MEDICINE_STOCKOUT_RISK,PHC-KA-BEN-002,PHC Anekal,MED-ZNC-20,Zinc Sulfate Dispersible,Current Physical Stock: 0 units | Predicted 7-Day Burn Rate: 2.0 units/day | Safety Stock Threshold: 15 units | DOSA: 0.0 days | Projected stock-out in ~1 days (2026-08-28).,Immediate stock-out expected in ~1.0 days (DOSA: 0.0d). High risk of treatment failure for acute patients.,Authorize emergency redistribution transfer from nearest surplus facility in district.,2026-08-23T15:49:25.636914+00:00,ACTIVE
ALT-MED-43BC9DDF,CRITICAL,MEDICINE_STOCKOUT_RISK,PHC-KA-BEN-002,PHC Anekal,MED-AZI-500,Azithromycin,Current Physical Stock: 0 units | Predicted 7-Day Burn Rate: 2.1 units/day | Safety Stock Threshold: 16 units | DOSA: 0.0 days | Projected stock-out in ~1 days (2026-08-28).,Immediate stock-out expected in ~1.0 days (DOSA: 0.0d). High risk of treatment failure for acute patients.,Authorize emergency redistribution transfer from nearest surplus facility in district.,2026-08-23T15:49:25.636922+00:00,ACTIVE
ALT-MED-44C736B8,CRITICAL,MEDICINE_STOCKOUT_RISK,PHC-KA-BEN-002,PHC Anekal,MED-MET-500,Metformin Hydrochloride,Current Physical Stock: 0 units | Predicted 7-Day Burn Rate: 1.9 units/day | Safety Stock Threshold: 14 units | DOSA: 0.0 days | Projected stock-out in ~1 days (2026-08-28).,Immediate stock-out expected in ~1.0 days (DOSA: 0.0d). High risk of treatment failure for acute patients.,Authorize emergency redistribution transfer from nearest surplus facility in district.,2026-08-23T15:49:25.636938+00:00,ACTIVE
ALT-MED-7EFED0A6,CRITICAL,MEDICINE_STOCKOUT_RISK,PHC-KA-BEN-002,PHC Anekal,MED-IVF-NS500,Normal Saline (0.9% Sodium Chloride),Current Physical Stock: 0 units | Predicted 7-Day Burn Rate: 2.0 units/day | Safety Stock Threshold: 15 units | DOSA: 0.0 days | Projected stock-out in ~1 days (2026-08-28).,Immediate stock-out expected in ~1.0 days (DOSA: 0.0d). High risk of treatment failure for acute patients.,Authorize emergency redistribution transfer from nearest surplus facility in district.,2026-08-23T15:49:25.636947+00:00,ACTIVE
ALT-MED-479F546F,CRITICAL,MEDICINE_STOCKOUT_RISK,PHC-KA-BEN-002,PHC Anekal,MED-IVF-RL500,Ringer's Lactate (Compound Sodium Lactate),Current Physical Stock: 0 units | Predicted 7-Day Burn Rate: 2.1 units/day | Safety Stock Threshold: 16 units | DOSA: 0.0 days | Adequate stock coverage for >14 days (DOSA: 0.0 days).,Immediate stock-out expected in < 1 days (DOSA: 0.0d). High risk of treatment failure for acute patients.,Authorize emergency redistribution transfer from nearest surplus facility in district.,2026-08-23T15:49:25.636955+00:00,ACTIVE
ALT-MED-40838103,CRITICAL,MEDICINE_STOCKOUT_RISK,PHC-KA-BEN-002,PHC Anekal,MED-IFA-TAB,Iron & Folic Acid (IFA),Current Physical Stock: 0 units | Predicted 7-Day Burn Rate: 2.2 units/day | Safety Stock Threshold: 15 units | DOSA: 0.0 days | Projected stock-out in ~1 days (2026-08-28).,Immediate stock-out expected in ~1.0 days (DOSA: 0.0d). High risk of treatment failure for acute patients.,Authorize emergency redistribution transfer from nearest surplus facility in district.,2026-08-23T15:49:25.636965+00:00,ACTIVE
ALT-MED-1D05A977,CRITICAL,MEDICINE_STOCKOUT_RISK,PHC-KA-BEN-003,PHC Kengeri,MED-PCM-500,Paracetamol,Current Physical Stock: 0 units | Predicted 7-Day Burn Rate: 15.3 units/day | Safety Stock Threshold: 120 units | DOSA: 0.0 days | Adequate stock coverage for >14 days (DOSA: 0.0 days).,Immediate stock-out expected in < 1 days (DOSA: 0.0d). High risk of treatment failure for acute patients.,Authorize emergency redistribution transfer from nearest surplus facility in district.,2026-08-23T15:49:25.636972+00:00,ACTIVE
ALT-MED-9A3BA6C9,CRITICAL,MEDICINE_STOCKOUT_RISK,PHC-KA-BEN-003,PHC Kengeri,MED-PCM-SYR,Paracetamol Paediatric Syrup,Current Physical Stock: 0 units | Predicted 7-Day Burn Rate: 2.0 units/day | Safety Stock Threshold: 15 units | DOSA: 0.0 days | Projected stock-out in ~1 days (2026-08-28).,Immediate stock-out expected in ~1.0 days (DOSA: 0.0d). High risk of treatment failure for acute patients.,Authorize emergency redistribution transfer from nearest surplus facility in district.,2026-08-23T15:49:25.636980+00:00,ACTIVE
ALT-MED-996362A2,CRITICAL,MEDICINE_STOCKOUT_RISK,PHC-KA-BEN-003,PHC Kengeri,MED-AMX-500,Amoxicillin,Current Physical Stock: 0 units | Predicted 7-Day Burn Rate: 1.9 units/day | Safety Stock Threshold: 14 units | DOSA: 0.0 days | Projected stock-out in ~1 days (2026-08-28).,Immediate stock-out expected in ~1.0 days (DOSA: 0.0d). High risk of treatment failure for acute patients.,Authorize emergency redistribution transfer from nearest surplus facility in district.,2026-08-23T15:49:25.636988+00:00,ACTIVE
ALT-MED-6F908A4F,CRITICAL,MEDICINE_STOCKOUT_RISK,PHC-KA-BEN-003,PHC Kengeri,MED-AMC-625,Amoxicillin + Clavulanic Acid,Current Physical Stock: 0 units | Predicted 7-Day Burn Rate: 2.0 units/day | Safety Stock Threshold: 15 units | DOSA: 0.0 days | Projected stock-out in ~1 days (2026-08-28).,Immediate stock-out expected in ~1.0 days (DOSA: 0.0d). High risk of treatment failure for acute patients.,Authorize emergency redistribution transfer from nearest surplus facility in district.,2026-08-23T15:49:25.636997+00:00,ACTIVE
ALT-MED-00A44CEE,CRITICAL,MEDICINE_STOCKOUT_RISK,PHC-KA-BEN-003,PHC Kengeri,MED-ORS-SFT,Oral Rehydration Salts (WHO Formula),Current Physical Stock: 0 units | Predicted 7-Day Burn Rate: 3.7 units/day | Safety Stock Threshold: 27 units | DOSA: 0.0 days | Adequate stock coverage for >14 days (DOSA: 0.0 days).,Immediate stock-out expected in < 1 days (DOSA: 0.0d). High risk of treatment failure for acute patients.,Authorize emergency redistribution transfer from nearest surplus facility in district.,2026-08-23T15:49:25.637008+00:00,ACTIVE
ALT-MED-4BFA0E8F,CRITICAL,MEDICINE_STOCKOUT_RISK,PHC-KA-BEN-003,PHC Kengeri,MED-ZNC-20,Zinc Sulfate Dispersible,Current Physical Stock: 0 units | Predicted 7-Day Burn Rate: 2.0 units/day | Safety Stock Threshold: 15 units | DOSA: 0.0 days | Projected stock-out in ~1 days (2026-08-28).,Immediate stock-out expected in ~1.0 days (DOSA: 0.0d). High risk of treatment failure for acute patients.,Authorize emergency redistribution transfer from nearest surplus facility in district.,2026-08-23T15:49:25.637016+00:00,ACTIVE
ALT-MED-269A80F4,CRITICAL,MEDICINE_STOCKOUT_RISK,PHC-KA-BEN-003,PHC Kengeri,MED-AZI-500,Azithromycin,Current Physical Stock: 0 units | Predicted 7-Day Burn Rate: 2.1 units/day | Safety Stock Threshold: 16 units | DOSA: 0.0 days | Projected stock-out in ~1 days (2026-08-28).,Immediate stock-out expected in ~1.0 days (DOSA: 0.0d). High risk of treatment failure for acute patients.,Authorize emergency redistribution transfer from nearest surplus facility in district.,2026-08-23T15:49:25.637023+00:00,ACTIVE
ALT-MED-38D4D813,CRITICAL,MEDICINE_STOCKOUT_RISK,PHC-KA-BEN-003,PHC Kengeri,MED-MET-500,Metformin Hydrochloride,Current Physical Stock: 0 units | Predicted 7-Day Burn Rate: 1.9 units/day | Safety Stock Threshold: 14 units | DOSA: 0.0 days | Projected stock-out in ~1 days (2026-08-28).,Immediate stock-out expected in ~1.0 days (DOSA: 0.0d). High risk of treatment failure for acute patients.,Authorize emergency redistribution transfer from nearest surplus facility in district.,2026-08-23T15:49:25.637032+00:00,ACTIVE
ALT-MED-3CAA207F,CRITICAL,MEDICINE_STOCKOUT_RISK,PHC-KA-BEN-003,PHC Kengeri,MED-IVF-NS500,Normal Saline (0.9% Sodium Chloride),Current Physical Stock: 0 units | Predicted 7-Day Burn Rate: 2.0 units/day | Safety Stock Threshold: 15 units | DOSA: 0.0 days | Adequate stock coverage for >14 days (DOSA: 0.0 days).,Immediate stock-out expected in < 1 days (DOSA: 0.0d). High risk of treatment failure for acute patients.,Authorize emergency redistribution transfer from nearest surplus facility in district.,2026-08-23T15:49:25.637040+00:00,ACTIVE
ALT-MED-3066D6B1,CRITICAL,MEDICINE_STOCKOUT_RISK,PHC-KA-BEN-003,PHC Kengeri,MED-IVF-RL500,Ringer's Lactate (Compound Sodium Lactate),Current Physical Stock: 0 units | Predicted 7-Day Burn Rate: 2.0 units/day | Safety Stock Threshold: 16 units | DOSA: 0.0 days | Projected stock-out in ~1 days (2026-08-28).,Immediate stock-out expected in ~1.0 days (DOSA: 0.0d). High risk of treatment failure for acute patients.,Authorize emergency redistribution transfer from nearest surplus facility in district.,2026-08-23T15:49:25.637048+00:00,ACTIVE
ALT-MED-8E6210B4,WARNING,MEDICINE_STOCKOUT_RISK,PHC-KA-BEN-003,PHC Kengeri,MED-IVF-D5500,Dextrose 5% in Water,Current Physical Stock: 15 units | Predicted 7-Day Burn Rate: 2.1 units/day | Safety Stock Threshold: 16 units | DOSA: 7.1 days | Adequate stock coverage for >14 days (DOSA: 7.14 days).,Stock has fallen below calculated safety buffer (16 units).,Verify scheduled routine replenishment orders.,2026-08-23T15:49:25.637056+00:00,ACTIVE
ALT-MED-B7EE7D56,WARNING,MEDICINE_STOCKOUT_RISK,PHC-KA-BEN-003,PHC Kengeri,MED-ALB-400,Albendazole,Current Physical Stock: 16 units | Predicted 7-Day Burn Rate: 2.1 units/day | Safety Stock Threshold: 16 units | DOSA: 7.6 days | Adequate stock coverage for >14 days (DOSA: 7.57 days).,Stock has fallen below calculated safety buffer (16 units).,Verify scheduled routine replenishment orders.,2026-08-23T15:49:25.637064+00:00,ACTIVE
ALT-MED-D5029312,CRITICAL,MEDICINE_STOCKOUT_RISK,PHC-KA-BEN-003,PHC Kengeri,MED-IFA-TAB,Iron & Folic Acid (IFA),Current Physical Stock: 0 units | Predicted 7-Day Burn Rate: 2.7 units/day | Safety Stock Threshold: 18 units | DOSA: 0.0 days | Projected stock-out in ~1 days (2026-08-28).,Immediate stock-out expected in ~1.0 days (DOSA: 0.0d). High risk of treatment failure for acute patients.,Authorize emergency redistribution transfer from nearest surplus facility in district.,2026-08-23T15:49:25.637073+00:00,ACTIVE
ALT-MED-985121EF,CRITICAL,MEDICINE_STOCKOUT_RISK,DH-KA-BEN-001,KC General District Hospital Malleshwaram,MED-PCM-500,Paracetamol,"Current Physical Stock: 0 units | Predicted 7-Day Burn Rate: 1413.8 units/day | Safety Stock Threshold: 4,889 units | DOSA: 0.0 days | Projected stock-out in ~1 days (2026-08-28).",Immediate stock-out expected in ~1.0 days (DOSA: 0.0d). High risk of treatment failure for acute patients.,Authorize emergency redistribution transfer from nearest surplus facility in district.,2026-08-23T15:49:25.637081+00:00,ACTIVE
ALT-MED-45B94E8A,CRITICAL,MEDICINE_STOCKOUT_RISK,DH-KA-BEN-001,KC General District Hospital Malleshwaram,MED-PCM-SYR,Paracetamol Paediatric Syrup,"Current Physical Stock: 0 units | Predicted 7-Day Burn Rate: 463.0 units/day | Safety Stock Threshold: 1,687 units | DOSA: 0.0 days | Projected stock-out in ~1 days (2026-08-28).",Immediate stock-out expected in ~1.0 days (DOSA: 0.0d). High risk of treatment failure for acute patients.,Authorize emergency redistribution transfer from nearest surplus facility in district.,2026-08-23T15:49:25.637093+00:00,ACTIVE
ALT-MED-245296B8,CRITICAL,MEDICINE_STOCKOUT_RISK,DH-KA-BEN-001,KC General District Hospital Malleshwaram,MED-AMX-500,Amoxicillin,"Current Physical Stock: 0 units | Predicted 7-Day Burn Rate: 638.4 units/day | Safety Stock Threshold: 2,264 units | DOSA: 0.0 days | Adequate stock coverage for >14 days (DOSA: 0.0 days).",Immediate stock-out expected in < 1 days (DOSA: 0.0d). High risk of treatment failure for acute patients.,Authorize emergency redistribution transfer from nearest surplus facility in district.,2026-08-23T15:49:25.637100+00:00,ACTIVE
ALT-MED-9A897546,CRITICAL,MEDICINE_STOCKOUT_RISK,DH-KA-BEN-001,KC General District Hospital Malleshwaram,MED-AMC-625,Amoxicillin + Clavulanic Acid,"Current Physical Stock: 0 units | Predicted 7-Day Burn Rate: 373.1 units/day | Safety Stock Threshold: 1,372 units | DOSA: 0.0 days | Adequate stock coverage for >14 days (DOSA: 0.0 days).",Immediate stock-out expected in < 1 days (DOSA: 0.0d). High risk of treatment failure for acute patients.,Authorize emergency redistribution transfer from nearest surplus facility in district.,2026-08-23T15:49:25.637108+00:00,ACTIVE
ALT-MED-D5C454DE,CRITICAL,MEDICINE_STOCKOUT_RISK,DH-KA-BEN-001,KC General District Hospital Malleshwaram,MED-ORS-SFT,Oral Rehydration Salts (WHO Formula),"Current Physical Stock: 0 units | Predicted 7-Day Burn Rate: 1086.0 units/day | Safety Stock Threshold: 3,738 units | DOSA: 0.0 days | Adequate stock coverage for >14 days (DOSA: 0.0 days).",Immediate stock-out expected in < 1 days (DOSA: 0.0d). High risk of treatment failure for acute patients.,Authorize emergency redistribution transfer from nearest surplus facility in district.,2026-08-23T15:49:25.637154+00:00,ACTIVE
ALT-MED-D5FA1A23,CRITICAL,MEDICINE_STOCKOUT_RISK,DH-KA-BEN-001,KC General District Hospital Malleshwaram,MED-ZNC-20,Zinc Sulfate Dispersible,"Current Physical Stock: 0 units | Predicted 7-Day Burn Rate: 452.8 units/day | Safety Stock Threshold: 1,644 units | DOSA: 0.0 days | Projected stock-out in ~1 days (2026-08-28).",Immediate stock-out expected in ~1.0 days (DOSA: 0.0d). High risk of treatment failure for acute patients.,Authorize emergency redistribution transfer from nearest surplus facility in district.,2026-08-23T15:49:25.637169+00:00,ACTIVE
ALT-MED-03EC42E5,CRITICAL,MEDICINE_STOCKOUT_RISK,DH-KA-BEN-001,KC General District Hospital Malleshwaram,MED-AZI-500,Azithromycin,"Current Physical Stock: 0 units | Predicted 7-Day Burn Rate: 331.2 units/day | Safety Stock Threshold: 1,236 units | DOSA: 0.0 days | Projected stock-out in ~1 days (2026-08-28).",Immediate stock-out expected in ~1.0 days (DOSA: 0.0d). High risk of treatment failure for acute patients.,Authorize emergency redistribution transfer from nearest surplus facility in district.,2026-08-23T15:49:25.637178+00:00,ACTIVE
ALT-MED-4F19C594,CRITICAL,MEDICINE_STOCKOUT_RISK,DH-KA-BEN-001,KC General District Hospital Malleshwaram,MED-CTX-1G,Ceftriaxone,Current Physical Stock: 0 units | Predicted 7-Day Burn Rate: 110.2 units/day | Safety Stock Threshold: 495 units | DOSA: 0.0 days | Projected stock-out in ~1 days (2026-08-28).,Immediate stock-out expected in ~1.0 days (DOSA: 0.0d). High risk of treatment failure for acute patients.,Authorize emergency redistribution transfer from nearest surplus facility in district.,2026-08-23T15:49:25.637185+00:00,ACTIVE
ALT-MED-281C0636,CRITICAL,MEDICINE_STOCKOUT_RISK,DH-KA-BEN-001,KC General District Hospital Malleshwaram,MED-RAB-VAC,Anti-Rabies Vaccine (Cell Culture),Current Physical Stock: 0 units | Predicted 7-Day Burn Rate: 22.3 units/day | Safety Stock Threshold: 162 units | DOSA: 0.0 days | Projected stock-out in ~1 days (2026-08-28).,Immediate stock-out expected in ~1.0 days (DOSA: 0.0d). High risk of treatment failure for acute patients.,Authorize emergency redistribution transfer from nearest surplus facility in district.,2026-08-23T15:49:25.637194+00:00,ACTIVE
ALT-MED-FE81A105,CRITICAL,MEDICINE_STOCKOUT_RISK,DH-KA-BEN-001,KC General District Hospital Malleshwaram,MED-ASV-VIAL,Anti-Snake Venom Serum (Polyvalent),Current Physical Stock: 0 units | Predicted 7-Day Burn Rate: 2.0 units/day | Safety Stock Threshold: 15 units | DOSA: 0.0 days | Projected stock-out in ~1 days (2026-08-28).,Immediate stock-out expected in ~1.0 days (DOSA: 0.0d). High risk of treatment failure for acute patients.,Authorize emergency redistribution transfer from nearest surplus facility in district.,2026-08-23T15:49:25.637200+00:00,ACTIVE
ALT-MED-4544C133,CRITICAL,MEDICINE_STOCKOUT_RISK,DH-KA-BEN-001,KC General District Hospital Malleshwaram,MED-INS-REG,Human Insulin (Regular / Soluble),Current Physical Stock: 0 units | Predicted 7-Day Burn Rate: 50.5 units/day | Safety Stock Threshold: 291 units | DOSA: 0.0 days | Adequate stock coverage for >14 days (DOSA: 0.0 days).,Immediate stock-out expected in < 1 days (DOSA: 0.0d). High risk of treatment failure for acute patients.,Authorize emergency redistribution transfer from nearest surplus facility in district.,2026-08-23T15:49:25.637208+00:00,ACTIVE
ALT-MED-94F546B7,CRITICAL,MEDICINE_STOCKOUT_RISK,DH-KA-BEN-001,KC General District Hospital Malleshwaram,MED-MET-500,Metformin Hydrochloride,"Current Physical Stock: 0 units | Predicted 7-Day Burn Rate: 723.4 units/day | Safety Stock Threshold: 2,548 units | DOSA: 0.0 days | Adequate stock coverage for >14 days (DOSA: 0.0 days).",Immediate stock-out expected in < 1 days (DOSA: 0.0d). High risk of treatment failure for acute patients.,Authorize emergency redistribution transfer from nearest surplus facility in district.,2026-08-23T15:49:25.637217+00:00,ACTIVE
ALT-MED-A796F043,CRITICAL,MEDICINE_STOCKOUT_RISK,DH-KA-BEN-001,KC General District Hospital Malleshwaram,MED-OXY-AMP,Oxytocin,Current Physical Stock: 0 units | Predicted 7-Day Burn Rate: 68.4 units/day | Safety Stock Threshold: 360 units | DOSA: 0.0 days | Adequate stock coverage for >14 days (DOSA: 0.0 days).,Immediate stock-out expected in < 1 days (DOSA: 0.0d). High risk of treatment failure for acute patients.,Authorize emergency redistribution transfer from nearest surplus facility in district.,2026-08-23T15:49:25.637224+00:00,ACTIVE
ALT-MED-61ABC1F0,CRITICAL,MEDICINE_STOCKOUT_RISK,DH-KA-BEN-001,KC General District Hospital Malleshwaram,MED-MGS-50,Magnesium Sulfate,Current Physical Stock: 0 units | Predicted 7-Day Burn Rate: 10.1 units/day | Safety Stock Threshold: 79 units | DOSA: 0.0 days | Projected stock-out in ~1 days (2026-08-28).,Immediate stock-out expected in ~1.0 days (DOSA: 0.0d). High risk of treatment failure for acute patients.,Authorize emergency redistribution transfer from nearest surplus facility in district.,2026-08-23T15:49:25.637232+00:00,ACTIVE
ALT-MED-C7338258,CRITICAL,MEDICINE_STOCKOUT_RISK,DH-KA-BEN-001,KC General District Hospital Malleshwaram,MED-IVF-NS500,Normal Saline (0.9% Sodium Chloride),"Current Physical Stock: 0 units | Predicted 7-Day Burn Rate: 387.7 units/day | Safety Stock Threshold: 1,415 units | DOSA: 0.0 days | Projected stock-out in ~1 days (2026-08-28).",Immediate stock-out expected in ~1.0 days (DOSA: 0.0d). High risk of treatment failure for acute patients.,Authorize emergency redistribution transfer from nearest surplus facility in district.,2026-08-23T15:49:25.637239+00:00,ACTIVE
ALT-MED-C832BD4F,CRITICAL,MEDICINE_STOCKOUT_RISK,DH-KA-BEN-001,KC General District Hospital Malleshwaram,MED-IVF-RL500,Ringer's Lactate (Compound Sodium Lactate),"Current Physical Stock: 0 units | Predicted 7-Day Burn Rate: 294.8 units/day | Safety Stock Threshold: 1,121 units | DOSA: 0.0 days | Adequate stock coverage for >14 days (DOSA: 0.0 days).",Immediate stock-out expected in < 1 days (DOSA: 0.0d). High risk of treatment failure for acute patients.,Authorize emergency redistribution transfer from nearest surplus facility in district.,2026-08-23T15:49:25.637246+00:00,ACTIVE
ALT-MED-E068BE7D,CRITICAL,MEDICINE_STOCKOUT_RISK,DH-KA-BEN-001,KC General District Hospital Malleshwaram,MED-IVF-D5500,Dextrose 5% in Water,Current Physical Stock: 0 units | Predicted 7-Day Burn Rate: 181.0 units/day | Safety Stock Threshold: 735 units | DOSA: 0.0 days | Adequate stock coverage for >14 days (DOSA: 0.0 days).,Immediate stock-out expected in < 1 days (DOSA: 0.0d). High risk of treatment failure for acute patients.,Authorize emergency redistribution transfer from nearest surplus facility in district.,2026-08-23T15:49:25.637253+00:00,ACTIVE
ALT-MED-20A145E0,CRITICAL,MEDICINE_STOCKOUT_RISK,DH-KA-BEN-001,KC General District Hospital Malleshwaram,MED-ART-60,Artesunate,Current Physical Stock: 0 units | Predicted 7-Day Burn Rate: 18.3 units/day | Safety Stock Threshold: 134 units | DOSA: 0.0 days | Projected stock-out in ~1 days (2026-08-28).,Immediate stock-out expected in ~1.0 days (DOSA: 0.0d). High risk of treatment failure for acute patients.,Authorize emergency redistribution transfer from nearest surplus facility in district.,2026-08-23T15:49:25.637261+00:00,ACTIVE
ALT-MED-330D4CB4,CRITICAL,MEDICINE_STOCKOUT_RISK,DH-KA-BEN-001,KC General District Hospital Malleshwaram,MED-ALB-400,Albendazole,Current Physical Stock: 0 units | Predicted 7-Day Burn Rate: 187.6 units/day | Safety Stock Threshold: 748 units | DOSA: 0.0 days | Projected stock-out in ~1 days (2026-08-28).,Immediate stock-out expected in ~1.0 days (DOSA: 0.0d). High risk of treatment failure for acute patients.,Authorize emergency redistribution transfer from nearest surplus facility in district.,2026-08-23T15:49:25.637268+00:00,ACTIVE
ALT-MED-B9264FE0,CRITICAL,MEDICINE_STOCKOUT_RISK,DH-KA-BEN-001,KC General District Hospital Malleshwaram,MED-IFA-TAB,Iron & Folic Acid (IFA),"Current Physical Stock: 0 units | Predicted 7-Day Burn Rate: 878.4 units/day | Safety Stock Threshold: 3,060 units | DOSA: 0.0 days | Projected stock-out in ~1 days (2026-08-28).",Immediate stock-out expected in ~1.0 days (DOSA: 0.0d). High risk of treatment failure for acute patients.,Authorize emergency redistribution transfer from nearest surplus facility in district.,2026-08-23T15:49:25.637275+00:00,ACTIVE
ALT-BED-AD995F2D,CRITICAL,BED_CAPACITY_RISK,PHC-BR-PAT-001,PHC Bakhtiyarpur,BEDS,Inpatient Functional Beds,Bed Occupancy: 6/6 beds occupied (100.0% utilization). Available: 0 beds.,Facility is at or exceeding inpatient capacity; triage delays anticipated for incoming emergency admissions.,Divert non-critical admissions to nearest CHC/Sub-divisional hospital.,2026-08-23T15:49:25.642861+00:00,ACTIVE
ALT-BED-F2F33ED3,CRITICAL,BED_CAPACITY_RISK,PHC-BR-PAT-002,PHC Danapur,BEDS,Inpatient Functional Beds,Bed Occupancy: 10/10 beds occupied (100.0% utilization). Available: 0 beds.,Facility is at or exceeding inpatient capacity; triage delays anticipated for incoming emergency admissions.,Divert non-critical admissions to nearest CHC/Sub-divisional hospital.,2026-08-23T15:49:25.642887+00:00,ACTIVE
ALT-BED-4F21D7F3,CRITICAL,BED_CAPACITY_RISK,PHC-BR-PAT-003,PHC Bihta,BEDS,Inpatient Functional Beds,Bed Occupancy: 8/8 beds occupied (100.0% utilization). Available: 0 beds.,Facility is at or exceeding inpatient capacity; triage delays anticipated for incoming emergency admissions.,Divert non-critical admissions to nearest CHC/Sub-divisional hospital.,2026-08-23T15:49:25.642897+00:00,ACTIVE
ALT-BED-B17D4B46,CRITICAL,BED_CAPACITY_RISK,PHC-BR-PAT-004,PHC Fatuha,BEDS,Inpatient Functional Beds,Bed Occupancy: 6/6 beds occupied (100.0% utilization). Available: 0 beds.,Facility is at or exceeding inpatient capacity; triage delays anticipated for incoming emergency admissions.,Divert non-critical admissions to nearest CHC/Sub-divisional hospital.,2026-08-23T15:49:25.642905+00:00,ACTIVE
ALT-BED-8CCFA51F,CRITICAL,BED_CAPACITY_RISK,PHC-BR-PAT-005,PHC Mokama,BEDS,Inpatient Functional Beds,Bed Occupancy: 8/8 beds occupied (100.0% utilization). Available: 0 beds.,Facility is at or exceeding inpatient capacity; triage delays anticipated for incoming emergency admissions.,Divert non-critical admissions to nearest CHC/Sub-divisional hospital.,2026-08-23T15:49:25.642912+00:00,ACTIVE
ALT-BED-21853145,CRITICAL,BED_CAPACITY_RISK,CHC-BR-PAT-001,CHC Phulwari Sharif,BEDS,Inpatient Functional Beds,Bed Occupancy: 30/30 beds occupied (100.0% utilization). Available: 0 beds.,Facility is at or exceeding inpatient capacity; triage delays anticipated for incoming emergency admissions.,Divert non-critical admissions to nearest CHC/Sub-divisional hospital.,2026-08-23T15:49:25.642918+00:00,ACTIVE
ALT-BED-33DAD873,CRITICAL,BED_CAPACITY_RISK,DH-BR-PAT-001,District Hospital Gardanibagh,BEDS,Inpatient Functional Beds,Bed Occupancy: 150/150 beds occupied (100.0% utilization). Available: 0 beds.,Facility is at or exceeding inpatient capacity; triage delays anticipated for incoming emergency admissions.,Divert non-critical admissions to nearest CHC/Sub-divisional hospital.,2026-08-23T15:49:25.642925+00:00,ACTIVE
ALT-BED-5D6F87D2,CRITICAL,BED_CAPACITY_RISK,PHC-BR-GAY-001,PHC Bodh Gaya,BEDS,Inpatient Functional Beds,Bed Occupancy: 8/8 beds occupied (100.0% utilization). Available: 0 beds.,Facility is at or exceeding inpatient capacity; triage delays anticipated for incoming emergency admissions.,Divert non-critical admissions to nearest CHC/Sub-divisional hospital.,2026-08-23T15:49:25.642930+00:00,ACTIVE
ALT-BED-3C74AA1F,CRITICAL,BED_CAPACITY_RISK,PHC-BR-GAY-002,PHC Sherghati,BEDS,Inpatient Functional Beds,Bed Occupancy: 6/6 beds occupied (100.0% utilization). Available: 0 beds.,Facility is at or exceeding inpatient capacity; triage delays anticipated for incoming emergency admissions.,Divert non-critical admissions to nearest CHC/Sub-divisional hospital.,2026-08-23T15:49:25.642936+00:00,ACTIVE
ALT-BED-35D0CDE4,CRITICAL,BED_CAPACITY_RISK,PHC-BR-GAY-003,PHC Tekari,BEDS,Inpatient Functional Beds,Bed Occupancy: 6/6 beds occupied (100.0% utilization). Available: 0 beds.,Facility is at or exceeding inpatient capacity; triage delays anticipated for incoming emergency admissions.,Divert non-critical admissions to nearest CHC/Sub-divisional hospital.,2026-08-23T15:49:25.642941+00:00,ACTIVE
ALT-BED-F32B028E,CRITICAL,BED_CAPACITY_RISK,DH-BR-GAY-001,Jay Prakash Narayan District Hospital Gaya,BEDS,Inpatient Functional Beds,Bed Occupancy: 200/200 beds occupied (100.0% utilization). Available: 0 beds.,Facility is at or exceeding inpatient capacity; triage delays anticipated for incoming emergency admissions.,Divert non-critical admissions to nearest CHC/Sub-divisional hospital.,2026-08-23T15:49:25.642946+00:00,ACTIVE
ALT-BED-3BCED335,CRITICAL,BED_CAPACITY_RISK,PHC-UP-VAR-001,PHC Cholapur,BEDS,Inpatient Functional Beds,Bed Occupancy: 6/6 beds occupied (100.0% utilization). Available: 0 beds.,Facility is at or exceeding inpatient capacity; triage delays anticipated for incoming emergency admissions.,Divert non-critical admissions to nearest CHC/Sub-divisional hospital.,2026-08-23T15:49:25.642954+00:00,ACTIVE
ALT-BED-9DC7A6AC,CRITICAL,BED_CAPACITY_RISK,PHC-UP-VAR-002,PHC Pindra,BEDS,Inpatient Functional Beds,Bed Occupancy: 8/8 beds occupied (100.0% utilization). Available: 0 beds.,Facility is at or exceeding inpatient capacity; triage delays anticipated for incoming emergency admissions.,Divert non-critical admissions to nearest CHC/Sub-divisional hospital.,2026-08-23T15:49:25.642960+00:00,ACTIVE
ALT-BED-39258499,CRITICAL,BED_CAPACITY_RISK,PHC-UP-VAR-003,PHC Sevapuri,BEDS,Inpatient Functional Beds,Bed Occupancy: 6/6 beds occupied (100.0% utilization). Available: 0 beds.,Facility is at or exceeding inpatient capacity; triage delays anticipated for incoming emergency admissions.,Divert non-critical admissions to nearest CHC/Sub-divisional hospital.,2026-08-23T15:49:25.642965+00:00,ACTIVE
ALT-BED-278CFF95,CRITICAL,BED_CAPACITY_RISK,PHC-UP-VAR-004,PHC Kashi Vidyapeeth,BEDS,Inpatient Functional Beds,Bed Occupancy: 10/10 beds occupied (100.0% utilization). Available: 0 beds.,Facility is at or exceeding inpatient capacity; triage delays anticipated for incoming emergency admissions.,Divert non-critical admissions to nearest CHC/Sub-divisional hospital.,2026-08-23T15:49:25.642971+00:00,ACTIVE
ALT-BED-314A6FF0,CRITICAL,BED_CAPACITY_RISK,CHC-UP-VAR-001,CHC Misirpur,BEDS,Inpatient Functional Beds,Bed Occupancy: 30/30 beds occupied (100.0% utilization). Available: 0 beds.,Facility is at or exceeding inpatient capacity; triage delays anticipated for incoming emergency admissions.,Divert non-critical admissions to nearest CHC/Sub-divisional hospital.,2026-08-23T15:49:25.642976+00:00,ACTIVE
ALT-BED-AECD1F57,CRITICAL,BED_CAPACITY_RISK,DH-UP-VAR-001,Pandit Deen Dayal Upadhyay District Hospital,BEDS,Inpatient Functional Beds,Bed Occupancy: 250/250 beds occupied (100.0% utilization). Available: 0 beds.,Facility is at or exceeding inpatient capacity; triage delays anticipated for incoming emergency admissions.,Divert non-critical admissions to nearest CHC/Sub-divisional hospital.,2026-08-23T15:49:25.642982+00:00,ACTIVE
ALT-BED-6FB8F348,CRITICAL,BED_CAPACITY_RISK,PHC-UP-LUK-001,PHC Bakshi Ka Talab,BEDS,Inpatient Functional Beds,Bed Occupancy: 10/10 beds occupied (100.0% utilization). Available: 0 beds.,Facility is at or exceeding inpatient capacity; triage delays anticipated for incoming emergency admissions.,Divert non-critical admissions to nearest CHC/Sub-divisional hospital.,2026-08-23T15:49:25.642987+00:00,ACTIVE
ALT-BED-A2C28DDE,CRITICAL,BED_CAPACITY_RISK,PHC-UP-LUK-002,PHC Malihabad,BEDS,Inpatient Functional Beds,Bed Occupancy: 8/8 beds occupied (100.0% utilization). Available: 0 beds.,Facility is at or exceeding inpatient capacity; triage delays anticipated for incoming emergency admissions.,Divert non-critical admissions to nearest CHC/Sub-divisional hospital.,2026-08-23T15:49:25.642992+00:00,ACTIVE
ALT-BED-E9843981,CRITICAL,BED_CAPACITY_RISK,PHC-UP-LUK-003,PHC Mohanlalganj,BEDS,Inpatient Functional Beds,Bed Occupancy: 8/8 beds occupied (100.0% utilization). Available: 0 beds.,Facility is at or exceeding inpatient capacity; triage delays anticipated for incoming emergency admissions.,Divert non-critical admissions to nearest CHC/Sub-divisional hospital.,2026-08-23T15:49:25.642998+00:00,ACTIVE
ALT-BED-1A91E822,CRITICAL,BED_CAPACITY_RISK,DH-UP-LUK-001,Balrampur District Hospital Lucknow,BEDS,Inpatient Functional Beds,Bed Occupancy: 350/350 beds occupied (100.0% utilization). Available: 0 beds.,Facility is at or exceeding inpatient capacity; triage delays anticipated for incoming emergency admissions.,Divert non-critical admissions to nearest CHC/Sub-divisional hospital.,2026-08-23T15:49:25.643003+00:00,ACTIVE
ALT-BED-77B65711,CRITICAL,BED_CAPACITY_RISK,PHC-RJ-JAI-001,PHC Bassi,BEDS,Inpatient Functional Beds,Bed Occupancy: 8/8 beds occupied (100.0% utilization). Available: 0 beds.,Facility is at or exceeding inpatient capacity; triage delays anticipated for incoming emergency admissions.,Divert non-critical admissions to nearest CHC/Sub-divisional hospital.,2026-08-23T15:49:25.643011+00:00,ACTIVE
ALT-BED-72C2BFB2,CRITICAL,BED_CAPACITY_RISK,PHC-RJ-JAI-002,PHC Chaksu,BEDS,Inpatient Functional Beds,Bed Occupancy: 6/6 beds occupied (100.0% utilization). Available: 0 beds.,Facility is at or exceeding inpatient capacity; triage delays anticipated for incoming emergency admissions.,Divert non-critical admissions to nearest CHC/Sub-divisional hospital.,2026-08-23T15:49:25.643016+00:00,ACTIVE
ALT-BED-AD56EC86,CRITICAL,BED_CAPACITY_RISK,PHC-RJ-JAI-003,PHC Amer,BEDS,Inpatient Functional Beds,Bed Occupancy: 10/10 beds occupied (100.0% utilization). Available: 0 beds.,Facility is at or exceeding inpatient capacity; triage delays anticipated for incoming emergency admissions.,Divert non-critical admissions to nearest CHC/Sub-divisional hospital.,2026-08-23T15:49:25.643022+00:00,ACTIVE
ALT-BED-FE154FA3,CRITICAL,BED_CAPACITY_RISK,DH-RJ-JAI-001,Kanwatia District Hospital Jaipur,BEDS,Inpatient Functional Beds,Bed Occupancy: 200/200 beds occupied (100.0% utilization). Available: 0 beds.,Facility is at or exceeding inpatient capacity; triage delays anticipated for incoming emergency admissions.,Divert non-critical admissions to nearest CHC/Sub-divisional hospital.,2026-08-23T15:49:25.643027+00:00,ACTIVE
ALT-BED-156914A3,CRITICAL,BED_CAPACITY_RISK,PHC-MH-PUN-001,PHC Mulshi,BEDS,Inpatient Functional Beds,Bed Occupancy: 8/8 beds occupied (100.0% utilization). Available: 0 beds.,Facility is at or exceeding inpatient capacity; triage delays anticipated for incoming emergency admissions.,Divert non-critical admissions to nearest CHC/Sub-divisional hospital.,2026-08-23T15:49:25.643032+00:00,ACTIVE
ALT-BED-0EBD630C,CRITICAL,BED_CAPACITY_RISK,PHC-MH-PUN-002,PHC Haveli,BEDS,Inpatient Functional Beds,Bed Occupancy: 10/10 beds occupied (100.0% utilization). Available: 0 beds.,Facility is at or exceeding inpatient capacity; triage delays anticipated for incoming emergency admissions.,Divert non-critical admissions to nearest CHC/Sub-divisional hospital.,2026-08-23T15:49:25.643038+00:00,ACTIVE
ALT-BED-2181A11E,CRITICAL,BED_CAPACITY_RISK,PHC-MH-PUN-003,PHC Khed,BEDS,Inpatient Functional Beds,Bed Occupancy: 8/8 beds occupied (100.0% utilization). Available: 0 beds.,Facility is at or exceeding inpatient capacity; triage delays anticipated for incoming emergency admissions.,Divert non-critical admissions to nearest CHC/Sub-divisional hospital.,2026-08-23T15:49:25.643043+00:00,ACTIVE
ALT-BED-F65CA2F2,CRITICAL,BED_CAPACITY_RISK,DH-MH-PUN-001,Aundh District Hospital Pune,BEDS,Inpatient Functional Beds,Bed Occupancy: 300/300 beds occupied (100.0% utilization). Available: 0 beds.,Facility is at or exceeding inpatient capacity; triage delays anticipated for incoming emergency admissions.,Divert non-critical admissions to nearest CHC/Sub-divisional hospital.,2026-08-23T15:49:25.643048+00:00,ACTIVE
ALT-BED-255FBDE0,CRITICAL,BED_CAPACITY_RISK,PHC-KA-BEN-001,PHC Yelahanka,BEDS,Inpatient Functional Beds,Bed Occupancy: 10/10 beds occupied (100.0% utilization). Available: 0 beds.,Facility is at or exceeding inpatient capacity; triage delays anticipated for incoming emergency admissions.,Divert non-critical admissions to nearest CHC/Sub-divisional hospital.,2026-08-23T15:49:25.643053+00:00,ACTIVE
ALT-BED-598DC1B9,CRITICAL,BED_CAPACITY_RISK,PHC-KA-BEN-002,PHC Anekal,BEDS,Inpatient Functional Beds,Bed Occupancy: 8/8 beds occupied (100.0% utilization). Available: 0 beds.,Facility is at or exceeding inpatient capacity; triage delays anticipated for incoming emergency admissions.,Divert non-critical admissions to nearest CHC/Sub-divisional hospital.,2026-08-23T15:49:25.643059+00:00,ACTIVE
ALT-BED-02085894,CRITICAL,BED_CAPACITY_RISK,PHC-KA-BEN-003,PHC Kengeri,BEDS,Inpatient Functional Beds,Bed Occupancy: 10/10 beds occupied (100.0% utilization). Available: 0 beds.,Facility is at or exceeding inpatient capacity; triage delays anticipated for incoming emergency admissions.,Divert non-critical admissions to nearest CHC/Sub-divisional hospital.,2026-08-23T15:49:25.643066+00:00,ACTIVE
ALT-BED-4D104AFD,CRITICAL,BED_CAPACITY_RISK,DH-KA-BEN-001,KC General District Hospital Malleshwaram,BEDS,Inpatient Functional Beds,Bed Occupancy: 350/350 beds occupied (100.0% utilization). Available: 0 beds.,Facility is at or exceeding inpatient capacity; triage delays anticipated for incoming emergency admissions.,Divert non-critical admissions to nearest CHC/Sub-divisional hospital.,2026-08-23T15:49:25.643072+00:00,ACTIVE
ALT-STF-649A41B9,HIGH,STAFF_SHORTAGE_RISK,DH-BR-PAT-001,District Hospital Gardanibagh,DOCTORS,Medical Officers,Doctor Roster Shortage: 21 present out of 24 scheduled during active patient surge.,OPD wait times elevated; emergency resuscitation coverage compromised.,Request temporary duty roster assignment from District Hospital Pool.,2026-08-23T15:49:25.648021+00:00,ACTIVE
