delivery_id,phc_id,facility_name,medicine_code,medicine_name,quantity,dispatch_date,expected_arrival_date,actual_arrival_date,status,data_source
DEL-CB79FB5E,PHC-BR-PAT-001,PHC Bakhtiyarpur,MED-ORS-SFT,Oral Rehydration Salts (WHO Formula),560,2026-06-02,2026-06-07,2026-06-07,DELIVERED,SIMULATED
DEL-CC4B3794,PHC-BR-GAY-003,PHC Tekari,MED-ART-60,Artesunate,28,2026-06-08,2026-06-14,2026-06-14,DELIVERED,SIMULATED
DEL-7D8CC350,PHC-UP-VAR-004,PHC Kashi Vidyapeeth,MED-ART-60,Artesunate,70,2026-06-08,2026-06-13,2026-06-13,DELIVERED,SIMULATED
DEL-7094B27B,PHC-BR-PAT-001,PHC Bakhtiyarpur,MED-PCM-SYR,Paracetamol Paediatric Syrup,308,2026-06-09,2026-06-14,2026-06-14,DELIVERED,SIMULATED
DEL-74070780,PHC-BR-PAT-001,PHC Bakhtiyarpur,MED-IFA-TAB,Iron & Folic Acid (IFA),490,2026-06-09,2026-06-16,2026-06-16,DELIVERED,SIMULATED
DEL-7C8C6054,PHC-BR-PAT-004,PHC Fatuha,MED-CTX-1G,Ceftriaxone,84,2026-06-09,2026-06-16,2026-06-16,DELIVERED,SIMULATED
DEL-88C86911,CHC-BR-PAT-001,CHC Phulwari Sharif,MED-PCM-500,Paracetamol,2534,2026-06-09,2026-06-15,2026-06-15,DELIVERED,SIMULATED
DEL-6662A1F0,DH-BR-PAT-001,District Hospital Gardanibagh,MED-AZI-500,Azithromycin,2436,2026-06-09,2026-06-16,2026-06-16,DELIVERED,SIMULATED
DEL-58C099B6,PHC-UP-VAR-001,PHC Cholapur,MED-INS-REG,Human Insulin (Regular / Soluble),70,2026-06-09,2026-06-13,2026-06-13,DELIVERED,SIMULATED
DEL-C6B8743A,PHC-UP-VAR-002,PHC Pindra,MED-OXY-AMP,Oxytocin,98,2026-06-09,2026-06-16,2026-06-16,DELIVERED,SIMULATED
DEL-11B4DF7A,PHC-UP-VAR-004,PHC Kashi Vidyapeeth,MED-INS-REG,Human Insulin (Regular / Soluble),98,2026-06-09,2026-06-13,2026-06-13,DELIVERED,SIMULATED
DEL-96F6815B,PHC-UP-LUK-002,PHC Malihabad,MED-RAB-VAC,Anti-Rabies Vaccine (Cell Culture),70,2026-06-09,2026-06-13,2026-06-13,DELIVERED,SIMULATED
DEL-7BD48FCC,PHC-UP-LUK-003,PHC Mohanlalganj,MED-IVF-NS500,Normal Saline (0.9% Sodium Chloride),308,2026-06-09,2026-06-13,2026-06-13,DELIVERED,SIMULATED
DEL-B4ED8DB0,DH-UP-LUK-001,Balrampur District Hospital Lucknow,MED-IVF-RL500,Ringer's Lactate (Compound Sodium Lactate),4886,2026-06-09,2026-06-13,2026-06-13,DELIVERED,SIMULATED
DEL-FC3BDA08,PHC-RJ-JAI-001,PHC Bassi,MED-CTX-1G,Ceftriaxone,112,2026-06-09,2026-06-14,2026-06-14,DELIVERED,SIMULATED
DEL-0AF63287,DH-RJ-JAI-001,Kanwatia District Hospital Jaipur,MED-MGS-50,Magnesium Sulfate,756,2026-06-09,2026-06-16,2026-06-16,DELIVERED,SIMULATED
DEL-DD3BFCAA,PHC-MH-PUN-001,PHC Mulshi,MED-ART-60,Artesunate,42,2026-06-09,2026-06-15,2026-06-15,DELIVERED,SIMULATED
DEL-CCB5B9D5,PHC-MH-PUN-001,PHC Mulshi,MED-ALB-400,Albendazole,112,2026-06-09,2026-06-16,2026-06-16,DELIVERED,SIMULATED
DEL-61FE252D,PHC-MH-PUN-002,PHC Haveli,MED-RAB-VAC,Anti-Rabies Vaccine (Cell Culture),84,2026-06-09,2026-06-15,2026-06-15,DELIVERED,SIMULATED
DEL-E7590AEC,PHC-KA-BEN-001,PHC Yelahanka,MED-ALB-400,Albendazole,224,2026-06-09,2026-06-14,2026-06-14,DELIVERED,SIMULATED
DEL-52A56CCB,PHC-KA-BEN-003,PHC Kengeri,MED-ART-60,Artesunate,70,2026-06-09,2026-06-15,2026-06-15,DELIVERED,SIMULATED
DEL-8571103A,PHC-BR-PAT-001,PHC Bakhtiyarpur,MED-OXY-AMP,Oxytocin,84,2026-06-10,2026-06-15,2026-06-15,DELIVERED,SIMULATED
DEL-725CD144,PHC-BR-PAT-002,PHC Danapur,MED-AZI-500,Azithromycin,294,2026-06-10,2026-06-17,2026-06-17,DELIVERED,SIMULATED
DEL-8B4D0BA9,PHC-BR-PAT-002,PHC Danapur,MED-CTX-1G,Ceftriaxone,140,2026-06-10,2026-06-16,2026-06-16,DELIVERED,SIMULATED
DEL-3166F9B8,PHC-BR-PAT-003,PHC Bihta,MED-PCM-SYR,Paracetamol Paediatric Syrup,350,2026-06-10,2026-06-15,2026-06-15,DELIVERED,SIMULATED
DEL-415AE982,PHC-BR-PAT-005,PHC Mokama,MED-IVF-NS500,Normal Saline (0.9% Sodium Chloride),280,2026-06-10,2026-06-15,2026-06-15,DELIVERED,SIMULATED
DEL-960F3AFD,DH-BR-PAT-001,District Hospital Gardanibagh,MED-ORS-SFT,Oral Rehydration Salts (WHO Formula),6524,2026-06-10,2026-06-14,2026-06-14,DELIVERED,SIMULATED
DEL-7AC54D3F,DH-BR-PAT-001,District Hospital Gardanibagh,MED-IVF-NS500,Normal Saline (0.9% Sodium Chloride),3052,2026-06-10,2026-06-15,2026-06-15,DELIVERED,SIMULATED
DEL-B6C99CD6,DH-BR-PAT-001,District Hospital Gardanibagh,MED-IVF-D5500,Dextrose 5% in Water,1624,2026-06-10,2026-06-15,2026-06-15,DELIVERED,SIMULATED
DEL-D6770C4B,PHC-BR-GAY-002,PHC Sherghati,MED-PCM-500,Paracetamol,686,2026-06-10,2026-06-15,2026-06-15,DELIVERED,SIMULATED
DEL-061263A3,PHC-BR-GAY-002,PHC Sherghati,MED-ZNC-20,Zinc Sulfate Dispersible,238,2026-06-10,2026-06-15,2026-06-15,DELIVERED,SIMULATED
DEL-740D3086,PHC-BR-GAY-002,PHC Sherghati,MED-IVF-D5500,Dextrose 5% in Water,112,2026-06-10,2026-06-17,2026-06-17,DELIVERED,SIMULATED
DEL-85D9D60D,PHC-UP-VAR-001,PHC Cholapur,MED-RAB-VAC,Anti-Rabies Vaccine (Cell Culture),56,2026-06-10,2026-06-17,2026-06-17,DELIVERED,SIMULATED
DEL-8F562CA4,PHC-UP-VAR-002,PHC Pindra,MED-IVF-D5500,Dextrose 5% in Water,168,2026-06-10,2026-06-17,2026-06-17,DELIVERED,SIMULATED
DEL-2E11BE89,PHC-UP-VAR-002,PHC Pindra,MED-ART-60,Artesunate,56,2026-06-10,2026-06-16,2026-06-16,DELIVERED,SIMULATED
DEL-7D71B115,PHC-UP-VAR-003,PHC Sevapuri,MED-IVF-D5500,Dextrose 5% in Water,126,2026-06-10,2026-06-16,2026-06-16,DELIVERED,SIMULATED
DEL-B639859F,PHC-UP-VAR-004,PHC Kashi Vidyapeeth,MED-CTX-1G,Ceftriaxone,154,2026-06-10,2026-06-15,2026-06-15,DELIVERED,SIMULATED
DEL-15299863,PHC-UP-VAR-004,PHC Kashi Vidyapeeth,MED-ALB-400,Albendazole,210,2026-06-10,2026-06-16,2026-06-16,DELIVERED,SIMULATED
DEL-7C1C95B8,CHC-UP-VAR-001,CHC Misirpur,MED-MGS-50,Magnesium Sulfate,140,2026-06-10,2026-06-14,2026-06-14,DELIVERED,SIMULATED
DEL-812798A2,PHC-UP-LUK-001,PHC Bakshi Ka Talab,MED-MGS-50,Magnesium Sulfate,56,2026-06-10,2026-06-15,2026-06-15,DELIVERED,SIMULATED
DEL-7DD70D8D,PHC-UP-LUK-002,PHC Malihabad,MED-IVF-RL500,Ringer's Lactate (Compound Sodium Lactate),238,2026-06-10,2026-06-17,2026-06-17,DELIVERED,SIMULATED
DEL-A1C03A87,DH-UP-LUK-001,Balrampur District Hospital Lucknow,MED-IFA-TAB,Iron & Folic Acid (IFA),11424,2026-06-10,2026-06-17,2026-06-17,DELIVERED,SIMULATED
DEL-8124F298,PHC-RJ-JAI-001,PHC Bassi,MED-INS-REG,Human Insulin (Regular / Soluble),70,2026-06-10,2026-06-15,2026-06-15,DELIVERED,SIMULATED
DEL-C6BE5656,PHC-RJ-JAI-001,PHC Bassi,MED-IVF-RL500,Ringer's Lactate (Compound Sodium Lactate),224,2026-06-10,2026-06-16,2026-06-16,DELIVERED,SIMULATED
DEL-E16C6551,DH-RJ-JAI-001,Kanwatia District Hospital Jaipur,MED-PCM-SYR,Paracetamol Paediatric Syrup,5502,2026-06-10,2026-06-17,2026-06-17,DELIVERED,SIMULATED
DEL-418F5742,PHC-MH-PUN-001,PHC Mulshi,MED-PCM-SYR,Paracetamol Paediatric Syrup,266,2026-06-10,2026-06-16,2026-06-16,DELIVERED,SIMULATED
DEL-907A154D,PHC-MH-PUN-001,PHC Mulshi,MED-ORS-SFT,Oral Rehydration Salts (WHO Formula),490,2026-06-10,2026-06-14,2026-06-14,DELIVERED,SIMULATED
DEL-0E8FD28D,PHC-MH-PUN-002,PHC Haveli,MED-INS-REG,Human Insulin (Regular / Soluble),98,2026-06-10,2026-06-17,2026-06-17,DELIVERED,SIMULATED
DEL-D6BB99EA,PHC-MH-PUN-002,PHC Haveli,MED-MGS-50,Magnesium Sulfate,56,2026-06-10,2026-06-16,2026-06-16,DELIVERED,SIMULATED
DEL-D6613564,PHC-MH-PUN-003,PHC Khed,MED-AMC-625,Amoxicillin + Clavulanic Acid,280,2026-06-10,2026-06-14,2026-06-14,DELIVERED,SIMULATED
DEL-3F00F105,PHC-KA-BEN-002,PHC Anekal,MED-RAB-VAC,Anti-Rabies Vaccine (Cell Culture),70,2026-06-10,2026-06-15,2026-06-15,DELIVERED,SIMULATED
DEL-4179D9A0,PHC-KA-BEN-003,PHC Kengeri,MED-MGS-50,Magnesium Sulfate,56,2026-06-10,2026-06-14,2026-06-14,DELIVERED,SIMULATED
DEL-0211CD4C,DH-KA-BEN-001,KC General District Hospital Malleshwaram,MED-MET-500,Metformin Hydrochloride,11046,2026-06-10,2026-06-17,2026-06-17,DELIVERED,SIMULATED
DEL-37295059,DH-KA-BEN-001,KC General District Hospital Malleshwaram,MED-IVF-D5500,Dextrose 5% in Water,3528,2026-06-10,2026-06-16,2026-06-16,DELIVERED,SIMULATED
DEL-9C69A627,DH-KA-BEN-001,KC General District Hospital Malleshwaram,MED-ALB-400,Albendazole,3528,2026-06-10,2026-06-14,2026-06-14,DELIVERED,SIMULATED
DEL-364128DA,PHC-BR-PAT-001,PHC Bakhtiyarpur,MED-ASV-VIAL,Anti-Snake Venom Serum (Polyvalent),28,2026-06-11,2026-06-18,2026-06-18,DELIVERED,SIMULATED
DEL-867FD811,PHC-BR-PAT-003,PHC Bihta,MED-ORS-SFT,Oral Rehydration Salts (WHO Formula),616,2026-06-11,2026-06-16,2026-06-16,DELIVERED,SIMULATED
DEL-6590152F,PHC-BR-PAT-003,PHC Bihta,MED-AZI-500,Azithromycin,224,2026-06-11,2026-06-18,2026-06-18,DELIVERED,SIMULATED
DEL-A26A9571,PHC-BR-PAT-003,PHC Bihta,MED-ALB-400,Albendazole,154,2026-06-11,2026-06-17,2026-06-17,DELIVERED,SIMULATED
DEL-0F59C0A0,PHC-BR-PAT-005,PHC Mokama,MED-ASV-VIAL,Anti-Snake Venom Serum (Polyvalent),28,2026-06-11,2026-06-15,2026-06-15,DELIVERED,SIMULATED
DEL-47AFB451,PHC-BR-PAT-005,PHC Mokama,MED-INS-REG,Human Insulin (Regular / Soluble),70,2026-06-11,2026-06-15,2026-06-15,DELIVERED,SIMULATED
DEL-CFCB5670,CHC-BR-PAT-001,CHC Phulwari Sharif,MED-AZI-500,Azithromycin,672,2026-06-11,2026-06-15,2026-06-15,DELIVERED,SIMULATED
DEL-0E53FCBB,CHC-BR-PAT-001,CHC Phulwari Sharif,MED-IFA-TAB,Iron & Folic Acid (IFA),1568,2026-06-11,2026-06-17,2026-06-17,DELIVERED,SIMULATED
DEL-C07D2310,DH-BR-PAT-001,District Hospital Gardanibagh,MED-IFA-TAB,Iron & Folic Acid (IFA),5712,2026-06-11,2026-06-16,2026-06-16,DELIVERED,SIMULATED
DEL-0B99F05F,PHC-BR-GAY-001,PHC Bodh Gaya,MED-RAB-VAC,Anti-Rabies Vaccine (Cell Culture),56,2026-06-11,2026-06-18,2026-06-18,DELIVERED,SIMULATED
DEL-FDDB367E,PHC-BR-GAY-002,PHC Sherghati,MED-IVF-RL500,Ringer's Lactate (Compound Sodium Lactate),182,2026-06-11,2026-06-17,2026-06-17,DELIVERED,SIMULATED
DEL-A7F764B7,PHC-BR-GAY-003,PHC Tekari,MED-AMC-625,Amoxicillin + Clavulanic Acid,182,2026-06-11,2026-06-15,2026-06-15,DELIVERED,SIMULATED
DEL-C3250636,PHC-BR-GAY-003,PHC Tekari,MED-RAB-VAC,Anti-Rabies Vaccine (Cell Culture),42,2026-06-11,2026-06-16,2026-06-16,DELIVERED,SIMULATED
DEL-46B6E979,PHC-BR-GAY-003,PHC Tekari,MED-OXY-AMP,Oxytocin,56,2026-06-11,2026-06-17,2026-06-17,DELIVERED,SIMULATED
DEL-BAECA3DD,DH-BR-GAY-001,Jay Prakash Narayan District Hospital Gaya,MED-ALB-400,Albendazole,2170,2026-06-11,2026-06-18,2026-06-18,DELIVERED,SIMULATED
DEL-B79434B4,PHC-UP-VAR-001,PHC Cholapur,MED-IVF-RL500,Ringer's Lactate (Compound Sodium Lactate),224,2026-06-11,2026-06-17,2026-06-17,DELIVERED,SIMULATED
DEL-E2CCF37E,PHC-UP-VAR-001,PHC Cholapur,MED-ART-60,Artesunate,56,2026-06-11,2026-06-16,2026-06-16,DELIVERED,SIMULATED
DEL-96B7C688,PHC-UP-VAR-002,PHC Pindra,MED-MGS-50,Magnesium Sulfate,42,2026-06-11,2026-06-18,2026-06-18,DELIVERED,SIMULATED
DEL-6D2F6292,PHC-UP-VAR-003,PHC Sevapuri,MED-AMC-625,Amoxicillin + Clavulanic Acid,224,2026-06-11,2026-06-17,2026-06-17,DELIVERED,SIMULATED
DEL-9CF4EB73,PHC-UP-VAR-003,PHC Sevapuri,MED-IVF-RL500,Ringer's Lactate (Compound Sodium Lactate),196,2026-06-11,2026-06-15,2026-06-15,DELIVERED,SIMULATED
DEL-8084082A,PHC-UP-VAR-004,PHC Kashi Vidyapeeth,MED-ASV-VIAL,Anti-Snake Venom Serum (Polyvalent),28,2026-06-11,2026-06-15,2026-06-15,DELIVERED,SIMULATED
DEL-90896A93,PHC-UP-VAR-004,PHC Kashi Vidyapeeth,MED-MGS-50,Magnesium Sulfate,56,2026-06-11,2026-06-18,2026-06-18,DELIVERED,SIMULATED
DEL-C22622F7,PHC-UP-LUK-003,PHC Mohanlalganj,MED-AZI-500,Azithromycin,252,2026-06-11,2026-06-15,2026-06-15,DELIVERED,SIMULATED
DEL-94D35E20,DH-UP-LUK-001,Balrampur District Hospital Lucknow,MED-PCM-SYR,Paracetamol Paediatric Syrup,7336,2026-06-11,2026-06-18,2026-06-18,DELIVERED,SIMULATED
DEL-2FF1A0E4,DH-UP-LUK-001,Balrampur District Hospital Lucknow,MED-ZNC-20,Zinc Sulfate Dispersible,6524,2026-06-11,2026-06-17,2026-06-17,DELIVERED,SIMULATED
DEL-453F19BE,DH-UP-LUK-001,Balrampur District Hospital Lucknow,MED-MGS-50,Magnesium Sulfate,1008,2026-06-11,2026-06-18,2026-06-18,DELIVERED,SIMULATED
DEL-17724D9A,PHC-RJ-JAI-001,PHC Bassi,MED-OXY-AMP,Oxytocin,98,2026-06-11,2026-06-16,2026-06-16,DELIVERED,SIMULATED
DEL-D8211261,DH-RJ-JAI-001,Kanwatia District Hospital Jaipur,MED-IFA-TAB,Iron & Folic Acid (IFA),8568,2026-06-11,2026-06-16,2026-06-16,DELIVERED,SIMULATED
DEL-367C9DD9,PHC-MH-PUN-001,PHC Mulshi,MED-INS-REG,Human Insulin (Regular / Soluble),56,2026-06-11,2026-06-15,2026-06-15,DELIVERED,SIMULATED
DEL-50B01627,PHC-MH-PUN-001,PHC Mulshi,MED-MGS-50,Magnesium Sulfate,28,2026-06-11,2026-06-17,2026-06-17,DELIVERED,SIMULATED
DEL-3D8C9030,PHC-MH-PUN-001,PHC Mulshi,MED-IVF-D5500,Dextrose 5% in Water,112,2026-06-11,2026-06-15,2026-06-15,DELIVERED,SIMULATED
DEL-D99D4356,PHC-MH-PUN-002,PHC Haveli,MED-CTX-1G,Ceftriaxone,154,2026-06-11,2026-06-16,2026-06-16,DELIVERED,SIMULATED
DEL-9978F25D,PHC-MH-PUN-003,PHC Khed,MED-ASV-VIAL,Anti-Snake Venom Serum (Polyvalent),28,2026-06-11,2026-06-18,2026-06-18,DELIVERED,SIMULATED
DEL-089DB191,PHC-MH-PUN-003,PHC Khed,MED-OXY-AMP,Oxytocin,98,2026-06-11,2026-06-18,2026-06-18,DELIVERED,SIMULATED
DEL-44C055D5,PHC-MH-PUN-003,PHC Khed,MED-IVF-D5500,Dextrose 5% in Water,154,2026-06-11,2026-06-16,2026-06-16,DELIVERED,SIMULATED
DEL-D0C6A33E,PHC-KA-BEN-001,PHC Yelahanka,MED-OXY-AMP,Oxytocin,140,2026-06-11,2026-06-16,2026-06-16,DELIVERED,SIMULATED
DEL-CE89A068,PHC-KA-BEN-003,PHC Kengeri,MED-AMX-500,Amoxicillin,560,2026-06-11,2026-06-18,2026-06-18,DELIVERED,SIMULATED
DEL-B94488DB,DH-KA-BEN-001,KC General District Hospital Malleshwaram,MED-INS-REG,Human Insulin (Regular / Soluble),1764,2026-06-11,2026-06-17,2026-06-17,DELIVERED,SIMULATED
DEL-0469BAFE,PHC-BR-PAT-001,PHC Bakhtiyarpur,MED-AMX-500,Amoxicillin,378,2026-06-12,2026-06-16,2026-06-16,DELIVERED,SIMULATED
DEL-EAC0E4C3,PHC-BR-PAT-001,PHC Bakhtiyarpur,MED-AMC-625,Amoxicillin + Clavulanic Acid,238,2026-06-12,2026-06-17,2026-06-17,DELIVERED,SIMULATED
DEL-78885E54,PHC-BR-PAT-001,PHC Bakhtiyarpur,MED-MGS-50,Magnesium Sulfate,42,2026-06-12,2026-06-18,2026-06-18,DELIVERED,SIMULATED
DEL-3DE10FAF,PHC-BR-PAT-001,PHC Bakhtiyarpur,MED-IVF-D5500,Dextrose 5% in Water,140,2026-06-12,2026-06-16,2026-06-16,DELIVERED,SIMULATED
DEL-944BC0CC,PHC-BR-PAT-002,PHC Danapur,MED-AMC-625,Amoxicillin + Clavulanic Acid,350,2026-06-12,2026-06-17,2026-06-17,DELIVERED,SIMULATED
DEL-266DD3CD,PHC-BR-PAT-003,PHC Bihta,MED-AMX-500,Amoxicillin,420,2026-06-12,2026-06-17,2026-06-17,DELIVERED,SIMULATED
DEL-C2A61245,PHC-BR-PAT-003,PHC Bihta,MED-AMC-625,Amoxicillin + Clavulanic Acid,266,2026-06-12,2026-06-17,2026-06-17,DELIVERED,SIMULATED
DEL-A5651F25,PHC-BR-PAT-003,PHC Bihta,MED-ZNC-20,Zinc Sulfate Dispersible,308,2026-06-12,2026-06-19,2026-06-19,DELIVERED,SIMULATED
DEL-C3D77AB3,PHC-BR-PAT-003,PHC Bihta,MED-CTX-1G,Ceftriaxone,112,2026-06-12,2026-06-18,2026-06-18,DELIVERED,SIMULATED
DEL-A084C794,PHC-BR-PAT-003,PHC Bihta,MED-INS-REG,Human Insulin (Regular / Soluble),70,2026-06-12,2026-06-17,2026-06-17,DELIVERED,SIMULATED
DEL-FF6E6D7C,PHC-BR-PAT-003,PHC Bihta,MED-MET-500,Metformin Hydrochloride,490,2026-06-12,2026-06-17,2026-06-17,DELIVERED,SIMULATED
DEL-622FB776,PHC-BR-PAT-003,PHC Bihta,MED-IVF-D5500,Dextrose 5% in Water,154,2026-06-12,2026-06-18,2026-06-18,DELIVERED,SIMULATED
DEL-EEEBD369,PHC-BR-PAT-004,PHC Fatuha,MED-AZI-500,Azithromycin,182,2026-06-12,2026-06-17,2026-06-17,DELIVERED,SIMULATED
DEL-6013E119,PHC-BR-PAT-005,PHC Mokama,MED-ZNC-20,Zinc Sulfate Dispersible,294,2026-06-12,2026-06-19,2026-06-19,DELIVERED,SIMULATED
DEL-EE16143B,PHC-BR-GAY-001,PHC Bodh Gaya,MED-AMX-500,Amoxicillin,392,2026-06-12,2026-06-18,2026-06-18,DELIVERED,SIMULATED
DEL-6862BF36,PHC-BR-GAY-001,PHC Bodh Gaya,MED-ZNC-20,Zinc Sulfate Dispersible,280,2026-06-12,2026-06-18,2026-06-18,DELIVERED,SIMULATED
DEL-A89BAFCF,PHC-BR-GAY-001,PHC Bodh Gaya,MED-IVF-RL500,Ringer's Lactate (Compound Sodium Lactate),210,2026-06-12,2026-06-16,2026-06-16,DELIVERED,SIMULATED
DEL-26675745,PHC-BR-GAY-003,PHC Tekari,MED-INS-REG,Human Insulin (Regular / Soluble),42,2026-06-12,2026-06-16,2026-06-16,DELIVERED,SIMULATED
DEL-A4E64DB5,PHC-UP-VAR-002,PHC Pindra,MED-AZI-500,Azithromycin,252,2026-06-12,2026-06-18,2026-06-18,DELIVERED,SIMULATED
DEL-778BB7DF,DH-UP-VAR-001,Pandit Deen Dayal Upadhyay District Hospital,MED-IVF-D5500,Dextrose 5% in Water,2576,2026-06-12,2026-06-19,2026-06-19,DELIVERED,SIMULATED
DEL-092F613E,PHC-UP-LUK-001,PHC Bakshi Ka Talab,MED-AMC-625,Amoxicillin + Clavulanic Acid,336,2026-06-12,2026-06-16,2026-06-16,DELIVERED,SIMULATED
DEL-C569343C,PHC-UP-LUK-002,PHC Malihabad,MED-ALB-400,Albendazole,154,2026-06-12,2026-06-19,2026-06-19,DELIVERED,SIMULATED
DEL-B0DE8D04,PHC-RJ-JAI-001,PHC Bassi,MED-ZNC-20,Zinc Sulfate Dispersible,308,2026-06-12,2026-06-18,2026-06-18,DELIVERED,SIMULATED
DEL-C715DA0A,DH-RJ-JAI-001,Kanwatia District Hospital Jaipur,MED-ART-60,Artesunate,910,2026-06-12,2026-06-17,2026-06-17,DELIVERED,SIMULATED
DEL-0D928A89,PHC-KA-BEN-001,PHC Yelahanka,MED-PCM-500,Paracetamol,1316,2026-06-12,2026-06-17,2026-06-17,DELIVERED,SIMULATED
DEL-F69ED38C,PHC-KA-BEN-001,PHC Yelahanka,MED-ART-60,Artesunate,84,2026-06-12,2026-06-19,2026-06-19,DELIVERED,SIMULATED
DEL-2B6249D9,PHC-KA-BEN-002,PHC Anekal,MED-ASV-VIAL,Anti-Snake Venom Serum (Polyvalent),28,2026-06-12,2026-06-18,2026-06-18,DELIVERED,SIMULATED
DEL-E0D13303,PHC-KA-BEN-003,PHC Kengeri,MED-IVF-NS500,Normal Saline (0.9% Sodium Chloride),378,2026-06-12,2026-06-17,2026-06-17,DELIVERED,SIMULATED
DEL-55401C09,PHC-KA-BEN-003,PHC Kengeri,MED-IVF-RL500,Ringer's Lactate (Compound Sodium Lactate),308,2026-06-12,2026-06-16,2026-06-16,DELIVERED,SIMULATED
DEL-B44848D1,PHC-KA-BEN-003,PHC Kengeri,MED-IVF-D5500,Dextrose 5% in Water,196,2026-06-12,2026-06-16,2026-06-16,DELIVERED,SIMULATED
DEL-0E58A91F,PHC-BR-PAT-001,PHC Bakhtiyarpur,MED-RAB-VAC,Anti-Rabies Vaccine (Cell Culture),56,2026-06-13,2026-06-18,2026-06-18,DELIVERED,SIMULATED
DEL-19A66760,PHC-BR-PAT-001,PHC Bakhtiyarpur,MED-INS-REG,Human Insulin (Regular / Soluble),70,2026-06-13,2026-06-17,2026-06-17,DELIVERED,SIMULATED
DEL-EC6A26B2,PHC-BR-PAT-002,PHC Danapur,MED-ZNC-20,Zinc Sulfate Dispersible,392,2026-06-13,2026-06-19,2026-06-19,DELIVERED,SIMULATED
DEL-CC79B2A0,PHC-BR-PAT-003,PHC Bihta,MED-OXY-AMP,Oxytocin,98,2026-06-13,2026-06-17,2026-06-17,DELIVERED,SIMULATED
DEL-417BE4DD,PHC-BR-PAT-004,PHC Fatuha,MED-RAB-VAC,Anti-Rabies Vaccine (Cell Culture),56,2026-06-13,2026-06-20,2026-06-20,DELIVERED,SIMULATED
DEL-7901A626,PHC-BR-PAT-004,PHC Fatuha,MED-ART-60,Artesunate,42,2026-06-13,2026-06-19,2026-06-19,DELIVERED,SIMULATED
DEL-18B1E5C3,PHC-BR-PAT-004,PHC Fatuha,MED-IFA-TAB,Iron & Folic Acid (IFA),448,2026-06-13,2026-06-17,2026-06-17,DELIVERED,SIMULATED
DEL-9D7BDDE1,PHC-BR-PAT-005,PHC Mokama,MED-PCM-SYR,Paracetamol Paediatric Syrup,336,2026-06-13,2026-06-17,2026-06-17,DELIVERED,SIMULATED
DEL-DBE0EBF5,CHC-BR-PAT-001,CHC Phulwari Sharif,MED-ORS-SFT,Oral Rehydration Salts (WHO Formula),1792,2026-06-13,2026-06-20,2026-06-20,DELIVERED,SIMULATED
DEL-5F191073,CHC-BR-PAT-001,CHC Phulwari Sharif,MED-MET-500,Metformin Hydrochloride,1400,2026-06-13,2026-06-19,2026-06-19,DELIVERED,SIMULATED
DEL-3AD61832,CHC-BR-PAT-001,CHC Phulwari Sharif,MED-IVF-D5500,Dextrose 5% in Water,448,2026-06-13,2026-06-18,2026-06-18,DELIVERED,SIMULATED
DEL-00BE8F38,DH-BR-PAT-001,District Hospital Gardanibagh,MED-INS-REG,Human Insulin (Regular / Soluble),812,2026-06-13,2026-06-19,2026-06-19,DELIVERED,SIMULATED
DEL-B3DC35AF,PHC-BR-GAY-002,PHC Sherghati,MED-ART-60,Artesunate,42,2026-06-13,2026-06-18,2026-06-18,DELIVERED,SIMULATED
DEL-153E11F5,PHC-BR-GAY-003,PHC Tekari,MED-MET-500,Metformin Hydrochloride,322,2026-06-13,2026-06-19,2026-06-19,DELIVERED,SIMULATED
DEL-797E0075,PHC-UP-VAR-002,PHC Pindra,MED-ASV-VIAL,Anti-Snake Venom Serum (Polyvalent),28,2026-06-13,2026-06-18,2026-06-18,DELIVERED,SIMULATED
DEL-7C5DF4E2,PHC-UP-VAR-003,PHC Sevapuri,MED-ASV-VIAL,Anti-Snake Venom Serum (Polyvalent),28,2026-06-13,2026-06-19,2026-06-19,DELIVERED,SIMULATED
DEL-775A8740,PHC-UP-VAR-003,PHC Sevapuri,MED-ALB-400,Albendazole,126,2026-06-13,2026-06-18,2026-06-18,DELIVERED,SIMULATED
DEL-10794ECF,PHC-UP-VAR-004,PHC Kashi Vidyapeeth,MED-AMC-625,Amoxicillin + Clavulanic Acid,364,2026-06-13,2026-06-17,2026-06-17,DELIVERED,SIMULATED
DEL-80EADC80,PHC-UP-VAR-004,PHC Kashi Vidyapeeth,MED-RAB-VAC,Anti-Rabies Vaccine (Cell Culture),84,2026-06-13,2026-06-19,2026-06-19,DELIVERED,SIMULATED
DEL-666DAFF8,PHC-UP-LUK-001,PHC Bakshi Ka Talab,MED-CTX-1G,Ceftriaxone,140,2026-06-13,2026-06-18,2026-06-18,DELIVERED,SIMULATED
DEL-21AB9FA4,PHC-UP-LUK-002,PHC Malihabad,MED-ART-60,Artesunate,56,2026-06-13,2026-06-19,2026-06-19,DELIVERED,SIMULATED
DEL-CF75F434,PHC-UP-LUK-003,PHC Mohanlalganj,MED-OXY-AMP,Oxytocin,98,2026-06-13,2026-06-20,2026-06-20,DELIVERED,SIMULATED
DEL-1CA9C3FF,DH-UP-LUK-001,Balrampur District Hospital Lucknow,MED-ASV-VIAL,Anti-Snake Venom Serum (Polyvalent),476,2026-06-13,2026-06-19,2026-06-19,DELIVERED,SIMULATED
DEL-7E524782,PHC-RJ-JAI-002,PHC Chaksu,MED-ART-60,Artesunate,42,2026-06-13,2026-06-19,2026-06-19,DELIVERED,SIMULATED
DEL-26981EFE,PHC-RJ-JAI-003,PHC Amer,MED-AZI-500,Azithromycin,266,2026-06-13,2026-06-19,2026-06-19,DELIVERED,SIMULATED
DEL-259E3DDE,PHC-KA-BEN-002,PHC Anekal,MED-IFA-TAB,Iron & Folic Acid (IFA),616,2026-06-13,2026-06-17,2026-06-17,DELIVERED,SIMULATED
DEL-D7115F1A,PHC-BR-PAT-004,PHC Fatuha,MED-IVF-RL500,Ringer's Lactate (Compound Sodium Lactate),182,2026-06-14,2026-06-20,2026-06-20,DELIVERED,SIMULATED
DEL-22D3F234,DH-BR-PAT-001,District Hospital Gardanibagh,MED-ZNC-20,Zinc Sulfate Dispersible,3262,2026-06-14,2026-06-19,2026-06-19,DELIVERED,SIMULATED
DEL-7EE4325B,PHC-BR-GAY-002,PHC Sherghati,MED-ALB-400,Albendazole,112,2026-06-14,2026-06-18,2026-06-18,DELIVERED,SIMULATED
DEL-1E7220CB,PHC-UP-VAR-003,PHC Sevapuri,MED-ART-60,Artesunate,42,2026-06-14,2026-06-19,2026-06-19,DELIVERED,SIMULATED
DEL-33A8ED7F,DH-UP-VAR-001,Pandit Deen Dayal Upadhyay District Hospital,MED-IFA-TAB,Iron & Folic Acid (IFA),9044,2026-06-14,2026-06-21,2026-06-21,DELIVERED,SIMULATED
DEL-2FC85722,PHC-UP-LUK-002,PHC Malihabad,MED-IVF-NS500,Normal Saline (0.9% Sodium Chloride),294,2026-06-14,2026-06-18,2026-06-18,DELIVERED,SIMULATED
DEL-B7E60E81,PHC-RJ-JAI-003,PHC Amer,MED-INS-REG,Human Insulin (Regular / Soluble),84,2026-06-14,2026-06-20,2026-06-20,DELIVERED,SIMULATED
DEL-F3BEF294,PHC-BR-PAT-002,PHC Danapur,MED-IVF-NS500,Normal Saline (0.9% Sodium Chloride),378,2026-06-15,2026-06-19,2026-06-19,DELIVERED,SIMULATED
DEL-5A57441E,PHC-BR-PAT-003,PHC Bihta,MED-ASV-VIAL,Anti-Snake Venom Serum (Polyvalent),28,2026-06-15,2026-06-19,2026-06-19,DELIVERED,SIMULATED
DEL-0D21C573,PHC-BR-PAT-003,PHC Bihta,MED-IFA-TAB,Iron & Folic Acid (IFA),546,2026-06-15,2026-06-22,2026-06-22,DELIVERED,SIMULATED
DEL-FB6B266A,PHC-BR-PAT-005,PHC Mokama,MED-ORS-SFT,Oral Rehydration Salts (WHO Formula),602,2026-06-15,2026-06-22,2026-06-22,DELIVERED,SIMULATED
DEL-B15B347A,PHC-BR-PAT-005,PHC Mokama,MED-IVF-RL500,Ringer's Lactate (Compound Sodium Lactate),224,2026-06-15,2026-06-19,2026-06-19,DELIVERED,SIMULATED
DEL-F821E171,CHC-BR-PAT-001,CHC Phulwari Sharif,MED-CTX-1G,Ceftriaxone,336,2026-06-15,2026-06-19,2026-06-19,DELIVERED,SIMULATED
DEL-C84ED47C,PHC-BR-GAY-001,PHC Bodh Gaya,MED-ASV-VIAL,Anti-Snake Venom Serum (Polyvalent),28,2026-06-15,2026-06-20,2026-06-20,DELIVERED,SIMULATED
DEL-20B2471E,PHC-BR-GAY-001,PHC Bodh Gaya,MED-OXY-AMP,Oxytocin,84,2026-06-15,2026-06-20,2026-06-20,DELIVERED,SIMULATED
DEL-1E7C72CE,PHC-BR-GAY-002,PHC Sherghati,MED-OXY-AMP,Oxytocin,70,2026-06-15,2026-06-19,2026-06-19,DELIVERED,SIMULATED
DEL-1372FF3C,DH-BR-GAY-001,Jay Prakash Narayan District Hospital Gaya,MED-MGS-50,Magnesium Sulfate,672,2026-06-15,2026-06-19,2026-06-19,DELIVERED,SIMULATED
DEL-180CC27E,PHC-UP-LUK-002,PHC Malihabad,MED-INS-REG,Human Insulin (Regular / Soluble),70,2026-06-15,2026-06-21,2026-06-21,DELIVERED,SIMULATED
DEL-BF141E01,PHC-UP-LUK-002,PHC Malihabad,MED-MGS-50,Magnesium Sulfate,42,2026-06-15,2026-06-20,2026-06-20,DELIVERED,SIMULATED
DEL-98D2DECD,PHC-RJ-JAI-002,PHC Chaksu,MED-OXY-AMP,Oxytocin,84,2026-06-15,2026-06-19,2026-06-19,DELIVERED,SIMULATED
DEL-F6A8355C,PHC-RJ-JAI-003,PHC Amer,MED-OXY-AMP,Oxytocin,112,2026-06-15,2026-06-19,2026-06-19,DELIVERED,SIMULATED
DEL-7F503403,PHC-RJ-JAI-003,PHC Amer,MED-IVF-NS500,Normal Saline (0.9% Sodium Chloride),336,2026-06-15,2026-06-22,2026-06-22,DELIVERED,SIMULATED
DEL-4D929D96,DH-RJ-JAI-001,Kanwatia District Hospital Jaipur,MED-AZI-500,Azithromycin,3668,2026-06-15,2026-06-22,2026-06-22,DELIVERED,SIMULATED
DEL-B4F97173,PHC-MH-PUN-001,PHC Mulshi,MED-CTX-1G,Ceftriaxone,84,2026-06-15,2026-06-21,2026-06-21,DELIVERED,SIMULATED
DEL-18340AD3,PHC-MH-PUN-003,PHC Khed,MED-CTX-1G,Ceftriaxone,112,2026-06-15,2026-06-22,2026-06-22,DELIVERED,SIMULATED
DEL-CDD8D107,DH-MH-PUN-001,Aundh District Hospital Pune,MED-AMC-625,Amoxicillin + Clavulanic Acid,5236,2026-06-15,2026-06-19,2026-06-19,DELIVERED,SIMULATED
DEL-7D226621,DH-MH-PUN-001,Aundh District Hospital Pune,MED-MET-500,Metformin Hydrochloride,9352,2026-06-15,2026-06-19,2026-06-19,DELIVERED,SIMULATED
DEL-66C95770,PHC-KA-BEN-001,PHC Yelahanka,MED-RAB-VAC,Anti-Rabies Vaccine (Cell Culture),98,2026-06-15,2026-06-22,2026-06-22,DELIVERED,SIMULATED
DEL-EFAA0835,PHC-KA-BEN-003,PHC Kengeri,MED-RAB-VAC,Anti-Rabies Vaccine (Cell Culture),84,2026-06-15,2026-06-21,2026-06-21,DELIVERED,SIMULATED
DEL-CDDAE8F9,PHC-BR-PAT-001,PHC Bakhtiyarpur,MED-MET-500,Metformin Hydrochloride,434,2026-06-16,2026-06-20,2026-06-20,DELIVERED,SIMULATED
DEL-869D2A1A,PHC-BR-PAT-002,PHC Danapur,MED-ASV-VIAL,Anti-Snake Venom Serum (Polyvalent),28,2026-06-16,2026-06-22,2026-06-22,DELIVERED,SIMULATED
DEL-BCEEFAA1,PHC-BR-PAT-002,PHC Danapur,MED-IVF-RL500,Ringer's Lactate (Compound Sodium Lactate),294,2026-06-16,2026-06-22,2026-06-22,DELIVERED,SIMULATED
DEL-0DF45070,PHC-BR-PAT-004,PHC Fatuha,MED-AMX-500,Amoxicillin,350,2026-06-16,2026-06-21,2026-06-21,DELIVERED,SIMULATED
DEL-A2F5247D,PHC-BR-PAT-005,PHC Mokama,MED-PCM-500,Paracetamol,840,2026-06-16,2026-06-20,2026-06-20,DELIVERED,SIMULATED
DEL-86FCFD64,PHC-BR-PAT-005,PHC Mokama,MED-ART-60,Artesunate,56,2026-06-16,2026-06-21,2026-06-21,DELIVERED,SIMULATED
DEL-1FF087AE,CHC-BR-PAT-001,CHC Phulwari Sharif,MED-OXY-AMP,Oxytocin,280,2026-06-16,2026-06-22,2026-06-22,DELIVERED,SIMULATED
DEL-0052D807,DH-BR-PAT-001,District Hospital Gardanibagh,MED-PCM-SYR,Paracetamol Paediatric Syrup,3668,2026-06-16,2026-06-20,2026-06-20,DELIVERED,SIMULATED
DEL-C4AD0C57,DH-BR-PAT-001,District Hospital Gardanibagh,MED-AMC-625,Amoxicillin + Clavulanic Acid,2856,2026-06-16,2026-06-20,2026-06-20,DELIVERED,SIMULATED
DEL-587A23C3,DH-BR-PAT-001,District Hospital Gardanibagh,MED-IVF-RL500,Ringer's Lactate (Compound Sodium Lactate),2436,2026-06-16,2026-06-21,2026-06-21,DELIVERED,SIMULATED
DEL-988F6862,PHC-BR-GAY-003,PHC Tekari,MED-IVF-D5500,Dextrose 5% in Water,98,2026-06-16,2026-06-21,2026-06-21,DELIVERED,SIMULATED
DEL-933ADFAD,PHC-UP-VAR-001,PHC Cholapur,MED-MGS-50,Magnesium Sulfate,42,2026-06-16,2026-06-20,2026-06-20,DELIVERED,SIMULATED
DEL-5CA87EB6,CHC-UP-VAR-001,CHC Misirpur,MED-PCM-SYR,Paracetamol Paediatric Syrup,1050,2026-06-16,2026-06-22,2026-06-22,DELIVERED,SIMULATED
DEL-B9E6D6CE,PHC-UP-LUK-002,PHC Malihabad,MED-CTX-1G,Ceftriaxone,112,2026-06-16,2026-06-23,2026-06-23,DELIVERED,SIMULATED
DEL-3618A472,PHC-UP-LUK-003,PHC Mohanlalganj,MED-ORS-SFT,Oral Rehydration Salts (WHO Formula),672,2026-06-16,2026-06-22,2026-06-22,DELIVERED,SIMULATED
DEL-CB5C610F,PHC-UP-LUK-003,PHC Mohanlalganj,MED-ART-60,Artesunate,56,2026-06-16,2026-06-23,2026-06-23,DELIVERED,SIMULATED
DEL-57A7C5FF,PHC-UP-LUK-003,PHC Mohanlalganj,MED-IFA-TAB,Iron & Folic Acid (IFA),588,2026-06-16,2026-06-23,2026-06-23,DELIVERED,SIMULATED
DEL-3A3C5E4F,PHC-RJ-JAI-001,PHC Bassi,MED-ORS-SFT,Oral Rehydration Salts (WHO Formula),616,2026-06-16,2026-06-22,2026-06-22,DELIVERED,SIMULATED
DEL-FD5A235A,PHC-RJ-JAI-001,PHC Bassi,MED-RAB-VAC,Anti-Rabies Vaccine (Cell Culture),56,2026-06-16,2026-06-22,2026-06-22,DELIVERED,SIMULATED
DEL-97AE2D2A,PHC-RJ-JAI-001,PHC Bassi,MED-MET-500,Metformin Hydrochloride,490,2026-06-16,2026-06-21,2026-06-21,DELIVERED,SIMULATED
DEL-A2093F68,PHC-RJ-JAI-003,PHC Amer,MED-ORS-SFT,Oral Rehydration Salts (WHO Formula),714,2026-06-16,2026-06-22,2026-06-22,DELIVERED,SIMULATED
DEL-82C042C3,PHC-RJ-JAI-003,PHC Amer,MED-MET-500,Metformin Hydrochloride,560,2026-06-16,2026-06-20,2026-06-20,DELIVERED,SIMULATED
DEL-C61081D3,PHC-RJ-JAI-003,PHC Amer,MED-ART-60,Artesunate,56,2026-06-16,2026-06-21,2026-06-21,DELIVERED,SIMULATED
DEL-AEF83068,DH-RJ-JAI-001,Kanwatia District Hospital Jaipur,MED-OXY-AMP,Oxytocin,1526,2026-06-16,2026-06-22,2026-06-22,DELIVERED,SIMULATED
DEL-002A1276,PHC-MH-PUN-003,PHC Khed,MED-INS-REG,Human Insulin (Regular / Soluble),70,2026-06-16,2026-06-21,2026-06-21,DELIVERED,SIMULATED
DEL-B05A6B35,DH-MH-PUN-001,Aundh District Hospital Pune,MED-IVF-D5500,Dextrose 5% in Water,2982,2026-06-16,2026-06-21,2026-06-21,DELIVERED,SIMULATED
DEL-D1E27D3C,DH-MH-PUN-001,Aundh District Hospital Pune,MED-ART-60,Artesunate,1120,2026-06-16,2026-06-20,2026-06-20,DELIVERED,SIMULATED
DEL-2CD4D753,PHC-KA-BEN-001,PHC Yelahanka,MED-CTX-1G,Ceftriaxone,168,2026-06-16,2026-06-22,2026-06-22,DELIVERED,SIMULATED
DEL-5B9CE11D,DH-KA-BEN-001,KC General District Hospital Malleshwaram,MED-ZNC-20,Zinc Sulfate Dispersible,7070,2026-06-16,2026-06-22,2026-06-22,DELIVERED,SIMULATED
DEL-979F45D2,DH-KA-BEN-001,KC General District Hospital Malleshwaram,MED-RAB-VAC,Anti-Rabies Vaccine (Cell Culture),1540,2026-06-16,2026-06-21,2026-06-21,DELIVERED,SIMULATED
DEL-AF5922D2,PHC-BR-PAT-001,PHC Bakhtiyarpur,MED-IVF-RL500,Ringer's Lactate (Compound Sodium Lactate),210,2026-06-17,2026-06-23,2026-06-23,DELIVERED,SIMULATED
DEL-9E2DF7C5,PHC-BR-PAT-002,PHC Danapur,MED-ART-60,Artesunate,70,2026-06-17,2026-06-23,2026-06-23,DELIVERED,SIMULATED
DEL-B0DF6D74,PHC-BR-PAT-003,PHC Bihta,MED-IVF-RL500,Ringer's Lactate (Compound Sodium Lactate),224,2026-06-17,2026-06-22,2026-06-22,DELIVERED,SIMULATED
DEL-C2BE2F41,PHC-BR-PAT-003,PHC Bihta,MED-ART-60,Artesunate,56,2026-06-17,2026-06-23,2026-06-23,DELIVERED,SIMULATED
DEL-2C548373,PHC-BR-PAT-004,PHC Fatuha,MED-ASV-VIAL,Anti-Snake Venom Serum (Polyvalent),28,2026-06-17,2026-06-24,2026-06-24,DELIVERED,SIMULATED
DEL-AB16510D,PHC-BR-PAT-005,PHC Mokama,MED-AMX-500,Amoxicillin,406,2026-06-17,2026-06-22,2026-06-22,DELIVERED,SIMULATED
DEL-BA04C454,PHC-BR-PAT-005,PHC Mokama,MED-MET-500,Metformin Hydrochloride,462,2026-06-17,2026-06-21,2026-06-21,DELIVERED,SIMULATED
DEL-13579CFB,CHC-BR-PAT-001,CHC Phulwari Sharif,MED-AMC-625,Amoxicillin + Clavulanic Acid,784,2026-06-17,2026-06-21,2026-06-21,DELIVERED,SIMULATED
DEL-83913BFE,CHC-BR-PAT-001,CHC Phulwari Sharif,MED-ART-60,Artesunate,168,2026-06-17,2026-06-21,2026-06-21,DELIVERED,SIMULATED
DEL-CE7A5039,CHC-BR-PAT-001,CHC Phulwari Sharif,MED-ALB-400,Albendazole,448,2026-06-17,2026-06-21,2026-06-21,DELIVERED,SIMULATED
DEL-42375281,PHC-BR-GAY-001,PHC Bodh Gaya,MED-CTX-1G,Ceftriaxone,98,2026-06-17,2026-06-23,2026-06-23,DELIVERED,SIMULATED
DEL-15725A87,PHC-BR-GAY-001,PHC Bodh Gaya,MED-MET-500,Metformin Hydrochloride,448,2026-06-17,2026-06-24,2026-06-24,DELIVERED,SIMULATED
DEL-21B2351E,PHC-BR-GAY-002,PHC Sherghati,MED-MET-500,Metformin Hydrochloride,378,2026-06-17,2026-06-21,2026-06-21,DELIVERED,SIMULATED
DEL-EB6D848F,PHC-UP-VAR-001,PHC Cholapur,MED-IFA-TAB,Iron & Folic Acid (IFA),546,2026-06-17,2026-06-24,2026-06-24,DELIVERED,SIMULATED
DEL-42B6192C,PHC-UP-VAR-003,PHC Sevapuri,MED-INS-REG,Human Insulin (Regular / Soluble),56,2026-06-17,2026-06-21,2026-06-21,DELIVERED,SIMULATED
DEL-85553A69,PHC-UP-VAR-003,PHC Sevapuri,MED-IFA-TAB,Iron & Folic Acid (IFA),462,2026-06-17,2026-06-23,2026-06-23,DELIVERED,SIMULATED
DEL-4C46A340,PHC-UP-LUK-002,PHC Malihabad,MED-AMX-500,Amoxicillin,434,2026-06-17,2026-06-24,2026-06-24,DELIVERED,SIMULATED
DEL-F3F6B19F,PHC-UP-LUK-003,PHC Mohanlalganj,MED-MET-500,Metformin Hydrochloride,518,2026-06-17,2026-06-22,2026-06-22,DELIVERED,SIMULATED
DEL-631BE977,PHC-RJ-JAI-001,PHC Bassi,MED-PCM-SYR,Paracetamol Paediatric Syrup,350,2026-06-17,2026-06-24,2026-06-24,DELIVERED,SIMULATED
DEL-39CA5277,PHC-RJ-JAI-001,PHC Bassi,MED-AMC-625,Amoxicillin + Clavulanic Acid,266,2026-06-17,2026-06-23,2026-06-23,DELIVERED,SIMULATED
DEL-98164549,PHC-RJ-JAI-001,PHC Bassi,MED-AZI-500,Azithromycin,224,2026-06-17,2026-06-21,2026-06-21,DELIVERED,SIMULATED
DEL-FF1C48CE,PHC-RJ-JAI-001,PHC Bassi,MED-IVF-NS500,Normal Saline (0.9% Sodium Chloride),294,2026-06-17,2026-06-22,2026-06-22,DELIVERED,SIMULATED
DEL-1CBD605D,PHC-RJ-JAI-003,PHC Amer,MED-RAB-VAC,Anti-Rabies Vaccine (Cell Culture),70,2026-06-17,2026-06-22,2026-06-22,DELIVERED,SIMULATED
DEL-1A16E0B2,DH-RJ-JAI-001,Kanwatia District Hospital Jaipur,MED-ASV-VIAL,Anti-Snake Venom Serum (Polyvalent),364,2026-06-17,2026-06-21,2026-06-21,DELIVERED,SIMULATED
DEL-6046FB91,PHC-MH-PUN-003,PHC Khed,MED-MGS-50,Magnesium Sulfate,42,2026-06-17,2026-06-24,2026-06-24,DELIVERED,SIMULATED
DEL-BDF561CE,DH-MH-PUN-001,Aundh District Hospital Pune,MED-AMX-500,Amoxicillin,8232,2026-06-17,2026-06-24,2026-06-24,DELIVERED,SIMULATED
DEL-9A0A5923,PHC-KA-BEN-002,PHC Anekal,MED-AMX-500,Amoxicillin,490,2026-06-17,2026-06-21,2026-06-21,DELIVERED,SIMULATED
DEL-7ACB7928,PHC-KA-BEN-002,PHC Anekal,MED-OXY-AMP,Oxytocin,112,2026-06-17,2026-06-24,2026-06-24,DELIVERED,SIMULATED
DEL-C99CFED8,PHC-KA-BEN-002,PHC Anekal,MED-IVF-NS500,Normal Saline (0.9% Sodium Chloride),336,2026-06-17,2026-06-24,2026-06-24,DELIVERED,SIMULATED
DEL-4C8739CC,PHC-KA-BEN-002,PHC Anekal,MED-ALB-400,Albendazole,168,2026-06-17,2026-06-21,2026-06-21,DELIVERED,SIMULATED
DEL-9B4AFFA6,DH-KA-BEN-001,KC General District Hospital Malleshwaram,MED-PCM-SYR,Paracetamol Paediatric Syrup,7952,2026-06-17,2026-06-23,2026-06-23,DELIVERED,SIMULATED
DEL-81E1A905,DH-KA-BEN-001,KC General District Hospital Malleshwaram,MED-CTX-1G,Ceftriaxone,2646,2026-06-17,2026-06-21,2026-06-21,DELIVERED,SIMULATED
DEL-8C49C2D5,PHC-BR-PAT-001,PHC Bakhtiyarpur,MED-ZNC-20,Zinc Sulfate Dispersible,280,2026-06-18,2026-06-24,2026-06-24,DELIVERED,SIMULATED
DEL-E190A26C,PHC-BR-PAT-002,PHC Danapur,MED-PCM-SYR,Paracetamol Paediatric Syrup,448,2026-06-18,2026-06-24,2026-06-24,DELIVERED,SIMULATED
DEL-2AE88397,PHC-BR-PAT-003,PHC Bihta,MED-PCM-500,Paracetamol,868,2026-06-18,2026-06-25,2026-06-25,DELIVERED,SIMULATED
DEL-32FB983E,PHC-BR-PAT-003,PHC Bihta,MED-IVF-NS500,Normal Saline (0.9% Sodium Chloride),294,2026-06-18,2026-06-22,2026-06-22,DELIVERED,SIMULATED
DEL-35427708,PHC-BR-PAT-004,PHC Fatuha,MED-OXY-AMP,Oxytocin,70,2026-06-18,2026-06-23,2026-06-23,DELIVERED,SIMULATED
DEL-D33552A3,PHC-BR-PAT-005,PHC Mokama,MED-OXY-AMP,Oxytocin,84,2026-06-18,2026-06-22,2026-06-22,DELIVERED,SIMULATED
DEL-0AAD4677,CHC-BR-PAT-001,CHC Phulwari Sharif,MED-PCM-SYR,Paracetamol Paediatric Syrup,1008,2026-06-18,2026-06-25,2026-06-25,DELIVERED,SIMULATED
DEL-D0D77ABA,CHC-BR-PAT-001,CHC Phulwari Sharif,MED-AMX-500,Amoxicillin,1232,2026-06-18,2026-06-22,2026-06-22,DELIVERED,SIMULATED
DEL-A85D35A5,PHC-BR-GAY-003,PHC Tekari,MED-PCM-SYR,Paracetamol Paediatric Syrup,238,2026-06-18,2026-06-24,2026-06-24,DELIVERED,SIMULATED
DEL-09C09552,PHC-UP-VAR-001,PHC Cholapur,MED-AMC-625,Amoxicillin + Clavulanic Acid,266,2026-06-18,2026-06-23,2026-06-23,DELIVERED,SIMULATED
DEL-C7BEDAE6,PHC-UP-VAR-001,PHC Cholapur,MED-OXY-AMP,Oxytocin,98,2026-06-18,2026-06-23,2026-06-23,DELIVERED,SIMULATED
DEL-763D3638,PHC-UP-VAR-003,PHC Sevapuri,MED-ZNC-20,Zinc Sulfate Dispersible,266,2026-06-18,2026-06-22,2026-06-22,DELIVERED,SIMULATED
DEL-56C0534A,PHC-UP-VAR-003,PHC Sevapuri,MED-OXY-AMP,Oxytocin,84,2026-06-18,2026-06-24,2026-06-24,DELIVERED,SIMULATED
DEL-90D33681,PHC-UP-LUK-002,PHC Malihabad,MED-PCM-500,Paracetamol,910,2026-06-18,2026-06-23,2026-06-23,DELIVERED,SIMULATED
DEL-A97935BA,PHC-UP-LUK-002,PHC Malihabad,MED-MET-500,Metformin Hydrochloride,504,2026-06-18,2026-06-25,2026-06-25,DELIVERED,SIMULATED
DEL-BCECFB16,PHC-UP-LUK-002,PHC Malihabad,MED-OXY-AMP,Oxytocin,98,2026-06-18,2026-06-23,2026-06-23,DELIVERED,SIMULATED
DEL-00B59501,PHC-UP-LUK-003,PHC Mohanlalganj,MED-ALB-400,Albendazole,168,2026-06-18,2026-06-25,2026-06-25,DELIVERED,SIMULATED
DEL-DB5BD051,DH-UP-LUK-001,Balrampur District Hospital Lucknow,MED-MET-500,Metformin Hydrochloride,10206,2026-06-18,2026-06-22,2026-06-22,DELIVERED,SIMULATED
DEL-3B0CB3B9,PHC-RJ-JAI-002,PHC Chaksu,MED-IVF-RL500,Ringer's Lactate (Compound Sodium Lactate),210,2026-06-18,2026-06-23,2026-06-23,DELIVERED,SIMULATED
DEL-F3B9C683,DH-RJ-JAI-001,Kanwatia District Hospital Jaipur,MED-IVF-RL500,Ringer's Lactate (Compound Sodium Lactate),3668,2026-06-18,2026-06-24,2026-06-24,DELIVERED,SIMULATED
DEL-5273E21F,PHC-MH-PUN-001,PHC Mulshi,MED-PCM-500,Paracetamol,686,2026-06-18,2026-06-23,2026-06-23,DELIVERED,SIMULATED
DEL-E932473D,PHC-MH-PUN-002,PHC Haveli,MED-AMX-500,Amoxicillin,588,2026-06-18,2026-06-24,2026-06-24,DELIVERED,SIMULATED
DEL-12A13248,PHC-MH-PUN-002,PHC Haveli,MED-ORS-SFT,Oral Rehydration Salts (WHO Formula),868,2026-06-18,2026-06-25,2026-06-25,DELIVERED,SIMULATED
DEL-680E82AA,PHC-MH-PUN-002,PHC Haveli,MED-IVF-NS500,Normal Saline (0.9% Sodium Chloride),406,2026-06-18,2026-06-24,2026-06-24,DELIVERED,SIMULATED
DEL-92B8C883,PHC-MH-PUN-002,PHC Haveli,MED-IVF-RL500,Ringer's Lactate (Compound Sodium Lactate),322,2026-06-18,2026-06-22,2026-06-22,DELIVERED,SIMULATED
DEL-74B6F5A5,PHC-MH-PUN-002,PHC Haveli,MED-ALB-400,Albendazole,210,2026-06-18,2026-06-24,2026-06-24,DELIVERED,SIMULATED
DEL-834EC477,PHC-MH-PUN-003,PHC Khed,MED-ZNC-20,Zinc Sulfate Dispersible,322,2026-06-18,2026-06-25,2026-06-25,DELIVERED,SIMULATED
DEL-0E999490,PHC-MH-PUN-003,PHC Khed,MED-MET-500,Metformin Hydrochloride,504,2026-06-18,2026-06-22,2026-06-22,DELIVERED,SIMULATED
DEL-8A6757EA,DH-MH-PUN-001,Aundh District Hospital Pune,MED-RAB-VAC,Anti-Rabies Vaccine (Cell Culture),1302,2026-06-18,2026-06-25,2026-06-25,DELIVERED,SIMULATED
DEL-0858A2C8,DH-MH-PUN-001,Aundh District Hospital Pune,MED-OXY-AMP,Oxytocin,1862,2026-06-18,2026-06-22,2026-06-22,DELIVERED,SIMULATED
DEL-5F760468,PHC-KA-BEN-002,PHC Anekal,MED-PCM-SYR,Paracetamol Paediatric Syrup,392,2026-06-18,2026-06-22,2026-06-22,DELIVERED,SIMULATED
DEL-769D658A,DH-KA-BEN-001,KC General District Hospital Malleshwaram,MED-AMX-500,Amoxicillin,9716,2026-06-18,2026-06-23,2026-06-23,DELIVERED,SIMULATED
DEL-05FCD29C,DH-KA-BEN-001,KC General District Hospital Malleshwaram,MED-ART-60,Artesunate,1316,2026-06-18,2026-06-24,2026-06-24,DELIVERED,SIMULATED
DEL-9BE47436,PHC-BR-PAT-002,PHC Danapur,MED-RAB-VAC,Anti-Rabies Vaccine (Cell Culture),84,2026-06-19,2026-06-26,2026-06-26,DELIVERED,SIMULATED
DEL-F8722461,PHC-BR-PAT-002,PHC Danapur,MED-INS-REG,Human Insulin (Regular / Soluble),98,2026-06-19,2026-06-23,2026-06-23,DELIVERED,SIMULATED
DEL-E8F2DDA7,PHC-BR-PAT-002,PHC Danapur,MED-MET-500,Metformin Hydrochloride,630,2026-06-19,2026-06-24,2026-06-24,DELIVERED,SIMULATED
DEL-C637EF43,PHC-BR-PAT-002,PHC Danapur,MED-MGS-50,Magnesium Sulfate,56,2026-06-19,2026-06-26,2026-06-26,DELIVERED,SIMULATED
DEL-E62C2CFE,PHC-BR-PAT-003,PHC Bihta,MED-MGS-50,Magnesium Sulfate,42,2026-06-19,2026-06-25,2026-06-25,DELIVERED,SIMULATED
DEL-646572B0,DH-BR-PAT-001,District Hospital Gardanibagh,MED-PCM-500,Paracetamol,9184,2026-06-19,2026-06-23,2026-06-23,DELIVERED,SIMULATED
DEL-1A8815BE,DH-BR-PAT-001,District Hospital Gardanibagh,MED-AMX-500,Amoxicillin,4480,2026-06-19,2026-06-25,2026-06-25,DELIVERED,SIMULATED
DEL-04DF0C73,DH-BR-PAT-001,District Hospital Gardanibagh,MED-ALB-400,Albendazole,1624,2026-06-19,2026-06-25,2026-06-25,DELIVERED,SIMULATED
DEL-1FED8567,PHC-BR-GAY-002,PHC Sherghati,MED-IVF-NS500,Normal Saline (0.9% Sodium Chloride),224,2026-06-19,2026-06-25,2026-06-25,DELIVERED,SIMULATED
DEL-3F5D79EA,PHC-BR-GAY-003,PHC Tekari,MED-MGS-50,Magnesium Sulfate,28,2026-06-19,2026-06-25,2026-06-25,DELIVERED,SIMULATED
DEL-91AA628F,DH-BR-GAY-001,Jay Prakash Narayan District Hospital Gaya,MED-ART-60,Artesunate,812,2026-06-19,2026-06-26,2026-06-26,DELIVERED,SIMULATED
DEL-1F5BE6ED,PHC-UP-VAR-001,PHC Cholapur,MED-CTX-1G,Ceftriaxone,112,2026-06-19,2026-06-25,2026-06-25,DELIVERED,SIMULATED
DEL-375461A0,PHC-UP-VAR-004,PHC Kashi Vidyapeeth,MED-PCM-500,Paracetamol,1190,2026-06-19,2026-06-23,2026-06-23,DELIVERED,SIMULATED
DEL-B2C4D9E4,PHC-UP-VAR-004,PHC Kashi Vidyapeeth,MED-AZI-500,Azithromycin,308,2026-06-19,2026-06-25,2026-06-25,DELIVERED,SIMULATED
DEL-C64E747A,PHC-UP-VAR-004,PHC Kashi Vidyapeeth,MED-MET-500,Metformin Hydrochloride,658,2026-06-19,2026-06-23,2026-06-23,DELIVERED,SIMULATED
DEL-2B9F3968,PHC-UP-VAR-004,PHC Kashi Vidyapeeth,MED-IVF-NS500,Normal Saline (0.9% Sodium Chloride),392,2026-06-19,2026-06-25,2026-06-25,DELIVERED,SIMULATED
DEL-A272A4A4,CHC-UP-VAR-001,CHC Misirpur,MED-IVF-NS500,Normal Saline (0.9% Sodium Chloride),868,2026-06-19,2026-06-24,2026-06-24,DELIVERED,SIMULATED
DEL-9A25E351,DH-UP-VAR-001,Pandit Deen Dayal Upadhyay District Hospital,MED-ZNC-20,Zinc Sulfate Dispersible,5166,2026-06-19,2026-06-25,2026-06-25,DELIVERED,SIMULATED
DEL-6B967E01,DH-UP-VAR-001,Pandit Deen Dayal Upadhyay District Hospital,MED-INS-REG,Human Insulin (Regular / Soluble),1288,2026-06-19,2026-06-24,2026-06-24,DELIVERED,SIMULATED
DEL-3D48077D,DH-UP-VAR-001,Pandit Deen Dayal Upadhyay District Hospital,MED-OXY-AMP,Oxytocin,1610,2026-06-19,2026-06-25,2026-06-25,DELIVERED,SIMULATED
DEL-A041ECF8,PHC-UP-LUK-003,PHC Mohanlalganj,MED-PCM-500,Paracetamol,938,2026-06-19,2026-06-23,2026-06-23,DELIVERED,SIMULATED
DEL-D45201B9,PHC-UP-LUK-003,PHC Mohanlalganj,MED-ASV-VIAL,Anti-Snake Venom Serum (Polyvalent),28,2026-06-19,2026-06-24,2026-06-24,DELIVERED,SIMULATED
DEL-BB47BF98,DH-UP-LUK-001,Balrampur District Hospital Lucknow,MED-ORS-SFT,Oral Rehydration Salts (WHO Formula),13062,2026-06-19,2026-06-24,2026-06-24,DELIVERED,SIMULATED
DEL-17AA451E,DH-UP-LUK-001,Balrampur District Hospital Lucknow,MED-INS-REG,Human Insulin (Regular / Soluble),1624,2026-06-19,2026-06-25,2026-06-25,DELIVERED,SIMULATED
DEL-40CE617E,DH-UP-LUK-001,Balrampur District Hospital Lucknow,MED-ALB-400,Albendazole,3262,2026-06-19,2026-06-23,2026-06-23,DELIVERED,SIMULATED
DEL-3A245F25,PHC-RJ-JAI-002,PHC Chaksu,MED-AZI-500,Azithromycin,210,2026-06-19,2026-06-26,2026-06-26,DELIVERED,SIMULATED
DEL-3BB435C0,PHC-RJ-JAI-002,PHC Chaksu,MED-MET-500,Metformin Hydrochloride,434,2026-06-19,2026-06-24,2026-06-24,DELIVERED,SIMULATED
DEL-6DEBB404,PHC-RJ-JAI-002,PHC Chaksu,MED-IVF-D5500,Dextrose 5% in Water,140,2026-06-19,2026-06-25,2026-06-25,DELIVERED,SIMULATED
DEL-D3BB5ADD,PHC-RJ-JAI-003,PHC Amer,MED-ALB-400,Albendazole,168,2026-06-19,2026-06-23,2026-06-23,DELIVERED,SIMULATED
DEL-40FF35E4,PHC-RJ-JAI-003,PHC Amer,MED-IFA-TAB,Iron & Folic Acid (IFA),616,2026-06-19,2026-06-26,2026-06-26,DELIVERED,SIMULATED
DEL-2CEECE44,DH-RJ-JAI-001,Kanwatia District Hospital Jaipur,MED-AMC-625,Amoxicillin + Clavulanic Acid,4284,2026-06-19,2026-06-24,2026-06-24,DELIVERED,SIMULATED
DEL-8DE722DB,DH-RJ-JAI-001,Kanwatia District Hospital Jaipur,MED-CTX-1G,Ceftriaxone,1834,2026-06-19,2026-06-24,2026-06-24,DELIVERED,SIMULATED
DEL-2A508880,PHC-MH-PUN-001,PHC Mulshi,MED-ASV-VIAL,Anti-Snake Venom Serum (Polyvalent),28,2026-06-19,2026-06-26,2026-06-26,DELIVERED,SIMULATED
DEL-B7CE3476,PHC-MH-PUN-002,PHC Haveli,MED-AMC-625,Amoxicillin + Clavulanic Acid,378,2026-06-19,2026-06-24,2026-06-24,DELIVERED,SIMULATED
DEL-55D97B8F,PHC-MH-PUN-002,PHC Haveli,MED-ZNC-20,Zinc Sulfate Dispersible,434,2026-06-19,2026-06-23,2026-06-23,DELIVERED,SIMULATED
DEL-ADF0BB89,PHC-MH-PUN-003,PHC Khed,MED-RAB-VAC,Anti-Rabies Vaccine (Cell Culture),70,2026-06-19,2026-06-23,2026-06-23,DELIVERED,SIMULATED
DEL-32E54B3B,PHC-MH-PUN-003,PHC Khed,MED-ALB-400,Albendazole,154,2026-06-19,2026-06-23,2026-06-23,DELIVERED,SIMULATED
DEL-56D2BF60,DH-MH-PUN-001,Aundh District Hospital Pune,MED-INS-REG,Human Insulin (Regular / Soluble),1484,2026-06-19,2026-06-25,2026-06-25,DELIVERED,SIMULATED
DEL-ADDE9A0E,DH-MH-PUN-001,Aundh District Hospital Pune,MED-IFA-TAB,Iron & Folic Acid (IFA),10472,2026-06-19,2026-06-24,2026-06-24,DELIVERED,SIMULATED
DEL-192E212E,PHC-KA-BEN-001,PHC Yelahanka,MED-PCM-SYR,Paracetamol Paediatric Syrup,518,2026-06-19,2026-06-25,2026-06-25,DELIVERED,SIMULATED
DEL-D2B937FE,PHC-KA-BEN-001,PHC Yelahanka,MED-MGS-50,Magnesium Sulfate,70,2026-06-19,2026-06-26,2026-06-26,DELIVERED,SIMULATED
DEL-11632540,PHC-KA-BEN-002,PHC Anekal,MED-AMC-625,Amoxicillin + Clavulanic Acid,308,2026-06-19,2026-06-26,2026-06-26,DELIVERED,SIMULATED
DEL-A41FC065,PHC-KA-BEN-002,PHC Anekal,MED-ORS-SFT,Oral Rehydration Salts (WHO Formula),714,2026-06-19,2026-06-23,2026-06-23,DELIVERED,SIMULATED
DEL-FDBB9C30,PHC-KA-BEN-003,PHC Kengeri,MED-ZNC-20,Zinc Sulfate Dispersible,406,2026-06-19,2026-06-24,2026-06-24,DELIVERED,SIMULATED
DEL-13AB8F85,PHC-BR-PAT-002,PHC Danapur,MED-IVF-D5500,Dextrose 5% in Water,196,2026-06-20,2026-06-25,2026-06-25,DELIVERED,SIMULATED
DEL-82238A75,PHC-BR-PAT-002,PHC Danapur,MED-ALB-400,Albendazole,196,2026-06-20,2026-06-25,2026-06-25,DELIVERED,SIMULATED
DEL-502672B0,PHC-BR-PAT-004,PHC Fatuha,MED-ORS-SFT,Oral Rehydration Salts (WHO Formula),504,2026-06-20,2026-06-26,2026-06-26,DELIVERED,SIMULATED
DEL-ACD090EF,CHC-BR-PAT-001,CHC Phulwari Sharif,MED-IVF-RL500,Ringer's Lactate (Compound Sodium Lactate),672,2026-06-20,2026-06-26,2026-06-26,DELIVERED,SIMULATED
DEL-B4BA5815,PHC-BR-GAY-001,PHC Bodh Gaya,MED-AMC-625,Amoxicillin + Clavulanic Acid,252,2026-06-20,2026-06-27,2026-06-27,DELIVERED,SIMULATED
DEL-1F805C34,PHC-BR-GAY-003,PHC Tekari,MED-PCM-500,Paracetamol,588,2026-06-20,2026-06-24,2026-06-24,DELIVERED,SIMULATED
DEL-814A2F03,PHC-BR-GAY-003,PHC Tekari,MED-IVF-RL500,Ringer's Lactate (Compound Sodium Lactate),154,2026-06-20,2026-06-27,2026-06-27,DELIVERED,SIMULATED
DEL-6C6F5473,PHC-BR-GAY-003,PHC Tekari,MED-IFA-TAB,Iron & Folic Acid (IFA),364,2026-06-20,2026-06-27,2026-06-27,DELIVERED,SIMULATED
DEL-F7BC954F,DH-BR-GAY-001,Jay Prakash Narayan District Hospital Gaya,MED-MET-500,Metformin Hydrochloride,6804,2026-06-20,2026-06-27,2026-06-27,DELIVERED,SIMULATED
DEL-1E63A331,PHC-UP-VAR-001,PHC Cholapur,MED-IVF-D5500,Dextrose 5% in Water,154,2026-06-20,2026-06-27,2026-06-27,DELIVERED,SIMULATED
DEL-92D0B3FA,PHC-UP-VAR-002,PHC Pindra,MED-AMC-625,Amoxicillin + Clavulanic Acid,294,2026-06-20,2026-06-27,2026-06-27,DELIVERED,SIMULATED
DEL-28D3935B,PHC-UP-VAR-002,PHC Pindra,MED-IFA-TAB,Iron & Folic Acid (IFA),602,2026-06-20,2026-06-26,2026-06-26,DELIVERED,SIMULATED
DEL-D161F0B2,CHC-UP-VAR-001,CHC Misirpur,MED-AMX-500,Amoxicillin,1288,2026-06-20,2026-06-26,2026-06-26,DELIVERED,SIMULATED
DEL-B5FCD31A,CHC-UP-VAR-001,CHC Misirpur,MED-CTX-1G,Ceftriaxone,350,2026-06-20,2026-06-26,2026-06-26,DELIVERED,SIMULATED
DEL-D2F3B865,CHC-UP-VAR-001,CHC Misirpur,MED-ASV-VIAL,Anti-Snake Venom Serum (Polyvalent),70,2026-06-20,2026-06-27,2026-06-27,DELIVERED,SIMULATED
DEL-3EFDAE22,CHC-UP-VAR-001,CHC Misirpur,MED-INS-REG,Human Insulin (Regular / Soluble),224,2026-06-20,2026-06-25,2026-06-25,DELIVERED,SIMULATED
DEL-F755EAD4,CHC-UP-VAR-001,CHC Misirpur,MED-IVF-RL500,Ringer's Lactate (Compound Sodium Lactate),700,2026-06-20,2026-06-27,2026-06-27,DELIVERED,SIMULATED
DEL-F117B871,DH-UP-VAR-001,Pandit Deen Dayal Upadhyay District Hospital,MED-PCM-500,Paracetamol,14532,2026-06-20,2026-06-26,2026-06-26,DELIVERED,SIMULATED
DEL-9AF93917,DH-UP-VAR-001,Pandit Deen Dayal Upadhyay District Hospital,MED-AMX-500,Amoxicillin,7098,2026-06-20,2026-06-26,2026-06-26,DELIVERED,SIMULATED
DEL-BFB3FC78,DH-UP-VAR-001,Pandit Deen Dayal Upadhyay District Hospital,MED-RAB-VAC,Anti-Rabies Vaccine (Cell Culture),1120,2026-06-20,2026-06-27,2026-06-27,DELIVERED,SIMULATED
DEL-D30DC6C6,DH-UP-VAR-001,Pandit Deen Dayal Upadhyay District Hospital,MED-ASV-VIAL,Anti-Snake Venom Serum (Polyvalent),378,2026-06-20,2026-06-25,2026-06-25,DELIVERED,SIMULATED
DEL-5B6BCB2D,DH-UP-VAR-001,Pandit Deen Dayal Upadhyay District Hospital,MED-IVF-RL500,Ringer's Lactate (Compound Sodium Lactate),3878,2026-06-20,2026-06-24,2026-06-24,DELIVERED,SIMULATED
DEL-CED0DEB0,DH-UP-VAR-001,Pandit Deen Dayal Upadhyay District Hospital,MED-ART-60,Artesunate,966,2026-06-20,2026-06-25,2026-06-25,DELIVERED,SIMULATED
DEL-C203BE28,PHC-UP-LUK-001,PHC Bakshi Ka Talab,MED-PCM-500,Paracetamol,1092,2026-06-20,2026-06-26,2026-06-26,DELIVERED,SIMULATED
DEL-E153D2AB,PHC-UP-LUK-001,PHC Bakshi Ka Talab,MED-OXY-AMP,Oxytocin,112,2026-06-20,2026-06-24,2026-06-24,DELIVERED,SIMULATED
DEL-086250DB,PHC-UP-LUK-002,PHC Malihabad,MED-IFA-TAB,Iron & Folic Acid (IFA),560,2026-06-20,2026-06-27,2026-06-27,DELIVERED,SIMULATED
DEL-0A7E0870,DH-UP-LUK-001,Balrampur District Hospital Lucknow,MED-AMC-625,Amoxicillin + Clavulanic Acid,5712,2026-06-20,2026-06-24,2026-06-24,DELIVERED,SIMULATED
DEL-1931971A,PHC-RJ-JAI-001,PHC Bassi,MED-ART-60,Artesunate,56,2026-06-20,2026-06-26,2026-06-26,DELIVERED,SIMULATED
DEL-7DAB7835,PHC-RJ-JAI-001,PHC Bassi,MED-IFA-TAB,Iron & Folic Acid (IFA),546,2026-06-20,2026-06-25,2026-06-25,DELIVERED,SIMULATED
DEL-97AE1916,PHC-RJ-JAI-002,PHC Chaksu,MED-ASV-VIAL,Anti-Snake Venom Serum (Polyvalent),28,2026-06-20,2026-06-24,2026-06-24,DELIVERED,SIMULATED
DEL-49816310,DH-RJ-JAI-001,Kanwatia District Hospital Jaipur,MED-ORS-SFT,Oral Rehydration Salts (WHO Formula),9786,2026-06-20,2026-06-24,2026-06-24,DELIVERED,SIMULATED
DEL-440F1669,PHC-MH-PUN-001,PHC Mulshi,MED-IVF-RL500,Ringer's Lactate (Compound Sodium Lactate),182,2026-06-20,2026-06-26,2026-06-26,DELIVERED,SIMULATED
DEL-DE2F122D,DH-MH-PUN-001,Aundh District Hospital Pune,MED-ORS-SFT,Oral Rehydration Salts (WHO Formula),11970,2026-06-20,2026-06-26,2026-06-26,DELIVERED,SIMULATED
DEL-015301EA,DH-MH-PUN-001,Aundh District Hospital Pune,MED-ZNC-20,Zinc Sulfate Dispersible,5978,2026-06-20,2026-06-27,2026-06-27,DELIVERED,SIMULATED
DEL-36E11C30,DH-MH-PUN-001,Aundh District Hospital Pune,MED-ASV-VIAL,Anti-Snake Venom Serum (Polyvalent),448,2026-06-20,2026-06-27,2026-06-27,DELIVERED,SIMULATED
DEL-0C7B1912,DH-MH-PUN-001,Aundh District Hospital Pune,MED-IVF-RL500,Ringer's Lactate (Compound Sodium Lactate),4480,2026-06-20,2026-06-27,2026-06-27,DELIVERED,SIMULATED
DEL-1578395A,PHC-KA-BEN-001,PHC Yelahanka,MED-AMX-500,Amoxicillin,644,2026-06-20,2026-06-24,2026-06-24,DELIVERED,SIMULATED
DEL-F17E3748,PHC-KA-BEN-001,PHC Yelahanka,MED-IVF-RL500,Ringer's Lactate (Compound Sodium Lactate),350,2026-06-20,2026-06-27,2026-06-27,DELIVERED,SIMULATED
DEL-09898758,DH-KA-BEN-001,KC General District Hospital Malleshwaram,MED-IVF-NS500,Normal Saline (0.9% Sodium Chloride),6622,2026-06-20,2026-06-24,2026-06-24,DELIVERED,SIMULATED
DEL-7E7B4C4B,PHC-BR-PAT-001,PHC Bakhtiyarpur,MED-AZI-500,Azithromycin,210,2026-06-21,2026-06-26,2026-06-26,DELIVERED,SIMULATED
DEL-D2CC7054,PHC-BR-PAT-005,PHC Mokama,MED-AMC-625,Amoxicillin + Clavulanic Acid,252,2026-06-21,2026-06-28,2026-06-28,DELIVERED,SIMULATED
DEL-F0858799,CHC-BR-PAT-001,CHC Phulwari Sharif,MED-IVF-NS500,Normal Saline (0.9% Sodium Chloride),840,2026-06-21,2026-06-27,2026-06-27,DELIVERED,SIMULATED
DEL-237635A4,PHC-BR-GAY-002,PHC Sherghati,MED-AMC-625,Amoxicillin + Clavulanic Acid,210,2026-06-21,2026-06-28,2026-06-28,DELIVERED,SIMULATED
DEL-8612E268,DH-BR-GAY-001,Jay Prakash Narayan District Hospital Gaya,MED-AMX-500,Amoxicillin,5978,2026-06-21,2026-06-27,2026-06-27,DELIVERED,SIMULATED
DEL-D8D8682E,PHC-UP-VAR-002,PHC Pindra,MED-IVF-RL500,Ringer's Lactate (Compound Sodium Lactate),252,2026-06-21,2026-06-26,2026-06-26,DELIVERED,SIMULATED
DEL-2EC8980B,PHC-UP-VAR-003,PHC Sevapuri,MED-PCM-SYR,Paracetamol Paediatric Syrup,294,2026-06-21,2026-06-26,2026-06-26,DELIVERED,SIMULATED
DEL-98E9F6C2,PHC-UP-VAR-003,PHC Sevapuri,MED-ORS-SFT,Oral Rehydration Salts (WHO Formula),532,2026-06-21,2026-06-26,2026-06-26,DELIVERED,SIMULATED
DEL-BB5305FA,PHC-UP-VAR-004,PHC Kashi Vidyapeeth,MED-IFA-TAB,Iron & Folic Acid (IFA),742,2026-06-21,2026-06-26,2026-06-26,DELIVERED,SIMULATED
DEL-B157F7D1,CHC-UP-VAR-001,CHC Misirpur,MED-PCM-500,Paracetamol,2632,2026-06-21,2026-06-27,2026-06-27,DELIVERED,SIMULATED
DEL-9CA7F6E6,DH-UP-VAR-001,Pandit Deen Dayal Upadhyay District Hospital,MED-IVF-NS500,Normal Saline (0.9% Sodium Chloride),4844,2026-06-21,2026-06-26,2026-06-26,DELIVERED,SIMULATED
DEL-C3FAE509,PHC-RJ-JAI-001,PHC Bassi,MED-ASV-VIAL,Anti-Snake Venom Serum (Polyvalent),28,2026-06-21,2026-06-26,2026-06-26,DELIVERED,SIMULATED
DEL-6EDF6A0C,PHC-RJ-JAI-002,PHC Chaksu,MED-INS-REG,Human Insulin (Regular / Soluble),70,2026-06-21,2026-06-28,2026-06-28,DELIVERED,SIMULATED
DEL-D3EBB26B,PHC-MH-PUN-003,PHC Khed,MED-PCM-500,Paracetamol,910,2026-06-21,2026-06-28,2026-06-28,DELIVERED,SIMULATED
DEL-737C2415,PHC-MH-PUN-003,PHC Khed,MED-IVF-NS500,Normal Saline (0.9% Sodium Chloride),294,2026-06-21,2026-06-25,2026-06-25,DELIVERED,SIMULATED
DEL-F171A09A,PHC-KA-BEN-001,PHC Yelahanka,MED-ORS-SFT,Oral Rehydration Salts (WHO Formula),938,2026-06-21,2026-06-27,2026-06-27,DELIVERED,SIMULATED
DEL-D3C04C16,DH-KA-BEN-001,KC General District Hospital Malleshwaram,MED-ORS-SFT,Oral Rehydration Salts (WHO Formula),14140,2026-06-21,2026-06-28,2026-06-28,DELIVERED,SIMULATED
DEL-44F49A02,DH-KA-BEN-001,KC General District Hospital Malleshwaram,MED-AZI-500,Azithromycin,5306,2026-06-21,2026-06-28,2026-06-28,DELIVERED,SIMULATED
DEL-9C21E3B7,PHC-BR-PAT-004,PHC Fatuha,MED-PCM-500,Paracetamol,714,2026-06-22,2026-06-29,2026-06-29,DELIVERED,SIMULATED
DEL-BAF5FABF,PHC-BR-PAT-005,PHC Mokama,MED-IVF-D5500,Dextrose 5% in Water,140,2026-06-22,2026-06-29,2026-06-29,DELIVERED,SIMULATED
DEL-A851F8C2,DH-BR-PAT-001,District Hospital Gardanibagh,MED-CTX-1G,Ceftriaxone,1218,2026-06-22,2026-06-28,2026-06-28,DELIVERED,SIMULATED
DEL-058FE218,PHC-BR-GAY-001,PHC Bodh Gaya,MED-INS-REG,Human Insulin (Regular / Soluble),70,2026-06-22,2026-06-27,2026-06-27,DELIVERED,SIMULATED
DEL-398DCF7A,PHC-BR-GAY-002,PHC Sherghati,MED-ORS-SFT,Oral Rehydration Salts (WHO Formula),490,2026-06-22,2026-06-29,2026-06-29,DELIVERED,SIMULATED
DEL-7143A9A4,PHC-BR-GAY-003,PHC Tekari,MED-AMX-500,Amoxicillin,280,2026-06-22,2026-06-26,2026-06-26,DELIVERED,SIMULATED
DEL-1F70D5FB,PHC-BR-GAY-003,PHC Tekari,MED-AZI-500,Azithromycin,154,2026-06-22,2026-06-28,2026-06-28,DELIVERED,SIMULATED
DEL-C45ED4F8,DH-BR-GAY-001,Jay Prakash Narayan District Hospital Gaya,MED-PCM-500,Paracetamol,12236,2026-06-22,2026-06-29,2026-06-29,DELIVERED,SIMULATED
DEL-0CA30C80,DH-BR-GAY-001,Jay Prakash Narayan District Hospital Gaya,MED-PCM-SYR,Paracetamol Paediatric Syrup,4886,2026-06-22,2026-06-27,2026-06-27,DELIVERED,SIMULATED
DEL-1DF08B5B,DH-BR-GAY-001,Jay Prakash Narayan District Hospital Gaya,MED-ASV-VIAL,Anti-Snake Venom Serum (Polyvalent),322,2026-06-22,2026-06-28,2026-06-28,DELIVERED,SIMULATED
DEL-2094F54A,DH-BR-GAY-001,Jay Prakash Narayan District Hospital Gaya,MED-IVF-RL500,Ringer's Lactate (Compound Sodium Lactate),3262,2026-06-22,2026-06-29,2026-06-29,DELIVERED,SIMULATED
DEL-94C21A2D,PHC-UP-VAR-001,PHC Cholapur,MED-PCM-500,Paracetamol,868,2026-06-22,2026-06-28,2026-06-28,DELIVERED,SIMULATED
DEL-5F61FF37,PHC-UP-VAR-002,PHC Pindra,MED-IVF-NS500,Normal Saline (0.9% Sodium Chloride),322,2026-06-22,2026-06-29,2026-06-29,DELIVERED,SIMULATED
DEL-174B0B87,PHC-UP-VAR-003,PHC Sevapuri,MED-PCM-500,Paracetamol,756,2026-06-22,2026-06-27,2026-06-27,DELIVERED,SIMULATED
DEL-4D7C676B,PHC-UP-VAR-003,PHC Sevapuri,MED-MGS-50,Magnesium Sulfate,42,2026-06-22,2026-06-29,2026-06-29,DELIVERED,SIMULATED
DEL-D648D746,PHC-UP-VAR-004,PHC Kashi Vidyapeeth,MED-ZNC-20,Zinc Sulfate Dispersible,420,2026-06-22,2026-06-26,2026-06-26,DELIVERED,SIMULATED
DEL-08975663,CHC-UP-VAR-001,CHC Misirpur,MED-IFA-TAB,Iron & Folic Acid (IFA),1638,2026-06-22,2026-06-28,2026-06-28,DELIVERED,SIMULATED
DEL-B9530BF8,DH-UP-VAR-001,Pandit Deen Dayal Upadhyay District Hospital,MED-PCM-SYR,Paracetamol Paediatric Syrup,5810,2026-06-22,2026-06-29,2026-06-29,DELIVERED,SIMULATED
DEL-21D3B1EB,DH-UP-VAR-001,Pandit Deen Dayal Upadhyay District Hospital,MED-AMC-625,Amoxicillin + Clavulanic Acid,4522,2026-06-22,2026-06-28,2026-06-28,DELIVERED,SIMULATED
DEL-D353853F,DH-UP-VAR-001,Pandit Deen Dayal Upadhyay District Hospital,MED-CTX-1G,Ceftriaxone,1932,2026-06-22,2026-06-27,2026-06-27,DELIVERED,SIMULATED
DEL-AA484C49,PHC-UP-LUK-001,PHC Bakshi Ka Talab,MED-ZNC-20,Zinc Sulfate Dispersible,392,2026-06-22,2026-06-29,2026-06-29,DELIVERED,SIMULATED
DEL-91A69B62,PHC-UP-LUK-001,PHC Bakshi Ka Talab,MED-IVF-NS500,Normal Saline (0.9% Sodium Chloride),364,2026-06-22,2026-06-28,2026-06-28,DELIVERED,SIMULATED
DEL-98196586,PHC-UP-LUK-001,PHC Bakshi Ka Talab,MED-IVF-D5500,Dextrose 5% in Water,196,2026-06-22,2026-06-26,2026-06-26,DELIVERED,SIMULATED
DEL-E46B2224,PHC-UP-LUK-002,PHC Malihabad,MED-ASV-VIAL,Anti-Snake Venom Serum (Polyvalent),28,2026-06-22,2026-06-26,2026-06-26,DELIVERED,SIMULATED
DEL-8C19D20C,PHC-UP-LUK-003,PHC Mohanlalganj,MED-RAB-VAC,Anti-Rabies Vaccine (Cell Culture),70,2026-06-22,2026-06-27,2026-06-27,DELIVERED,SIMULATED
DEL-544F1B23,PHC-UP-LUK-003,PHC Mohanlalganj,MED-INS-REG,Human Insulin (Regular / Soluble),84,2026-06-22,2026-06-27,2026-06-27,DELIVERED,SIMULATED
DEL-56C53A29,PHC-RJ-JAI-002,PHC Chaksu,MED-PCM-SYR,Paracetamol Paediatric Syrup,308,2026-06-22,2026-06-29,2026-06-29,DELIVERED,SIMULATED
DEL-135FC0CF,PHC-RJ-JAI-002,PHC Chaksu,MED-AMC-625,Amoxicillin + Clavulanic Acid,238,2026-06-22,2026-06-27,2026-06-27,DELIVERED,SIMULATED
DEL-9BD88A00,PHC-RJ-JAI-002,PHC Chaksu,MED-ORS-SFT,Oral Rehydration Salts (WHO Formula),560,2026-06-22,2026-06-26,2026-06-26,DELIVERED,SIMULATED
DEL-AF24039C,PHC-RJ-JAI-003,PHC Amer,MED-IVF-RL500,Ringer's Lactate (Compound Sodium Lactate),266,2026-06-22,2026-06-29,2026-06-29,DELIVERED,SIMULATED
DEL-77B3631C,DH-RJ-JAI-001,Kanwatia District Hospital Jaipur,MED-ZNC-20,Zinc Sulfate Dispersible,4886,2026-06-22,2026-06-28,2026-06-28,DELIVERED,SIMULATED
DEL-4966AF50,PHC-MH-PUN-002,PHC Haveli,MED-PCM-500,Paracetamol,1218,2026-06-22,2026-06-26,2026-06-26,DELIVERED,SIMULATED
DEL-4AE8DF97,PHC-MH-PUN-002,PHC Haveli,MED-AZI-500,Azithromycin,322,2026-06-22,2026-06-29,2026-06-29,DELIVERED,SIMULATED
DEL-0A3669DF,PHC-MH-PUN-003,PHC Khed,MED-AZI-500,Azithromycin,238,2026-06-22,2026-06-28,2026-06-28,DELIVERED,SIMULATED
DEL-64D36249,DH-MH-PUN-001,Aundh District Hospital Pune,MED-CTX-1G,Ceftriaxone,2240,2026-06-22,2026-06-29,2026-06-29,DELIVERED,SIMULATED
DEL-8DF3CC33,DH-MH-PUN-001,Aundh District Hospital Pune,MED-MGS-50,Magnesium Sulfate,924,2026-06-22,2026-06-27,2026-06-27,DELIVERED,SIMULATED
DEL-F7639A4F,PHC-KA-BEN-001,PHC Yelahanka,MED-IFA-TAB,Iron & Folic Acid (IFA),812,2026-06-22,2026-06-26,2026-06-26,DELIVERED,SIMULATED
DEL-52E61FFA,DH-KA-BEN-001,KC General District Hospital Malleshwaram,MED-PCM-500,Paracetamol,19894,2026-06-22,2026-06-26,2026-06-26,DELIVERED,SIMULATED
DEL-6397804F,DH-KA-BEN-001,KC General District Hospital Malleshwaram,MED-OXY-AMP,Oxytocin,2198,2026-06-22,2026-06-27,2026-06-27,DELIVERED,SIMULATED
DEL-A5E1FFDB,DH-BR-GAY-001,Jay Prakash Narayan District Hospital Gaya,MED-IVF-NS500,Normal Saline (0.9% Sodium Chloride),4074,2026-06-23,2026-06-30,2026-06-30,DELIVERED,SIMULATED
DEL-23B18A13,PHC-UP-VAR-001,PHC Cholapur,MED-ASV-VIAL,Anti-Snake Venom Serum (Polyvalent),28,2026-06-23,2026-06-28,2026-06-28,DELIVERED,SIMULATED
DEL-7CFA0595,PHC-UP-VAR-003,PHC Sevapuri,MED-CTX-1G,Ceftriaxone,98,2026-06-23,2026-06-28,2026-06-28,DELIVERED,SIMULATED
DEL-4A6103DB,PHC-UP-LUK-001,PHC Bakshi Ka Talab,MED-AZI-500,Azithromycin,294,2026-06-23,2026-06-27,2026-06-27,DELIVERED,SIMULATED
DEL-CCF6AF39,PHC-UP-LUK-001,PHC Bakshi Ka Talab,MED-INS-REG,Human Insulin (Regular / Soluble),98,2026-06-23,2026-06-30,2026-06-30,DELIVERED,SIMULATED
DEL-12AC2EDF,PHC-MH-PUN-003,PHC Khed,MED-PCM-SYR,Paracetamol Paediatric Syrup,364,2026-06-23,2026-06-27,2026-06-27,DELIVERED,SIMULATED
DEL-FE3BF3B6,PHC-BR-GAY-003,PHC Tekari,MED-ASV-VIAL,Anti-Snake Venom Serum (Polyvalent),28,2026-06-28,2026-07-03,2026-07-03,DELIVERED,SIMULATED
DEL-B7E54427,PHC-BR-GAY-003,PHC Tekari,MED-ART-60,Artesunate,28,2026-07-15,2026-07-20,2026-07-20,DELIVERED,SIMULATED
DEL-87AD5948,PHC-MH-PUN-001,PHC Mulshi,MED-MGS-50,Magnesium Sulfate,28,2026-07-19,2026-07-25,2026-07-25,DELIVERED,SIMULATED
DEL-4124852F,PHC-UP-VAR-002,PHC Pindra,MED-MGS-50,Magnesium Sulfate,42,2026-07-21,2026-07-25,2026-07-25,DELIVERED,SIMULATED
DEL-8AC93315,PHC-BR-PAT-001,PHC Bakhtiyarpur,MED-ORS-SFT,Oral Rehydration Salts (WHO Formula),560,2026-07-22,2026-07-26,2026-07-26,DELIVERED,SIMULATED
DEL-E891550C,PHC-BR-GAY-003,PHC Tekari,MED-INS-REG,Human Insulin (Regular / Soluble),42,2026-07-23,2026-07-29,2026-07-29,DELIVERED,SIMULATED
DEL-079B6F29,PHC-UP-VAR-001,PHC Cholapur,MED-RAB-VAC,Anti-Rabies Vaccine (Cell Culture),56,2026-07-23,2026-07-30,2026-07-30,DELIVERED,SIMULATED
DEL-80B2CDAB,PHC-MH-PUN-002,PHC Haveli,MED-MGS-50,Magnesium Sulfate,56,2026-07-23,2026-07-27,2026-07-27,DELIVERED,SIMULATED
DEL-72DFE891,PHC-BR-GAY-003,PHC Tekari,MED-OXY-AMP,Oxytocin,56,2026-07-24,2026-07-29,2026-07-29,DELIVERED,SIMULATED
DEL-A9C1A3A7,PHC-UP-VAR-004,PHC Kashi Vidyapeeth,MED-ART-60,Artesunate,70,2026-07-24,2026-07-29,2026-07-29,DELIVERED,SIMULATED
DEL-9EBB7949,PHC-RJ-JAI-002,PHC Chaksu,MED-ART-60,Artesunate,42,2026-07-24,2026-07-28,2026-07-28,DELIVERED,SIMULATED
DEL-9CB81734,PHC-BR-PAT-004,PHC Fatuha,MED-CTX-1G,Ceftriaxone,84,2026-07-25,2026-07-29,2026-07-29,DELIVERED,SIMULATED
DEL-BF2737FC,PHC-UP-VAR-001,PHC Cholapur,MED-INS-REG,Human Insulin (Regular / Soluble),70,2026-07-25,2026-07-30,2026-07-30,DELIVERED,SIMULATED
DEL-F40E5411,PHC-UP-VAR-002,PHC Pindra,MED-OXY-AMP,Oxytocin,98,2026-07-25,2026-07-30,2026-07-30,DELIVERED,SIMULATED
DEL-A2AE0D1E,PHC-UP-VAR-002,PHC Pindra,MED-ART-60,Artesunate,56,2026-07-25,2026-07-30,2026-07-30,DELIVERED,SIMULATED
DEL-81772A0F,PHC-UP-VAR-004,PHC Kashi Vidyapeeth,MED-MGS-50,Magnesium Sulfate,56,2026-07-25,2026-08-01,2026-08-01,DELIVERED,SIMULATED
DEL-4CB5C0EA,PHC-MH-PUN-002,PHC Haveli,MED-RAB-VAC,Anti-Rabies Vaccine (Cell Culture),84,2026-07-25,2026-07-30,2026-07-30,DELIVERED,SIMULATED
DEL-8E489933,PHC-KA-BEN-003,PHC Kengeri,MED-MGS-50,Magnesium Sulfate,56,2026-07-25,2026-07-29,2026-07-29,DELIVERED,SIMULATED
DEL-BF464644,PHC-BR-PAT-002,PHC Danapur,MED-CTX-1G,Ceftriaxone,140,2026-07-27,2026-08-02,2026-08-02,DELIVERED,SIMULATED
DEL-8DFBCB60,PHC-BR-PAT-003,PHC Bihta,MED-INS-REG,Human Insulin (Regular / Soluble),70,2026-07-27,2026-07-31,2026-07-31,DELIVERED,SIMULATED
DEL-39F74565,PHC-BR-GAY-002,PHC Sherghati,MED-IVF-D5500,Dextrose 5% in Water,112,2026-07-27,2026-08-02,2026-08-02,DELIVERED,SIMULATED
DEL-41E53854,PHC-UP-VAR-003,PHC Sevapuri,MED-ART-60,Artesunate,42,2026-07-27,2026-07-31,2026-07-31,DELIVERED,SIMULATED
DEL-7A9CFC7C,PHC-UP-VAR-004,PHC Kashi Vidyapeeth,MED-ASV-VIAL,Anti-Snake Venom Serum (Polyvalent),28,2026-07-27,2026-08-03,2026-08-03,DELIVERED,SIMULATED
DEL-062B4A59,PHC-UP-LUK-001,PHC Bakshi Ka Talab,MED-MGS-50,Magnesium Sulfate,56,2026-07-27,2026-08-02,2026-08-02,DELIVERED,SIMULATED
DEL-30D89713,PHC-UP-LUK-002,PHC Malihabad,MED-MGS-50,Magnesium Sulfate,42,2026-07-27,2026-08-02,2026-08-02,DELIVERED,SIMULATED
DEL-3C9C2759,PHC-RJ-JAI-001,PHC Bassi,MED-INS-REG,Human Insulin (Regular / Soluble),70,2026-07-27,2026-08-02,2026-08-02,DELIVERED,SIMULATED
DEL-6A9E830A,PHC-MH-PUN-001,PHC Mulshi,MED-INS-REG,Human Insulin (Regular / Soluble),56,2026-07-27,2026-08-01,2026-08-01,DELIVERED,SIMULATED
DEL-31634A56,PHC-MH-PUN-001,PHC Mulshi,MED-ART-60,Artesunate,42,2026-07-27,2026-07-31,2026-07-31,DELIVERED,SIMULATED
DEL-FC4C12B5,PHC-MH-PUN-001,PHC Mulshi,MED-ALB-400,Albendazole,112,2026-07-27,2026-08-01,2026-08-01,DELIVERED,SIMULATED
DEL-63DA9F80,PHC-MH-PUN-002,PHC Haveli,MED-INS-REG,Human Insulin (Regular / Soluble),98,2026-07-27,2026-08-01,2026-08-01,DELIVERED,SIMULATED
DEL-41F49CB2,PHC-KA-BEN-002,PHC Anekal,MED-RAB-VAC,Anti-Rabies Vaccine (Cell Culture),70,2026-07-27,2026-07-31,2026-07-31,DELIVERED,SIMULATED
DEL-6CFB418A,PHC-KA-BEN-003,PHC Kengeri,MED-ART-60,Artesunate,70,2026-07-27,2026-08-02,2026-08-02,DELIVERED,SIMULATED
DEL-859A1085,PHC-BR-PAT-001,PHC Bakhtiyarpur,MED-PCM-SYR,Paracetamol Paediatric Syrup,308,2026-07-28,2026-08-04,2026-08-04,DELIVERED,SIMULATED
DEL-BFFD796B,PHC-BR-PAT-004,PHC Fatuha,MED-ART-60,Artesunate,42,2026-07-28,2026-08-04,2026-08-04,DELIVERED,SIMULATED
DEL-137BBD34,PHC-BR-PAT-005,PHC Mokama,MED-INS-REG,Human Insulin (Regular / Soluble),70,2026-07-28,2026-08-01,2026-08-01,DELIVERED,SIMULATED
DEL-1A4B9666,DH-BR-PAT-001,District Hospital Gardanibagh,MED-ORS-SFT,Oral Rehydration Salts (WHO Formula),6524,2026-07-28,2026-08-02,2026-08-02,DELIVERED,SIMULATED
DEL-76B1BB5D,PHC-BR-GAY-001,PHC Bodh Gaya,MED-RAB-VAC,Anti-Rabies Vaccine (Cell Culture),56,2026-07-28,2026-08-04,2026-08-04,DELIVERED,SIMULATED
DEL-6F4EA457,PHC-UP-VAR-004,PHC Kashi Vidyapeeth,MED-INS-REG,Human Insulin (Regular / Soluble),98,2026-07-28,2026-08-01,2026-08-01,DELIVERED,SIMULATED
DEL-AB43074F,PHC-RJ-JAI-001,PHC Bassi,MED-CTX-1G,Ceftriaxone,112,2026-07-28,2026-08-03,2026-08-03,DELIVERED,SIMULATED
DEL-5B121409,PHC-RJ-JAI-001,PHC Bassi,MED-RAB-VAC,Anti-Rabies Vaccine (Cell Culture),56,2026-07-28,2026-08-01,2026-08-01,DELIVERED,SIMULATED
DEL-7BB54099,PHC-RJ-JAI-001,PHC Bassi,MED-IVF-RL500,Ringer's Lactate (Compound Sodium Lactate),224,2026-07-28,2026-08-02,2026-08-02,DELIVERED,SIMULATED
DEL-3A885B6A,PHC-MH-PUN-001,PHC Mulshi,MED-IVF-D5500,Dextrose 5% in Water,112,2026-07-28,2026-08-02,2026-08-02,DELIVERED,SIMULATED
DEL-B4675D09,PHC-BR-PAT-001,PHC Bakhtiyarpur,MED-RAB-VAC,Anti-Rabies Vaccine (Cell Culture),56,2026-07-29,2026-08-03,2026-08-03,DELIVERED,SIMULATED
DEL-DE770408,PHC-BR-PAT-001,PHC Bakhtiyarpur,MED-OXY-AMP,Oxytocin,84,2026-07-29,2026-08-04,2026-08-04,DELIVERED,SIMULATED
DEL-8BD617B2,PHC-BR-PAT-002,PHC Danapur,MED-AZI-500,Azithromycin,294,2026-07-29,2026-08-02,2026-08-02,DELIVERED,SIMULATED
DEL-095C573D,PHC-BR-PAT-003,PHC Bihta,MED-PCM-SYR,Paracetamol Paediatric Syrup,350,2026-07-29,2026-08-04,2026-08-04,DELIVERED,SIMULATED
DEL-04696E1C,PHC-BR-PAT-003,PHC Bihta,MED-AMX-500,Amoxicillin,420,2026-07-29,2026-08-04,2026-08-04,DELIVERED,SIMULATED
DEL-8838100E,PHC-BR-PAT-003,PHC Bihta,MED-ORS-SFT,Oral Rehydration Salts (WHO Formula),616,2026-07-29,2026-08-02,2026-08-02,DELIVERED,SIMULATED
DEL-2AC17745,PHC-BR-PAT-003,PHC Bihta,MED-AZI-500,Azithromycin,224,2026-07-29,2026-08-03,2026-08-03,DELIVERED,SIMULATED
DEL-7B08BBD2,PHC-BR-PAT-003,PHC Bihta,MED-CTX-1G,Ceftriaxone,112,2026-07-29,2026-08-03,2026-08-03,DELIVERED,SIMULATED
DEL-A2C12F35,PHC-BR-PAT-003,PHC Bihta,MED-ALB-400,Albendazole,154,2026-07-29,2026-08-02,2026-08-02,DELIVERED,SIMULATED
DEL-2DF4BF79,PHC-BR-PAT-004,PHC Fatuha,MED-AZI-500,Azithromycin,182,2026-07-29,2026-08-04,2026-08-04,DELIVERED,SIMULATED
DEL-60F01D67,PHC-BR-PAT-005,PHC Mokama,MED-IVF-NS500,Normal Saline (0.9% Sodium Chloride),280,2026-07-29,2026-08-02,2026-08-02,DELIVERED,SIMULATED
DEL-F5DE0B42,CHC-BR-PAT-001,CHC Phulwari Sharif,MED-PCM-500,Paracetamol,2534,2026-07-29,2026-08-05,2026-08-05,DELIVERED,SIMULATED
DEL-13F93F5F,DH-BR-PAT-001,District Hospital Gardanibagh,MED-AZI-500,Azithromycin,2436,2026-07-29,2026-08-02,2026-08-02,DELIVERED,SIMULATED
DEL-83FB74FF,DH-BR-PAT-001,District Hospital Gardanibagh,MED-IVF-NS500,Normal Saline (0.9% Sodium Chloride),3052,2026-07-29,2026-08-04,2026-08-04,DELIVERED,SIMULATED
DEL-115ECE66,PHC-BR-GAY-003,PHC Tekari,MED-RAB-VAC,Anti-Rabies Vaccine (Cell Culture),42,2026-07-29,2026-08-05,2026-08-05,DELIVERED,SIMULATED
DEL-048257F3,PHC-UP-VAR-001,PHC Cholapur,MED-MGS-50,Magnesium Sulfate,42,2026-07-29,2026-08-04,2026-08-04,DELIVERED,SIMULATED
DEL-AB79244D,PHC-UP-VAR-003,PHC Sevapuri,MED-IVF-D5500,Dextrose 5% in Water,126,2026-07-29,2026-08-05,2026-08-05,DELIVERED,SIMULATED
DEL-3F76FBBC,PHC-UP-VAR-004,PHC Kashi Vidyapeeth,MED-CTX-1G,Ceftriaxone,154,2026-07-29,2026-08-05,2026-08-05,DELIVERED,SIMULATED
DEL-6D47BA8F,CHC-UP-VAR-001,CHC Misirpur,MED-MGS-50,Magnesium Sulfate,140,2026-07-29,2026-08-05,2026-08-05,DELIVERED,SIMULATED
DEL-14DDF3C5,PHC-UP-LUK-002,PHC Malihabad,MED-RAB-VAC,Anti-Rabies Vaccine (Cell Culture),70,2026-07-29,2026-08-02,2026-08-02,DELIVERED,SIMULATED
DEL-F2F1AA53,PHC-UP-LUK-002,PHC Malihabad,MED-INS-REG,Human Insulin (Regular / Soluble),70,2026-07-29,2026-08-05,2026-08-05,DELIVERED,SIMULATED
DEL-688A404F,PHC-UP-LUK-002,PHC Malihabad,MED-IVF-RL500,Ringer's Lactate (Compound Sodium Lactate),238,2026-07-29,2026-08-03,2026-08-03,DELIVERED,SIMULATED
DEL-64C1E5F6,PHC-MH-PUN-001,PHC Mulshi,MED-PCM-SYR,Paracetamol Paediatric Syrup,266,2026-07-29,2026-08-03,2026-08-03,DELIVERED,SIMULATED
DEL-1B7104B0,PHC-KA-BEN-001,PHC Yelahanka,MED-ALB-400,Albendazole,224,2026-07-29,2026-08-03,2026-08-03,DELIVERED,SIMULATED
DEL-01B59F34,PHC-BR-PAT-001,PHC Bakhtiyarpur,MED-AMX-500,Amoxicillin,378,2026-07-30,2026-08-05,2026-08-05,DELIVERED,SIMULATED
DEL-0DB970E2,PHC-BR-PAT-001,PHC Bakhtiyarpur,MED-AMC-625,Amoxicillin + Clavulanic Acid,238,2026-07-30,2026-08-06,2026-08-06,DELIVERED,SIMULATED
DEL-E40138E9,PHC-BR-PAT-001,PHC Bakhtiyarpur,MED-MGS-50,Magnesium Sulfate,42,2026-07-30,2026-08-04,2026-08-04,DELIVERED,SIMULATED
DEL-4EFED785,PHC-BR-PAT-001,PHC Bakhtiyarpur,MED-IFA-TAB,Iron & Folic Acid (IFA),490,2026-07-30,2026-08-04,2026-08-04,DELIVERED,SIMULATED
DEL-BE3D6462,PHC-BR-PAT-002,PHC Danapur,MED-ASV-VIAL,Anti-Snake Venom Serum (Polyvalent),28,2026-07-30,2026-08-04,2026-08-04,DELIVERED,SIMULATED
DEL-BD58D5B5,PHC-BR-PAT-003,PHC Bihta,MED-AMC-625,Amoxicillin + Clavulanic Acid,266,2026-07-30,2026-08-06,2026-08-06,DELIVERED,SIMULATED
DEL-04E3EC52,PHC-BR-PAT-003,PHC Bihta,MED-MGS-50,Magnesium Sulfate,42,2026-07-30,2026-08-06,2026-08-06,DELIVERED,SIMULATED
DEL-E29F123C,PHC-BR-PAT-003,PHC Bihta,MED-IVF-D5500,Dextrose 5% in Water,154,2026-07-30,2026-08-06,2026-08-06,DELIVERED,SIMULATED
DEL-84D7C455,PHC-BR-PAT-004,PHC Fatuha,MED-OXY-AMP,Oxytocin,70,2026-07-30,2026-08-06,2026-08-06,DELIVERED,SIMULATED
DEL-91143809,PHC-BR-PAT-004,PHC Fatuha,MED-IVF-RL500,Ringer's Lactate (Compound Sodium Lactate),182,2026-07-30,2026-08-06,2026-08-06,DELIVERED,SIMULATED
DEL-2093146C,PHC-BR-PAT-005,PHC Mokama,MED-PCM-SYR,Paracetamol Paediatric Syrup,336,2026-07-30,2026-08-04,2026-08-04,DELIVERED,SIMULATED
DEL-8B793F9D,PHC-BR-PAT-005,PHC Mokama,MED-ZNC-20,Zinc Sulfate Dispersible,294,2026-07-30,2026-08-04,2026-08-04,DELIVERED,SIMULATED
DEL-C74F8262,CHC-BR-PAT-001,CHC Phulwari Sharif,MED-ORS-SFT,Oral Rehydration Salts (WHO Formula),1792,2026-07-30,2026-08-06,2026-08-06,DELIVERED,SIMULATED
DEL-409DE9F1,CHC-BR-PAT-001,CHC Phulwari Sharif,MED-AZI-500,Azithromycin,672,2026-07-30,2026-08-05,2026-08-05,DELIVERED,SIMULATED
DEL-23BEED84,CHC-BR-PAT-001,CHC Phulwari Sharif,MED-IFA-TAB,Iron & Folic Acid (IFA),1568,2026-07-30,2026-08-03,2026-08-03,DELIVERED,SIMULATED
DEL-1E156CDE,DH-BR-PAT-001,District Hospital Gardanibagh,MED-IVF-D5500,Dextrose 5% in Water,1624,2026-07-30,2026-08-06,2026-08-06,DELIVERED,SIMULATED
DEL-F292A698,DH-BR-PAT-001,District Hospital Gardanibagh,MED-IFA-TAB,Iron & Folic Acid (IFA),5712,2026-07-30,2026-08-05,2026-08-05,DELIVERED,SIMULATED
DEL-72B2B32C,PHC-BR-GAY-001,PHC Bodh Gaya,MED-OXY-AMP,Oxytocin,84,2026-07-30,2026-08-06,2026-08-06,DELIVERED,SIMULATED
DEL-80ED9DA7,PHC-BR-GAY-001,PHC Bodh Gaya,MED-IVF-RL500,Ringer's Lactate (Compound Sodium Lactate),210,2026-07-30,2026-08-05,2026-08-05,DELIVERED,SIMULATED
DEL-58ECB703,PHC-BR-GAY-002,PHC Sherghati,MED-ART-60,Artesunate,42,2026-07-30,2026-08-03,2026-08-03,DELIVERED,SIMULATED
DEL-08684591,PHC-UP-VAR-001,PHC Cholapur,MED-IVF-RL500,Ringer's Lactate (Compound Sodium Lactate),224,2026-07-30,2026-08-03,2026-08-03,DELIVERED,SIMULATED
DEL-3C02AC0E,PHC-UP-VAR-001,PHC Cholapur,MED-ART-60,Artesunate,56,2026-07-30,2026-08-06,2026-08-06,DELIVERED,SIMULATED
DEL-124A13D5,PHC-UP-VAR-002,PHC Pindra,MED-IVF-D5500,Dextrose 5% in Water,168,2026-07-30,2026-08-03,2026-08-03,DELIVERED,SIMULATED
DEL-0C66B0A5,PHC-UP-VAR-003,PHC Sevapuri,MED-INS-REG,Human Insulin (Regular / Soluble),56,2026-07-30,2026-08-04,2026-08-04,DELIVERED,SIMULATED
DEL-F0B1E6BF,PHC-UP-VAR-004,PHC Kashi Vidyapeeth,MED-RAB-VAC,Anti-Rabies Vaccine (Cell Culture),84,2026-07-30,2026-08-05,2026-08-05,DELIVERED,SIMULATED
DEL-20595A29,PHC-UP-VAR-004,PHC Kashi Vidyapeeth,MED-ALB-400,Albendazole,210,2026-07-30,2026-08-03,2026-08-03,DELIVERED,SIMULATED
DEL-F911A7DB,PHC-UP-LUK-002,PHC Malihabad,MED-ART-60,Artesunate,56,2026-07-30,2026-08-04,2026-08-04,DELIVERED,SIMULATED
DEL-670C4E84,PHC-UP-LUK-002,PHC Malihabad,MED-ALB-400,Albendazole,154,2026-07-30,2026-08-05,2026-08-05,DELIVERED,SIMULATED
DEL-78E0EBFC,PHC-UP-LUK-003,PHC Mohanlalganj,MED-IVF-NS500,Normal Saline (0.9% Sodium Chloride),308,2026-07-30,2026-08-04,2026-08-04,DELIVERED,SIMULATED
DEL-8A8788FF,DH-UP-LUK-001,Balrampur District Hospital Lucknow,MED-IVF-RL500,Ringer's Lactate (Compound Sodium Lactate),4886,2026-07-30,2026-08-03,2026-08-03,DELIVERED,SIMULATED
DEL-0EBBA904,PHC-RJ-JAI-003,PHC Amer,MED-ART-60,Artesunate,56,2026-07-30,2026-08-03,2026-08-03,DELIVERED,SIMULATED
DEL-7277795A,DH-RJ-JAI-001,Kanwatia District Hospital Jaipur,MED-MGS-50,Magnesium Sulfate,756,2026-07-30,2026-08-04,2026-08-04,DELIVERED,SIMULATED
DEL-22CACF81,PHC-MH-PUN-001,PHC Mulshi,MED-CTX-1G,Ceftriaxone,84,2026-07-30,2026-08-05,2026-08-05,DELIVERED,SIMULATED
DEL-299B11A9,PHC-MH-PUN-002,PHC Haveli,MED-CTX-1G,Ceftriaxone,154,2026-07-30,2026-08-04,2026-08-04,DELIVERED,SIMULATED
DEL-8D7FEC8A,PHC-MH-PUN-003,PHC Khed,MED-OXY-AMP,Oxytocin,98,2026-07-30,2026-08-05,2026-08-05,DELIVERED,SIMULATED
DEL-9448257A,PHC-MH-PUN-003,PHC Khed,MED-MGS-50,Magnesium Sulfate,42,2026-07-30,2026-08-05,2026-08-05,DELIVERED,SIMULATED
DEL-8DA2B257,PHC-MH-PUN-003,PHC Khed,MED-IVF-D5500,Dextrose 5% in Water,154,2026-07-30,2026-08-06,2026-08-06,DELIVERED,SIMULATED
DEL-E8CCA544,PHC-KA-BEN-003,PHC Kengeri,MED-IVF-D5500,Dextrose 5% in Water,196,2026-07-30,2026-08-05,2026-08-05,DELIVERED,SIMULATED
DEL-758EB629,DH-KA-BEN-001,KC General District Hospital Malleshwaram,MED-IVF-D5500,Dextrose 5% in Water,3528,2026-07-30,2026-08-05,2026-08-05,DELIVERED,SIMULATED
DEL-73CFAE0A,DH-KA-BEN-001,KC General District Hospital Malleshwaram,MED-ALB-400,Albendazole,3528,2026-07-30,2026-08-05,2026-08-05,DELIVERED,SIMULATED
DEL-BDF49967,PHC-BR-PAT-001,PHC Bakhtiyarpur,MED-IVF-D5500,Dextrose 5% in Water,140,2026-07-31,2026-08-06,2026-08-06,DELIVERED,SIMULATED
DEL-D69471DB,PHC-BR-PAT-002,PHC Danapur,MED-AMC-625,Amoxicillin + Clavulanic Acid,350,2026-07-31,2026-08-04,2026-08-04,DELIVERED,SIMULATED
DEL-3DE74C2B,PHC-BR-PAT-002,PHC Danapur,MED-ZNC-20,Zinc Sulfate Dispersible,392,2026-07-31,2026-08-05,2026-08-05,DELIVERED,SIMULATED
DEL-F3229A5C,PHC-BR-PAT-002,PHC Danapur,MED-IVF-NS500,Normal Saline (0.9% Sodium Chloride),378,2026-07-31,2026-08-06,2026-08-06,DELIVERED,SIMULATED
DEL-2860383D,PHC-BR-PAT-002,PHC Danapur,MED-ART-60,Artesunate,70,2026-07-31,2026-08-06,2026-08-06,DELIVERED,SIMULATED
DEL-9A92D0E4,PHC-BR-PAT-003,PHC Bihta,MED-ZNC-20,Zinc Sulfate Dispersible,308,2026-07-31,2026-08-07,2026-08-07,DELIVERED,SIMULATED
DEL-9B437BF4,PHC-BR-PAT-003,PHC Bihta,MED-MET-500,Metformin Hydrochloride,490,2026-07-31,2026-08-07,2026-08-07,DELIVERED,SIMULATED
DEL-E232EE4F,PHC-BR-PAT-003,PHC Bihta,MED-OXY-AMP,Oxytocin,98,2026-07-31,2026-08-07,2026-08-07,DELIVERED,SIMULATED
DEL-0CE4BC63,PHC-BR-PAT-004,PHC Fatuha,MED-AMX-500,Amoxicillin,350,2026-07-31,2026-08-06,2026-08-06,DELIVERED,SIMULATED
DEL-2E810F01,PHC-BR-PAT-004,PHC Fatuha,MED-RAB-VAC,Anti-Rabies Vaccine (Cell Culture),56,2026-07-31,2026-08-04,2026-08-04,DELIVERED,SIMULATED
DEL-EE58AD94,PHC-BR-PAT-004,PHC Fatuha,MED-IFA-TAB,Iron & Folic Acid (IFA),448,2026-07-31,2026-08-05,2026-08-05,DELIVERED,SIMULATED
DEL-38391FF7,PHC-BR-PAT-005,PHC Mokama,MED-ORS-SFT,Oral Rehydration Salts (WHO Formula),602,2026-07-31,2026-08-07,2026-08-07,DELIVERED,SIMULATED
DEL-11AEBE28,PHC-BR-PAT-005,PHC Mokama,MED-OXY-AMP,Oxytocin,84,2026-07-31,2026-08-04,2026-08-04,DELIVERED,SIMULATED
DEL-CA5D4AEC,CHC-BR-PAT-001,CHC Phulwari Sharif,MED-CTX-1G,Ceftriaxone,336,2026-07-31,2026-08-05,2026-08-05,DELIVERED,SIMULATED
DEL-70652B68,CHC-BR-PAT-001,CHC Phulwari Sharif,MED-MET-500,Metformin Hydrochloride,1400,2026-07-31,2026-08-05,2026-08-05,DELIVERED,SIMULATED
DEL-26C00CBA,CHC-BR-PAT-001,CHC Phulwari Sharif,MED-IVF-D5500,Dextrose 5% in Water,448,2026-07-31,2026-08-05,2026-08-05,DELIVERED,SIMULATED
DEL-C5B60279,DH-BR-PAT-001,District Hospital Gardanibagh,MED-INS-REG,Human Insulin (Regular / Soluble),812,2026-07-31,2026-08-05,2026-08-05,DELIVERED,SIMULATED
DEL-63E8C091,PHC-BR-GAY-002,PHC Sherghati,MED-ZNC-20,Zinc Sulfate Dispersible,238,2026-07-31,2026-08-04,2026-08-04,DELIVERED,SIMULATED
DEL-BF41B6F7,PHC-BR-GAY-002,PHC Sherghati,MED-OXY-AMP,Oxytocin,70,2026-07-31,2026-08-05,2026-08-05,DELIVERED,SIMULATED
DEL-A70AC3AB,PHC-BR-GAY-002,PHC Sherghati,MED-ALB-400,Albendazole,112,2026-07-31,2026-08-05,2026-08-05,DELIVERED,SIMULATED
DEL-46FF0F8D,PHC-BR-GAY-003,PHC Tekari,MED-AMC-625,Amoxicillin + Clavulanic Acid,182,2026-07-31,2026-08-07,2026-08-07,DELIVERED,SIMULATED
DEL-8C72F0F6,PHC-UP-VAR-002,PHC Pindra,MED-AZI-500,Azithromycin,252,2026-07-31,2026-08-07,2026-08-07,DELIVERED,SIMULATED
DEL-43BE4936,PHC-UP-VAR-003,PHC Sevapuri,MED-AMC-625,Amoxicillin + Clavulanic Acid,224,2026-07-31,2026-08-04,2026-08-04,DELIVERED,SIMULATED
DEL-82A3F99C,PHC-UP-VAR-003,PHC Sevapuri,MED-IVF-RL500,Ringer's Lactate (Compound Sodium Lactate),196,2026-07-31,2026-08-05,2026-08-05,DELIVERED,SIMULATED
DEL-F11E6ED2,PHC-UP-VAR-003,PHC Sevapuri,MED-ALB-400,Albendazole,126,2026-07-31,2026-08-05,2026-08-05,DELIVERED,SIMULATED
DEL-34D13BF9,PHC-UP-LUK-001,PHC Bakshi Ka Talab,MED-CTX-1G,Ceftriaxone,140,2026-07-31,2026-08-07,2026-08-07,DELIVERED,SIMULATED
DEL-1A488225,PHC-UP-LUK-003,PHC Mohanlalganj,MED-OXY-AMP,Oxytocin,98,2026-07-31,2026-08-05,2026-08-05,DELIVERED,SIMULATED
DEL-609E98F5,DH-UP-LUK-001,Balrampur District Hospital Lucknow,MED-IFA-TAB,Iron & Folic Acid (IFA),11424,2026-07-31,2026-08-07,2026-08-07,DELIVERED,SIMULATED
DEL-1F165C33,PHC-MH-PUN-001,PHC Mulshi,MED-ORS-SFT,Oral Rehydration Salts (WHO Formula),490,2026-07-31,2026-08-07,2026-08-07,DELIVERED,SIMULATED
DEL-5B08F04F,PHC-MH-PUN-003,PHC Khed,MED-CTX-1G,Ceftriaxone,112,2026-07-31,2026-08-04,2026-08-04,DELIVERED,SIMULATED
DEL-BE6C5DC3,PHC-MH-PUN-003,PHC Khed,MED-INS-REG,Human Insulin (Regular / Soluble),70,2026-07-31,2026-08-06,2026-08-06,DELIVERED,SIMULATED
DEL-FD2B72D3,PHC-KA-BEN-001,PHC Yelahanka,MED-OXY-AMP,Oxytocin,140,2026-07-31,2026-08-04,2026-08-04,DELIVERED,SIMULATED
DEL-3AA436EF,PHC-KA-BEN-001,PHC Yelahanka,MED-ART-60,Artesunate,84,2026-07-31,2026-08-04,2026-08-04,DELIVERED,SIMULATED
DEL-381BC6CD,DH-KA-BEN-001,KC General District Hospital Malleshwaram,MED-INS-REG,Human Insulin (Regular / Soluble),1764,2026-07-31,2026-08-04,2026-08-04,DELIVERED,SIMULATED
DEL-6CE67B4E,DH-KA-BEN-001,KC General District Hospital Malleshwaram,MED-MET-500,Metformin Hydrochloride,11046,2026-07-31,2026-08-07,2026-08-07,DELIVERED,SIMULATED
DEL-BED26B2C,PHC-BR-PAT-001,PHC Bakhtiyarpur,MED-INS-REG,Human Insulin (Regular / Soluble),70,2026-08-01,2026-08-08,2026-08-08,DELIVERED,SIMULATED
DEL-262BC528,PHC-BR-PAT-002,PHC Danapur,MED-MGS-50,Magnesium Sulfate,56,2026-08-01,2026-08-08,2026-08-08,DELIVERED,SIMULATED
DEL-3C0A84E2,PHC-BR-PAT-002,PHC Danapur,MED-IVF-RL500,Ringer's Lactate (Compound Sodium Lactate),294,2026-08-01,2026-08-05,2026-08-05,DELIVERED,SIMULATED
DEL-43E3FDF8,PHC-BR-PAT-003,PHC Bihta,MED-PCM-500,Paracetamol,868,2026-08-01,2026-08-06,2026-08-06,DELIVERED,SIMULATED
DEL-65F64B14,PHC-BR-PAT-003,PHC Bihta,MED-IVF-NS500,Normal Saline (0.9% Sodium Chloride),294,2026-08-01,2026-08-05,2026-08-05,DELIVERED,SIMULATED
DEL-90A139A7,PHC-BR-PAT-003,PHC Bihta,MED-IVF-RL500,Ringer's Lactate (Compound Sodium Lactate),224,2026-08-01,2026-08-07,2026-08-07,DELIVERED,SIMULATED
DEL-5EF6B9E2,PHC-BR-PAT-003,PHC Bihta,MED-IFA-TAB,Iron & Folic Acid (IFA),546,2026-08-01,2026-08-08,2026-08-08,DELIVERED,SIMULATED
DEL-5FDAD809,PHC-BR-PAT-005,PHC Mokama,MED-AMX-500,Amoxicillin,406,2026-08-01,2026-08-05,2026-08-05,DELIVERED,SIMULATED
DEL-02AB18DE,PHC-BR-PAT-005,PHC Mokama,MED-ART-60,Artesunate,56,2026-08-01,2026-08-08,2026-08-08,DELIVERED,SIMULATED
DEL-68B415AB,DH-BR-PAT-001,District Hospital Gardanibagh,MED-PCM-SYR,Paracetamol Paediatric Syrup,3668,2026-08-01,2026-08-06,2026-08-06,DELIVERED,SIMULATED
DEL-BCC6DC3B,DH-BR-PAT-001,District Hospital Gardanibagh,MED-ZNC-20,Zinc Sulfate Dispersible,3262,2026-08-01,2026-08-05,2026-08-05,DELIVERED,SIMULATED
DEL-69B62712,PHC-BR-GAY-001,PHC Bodh Gaya,MED-AMX-500,Amoxicillin,392,2026-08-01,2026-08-07,2026-08-07,DELIVERED,SIMULATED
DEL-ED8DBC38,PHC-BR-GAY-001,PHC Bodh Gaya,MED-ZNC-20,Zinc Sulfate Dispersible,280,2026-08-01,2026-08-08,2026-08-08,DELIVERED,SIMULATED
DEL-5A7DE6F6,PHC-BR-GAY-001,PHC Bodh Gaya,MED-CTX-1G,Ceftriaxone,98,2026-08-01,2026-08-08,2026-08-08,DELIVERED,SIMULATED
DEL-795A9E3D,PHC-BR-GAY-002,PHC Sherghati,MED-PCM-500,Paracetamol,686,2026-08-01,2026-08-08,2026-08-08,DELIVERED,SIMULATED
DEL-F707A085,PHC-BR-GAY-003,PHC Tekari,MED-MGS-50,Magnesium Sulfate,28,2026-08-01,2026-08-08,2026-08-08,DELIVERED,SIMULATED
DEL-9A043735,PHC-UP-LUK-002,PHC Malihabad,MED-CTX-1G,Ceftriaxone,112,2026-08-01,2026-08-07,2026-08-07,DELIVERED,SIMULATED
DEL-78B86A8B,PHC-UP-LUK-002,PHC Malihabad,MED-IVF-NS500,Normal Saline (0.9% Sodium Chloride),294,2026-08-01,2026-08-08,2026-08-08,DELIVERED,SIMULATED
DEL-E247619E,PHC-UP-LUK-003,PHC Mohanlalganj,MED-AZI-500,Azithromycin,252,2026-08-01,2026-08-06,2026-08-06,DELIVERED,SIMULATED
DEL-3F184215,PHC-UP-LUK-003,PHC Mohanlalganj,MED-ART-60,Artesunate,56,2026-08-01,2026-08-06,2026-08-06,DELIVERED,SIMULATED
DEL-E100066D,DH-UP-LUK-001,Balrampur District Hospital Lucknow,MED-ZNC-20,Zinc Sulfate Dispersible,6524,2026-08-01,2026-08-05,2026-08-05,DELIVERED,SIMULATED
DEL-9E76AD34,DH-UP-LUK-001,Balrampur District Hospital Lucknow,MED-ASV-VIAL,Anti-Snake Venom Serum (Polyvalent),476,2026-08-01,2026-08-08,2026-08-08,DELIVERED,SIMULATED
DEL-F96A2760,DH-UP-LUK-001,Balrampur District Hospital Lucknow,MED-MGS-50,Magnesium Sulfate,1008,2026-08-01,2026-08-08,2026-08-08,DELIVERED,SIMULATED
DEL-1347CFF7,PHC-RJ-JAI-001,PHC Bassi,MED-ZNC-20,Zinc Sulfate Dispersible,308,2026-08-01,2026-08-05,2026-08-05,DELIVERED,SIMULATED
DEL-0E6B7B31,PHC-RJ-JAI-003,PHC Amer,MED-INS-REG,Human Insulin (Regular / Soluble),84,2026-08-01,2026-08-08,2026-08-08,DELIVERED,SIMULATED
DEL-EDF66FB9,DH-RJ-JAI-001,Kanwatia District Hospital Jaipur,MED-PCM-SYR,Paracetamol Paediatric Syrup,5502,2026-08-01,2026-08-06,2026-08-06,DELIVERED,SIMULATED
DEL-B7AB39D0,DH-RJ-JAI-001,Kanwatia District Hospital Jaipur,MED-ART-60,Artesunate,910,2026-08-01,2026-08-06,2026-08-06,DELIVERED,SIMULATED
DEL-7770CF15,DH-RJ-JAI-001,Kanwatia District Hospital Jaipur,MED-IFA-TAB,Iron & Folic Acid (IFA),8568,2026-08-01,2026-08-08,2026-08-08,DELIVERED,SIMULATED
DEL-968256AA,PHC-MH-PUN-003,PHC Khed,MED-AMC-625,Amoxicillin + Clavulanic Acid,280,2026-08-01,2026-08-07,2026-08-07,DELIVERED,SIMULATED
DEL-48DB7DA1,PHC-KA-BEN-002,PHC Anekal,MED-IFA-TAB,Iron & Folic Acid (IFA),616,2026-08-01,2026-08-05,2026-08-05,DELIVERED,SIMULATED
DEL-98BFE4B0,PHC-KA-BEN-003,PHC Kengeri,MED-RAB-VAC,Anti-Rabies Vaccine (Cell Culture),84,2026-08-01,2026-08-05,2026-08-05,DELIVERED,SIMULATED
DEL-53A37F01,PHC-BR-PAT-001,PHC Bakhtiyarpur,MED-MET-500,Metformin Hydrochloride,434,2026-08-02,2026-08-06,2026-08-06,DELIVERED,SIMULATED
DEL-0DEC5208,PHC-BR-PAT-004,PHC Fatuha,MED-ORS-SFT,Oral Rehydration Salts (WHO Formula),504,2026-08-02,2026-08-08,2026-08-08,DELIVERED,SIMULATED
DEL-16582528,PHC-BR-PAT-005,PHC Mokama,MED-PCM-500,Paracetamol,840,2026-08-02,2026-08-07,2026-08-07,DELIVERED,SIMULATED
DEL-2AFBEA34,CHC-BR-PAT-001,CHC Phulwari Sharif,MED-PCM-SYR,Paracetamol Paediatric Syrup,1008,2026-08-02,2026-08-08,2026-08-08,DELIVERED,SIMULATED
DEL-18FEBE6C,CHC-BR-PAT-001,CHC Phulwari Sharif,MED-AMX-500,Amoxicillin,1232,2026-08-02,2026-08-07,2026-08-07,DELIVERED,SIMULATED
DEL-CA26F255,DH-BR-PAT-001,District Hospital Gardanibagh,MED-IVF-RL500,Ringer's Lactate (Compound Sodium Lactate),2436,2026-08-02,2026-08-07,2026-08-07,DELIVERED,SIMULATED
DEL-4F6B576F,PHC-BR-GAY-002,PHC Sherghati,MED-IVF-RL500,Ringer's Lactate (Compound Sodium Lactate),182,2026-08-02,2026-08-09,2026-08-09,DELIVERED,SIMULATED
DEL-DF1D4079,DH-BR-GAY-001,Jay Prakash Narayan District Hospital Gaya,MED-ALB-400,Albendazole,2170,2026-08-02,2026-08-09,2026-08-09,DELIVERED,SIMULATED
DEL-6A1B2D70,PHC-UP-LUK-001,PHC Bakshi Ka Talab,MED-AMC-625,Amoxicillin + Clavulanic Acid,336,2026-08-02,2026-08-07,2026-08-07,DELIVERED,SIMULATED
DEL-526D83D3,DH-UP-LUK-001,Balrampur District Hospital Lucknow,MED-PCM-SYR,Paracetamol Paediatric Syrup,7336,2026-08-02,2026-08-07,2026-08-07,DELIVERED,SIMULATED
DEL-AE3F7768,PHC-RJ-JAI-001,PHC Bassi,MED-OXY-AMP,Oxytocin,98,2026-08-02,2026-08-06,2026-08-06,DELIVERED,SIMULATED
DEL-CAABF34F,PHC-KA-BEN-003,PHC Kengeri,MED-AMX-500,Amoxicillin,560,2026-08-02,2026-08-07,2026-08-07,DELIVERED,SIMULATED
DEL-EDB84AA4,PHC-KA-BEN-003,PHC Kengeri,MED-IVF-NS500,Normal Saline (0.9% Sodium Chloride),378,2026-08-02,2026-08-07,2026-08-07,DELIVERED,SIMULATED
DEL-4D41950D,PHC-BR-PAT-001,PHC Bakhtiyarpur,MED-IVF-RL500,Ringer's Lactate (Compound Sodium Lactate),210,2026-08-03,2026-08-10,2026-08-10,DELIVERED,SIMULATED
DEL-77CD0718,PHC-BR-PAT-002,PHC Danapur,MED-PCM-SYR,Paracetamol Paediatric Syrup,448,2026-08-03,2026-08-10,2026-08-10,DELIVERED,SIMULATED
DEL-3BF8B1D1,PHC-BR-PAT-002,PHC Danapur,MED-RAB-VAC,Anti-Rabies Vaccine (Cell Culture),84,2026-08-03,2026-08-10,2026-08-10,DELIVERED,SIMULATED
DEL-EA4A610D,PHC-BR-PAT-002,PHC Danapur,MED-INS-REG,Human Insulin (Regular / Soluble),98,2026-08-03,2026-08-09,2026-08-09,DELIVERED,SIMULATED
DEL-3676AE44,PHC-BR-PAT-003,PHC Bihta,MED-ART-60,Artesunate,56,2026-08-03,2026-08-09,2026-08-09,DELIVERED,SIMULATED
DEL-F1EA919B,PHC-BR-PAT-004,PHC Fatuha,MED-PCM-500,Paracetamol,714,2026-08-03,2026-08-10,2026-08-10,DELIVERED,SIMULATED
DEL-2C7016BD,PHC-BR-PAT-005,PHC Mokama,MED-MET-500,Metformin Hydrochloride,462,2026-08-03,2026-08-08,2026-08-08,DELIVERED,SIMULATED
DEL-247C944B,PHC-BR-PAT-005,PHC Mokama,MED-IVF-RL500,Ringer's Lactate (Compound Sodium Lactate),224,2026-08-03,2026-08-10,2026-08-10,DELIVERED,SIMULATED
DEL-DF337F60,CHC-BR-PAT-001,CHC Phulwari Sharif,MED-AMC-625,Amoxicillin + Clavulanic Acid,784,2026-08-03,2026-08-09,2026-08-09,DELIVERED,SIMULATED
DEL-16910D7B,CHC-BR-PAT-001,CHC Phulwari Sharif,MED-OXY-AMP,Oxytocin,280,2026-08-03,2026-08-09,2026-08-09,DELIVERED,SIMULATED
DEL-B3058484,CHC-BR-PAT-001,CHC Phulwari Sharif,MED-IVF-NS500,Normal Saline (0.9% Sodium Chloride),840,2026-08-03,2026-08-07,2026-08-07,DELIVERED,SIMULATED
DEL-C2EDC3C3,CHC-BR-PAT-001,CHC Phulwari Sharif,MED-ART-60,Artesunate,168,2026-08-03,2026-08-09,2026-08-09,DELIVERED,SIMULATED
DEL-93C65D1A,CHC-BR-PAT-001,CHC Phulwari Sharif,MED-ALB-400,Albendazole,448,2026-08-03,2026-08-10,2026-08-10,DELIVERED,SIMULATED
DEL-661A4C15,DH-BR-PAT-001,District Hospital Gardanibagh,MED-PCM-500,Paracetamol,9184,2026-08-03,2026-08-10,2026-08-10,DELIVERED,SIMULATED
DEL-BD429AE9,DH-BR-PAT-001,District Hospital Gardanibagh,MED-AMX-500,Amoxicillin,4480,2026-08-03,2026-08-09,2026-08-09,DELIVERED,SIMULATED
DEL-F915FCB2,DH-BR-PAT-001,District Hospital Gardanibagh,MED-AMC-625,Amoxicillin + Clavulanic Acid,2856,2026-08-03,2026-08-07,2026-08-07,DELIVERED,SIMULATED
DEL-DD36153D,PHC-BR-GAY-003,PHC Tekari,MED-MET-500,Metformin Hydrochloride,322,2026-08-03,2026-08-07,2026-08-07,DELIVERED,SIMULATED
DEL-B64B7637,PHC-BR-GAY-003,PHC Tekari,MED-IVF-D5500,Dextrose 5% in Water,98,2026-08-03,2026-08-09,2026-08-09,DELIVERED,SIMULATED
DEL-1E47524C,PHC-UP-VAR-004,PHC Kashi Vidyapeeth,MED-AMC-625,Amoxicillin + Clavulanic Acid,364,2026-08-03,2026-08-09,2026-08-09,DELIVERED,SIMULATED
DEL-DC314E1A,DH-UP-VAR-001,Pandit Deen Dayal Upadhyay District Hospital,MED-IVF-D5500,Dextrose 5% in Water,2576,2026-08-03,2026-08-09,2026-08-09,DELIVERED,SIMULATED
DEL-AA667C5E,PHC-RJ-JAI-002,PHC Chaksu,MED-OXY-AMP,Oxytocin,84,2026-08-03,2026-08-08,2026-08-08,DELIVERED,SIMULATED
DEL-A5264A31,PHC-RJ-JAI-003,PHC Amer,MED-RAB-VAC,Anti-Rabies Vaccine (Cell Culture),70,2026-08-03,2026-08-08,2026-08-08,DELIVERED,SIMULATED
DEL-09573711,PHC-KA-BEN-001,PHC Yelahanka,MED-PCM-500,Paracetamol,1316,2026-08-03,2026-08-07,2026-08-07,DELIVERED,SIMULATED
DEL-8E6C5D67,PHC-KA-BEN-001,PHC Yelahanka,MED-RAB-VAC,Anti-Rabies Vaccine (Cell Culture),98,2026-08-03,2026-08-07,2026-08-07,DELIVERED,SIMULATED
DEL-1C5E0907,PHC-KA-BEN-003,PHC Kengeri,MED-IVF-RL500,Ringer's Lactate (Compound Sodium Lactate),308,2026-08-03,2026-08-08,2026-08-08,DELIVERED,SIMULATED
DEL-20DF3242,PHC-BR-PAT-001,PHC Bakhtiyarpur,MED-ZNC-20,Zinc Sulfate Dispersible,280,2026-08-04,2026-08-08,2026-08-08,DELIVERED,SIMULATED
DEL-0E518C4D,PHC-BR-PAT-001,PHC Bakhtiyarpur,MED-AZI-500,Azithromycin,210,2026-08-04,2026-08-11,2026-08-11,DELIVERED,SIMULATED
DEL-088F15B4,PHC-BR-PAT-002,PHC Danapur,MED-MET-500,Metformin Hydrochloride,630,2026-08-04,2026-08-09,2026-08-09,DELIVERED,SIMULATED
DEL-EF67AC1F,PHC-BR-PAT-002,PHC Danapur,MED-IVF-D5500,Dextrose 5% in Water,196,2026-08-04,2026-08-08,2026-08-08,DELIVERED,SIMULATED
DEL-7B533D46,PHC-BR-PAT-002,PHC Danapur,MED-ALB-400,Albendazole,196,2026-08-04,2026-08-09,2026-08-09,DELIVERED,SIMULATED
DEL-42168BBF,PHC-BR-PAT-005,PHC Mokama,MED-IVF-D5500,Dextrose 5% in Water,140,2026-08-04,2026-08-11,2026-08-11,DELIVERED,SIMULATED
DEL-9DA328DD,DH-BR-PAT-001,District Hospital Gardanibagh,MED-CTX-1G,Ceftriaxone,1218,2026-08-04,2026-08-11,2026-08-11,DELIVERED,SIMULATED
DEL-9A063FED,DH-BR-PAT-001,District Hospital Gardanibagh,MED-ALB-400,Albendazole,1624,2026-08-04,2026-08-11,2026-08-11,DELIVERED,SIMULATED
DEL-3B20DC45,DH-UP-VAR-001,Pandit Deen Dayal Upadhyay District Hospital,MED-IFA-TAB,Iron & Folic Acid (IFA),9044,2026-08-04,2026-08-11,2026-08-11,DELIVERED,SIMULATED
DEL-B236F90D,PHC-RJ-JAI-001,PHC Bassi,MED-AZI-500,Azithromycin,224,2026-08-04,2026-08-08,2026-08-08,DELIVERED,SIMULATED
DEL-E77AABFB,PHC-RJ-JAI-003,PHC Amer,MED-AZI-500,Azithromycin,266,2026-08-04,2026-08-09,2026-08-09,DELIVERED,SIMULATED
DEL-CD86226F,DH-RJ-JAI-001,Kanwatia District Hospital Jaipur,MED-AZI-500,Azithromycin,3668,2026-08-04,2026-08-11,2026-08-11,DELIVERED,SIMULATED
DEL-C3BE43AD,DH-MH-PUN-001,Aundh District Hospital Pune,MED-AMC-625,Amoxicillin + Clavulanic Acid,5236,2026-08-04,2026-08-10,2026-08-10,DELIVERED,SIMULATED
DEL-D48785B8,DH-MH-PUN-001,Aundh District Hospital Pune,MED-MET-500,Metformin Hydrochloride,9352,2026-08-04,2026-08-10,2026-08-10,DELIVERED,SIMULATED
DEL-B1CA66BC,PHC-KA-BEN-001,PHC Yelahanka,MED-CTX-1G,Ceftriaxone,168,2026-08-04,2026-08-11,2026-08-11,DELIVERED,SIMULATED
DEL-34284B34,PHC-KA-BEN-002,PHC Anekal,MED-ALB-400,Albendazole,168,2026-08-04,2026-08-10,2026-08-10,DELIVERED,SIMULATED
DEL-C9F1A4A2,PHC-BR-PAT-005,PHC Mokama,MED-AMC-625,Amoxicillin + Clavulanic Acid,252,2026-08-05,2026-08-10,2026-08-10,DELIVERED,SIMULATED
DEL-6D0E8E6F,PHC-BR-PAT-005,PHC Mokama,MED-ASV-VIAL,Anti-Snake Venom Serum (Polyvalent),28,2026-08-05,2026-08-10,2026-08-10,DELIVERED,SIMULATED
DEL-36F4BE8C,CHC-BR-PAT-001,CHC Phulwari Sharif,MED-IVF-RL500,Ringer's Lactate (Compound Sodium Lactate),672,2026-08-05,2026-08-10,2026-08-10,DELIVERED,SIMULATED
DEL-12468EFA,DH-BR-GAY-001,Jay Prakash Narayan District Hospital Gaya,MED-MGS-50,Magnesium Sulfate,672,2026-08-05,2026-08-10,2026-08-10,DELIVERED,SIMULATED
DEL-56F1BC12,PHC-UP-VAR-003,PHC Sevapuri,MED-IFA-TAB,Iron & Folic Acid (IFA),462,2026-08-05,2026-08-09,2026-08-09,DELIVERED,SIMULATED
DEL-6E8C1E62,PHC-UP-LUK-002,PHC Malihabad,MED-AMX-500,Amoxicillin,434,2026-08-05,2026-08-11,2026-08-11,DELIVERED,SIMULATED
DEL-1472D772,PHC-UP-LUK-003,PHC Mohanlalganj,MED-ORS-SFT,Oral Rehydration Salts (WHO Formula),672,2026-08-05,2026-08-11,2026-08-11,DELIVERED,SIMULATED
DEL-95695654,PHC-RJ-JAI-001,PHC Bassi,MED-AMC-625,Amoxicillin + Clavulanic Acid,266,2026-08-05,2026-08-11,2026-08-11,DELIVERED,SIMULATED
DEL-3E9DD992,PHC-KA-BEN-002,PHC Anekal,MED-AMX-500,Amoxicillin,490,2026-08-05,2026-08-10,2026-08-10,DELIVERED,SIMULATED
DEL-7A258109,PHC-KA-BEN-002,PHC Anekal,MED-ASV-VIAL,Anti-Snake Venom Serum (Polyvalent),28,2026-08-05,2026-08-09,2026-08-09,DELIVERED,SIMULATED
DEL-A774AA7A,DH-KA-BEN-001,KC General District Hospital Malleshwaram,MED-ZNC-20,Zinc Sulfate Dispersible,7070,2026-08-05,2026-08-10,2026-08-10,DELIVERED,SIMULATED
DEL-2EC3F846,DH-KA-BEN-001,KC General District Hospital Malleshwaram,MED-CTX-1G,Ceftriaxone,2646,2026-08-05,2026-08-11,2026-08-11,DELIVERED,SIMULATED
DEL-DBFF8D28,DH-KA-BEN-001,KC General District Hospital Malleshwaram,MED-RAB-VAC,Anti-Rabies Vaccine (Cell Culture),1540,2026-08-05,2026-08-12,2026-08-12,DELIVERED,SIMULATED
DEL-15960901,PHC-BR-PAT-003,PHC Bihta,MED-ASV-VIAL,Anti-Snake Venom Serum (Polyvalent),28,2026-08-06,2026-08-12,2026-08-12,DELIVERED,SIMULATED
DEL-7C46D71C,PHC-BR-GAY-002,PHC Sherghati,MED-MET-500,Metformin Hydrochloride,378,2026-08-06,2026-08-10,2026-08-10,DELIVERED,SIMULATED
DEL-3C0AD98F,PHC-UP-VAR-001,PHC Cholapur,MED-AMC-625,Amoxicillin + Clavulanic Acid,266,2026-08-06,2026-08-12,2026-08-12,DELIVERED,SIMULATED
DEL-D7F52900,PHC-UP-VAR-001,PHC Cholapur,MED-IFA-TAB,Iron & Folic Acid (IFA),546,2026-08-06,2026-08-11,2026-08-11,DELIVERED,SIMULATED
DEL-7AB05581,CHC-UP-VAR-001,CHC Misirpur,MED-PCM-SYR,Paracetamol Paediatric Syrup,1050,2026-08-06,2026-08-13,2026-08-13,DELIVERED,SIMULATED
DEL-EE484DC7,PHC-UP-LUK-001,PHC Bakshi Ka Talab,MED-OXY-AMP,Oxytocin,112,2026-08-06,2026-08-13,2026-08-13,DELIVERED,SIMULATED
DEL-C393A3C1,PHC-UP-LUK-002,PHC Malihabad,MED-MET-500,Metformin Hydrochloride,504,2026-08-06,2026-08-11,2026-08-11,DELIVERED,SIMULATED
DEL-5DE4CB2C,PHC-UP-LUK-002,PHC Malihabad,MED-OXY-AMP,Oxytocin,98,2026-08-06,2026-08-12,2026-08-12,DELIVERED,SIMULATED
DEL-BC6C859B,PHC-UP-LUK-003,PHC Mohanlalganj,MED-MET-500,Metformin Hydrochloride,518,2026-08-06,2026-08-13,2026-08-13,DELIVERED,SIMULATED
DEL-11372266,PHC-UP-LUK-003,PHC Mohanlalganj,MED-IFA-TAB,Iron & Folic Acid (IFA),588,2026-08-06,2026-08-12,2026-08-12,DELIVERED,SIMULATED
DEL-5F8575ED,PHC-RJ-JAI-001,PHC Bassi,MED-PCM-SYR,Paracetamol Paediatric Syrup,350,2026-08-06,2026-08-13,2026-08-13,DELIVERED,SIMULATED
DEL-D7F2CF5A,PHC-RJ-JAI-001,PHC Bassi,MED-ORS-SFT,Oral Rehydration Salts (WHO Formula),616,2026-08-06,2026-08-13,2026-08-13,DELIVERED,SIMULATED
DEL-A4CADD1F,PHC-RJ-JAI-001,PHC Bassi,MED-MET-500,Metformin Hydrochloride,490,2026-08-06,2026-08-13,2026-08-13,DELIVERED,SIMULATED
DEL-BDC9F37E,PHC-RJ-JAI-001,PHC Bassi,MED-IVF-NS500,Normal Saline (0.9% Sodium Chloride),294,2026-08-06,2026-08-13,2026-08-13,DELIVERED,SIMULATED
DEL-38A4EF4A,PHC-RJ-JAI-003,PHC Amer,MED-ORS-SFT,Oral Rehydration Salts (WHO Formula),714,2026-08-06,2026-08-12,2026-08-12,DELIVERED,SIMULATED
DEL-85C28CD9,PHC-RJ-JAI-003,PHC Amer,MED-MET-500,Metformin Hydrochloride,560,2026-08-06,2026-08-12,2026-08-12,DELIVERED,SIMULATED
DEL-F7D58BAD,PHC-RJ-JAI-003,PHC Amer,MED-OXY-AMP,Oxytocin,112,2026-08-06,2026-08-10,2026-08-10,DELIVERED,SIMULATED
DEL-42AC2454,PHC-RJ-JAI-003,PHC Amer,MED-IVF-NS500,Normal Saline (0.9% Sodium Chloride),336,2026-08-06,2026-08-13,2026-08-13,DELIVERED,SIMULATED
DEL-CCD6C89A,DH-RJ-JAI-001,Kanwatia District Hospital Jaipur,MED-ASV-VIAL,Anti-Snake Venom Serum (Polyvalent),364,2026-08-06,2026-08-12,2026-08-12,DELIVERED,SIMULATED
DEL-5ADED125,DH-RJ-JAI-001,Kanwatia District Hospital Jaipur,MED-OXY-AMP,Oxytocin,1526,2026-08-06,2026-08-12,2026-08-12,DELIVERED,SIMULATED
DEL-2D893CC6,DH-MH-PUN-001,Aundh District Hospital Pune,MED-AMX-500,Amoxicillin,8232,2026-08-06,2026-08-11,2026-08-11,DELIVERED,SIMULATED
DEL-01B42556,DH-MH-PUN-001,Aundh District Hospital Pune,MED-RAB-VAC,Anti-Rabies Vaccine (Cell Culture),1302,2026-08-06,2026-08-11,2026-08-11,DELIVERED,SIMULATED
DEL-C9D3BC2F,DH-MH-PUN-001,Aundh District Hospital Pune,MED-ART-60,Artesunate,1120,2026-08-06,2026-08-10,2026-08-10,DELIVERED,SIMULATED
DEL-0C463A17,PHC-KA-BEN-002,PHC Anekal,MED-IVF-NS500,Normal Saline (0.9% Sodium Chloride),336,2026-08-06,2026-08-11,2026-08-11,DELIVERED,SIMULATED
DEL-5795C310,DH-KA-BEN-001,KC General District Hospital Malleshwaram,MED-PCM-SYR,Paracetamol Paediatric Syrup,7952,2026-08-06,2026-08-10,2026-08-10,DELIVERED,SIMULATED
DEL-040142F0,DH-KA-BEN-001,KC General District Hospital Malleshwaram,MED-ART-60,Artesunate,1316,2026-08-06,2026-08-12,2026-08-12,DELIVERED,SIMULATED
DEL-CCF6047A,PHC-BR-GAY-001,PHC Bodh Gaya,MED-MET-500,Metformin Hydrochloride,448,2026-08-07,2026-08-11,2026-08-11,DELIVERED,SIMULATED
DEL-A361FCA3,PHC-BR-GAY-003,PHC Tekari,MED-IVF-RL500,Ringer's Lactate (Compound Sodium Lactate),154,2026-08-07,2026-08-14,2026-08-14,DELIVERED,SIMULATED
DEL-DC23FA35,PHC-UP-VAR-001,PHC Cholapur,MED-CTX-1G,Ceftriaxone,112,2026-08-07,2026-08-11,2026-08-11,DELIVERED,SIMULATED
DEL-FC3F682C,PHC-UP-VAR-001,PHC Cholapur,MED-OXY-AMP,Oxytocin,98,2026-08-07,2026-08-14,2026-08-14,DELIVERED,SIMULATED
DEL-8FFBD439,PHC-UP-VAR-001,PHC Cholapur,MED-IVF-D5500,Dextrose 5% in Water,154,2026-08-07,2026-08-11,2026-08-11,DELIVERED,SIMULATED
DEL-706F0ABB,PHC-UP-VAR-002,PHC Pindra,MED-ASV-VIAL,Anti-Snake Venom Serum (Polyvalent),28,2026-08-07,2026-08-14,2026-08-14,DELIVERED,SIMULATED
DEL-4CB6857A,PHC-UP-VAR-003,PHC Sevapuri,MED-OXY-AMP,Oxytocin,84,2026-08-07,2026-08-13,2026-08-13,DELIVERED,SIMULATED
DEL-CDA96935,PHC-UP-VAR-004,PHC Kashi Vidyapeeth,MED-PCM-500,Paracetamol,1190,2026-08-07,2026-08-11,2026-08-11,DELIVERED,SIMULATED
DEL-5779ADD3,PHC-UP-VAR-004,PHC Kashi Vidyapeeth,MED-AZI-500,Azithromycin,308,2026-08-07,2026-08-13,2026-08-13,DELIVERED,SIMULATED
DEL-5CBFE64D,PHC-UP-VAR-004,PHC Kashi Vidyapeeth,MED-IVF-NS500,Normal Saline (0.9% Sodium Chloride),392,2026-08-07,2026-08-14,2026-08-14,DELIVERED,SIMULATED
DEL-44F438D2,CHC-UP-VAR-001,CHC Misirpur,MED-INS-REG,Human Insulin (Regular / Soluble),224,2026-08-07,2026-08-11,2026-08-11,DELIVERED,SIMULATED
DEL-A75885FE,CHC-UP-VAR-001,CHC Misirpur,MED-IVF-NS500,Normal Saline (0.9% Sodium Chloride),868,2026-08-07,2026-08-11,2026-08-11,DELIVERED,SIMULATED
DEL-9D2773CC,PHC-UP-LUK-002,PHC Malihabad,MED-PCM-500,Paracetamol,910,2026-08-07,2026-08-14,2026-08-14,DELIVERED,SIMULATED
DEL-6E649199,PHC-UP-LUK-002,PHC Malihabad,MED-IFA-TAB,Iron & Folic Acid (IFA),560,2026-08-07,2026-08-12,2026-08-12,DELIVERED,SIMULATED
DEL-03ED0200,PHC-RJ-JAI-002,PHC Chaksu,MED-IVF-RL500,Ringer's Lactate (Compound Sodium Lactate),210,2026-08-07,2026-08-13,2026-08-13,DELIVERED,SIMULATED
DEL-08496015,PHC-RJ-JAI-003,PHC Amer,MED-ALB-400,Albendazole,168,2026-08-07,2026-08-11,2026-08-11,DELIVERED,SIMULATED
DEL-B86CC76A,DH-RJ-JAI-001,Kanwatia District Hospital Jaipur,MED-CTX-1G,Ceftriaxone,1834,2026-08-07,2026-08-13,2026-08-13,DELIVERED,SIMULATED
DEL-314D98C4,PHC-MH-PUN-001,PHC Mulshi,MED-PCM-500,Paracetamol,686,2026-08-07,2026-08-14,2026-08-14,DELIVERED,SIMULATED
DEL-75823742,PHC-MH-PUN-002,PHC Haveli,MED-AMX-500,Amoxicillin,588,2026-08-07,2026-08-13,2026-08-13,DELIVERED,SIMULATED
DEL-1258CD26,PHC-MH-PUN-002,PHC Haveli,MED-ORS-SFT,Oral Rehydration Salts (WHO Formula),868,2026-08-07,2026-08-11,2026-08-11,DELIVERED,SIMULATED
DEL-0838E136,PHC-MH-PUN-002,PHC Haveli,MED-ALB-400,Albendazole,210,2026-08-07,2026-08-14,2026-08-14,DELIVERED,SIMULATED
DEL-A471A3DB,PHC-MH-PUN-003,PHC Khed,MED-ZNC-20,Zinc Sulfate Dispersible,322,2026-08-07,2026-08-11,2026-08-11,DELIVERED,SIMULATED
DEL-F63C95C6,PHC-MH-PUN-003,PHC Khed,MED-RAB-VAC,Anti-Rabies Vaccine (Cell Culture),70,2026-08-07,2026-08-11,2026-08-11,DELIVERED,SIMULATED
DEL-7EA08D00,PHC-MH-PUN-003,PHC Khed,MED-ASV-VIAL,Anti-Snake Venom Serum (Polyvalent),28,2026-08-07,2026-08-12,2026-08-12,DELIVERED,SIMULATED
DEL-106BE568,PHC-MH-PUN-003,PHC Khed,MED-ALB-400,Albendazole,154,2026-08-07,2026-08-14,2026-08-14,DELIVERED,SIMULATED
DEL-14767C6E,DH-MH-PUN-001,Aundh District Hospital Pune,MED-IVF-D5500,Dextrose 5% in Water,2982,2026-08-07,2026-08-14,2026-08-14,DELIVERED,SIMULATED
DEL-631B3637,PHC-KA-BEN-001,PHC Yelahanka,MED-PCM-SYR,Paracetamol Paediatric Syrup,518,2026-08-07,2026-08-14,2026-08-14,DELIVERED,SIMULATED
DEL-C2ACCAB3,PHC-KA-BEN-001,PHC Yelahanka,MED-MGS-50,Magnesium Sulfate,70,2026-08-07,2026-08-12,2026-08-12,DELIVERED,SIMULATED
DEL-7EFF659D,PHC-KA-BEN-002,PHC Anekal,MED-PCM-SYR,Paracetamol Paediatric Syrup,392,2026-08-07,2026-08-14,2026-08-14,DELIVERED,SIMULATED
DEL-904BACF0,PHC-KA-BEN-002,PHC Anekal,MED-AMC-625,Amoxicillin + Clavulanic Acid,308,2026-08-07,2026-08-14,2026-08-14,DELIVERED,SIMULATED
DEL-58330D24,DH-KA-BEN-001,KC General District Hospital Malleshwaram,MED-AMX-500,Amoxicillin,9716,2026-08-07,2026-08-11,2026-08-11,DELIVERED,SIMULATED
DEL-B9DB2C8C,PHC-BR-PAT-001,PHC Bakhtiyarpur,MED-ASV-VIAL,Anti-Snake Venom Serum (Polyvalent),28,2026-08-08,2026-08-12,2026-08-12,DELIVERED,SIMULATED
DEL-01395DB4,PHC-BR-GAY-002,PHC Sherghati,MED-AMC-625,Amoxicillin + Clavulanic Acid,210,2026-08-08,2026-08-12,2026-08-12,DELIVERED,SIMULATED
DEL-CE145792,PHC-BR-GAY-002,PHC Sherghati,MED-IVF-NS500,Normal Saline (0.9% Sodium Chloride),224,2026-08-08,2026-08-12,2026-08-12,DELIVERED,SIMULATED
DEL-562504EF,PHC-BR-GAY-003,PHC Tekari,MED-PCM-500,Paracetamol,588,2026-08-08,2026-08-15,2026-08-15,DELIVERED,SIMULATED
DEL-127CDEA6,PHC-BR-GAY-003,PHC Tekari,MED-PCM-SYR,Paracetamol Paediatric Syrup,238,2026-08-08,2026-08-15,2026-08-15,DELIVERED,SIMULATED
DEL-907A3600,DH-BR-GAY-001,Jay Prakash Narayan District Hospital Gaya,MED-ART-60,Artesunate,812,2026-08-08,2026-08-15,2026-08-15,DELIVERED,SIMULATED
DEL-15FA4D1A,PHC-UP-VAR-002,PHC Pindra,MED-IVF-RL500,Ringer's Lactate (Compound Sodium Lactate),252,2026-08-08,2026-08-13,2026-08-13,DELIVERED,SIMULATED
DEL-91A9C20D,PHC-UP-VAR-003,PHC Sevapuri,MED-PCM-SYR,Paracetamol Paediatric Syrup,294,2026-08-08,2026-08-13,2026-08-13,DELIVERED,SIMULATED
DEL-891841BA,PHC-UP-VAR-003,PHC Sevapuri,MED-ZNC-20,Zinc Sulfate Dispersible,266,2026-08-08,2026-08-15,2026-08-15,DELIVERED,SIMULATED
DEL-0EEF069D,PHC-UP-VAR-004,PHC Kashi Vidyapeeth,MED-MET-500,Metformin Hydrochloride,658,2026-08-08,2026-08-15,2026-08-15,DELIVERED,SIMULATED
DEL-46B6B04C,PHC-UP-VAR-004,PHC Kashi Vidyapeeth,MED-IFA-TAB,Iron & Folic Acid (IFA),742,2026-08-08,2026-08-15,2026-08-15,DELIVERED,SIMULATED
DEL-CE0325FE,DH-UP-VAR-001,Pandit Deen Dayal Upadhyay District Hospital,MED-ZNC-20,Zinc Sulfate Dispersible,5166,2026-08-08,2026-08-14,2026-08-14,DELIVERED,SIMULATED
DEL-B82EF102,DH-UP-VAR-001,Pandit Deen Dayal Upadhyay District Hospital,MED-RAB-VAC,Anti-Rabies Vaccine (Cell Culture),1120,2026-08-08,2026-08-15,2026-08-15,DELIVERED,SIMULATED
DEL-48E9BA49,DH-UP-VAR-001,Pandit Deen Dayal Upadhyay District Hospital,MED-ASV-VIAL,Anti-Snake Venom Serum (Polyvalent),378,2026-08-08,2026-08-15,2026-08-15,DELIVERED,SIMULATED
DEL-E8618F24,DH-UP-VAR-001,Pandit Deen Dayal Upadhyay District Hospital,MED-INS-REG,Human Insulin (Regular / Soluble),1288,2026-08-08,2026-08-14,2026-08-14,DELIVERED,SIMULATED
DEL-399A76A5,DH-UP-VAR-001,Pandit Deen Dayal Upadhyay District Hospital,MED-OXY-AMP,Oxytocin,1610,2026-08-08,2026-08-14,2026-08-14,DELIVERED,SIMULATED
DEL-4B21199E,PHC-UP-LUK-003,PHC Mohanlalganj,MED-PCM-500,Paracetamol,938,2026-08-08,2026-08-15,2026-08-15,DELIVERED,SIMULATED
DEL-C61C1C52,PHC-UP-LUK-003,PHC Mohanlalganj,MED-RAB-VAC,Anti-Rabies Vaccine (Cell Culture),70,2026-08-08,2026-08-12,2026-08-12,DELIVERED,SIMULATED
DEL-6449ACD3,PHC-UP-LUK-003,PHC Mohanlalganj,MED-ALB-400,Albendazole,168,2026-08-08,2026-08-13,2026-08-13,DELIVERED,SIMULATED
DEL-A3FAC137,DH-UP-LUK-001,Balrampur District Hospital Lucknow,MED-INS-REG,Human Insulin (Regular / Soluble),1624,2026-08-08,2026-08-13,2026-08-13,DELIVERED,SIMULATED
DEL-2F2908F3,DH-UP-LUK-001,Balrampur District Hospital Lucknow,MED-MET-500,Metformin Hydrochloride,10206,2026-08-08,2026-08-15,2026-08-15,DELIVERED,SIMULATED
DEL-5581A2FF,DH-UP-LUK-001,Balrampur District Hospital Lucknow,MED-ALB-400,Albendazole,3262,2026-08-08,2026-08-13,2026-08-13,DELIVERED,SIMULATED
DEL-8D6494D4,PHC-RJ-JAI-001,PHC Bassi,MED-ART-60,Artesunate,56,2026-08-08,2026-08-15,2026-08-15,DELIVERED,SIMULATED
DEL-F80525BA,PHC-RJ-JAI-002,PHC Chaksu,MED-MET-500,Metformin Hydrochloride,434,2026-08-08,2026-08-12,2026-08-12,DELIVERED,SIMULATED
DEL-44E14A66,PHC-RJ-JAI-003,PHC Amer,MED-IFA-TAB,Iron & Folic Acid (IFA),616,2026-08-08,2026-08-12,2026-08-12,DELIVERED,SIMULATED
DEL-26B10804,DH-RJ-JAI-001,Kanwatia District Hospital Jaipur,MED-IVF-RL500,Ringer's Lactate (Compound Sodium Lactate),3668,2026-08-08,2026-08-12,2026-08-12,DELIVERED,SIMULATED
DEL-026FC05E,PHC-MH-PUN-002,PHC Haveli,MED-IVF-RL500,Ringer's Lactate (Compound Sodium Lactate),322,2026-08-08,2026-08-13,2026-08-13,DELIVERED,SIMULATED
DEL-CA7826B2,PHC-MH-PUN-003,PHC Khed,MED-IVF-NS500,Normal Saline (0.9% Sodium Chloride),294,2026-08-08,2026-08-15,2026-08-15,DELIVERED,SIMULATED
DEL-7F4E7D02,DH-MH-PUN-001,Aundh District Hospital Pune,MED-INS-REG,Human Insulin (Regular / Soluble),1484,2026-08-08,2026-08-13,2026-08-13,DELIVERED,SIMULATED
DEL-55D386D0,DH-MH-PUN-001,Aundh District Hospital Pune,MED-OXY-AMP,Oxytocin,1862,2026-08-08,2026-08-15,2026-08-15,DELIVERED,SIMULATED
DEL-170E5DBB,PHC-KA-BEN-002,PHC Anekal,MED-ORS-SFT,Oral Rehydration Salts (WHO Formula),714,2026-08-08,2026-08-13,2026-08-13,DELIVERED,SIMULATED
DEL-B68DDB26,PHC-KA-BEN-002,PHC Anekal,MED-OXY-AMP,Oxytocin,112,2026-08-08,2026-08-15,2026-08-15,DELIVERED,SIMULATED
DEL-7FD11DED,PHC-KA-BEN-003,PHC Kengeri,MED-ZNC-20,Zinc Sulfate Dispersible,406,2026-08-08,2026-08-12,2026-08-12,DELIVERED,SIMULATED
DEL-8DDEDA37,PHC-BR-GAY-001,PHC Bodh Gaya,MED-INS-REG,Human Insulin (Regular / Soluble),70,2026-08-09,2026-08-16,2026-08-16,DELIVERED,SIMULATED
DEL-F5DE841F,PHC-BR-GAY-003,PHC Tekari,MED-AMX-500,Amoxicillin,280,2026-08-09,2026-08-15,2026-08-15,DELIVERED,SIMULATED
DEL-16395B3C,PHC-BR-GAY-003,PHC Tekari,MED-AZI-500,Azithromycin,154,2026-08-09,2026-08-15,2026-08-15,DELIVERED,SIMULATED
DEL-78E5CBD6,PHC-UP-VAR-002,PHC Pindra,MED-AMC-625,Amoxicillin + Clavulanic Acid,294,2026-08-09,2026-08-14,2026-08-14,DELIVERED,SIMULATED
DEL-5DF16F26,CHC-UP-VAR-001,CHC Misirpur,MED-ASV-VIAL,Anti-Snake Venom Serum (Polyvalent),70,2026-08-09,2026-08-13,2026-08-13,DELIVERED,SIMULATED
DEL-8932A8BB,DH-UP-LUK-001,Balrampur District Hospital Lucknow,MED-ORS-SFT,Oral Rehydration Salts (WHO Formula),13062,2026-08-09,2026-08-14,2026-08-14,DELIVERED,SIMULATED
DEL-B919461D,PHC-RJ-JAI-002,PHC Chaksu,MED-AZI-500,Azithromycin,210,2026-08-09,2026-08-16,2026-08-16,DELIVERED,SIMULATED
DEL-D0F11A13,PHC-RJ-JAI-002,PHC Chaksu,MED-IVF-D5500,Dextrose 5% in Water,140,2026-08-09,2026-08-15,2026-08-15,DELIVERED,SIMULATED
DEL-8A9BCA7E,PHC-MH-PUN-002,PHC Haveli,MED-ZNC-20,Zinc Sulfate Dispersible,434,2026-08-09,2026-08-13,2026-08-13,DELIVERED,SIMULATED
DEL-D58A0B75,PHC-MH-PUN-002,PHC Haveli,MED-IVF-NS500,Normal Saline (0.9% Sodium Chloride),406,2026-08-09,2026-08-13,2026-08-13,DELIVERED,SIMULATED
DEL-11CDCA74,PHC-MH-PUN-003,PHC Khed,MED-MET-500,Metformin Hydrochloride,504,2026-08-09,2026-08-13,2026-08-13,DELIVERED,SIMULATED
DEL-1AC95852,PHC-BR-GAY-001,PHC Bodh Gaya,MED-AMC-625,Amoxicillin + Clavulanic Acid,252,2026-08-10,2026-08-16,2026-08-16,DELIVERED,SIMULATED
DEL-1B27F887,PHC-BR-GAY-003,PHC Tekari,MED-IFA-TAB,Iron & Folic Acid (IFA),364,2026-08-10,2026-08-17,2026-08-17,DELIVERED,SIMULATED
DEL-871D9454,DH-BR-GAY-001,Jay Prakash Narayan District Hospital Gaya,MED-MET-500,Metformin Hydrochloride,6804,2026-08-10,2026-08-15,2026-08-15,DELIVERED,SIMULATED
DEL-47CC7B0E,PHC-UP-VAR-001,PHC Cholapur,MED-PCM-500,Paracetamol,868,2026-08-10,2026-08-16,2026-08-16,DELIVERED,SIMULATED
DEL-97013CA2,PHC-UP-VAR-002,PHC Pindra,MED-IFA-TAB,Iron & Folic Acid (IFA),602,2026-08-10,2026-08-16,2026-08-16,DELIVERED,SIMULATED
DEL-8F16C575,PHC-UP-VAR-003,PHC Sevapuri,MED-PCM-500,Paracetamol,756,2026-08-10,2026-08-15,2026-08-15,DELIVERED,SIMULATED
DEL-D22AB753,PHC-UP-VAR-004,PHC Kashi Vidyapeeth,MED-ZNC-20,Zinc Sulfate Dispersible,420,2026-08-10,2026-08-15,2026-08-15,DELIVERED,SIMULATED
DEL-DC8B8803,CHC-UP-VAR-001,CHC Misirpur,MED-CTX-1G,Ceftriaxone,350,2026-08-10,2026-08-16,2026-08-16,DELIVERED,SIMULATED
DEL-3E02B4EA,CHC-UP-VAR-001,CHC Misirpur,MED-IFA-TAB,Iron & Folic Acid (IFA),1638,2026-08-10,2026-08-14,2026-08-14,DELIVERED,SIMULATED
DEL-B275B2AE,DH-UP-VAR-001,Pandit Deen Dayal Upadhyay District Hospital,MED-PCM-500,Paracetamol,14532,2026-08-10,2026-08-14,2026-08-14,DELIVERED,SIMULATED
DEL-1CC74D04,DH-UP-VAR-001,Pandit Deen Dayal Upadhyay District Hospital,MED-PCM-SYR,Paracetamol Paediatric Syrup,5810,2026-08-10,2026-08-17,2026-08-17,DELIVERED,SIMULATED
DEL-B10BDE4C,DH-UP-VAR-001,Pandit Deen Dayal Upadhyay District Hospital,MED-AMX-500,Amoxicillin,7098,2026-08-10,2026-08-15,2026-08-15,DELIVERED,SIMULATED
DEL-7F19246D,DH-UP-VAR-001,Pandit Deen Dayal Upadhyay District Hospital,MED-IVF-NS500,Normal Saline (0.9% Sodium Chloride),4844,2026-08-10,2026-08-15,2026-08-15,DELIVERED,SIMULATED
DEL-F0FA67AF,DH-UP-VAR-001,Pandit Deen Dayal Upadhyay District Hospital,MED-IVF-RL500,Ringer's Lactate (Compound Sodium Lactate),3878,2026-08-10,2026-08-14,2026-08-14,DELIVERED,SIMULATED
DEL-1AD61B40,DH-UP-VAR-001,Pandit Deen Dayal Upadhyay District Hospital,MED-ART-60,Artesunate,966,2026-08-10,2026-08-16,2026-08-16,DELIVERED,SIMULATED
DEL-7C4C1601,PHC-UP-LUK-001,PHC Bakshi Ka Talab,MED-PCM-500,Paracetamol,1092,2026-08-10,2026-08-17,2026-08-17,DELIVERED,SIMULATED
DEL-BF18D396,PHC-UP-LUK-001,PHC Bakshi Ka Talab,MED-IVF-NS500,Normal Saline (0.9% Sodium Chloride),364,2026-08-10,2026-08-16,2026-08-16,DELIVERED,SIMULATED
DEL-A6BE782D,PHC-UP-LUK-003,PHC Mohanlalganj,MED-INS-REG,Human Insulin (Regular / Soluble),84,2026-08-10,2026-08-16,2026-08-16,DELIVERED,SIMULATED
DEL-86796A87,DH-UP-LUK-001,Balrampur District Hospital Lucknow,MED-AMC-625,Amoxicillin + Clavulanic Acid,5712,2026-08-10,2026-08-15,2026-08-15,DELIVERED,SIMULATED
DEL-890B88A7,PHC-RJ-JAI-001,PHC Bassi,MED-IFA-TAB,Iron & Folic Acid (IFA),546,2026-08-10,2026-08-17,2026-08-17,DELIVERED,SIMULATED
DEL-8B4ADE87,PHC-RJ-JAI-002,PHC Chaksu,MED-PCM-SYR,Paracetamol Paediatric Syrup,308,2026-08-10,2026-08-17,2026-08-17,DELIVERED,SIMULATED
DEL-51C213C3,PHC-RJ-JAI-002,PHC Chaksu,MED-AMC-625,Amoxicillin + Clavulanic Acid,238,2026-08-10,2026-08-16,2026-08-16,DELIVERED,SIMULATED
DEL-A7F50184,PHC-RJ-JAI-003,PHC Amer,MED-IVF-RL500,Ringer's Lactate (Compound Sodium Lactate),266,2026-08-10,2026-08-15,2026-08-15,DELIVERED,SIMULATED
DEL-B518EB04,DH-RJ-JAI-001,Kanwatia District Hospital Jaipur,MED-AMC-625,Amoxicillin + Clavulanic Acid,4284,2026-08-10,2026-08-17,2026-08-17,DELIVERED,SIMULATED
DEL-BE55B8CA,DH-RJ-JAI-001,Kanwatia District Hospital Jaipur,MED-ORS-SFT,Oral Rehydration Salts (WHO Formula),9786,2026-08-10,2026-08-16,2026-08-16,DELIVERED,SIMULATED
DEL-353FE41F,PHC-MH-PUN-001,PHC Mulshi,MED-IVF-RL500,Ringer's Lactate (Compound Sodium Lactate),182,2026-08-10,2026-08-16,2026-08-16,DELIVERED,SIMULATED
DEL-E76C6035,PHC-MH-PUN-002,PHC Haveli,MED-AMC-625,Amoxicillin + Clavulanic Acid,378,2026-08-10,2026-08-14,2026-08-14,DELIVERED,SIMULATED
DEL-9FE4B465,PHC-MH-PUN-003,PHC Khed,MED-PCM-500,Paracetamol,910,2026-08-10,2026-08-14,2026-08-14,DELIVERED,SIMULATED
DEL-7F130B8E,PHC-MH-PUN-003,PHC Khed,MED-AZI-500,Azithromycin,238,2026-08-10,2026-08-15,2026-08-15,DELIVERED,SIMULATED
DEL-E5B25C94,DH-MH-PUN-001,Aundh District Hospital Pune,MED-ORS-SFT,Oral Rehydration Salts (WHO Formula),11970,2026-08-10,2026-08-16,2026-08-16,DELIVERED,SIMULATED
DEL-EA3DB2F3,DH-MH-PUN-001,Aundh District Hospital Pune,MED-ZNC-20,Zinc Sulfate Dispersible,5978,2026-08-10,2026-08-16,2026-08-16,DELIVERED,SIMULATED
DEL-90188D90,DH-MH-PUN-001,Aundh District Hospital Pune,MED-ASV-VIAL,Anti-Snake Venom Serum (Polyvalent),448,2026-08-10,2026-08-14,2026-08-14,DELIVERED,SIMULATED
DEL-33E55707,DH-MH-PUN-001,Aundh District Hospital Pune,MED-IVF-RL500,Ringer's Lactate (Compound Sodium Lactate),4480,2026-08-10,2026-08-17,2026-08-17,DELIVERED,SIMULATED
DEL-45BC8D24,DH-MH-PUN-001,Aundh District Hospital Pune,MED-IFA-TAB,Iron & Folic Acid (IFA),10472,2026-08-10,2026-08-16,2026-08-16,DELIVERED,SIMULATED
DEL-536658A3,PHC-KA-BEN-001,PHC Yelahanka,MED-AMX-500,Amoxicillin,644,2026-08-10,2026-08-17,2026-08-17,DELIVERED,SIMULATED
DEL-AA65A40E,PHC-KA-BEN-001,PHC Yelahanka,MED-ORS-SFT,Oral Rehydration Salts (WHO Formula),938,2026-08-10,2026-08-15,2026-08-15,DELIVERED,SIMULATED
DEL-6CB75911,PHC-KA-BEN-001,PHC Yelahanka,MED-IVF-RL500,Ringer's Lactate (Compound Sodium Lactate),350,2026-08-10,2026-08-14,2026-08-14,DELIVERED,SIMULATED
DEL-541916DB,PHC-KA-BEN-001,PHC Yelahanka,MED-IFA-TAB,Iron & Folic Acid (IFA),812,2026-08-10,2026-08-15,2026-08-15,DELIVERED,SIMULATED
DEL-44D19F8A,DH-KA-BEN-001,KC General District Hospital Malleshwaram,MED-PCM-500,Paracetamol,19894,2026-08-10,2026-08-16,2026-08-16,DELIVERED,SIMULATED
DEL-28549EB1,DH-KA-BEN-001,KC General District Hospital Malleshwaram,MED-ORS-SFT,Oral Rehydration Salts (WHO Formula),14140,2026-08-10,2026-08-16,2026-08-16,DELIVERED,SIMULATED
DEL-6B499663,DH-KA-BEN-001,KC General District Hospital Malleshwaram,MED-AZI-500,Azithromycin,5306,2026-08-10,2026-08-17,2026-08-17,DELIVERED,SIMULATED
DEL-F2AACE3E,DH-KA-BEN-001,KC General District Hospital Malleshwaram,MED-OXY-AMP,Oxytocin,2198,2026-08-10,2026-08-17,2026-08-17,DELIVERED,SIMULATED
DEL-B494ACD6,DH-KA-BEN-001,KC General District Hospital Malleshwaram,MED-IVF-NS500,Normal Saline (0.9% Sodium Chloride),6622,2026-08-10,2026-08-14,2026-08-14,DELIVERED,SIMULATED
DEL-F0D01D91,PHC-BR-GAY-002,PHC Sherghati,MED-ORS-SFT,Oral Rehydration Salts (WHO Formula),490,2026-08-11,2026-08-16,2026-08-16,DELIVERED,SIMULATED
DEL-70B7A66E,DH-BR-GAY-001,Jay Prakash Narayan District Hospital Gaya,MED-PCM-500,Paracetamol,12236,2026-08-11,2026-08-16,2026-08-16,DELIVERED,SIMULATED
DEL-E06665EF,DH-BR-GAY-001,Jay Prakash Narayan District Hospital Gaya,MED-PCM-SYR,Paracetamol Paediatric Syrup,4886,2026-08-11,2026-08-16,2026-08-16,DELIVERED,SIMULATED
DEL-A90CF78F,DH-BR-GAY-001,Jay Prakash Narayan District Hospital Gaya,MED-AMX-500,Amoxicillin,5978,2026-08-11,2026-08-17,2026-08-17,DELIVERED,SIMULATED
DEL-A260160C,DH-BR-GAY-001,Jay Prakash Narayan District Hospital Gaya,MED-ASV-VIAL,Anti-Snake Venom Serum (Polyvalent),322,2026-08-11,2026-08-16,2026-08-16,DELIVERED,SIMULATED
DEL-E08200E8,DH-BR-GAY-001,Jay Prakash Narayan District Hospital Gaya,MED-IVF-NS500,Normal Saline (0.9% Sodium Chloride),4074,2026-08-11,2026-08-18,2026-08-18,DELIVERED,SIMULATED
DEL-9D05271C,DH-BR-GAY-001,Jay Prakash Narayan District Hospital Gaya,MED-IVF-RL500,Ringer's Lactate (Compound Sodium Lactate),3262,2026-08-11,2026-08-18,2026-08-18,DELIVERED,SIMULATED
DEL-880D9F58,PHC-UP-VAR-003,PHC Sevapuri,MED-ORS-SFT,Oral Rehydration Salts (WHO Formula),532,2026-08-11,2026-08-15,2026-08-15,DELIVERED,SIMULATED
DEL-946DA012,PHC-UP-VAR-003,PHC Sevapuri,MED-CTX-1G,Ceftriaxone,98,2026-08-11,2026-08-17,2026-08-17,DELIVERED,SIMULATED
DEL-B392F5F2,CHC-UP-VAR-001,CHC Misirpur,MED-PCM-500,Paracetamol,2632,2026-08-11,2026-08-15,2026-08-15,DELIVERED,SIMULATED
DEL-B915C184,CHC-UP-VAR-001,CHC Misirpur,MED-AMX-500,Amoxicillin,1288,2026-08-11,2026-08-17,2026-08-17,DELIVERED,SIMULATED
DEL-8E84837A,CHC-UP-VAR-001,CHC Misirpur,MED-IVF-RL500,Ringer's Lactate (Compound Sodium Lactate),700,2026-08-11,2026-08-18,2026-08-18,DELIVERED,SIMULATED
DEL-CD15F4C8,DH-UP-VAR-001,Pandit Deen Dayal Upadhyay District Hospital,MED-AMC-625,Amoxicillin + Clavulanic Acid,4522,2026-08-11,2026-08-18,2026-08-18,DELIVERED,SIMULATED
DEL-867511BD,DH-UP-VAR-001,Pandit Deen Dayal Upadhyay District Hospital,MED-CTX-1G,Ceftriaxone,1932,2026-08-11,2026-08-16,2026-08-16,DELIVERED,SIMULATED
DEL-0D3238F1,PHC-RJ-JAI-002,PHC Chaksu,MED-ORS-SFT,Oral Rehydration Salts (WHO Formula),560,2026-08-11,2026-08-18,2026-08-18,DELIVERED,SIMULATED
DEL-CEFB02B2,PHC-RJ-JAI-002,PHC Chaksu,MED-INS-REG,Human Insulin (Regular / Soluble),70,2026-08-11,2026-08-16,2026-08-16,DELIVERED,SIMULATED
DEL-DE6D1A7F,DH-RJ-JAI-001,Kanwatia District Hospital Jaipur,MED-ZNC-20,Zinc Sulfate Dispersible,4886,2026-08-11,2026-08-18,2026-08-18,DELIVERED,SIMULATED
DEL-14072B1A,PHC-MH-PUN-002,PHC Haveli,MED-PCM-500,Paracetamol,1218,2026-08-11,2026-08-17,2026-08-17,DELIVERED,SIMULATED
DEL-DD8E3878,PHC-MH-PUN-002,PHC Haveli,MED-AZI-500,Azithromycin,322,2026-08-11,2026-08-17,2026-08-17,DELIVERED,SIMULATED
DEL-798B9E35,DH-MH-PUN-001,Aundh District Hospital Pune,MED-CTX-1G,Ceftriaxone,2240,2026-08-11,2026-08-18,2026-08-18,DELIVERED,SIMULATED
DEL-5F0833B9,DH-MH-PUN-001,Aundh District Hospital Pune,MED-MGS-50,Magnesium Sulfate,924,2026-08-11,2026-08-18,2026-08-18,DELIVERED,SIMULATED
DEL-390F5066,PHC-UP-VAR-002,PHC Pindra,MED-IVF-NS500,Normal Saline (0.9% Sodium Chloride),322,2026-08-12,2026-08-19,2026-08-19,DELIVERED,SIMULATED
DEL-1DA63E0E,PHC-UP-VAR-003,PHC Sevapuri,MED-MGS-50,Magnesium Sulfate,42,2026-08-12,2026-08-19,2026-08-19,DELIVERED,SIMULATED
DEL-38E9EDE6,PHC-UP-LUK-001,PHC Bakshi Ka Talab,MED-ZNC-20,Zinc Sulfate Dispersible,392,2026-08-12,2026-08-19,2026-08-19,DELIVERED,SIMULATED
DEL-EEFA7ECE,PHC-UP-LUK-001,PHC Bakshi Ka Talab,MED-AZI-500,Azithromycin,294,2026-08-12,2026-08-16,2026-08-16,DELIVERED,SIMULATED
DEL-E1492037,PHC-UP-LUK-001,PHC Bakshi Ka Talab,MED-IVF-D5500,Dextrose 5% in Water,196,2026-08-12,2026-08-18,2026-08-18,DELIVERED,SIMULATED
DEL-594B6798,PHC-MH-PUN-003,PHC Khed,MED-PCM-SYR,Paracetamol Paediatric Syrup,364,2026-08-12,2026-08-19,2026-08-19,DELIVERED,SIMULATED
DEL-993A5138,PHC-UP-LUK-001,PHC Bakshi Ka Talab,MED-INS-REG,Human Insulin (Regular / Soluble),98,2026-08-13,2026-08-18,2026-08-18,DELIVERED,SIMULATED
DEL-3C3014EA,PHC-UP-LUK-003,PHC Mohanlalganj,MED-ASV-VIAL,Anti-Snake Venom Serum (Polyvalent),28,2026-08-14,2026-08-21,2026-08-21,DELIVERED,SIMULATED
DEL-B92BF43B,PHC-UP-LUK-002,PHC Malihabad,MED-ASV-VIAL,Anti-Snake Venom Serum (Polyvalent),28,2026-08-16,2026-08-22,2026-08-22,DELIVERED,SIMULATED
DEL-63B713E4,PHC-BR-GAY-001,PHC Bodh Gaya,MED-ASV-VIAL,Anti-Snake Venom Serum (Polyvalent),28,2026-08-17,2026-08-22,2026-08-22,DELIVERED,SIMULATED
DEL-94E18953,PHC-BR-PAT-004,PHC Fatuha,MED-ASV-VIAL,Anti-Snake Venom Serum (Polyvalent),28,2026-08-18,2026-08-24,2026-08-24,DELIVERED,SIMULATED
DEL-9A412D00,PHC-BR-GAY-003,PHC Tekari,MED-ART-60,Artesunate,28,2026-08-18,2026-08-22,2026-08-22,DELIVERED,SIMULATED
DEL-2BA690FE,PHC-UP-VAR-003,PHC Sevapuri,MED-ASV-VIAL,Anti-Snake Venom Serum (Polyvalent),28,2026-08-19,2026-08-24,2026-08-24,DELIVERED,SIMULATED
DEL-B8FBA7B1,PHC-RJ-JAI-001,PHC Bassi,MED-ASV-VIAL,Anti-Snake Venom Serum (Polyvalent),28,2026-08-19,2026-08-26,2026-08-26,DELIVERED,SIMULATED
DEL-E30F148A,PHC-UP-VAR-001,PHC Cholapur,MED-ASV-VIAL,Anti-Snake Venom Serum (Polyvalent),28,2026-08-20,2026-08-27,2026-08-27,DELIVERED,SIMULATED
DEL-A82C5BA4,PHC-RJ-JAI-002,PHC Chaksu,MED-ASV-VIAL,Anti-Snake Venom Serum (Polyvalent),28,2026-08-20,2026-08-26,2026-08-26,DELIVERED,SIMULATED
DEL-CC26A2DD,PHC-BR-PAT-004,PHC Fatuha,MED-CTX-1G,Ceftriaxone,84,2026-08-21,2026-08-27,2026-08-27,DELIVERED,SIMULATED
DEL-19969068,PHC-MH-PUN-001,PHC Mulshi,MED-MGS-50,Magnesium Sulfate,28,2026-08-24,2026-08-29,2026-08-29,DELIVERED,SIMULATED
DEL-3E8F4713,PHC-BR-PAT-001,PHC Bakhtiyarpur,MED-ORS-SFT,Oral Rehydration Salts (WHO Formula),560,2026-08-26,2026-08-30,2026-08-30,DELIVERED,SIMULATED
DEL-00EC6742,PHC-UP-VAR-002,PHC Pindra,MED-MGS-50,Magnesium Sulfate,42,2026-08-27,2026-09-01,,IN_TRANSIT,SIMULATED
DEL-68B274EB,PHC-BR-PAT-001,PHC Bakhtiyarpur,MED-PCM-500,Paracetamol,784,2026-08-24,2026-08-30,2026-08-30,DELIVERED,SIMULATED
DEL-50567935,PHC-BR-PAT-001,PHC Bakhtiyarpur,MED-CTX-1G,Ceftriaxone,98,2026-08-24,2026-08-28,2026-08-28,DELIVERED,SIMULATED
DEL-73A48534,PHC-BR-PAT-001,PHC Bakhtiyarpur,MED-IVF-NS500,Normal Saline (0.9% Sodium Chloride),252,2026-08-24,2026-08-28,2026-08-28,DELIVERED,SIMULATED
DEL-10B841DC,PHC-BR-PAT-001,PHC Bakhtiyarpur,MED-ART-60,Artesunate,42,2026-08-24,2026-08-31,2026-08-31,DELIVERED,SIMULATED
DEL-C065D582,PHC-BR-PAT-002,PHC Danapur,MED-PCM-500,Paracetamol,1134,2026-08-24,2026-08-28,2026-08-28,DELIVERED,SIMULATED
DEL-10D7B823,PHC-BR-PAT-002,PHC Danapur,MED-AMX-500,Amoxicillin,546,2026-08-24,2026-08-30,2026-08-30,DELIVERED,SIMULATED
DEL-6D8DFC67,PHC-BR-PAT-002,PHC Danapur,MED-ORS-SFT,Oral Rehydration Salts (WHO Formula),798,2026-08-24,2026-08-31,2026-08-31,DELIVERED,SIMULATED
DEL-013FA48A,PHC-BR-PAT-002,PHC Danapur,MED-OXY-AMP,Oxytocin,126,2026-08-24,2026-08-29,2026-08-29,DELIVERED,SIMULATED
DEL-C955BF90,PHC-BR-PAT-002,PHC Danapur,MED-IFA-TAB,Iron & Folic Acid (IFA),700,2026-08-24,2026-08-31,2026-08-31,DELIVERED,SIMULATED
DEL-2B9F348D,PHC-BR-PAT-003,PHC Bihta,MED-RAB-VAC,Anti-Rabies Vaccine (Cell Culture),56,2026-08-24,2026-08-30,2026-08-30,DELIVERED,SIMULATED
DEL-818C44ED,PHC-BR-PAT-003,PHC Bihta,MED-INS-REG,Human Insulin (Regular / Soluble),70,2026-08-24,2026-08-28,2026-08-28,DELIVERED,SIMULATED
DEL-D59162E3,PHC-BR-PAT-004,PHC Fatuha,MED-PCM-SYR,Paracetamol Paediatric Syrup,280,2026-08-24,2026-08-29,2026-08-29,DELIVERED,SIMULATED
DEL-CB17284D,PHC-BR-PAT-004,PHC Fatuha,MED-INS-REG,Human Insulin (Regular / Soluble),56,2026-08-24,2026-08-29,2026-08-29,DELIVERED,SIMULATED
DEL-3B02E81F,PHC-BR-PAT-004,PHC Fatuha,MED-MET-500,Metformin Hydrochloride,392,2026-08-24,2026-08-31,2026-08-31,DELIVERED,SIMULATED
DEL-5F7C5BB6,PHC-BR-PAT-004,PHC Fatuha,MED-MGS-50,Magnesium Sulfate,28,2026-08-24,2026-08-28,2026-08-28,DELIVERED,SIMULATED
DEL-A4FE2AB8,PHC-BR-PAT-004,PHC Fatuha,MED-IVF-NS500,Normal Saline (0.9% Sodium Chloride),238,2026-08-24,2026-08-28,2026-08-28,DELIVERED,SIMULATED
DEL-6DD543FB,PHC-BR-PAT-004,PHC Fatuha,MED-IVF-D5500,Dextrose 5% in Water,126,2026-08-24,2026-08-28,2026-08-28,DELIVERED,SIMULATED
DEL-9D05D27C,PHC-BR-PAT-004,PHC Fatuha,MED-ALB-400,Albendazole,126,2026-08-24,2026-08-31,2026-08-31,DELIVERED,SIMULATED
DEL-CC28B54E,PHC-BR-PAT-005,PHC Mokama,MED-AZI-500,Azithromycin,224,2026-08-24,2026-08-29,2026-08-29,DELIVERED,SIMULATED
DEL-BE18ED8C,PHC-BR-PAT-005,PHC Mokama,MED-CTX-1G,Ceftriaxone,112,2026-08-24,2026-08-31,2026-08-31,DELIVERED,SIMULATED
DEL-5BE67EEC,PHC-BR-PAT-005,PHC Mokama,MED-RAB-VAC,Anti-Rabies Vaccine (Cell Culture),56,2026-08-24,2026-08-29,2026-08-29,DELIVERED,SIMULATED
DEL-683C250C,PHC-BR-PAT-005,PHC Mokama,MED-MGS-50,Magnesium Sulfate,42,2026-08-24,2026-08-28,2026-08-28,DELIVERED,SIMULATED
DEL-78A04EA2,PHC-BR-PAT-005,PHC Mokama,MED-ALB-400,Albendazole,140,2026-08-24,2026-08-31,2026-08-31,DELIVERED,SIMULATED
DEL-5601453D,PHC-BR-PAT-005,PHC Mokama,MED-IFA-TAB,Iron & Folic Acid (IFA),518,2026-08-24,2026-08-31,2026-08-31,DELIVERED,SIMULATED
DEL-92800CB0,CHC-BR-PAT-001,CHC Phulwari Sharif,MED-RAB-VAC,Anti-Rabies Vaccine (Cell Culture),196,2026-08-24,2026-08-30,2026-08-30,DELIVERED,SIMULATED
DEL-EE7124FA,CHC-BR-PAT-001,CHC Phulwari Sharif,MED-ASV-VIAL,Anti-Snake Venom Serum (Polyvalent),56,2026-08-24,2026-08-31,2026-08-31,DELIVERED,SIMULATED
DEL-80843F73,CHC-BR-PAT-001,CHC Phulwari Sharif,MED-MGS-50,Magnesium Sulfate,140,2026-08-24,2026-08-29,2026-08-29,DELIVERED,SIMULATED
DEL-63D55C9F,DH-BR-PAT-001,District Hospital Gardanibagh,MED-RAB-VAC,Anti-Rabies Vaccine (Cell Culture),714,2026-08-24,2026-08-31,2026-08-31,DELIVERED,SIMULATED
DEL-93F121AD,DH-BR-PAT-001,District Hospital Gardanibagh,MED-ASV-VIAL,Anti-Snake Venom Serum (Polyvalent),238,2026-08-24,2026-08-30,2026-08-30,DELIVERED,SIMULATED
DEL-AABE98DF,DH-BR-PAT-001,District Hospital Gardanibagh,MED-MET-500,Metformin Hydrochloride,5096,2026-08-24,2026-08-28,2026-08-28,DELIVERED,SIMULATED
DEL-9799BF3F,PHC-BR-GAY-001,PHC Bodh Gaya,MED-PCM-500,Paracetamol,812,2026-08-24,2026-08-30,2026-08-30,DELIVERED,SIMULATED
DEL-D7533411,PHC-BR-GAY-001,PHC Bodh Gaya,MED-PCM-SYR,Paracetamol Paediatric Syrup,322,2026-08-24,2026-08-29,2026-08-29,DELIVERED,SIMULATED
DEL-377FADC6,PHC-BR-GAY-001,PHC Bodh Gaya,MED-ORS-SFT,Oral Rehydration Salts (WHO Formula),574,2026-08-24,2026-08-29,2026-08-29,DELIVERED,SIMULATED
DEL-9156E3F2,PHC-BR-GAY-001,PHC Bodh Gaya,MED-AZI-500,Azithromycin,210,2026-08-24,2026-08-28,2026-08-28,DELIVERED,SIMULATED
DEL-46884DCD,PHC-BR-GAY-001,PHC Bodh Gaya,MED-MGS-50,Magnesium Sulfate,42,2026-08-24,2026-08-29,2026-08-29,DELIVERED,SIMULATED
DEL-A5FA7433,PHC-BR-GAY-001,PHC Bodh Gaya,MED-ART-60,Artesunate,42,2026-08-24,2026-08-30,2026-08-30,DELIVERED,SIMULATED
DEL-1CBE328B,PHC-BR-GAY-002,PHC Sherghati,MED-PCM-SYR,Paracetamol Paediatric Syrup,266,2026-08-24,2026-08-28,2026-08-28,DELIVERED,SIMULATED
DEL-79BFF85B,PHC-BR-GAY-002,PHC Sherghati,MED-AMX-500,Amoxicillin,336,2026-08-24,2026-08-30,2026-08-30,DELIVERED,SIMULATED
DEL-9CECC6C1,PHC-BR-GAY-002,PHC Sherghati,MED-CTX-1G,Ceftriaxone,84,2026-08-24,2026-08-29,2026-08-29,DELIVERED,SIMULATED
DEL-07E9F5A6,PHC-BR-GAY-002,PHC Sherghati,MED-RAB-VAC,Anti-Rabies Vaccine (Cell Culture),42,2026-08-24,2026-08-29,2026-08-29,DELIVERED,SIMULATED
DEL-344196EF,PHC-BR-GAY-002,PHC Sherghati,MED-MGS-50,Magnesium Sulfate,28,2026-08-24,2026-08-31,2026-08-31,DELIVERED,SIMULATED
DEL-C9AE4F20,PHC-BR-GAY-002,PHC Sherghati,MED-IFA-TAB,Iron & Folic Acid (IFA),420,2026-08-24,2026-08-28,2026-08-28,DELIVERED,SIMULATED
DEL-5436F226,PHC-BR-GAY-003,PHC Tekari,MED-ORS-SFT,Oral Rehydration Salts (WHO Formula),420,2026-08-24,2026-08-29,2026-08-29,DELIVERED,SIMULATED
DEL-FCD8D236,PHC-BR-GAY-003,PHC Tekari,MED-ZNC-20,Zinc Sulfate Dispersible,210,2026-08-24,2026-08-31,2026-08-31,DELIVERED,SIMULATED
DEL-8F35A63F,PHC-BR-GAY-003,PHC Tekari,MED-CTX-1G,Ceftriaxone,70,2026-08-24,2026-08-28,2026-08-28,DELIVERED,SIMULATED
DEL-2AE8361D,PHC-BR-GAY-003,PHC Tekari,MED-IVF-NS500,Normal Saline (0.9% Sodium Chloride),196,2026-08-24,2026-08-31,2026-08-31,DELIVERED,SIMULATED
DEL-0503770F,DH-BR-GAY-001,Jay Prakash Narayan District Hospital Gaya,MED-ORS-SFT,Oral Rehydration Salts (WHO Formula),8708,2026-08-24,2026-08-28,2026-08-28,DELIVERED,SIMULATED
DEL-656BEF97,DH-BR-GAY-001,Jay Prakash Narayan District Hospital Gaya,MED-ZNC-20,Zinc Sulfate Dispersible,4354,2026-08-24,2026-08-31,2026-08-31,DELIVERED,SIMULATED
DEL-2FFF973B,DH-BR-GAY-001,Jay Prakash Narayan District Hospital Gaya,MED-CTX-1G,Ceftriaxone,1624,2026-08-24,2026-08-29,2026-08-29,DELIVERED,SIMULATED
DEL-45091309,DH-BR-GAY-001,Jay Prakash Narayan District Hospital Gaya,MED-RAB-VAC,Anti-Rabies Vaccine (Cell Culture),952,2026-08-24,2026-08-28,2026-08-28,DELIVERED,SIMULATED
DEL-FFA0EBCF,DH-BR-GAY-001,Jay Prakash Narayan District Hospital Gaya,MED-OXY-AMP,Oxytocin,1358,2026-08-24,2026-08-31,2026-08-31,DELIVERED,SIMULATED
DEL-6D85D1B7,DH-BR-GAY-001,Jay Prakash Narayan District Hospital Gaya,MED-IVF-D5500,Dextrose 5% in Water,2170,2026-08-24,2026-08-29,2026-08-29,DELIVERED,SIMULATED
DEL-EEE99CB7,DH-BR-GAY-001,Jay Prakash Narayan District Hospital Gaya,MED-IFA-TAB,Iron & Folic Acid (IFA),7616,2026-08-24,2026-08-31,2026-08-31,DELIVERED,SIMULATED
DEL-F40510FD,PHC-UP-VAR-001,PHC Cholapur,MED-PCM-SYR,Paracetamol Paediatric Syrup,350,2026-08-24,2026-08-29,2026-08-29,DELIVERED,SIMULATED
DEL-3E021D3D,PHC-UP-VAR-001,PHC Cholapur,MED-AMX-500,Amoxicillin,420,2026-08-24,2026-08-30,2026-08-30,DELIVERED,SIMULATED
DEL-64A6068B,PHC-UP-VAR-001,PHC Cholapur,MED-ORS-SFT,Oral Rehydration Salts (WHO Formula),616,2026-08-24,2026-08-29,2026-08-29,DELIVERED,SIMULATED
DEL-00FD8DCF,PHC-UP-VAR-001,PHC Cholapur,MED-ZNC-20,Zinc Sulfate Dispersible,308,2026-08-24,2026-08-28,2026-08-28,DELIVERED,SIMULATED
DEL-2F445EC4,PHC-UP-VAR-001,PHC Cholapur,MED-AZI-500,Azithromycin,224,2026-08-24,2026-08-29,2026-08-29,DELIVERED,SIMULATED
DEL-069A49A9,PHC-UP-VAR-001,PHC Cholapur,MED-MET-500,Metformin Hydrochloride,490,2026-08-24,2026-08-31,2026-08-31,DELIVERED,SIMULATED
DEL-03A19AE1,PHC-UP-VAR-001,PHC Cholapur,MED-IVF-NS500,Normal Saline (0.9% Sodium Chloride),294,2026-08-24,2026-08-30,2026-08-30,DELIVERED,SIMULATED
DEL-BBF6093A,PHC-UP-VAR-001,PHC Cholapur,MED-ALB-400,Albendazole,154,2026-08-24,2026-08-31,2026-08-31,DELIVERED,SIMULATED
DEL-639775EF,PHC-UP-VAR-002,PHC Pindra,MED-PCM-500,Paracetamol,966,2026-08-24,2026-08-28,2026-08-28,DELIVERED,SIMULATED
DEL-6A99B818,PHC-UP-VAR-002,PHC Pindra,MED-PCM-SYR,Paracetamol Paediatric Syrup,378,2026-08-24,2026-08-28,2026-08-28,DELIVERED,SIMULATED
DEL-F5679455,PHC-UP-VAR-002,PHC Pindra,MED-AMX-500,Amoxicillin,476,2026-08-24,2026-08-30,2026-08-30,DELIVERED,SIMULATED
DEL-AAD0D17F,PHC-UP-VAR-002,PHC Pindra,MED-ORS-SFT,Oral Rehydration Salts (WHO Formula),686,2026-08-24,2026-08-29,2026-08-29,DELIVERED,SIMULATED
DEL-8C144874,PHC-UP-VAR-002,PHC Pindra,MED-ZNC-20,Zinc Sulfate Dispersible,336,2026-08-24,2026-08-30,2026-08-30,DELIVERED,SIMULATED
DEL-ADE7368B,PHC-UP-VAR-002,PHC Pindra,MED-CTX-1G,Ceftriaxone,126,2026-08-24,2026-08-30,2026-08-30,DELIVERED,SIMULATED
DEL-CF8FACAD,PHC-UP-VAR-002,PHC Pindra,MED-INS-REG,Human Insulin (Regular / Soluble),84,2026-08-24,2026-08-31,2026-08-31,DELIVERED,SIMULATED
DEL-E048CC9E,PHC-UP-VAR-002,PHC Pindra,MED-MET-500,Metformin Hydrochloride,532,2026-08-24,2026-08-29,2026-08-29,DELIVERED,SIMULATED
DEL-7041D435,PHC-UP-VAR-002,PHC Pindra,MED-ALB-400,Albendazole,168,2026-08-24,2026-08-28,2026-08-28,DELIVERED,SIMULATED
DEL-E13C5D8F,PHC-UP-VAR-003,PHC Sevapuri,MED-AZI-500,Azithromycin,196,2026-08-24,2026-08-30,2026-08-30,DELIVERED,SIMULATED
DEL-7CF44857,PHC-UP-VAR-003,PHC Sevapuri,MED-RAB-VAC,Anti-Rabies Vaccine (Cell Culture),56,2026-08-24,2026-08-28,2026-08-28,DELIVERED,SIMULATED
DEL-75371BD5,PHC-UP-VAR-003,PHC Sevapuri,MED-MET-500,Metformin Hydrochloride,420,2026-08-24,2026-08-31,2026-08-31,DELIVERED,SIMULATED
DEL-060A31EE,PHC-UP-VAR-004,PHC Kashi Vidyapeeth,MED-PCM-SYR,Paracetamol Paediatric Syrup,476,2026-08-24,2026-08-30,2026-08-30,DELIVERED,SIMULATED
DEL-8D187A53,PHC-UP-VAR-004,PHC Kashi Vidyapeeth,MED-AMX-500,Amoxicillin,574,2026-08-24,2026-08-28,2026-08-28,DELIVERED,SIMULATED
DEL-513A7EF1,PHC-UP-VAR-004,PHC Kashi Vidyapeeth,MED-ORS-SFT,Oral Rehydration Salts (WHO Formula),840,2026-08-24,2026-08-29,2026-08-29,DELIVERED,SIMULATED
DEL-E9639CEA,PHC-UP-VAR-004,PHC Kashi Vidyapeeth,MED-OXY-AMP,Oxytocin,126,2026-08-24,2026-08-29,2026-08-29,DELIVERED,SIMULATED
DEL-AFF31E1A,PHC-UP-VAR-004,PHC Kashi Vidyapeeth,MED-IVF-RL500,Ringer's Lactate (Compound Sodium Lactate),308,2026-08-24,2026-08-28,2026-08-28,DELIVERED,SIMULATED
DEL-885785BE,CHC-UP-VAR-001,CHC Misirpur,MED-AMC-625,Amoxicillin + Clavulanic Acid,812,2026-08-24,2026-08-30,2026-08-30,DELIVERED,SIMULATED
DEL-30100362,CHC-UP-VAR-001,CHC Misirpur,MED-AZI-500,Azithromycin,700,2026-08-24,2026-08-31,2026-08-31,DELIVERED,SIMULATED
DEL-A32C6B2F,CHC-UP-VAR-001,CHC Misirpur,MED-RAB-VAC,Anti-Rabies Vaccine (Cell Culture),196,2026-08-24,2026-08-29,2026-08-29,DELIVERED,SIMULATED
DEL-7967B62D,CHC-UP-VAR-001,CHC Misirpur,MED-MET-500,Metformin Hydrochloride,1456,2026-08-24,2026-08-30,2026-08-30,DELIVERED,SIMULATED
DEL-7243215F,CHC-UP-VAR-001,CHC Misirpur,MED-OXY-AMP,Oxytocin,280,2026-08-24,2026-08-28,2026-08-28,DELIVERED,SIMULATED
DEL-40159F17,CHC-UP-VAR-001,CHC Misirpur,MED-IVF-D5500,Dextrose 5% in Water,462,2026-08-24,2026-08-30,2026-08-30,DELIVERED,SIMULATED
DEL-55FBB3FF,CHC-UP-VAR-001,CHC Misirpur,MED-ART-60,Artesunate,168,2026-08-24,2026-08-31,2026-08-31,DELIVERED,SIMULATED
DEL-3FEECE78,CHC-UP-VAR-001,CHC Misirpur,MED-ALB-400,Albendazole,462,2026-08-24,2026-08-29,2026-08-29,DELIVERED,SIMULATED
DEL-5A9CAABB,DH-UP-VAR-001,Pandit Deen Dayal Upadhyay District Hospital,MED-ORS-SFT,Oral Rehydration Salts (WHO Formula),10332,2026-08-24,2026-08-31,2026-08-31,DELIVERED,SIMULATED
DEL-8AFCDC7B,DH-UP-VAR-001,Pandit Deen Dayal Upadhyay District Hospital,MED-AZI-500,Azithromycin,3878,2026-08-24,2026-08-28,2026-08-28,DELIVERED,SIMULATED
DEL-CC945CE4,DH-UP-VAR-001,Pandit Deen Dayal Upadhyay District Hospital,MED-MGS-50,Magnesium Sulfate,798,2026-08-24,2026-08-30,2026-08-30,DELIVERED,SIMULATED
DEL-B27EAE10,DH-UP-VAR-001,Pandit Deen Dayal Upadhyay District Hospital,MED-ALB-400,Albendazole,2576,2026-08-24,2026-08-29,2026-08-29,DELIVERED,SIMULATED
DEL-BB651CF8,PHC-UP-LUK-001,PHC Bakshi Ka Talab,MED-PCM-SYR,Paracetamol Paediatric Syrup,434,2026-08-24,2026-08-29,2026-08-29,DELIVERED,SIMULATED
DEL-1317CC6A,PHC-UP-LUK-001,PHC Bakshi Ka Talab,MED-AMX-500,Amoxicillin,532,2026-08-24,2026-08-28,2026-08-28,DELIVERED,SIMULATED
DEL-D0A2123C,PHC-UP-LUK-001,PHC Bakshi Ka Talab,MED-ORS-SFT,Oral Rehydration Salts (WHO Formula),784,2026-08-24,2026-08-28,2026-08-28,DELIVERED,SIMULATED
DEL-3DC12E21,PHC-UP-LUK-001,PHC Bakshi Ka Talab,MED-RAB-VAC,Anti-Rabies Vaccine (Cell Culture),84,2026-08-24,2026-08-29,2026-08-29,DELIVERED,SIMULATED
DEL-372E361E,PHC-UP-LUK-001,PHC Bakshi Ka Talab,MED-ASV-VIAL,Anti-Snake Venom Serum (Polyvalent),28,2026-08-24,2026-08-31,2026-08-31,DELIVERED,SIMULATED
DEL-98D0868B,PHC-UP-LUK-001,PHC Bakshi Ka Talab,MED-MET-500,Metformin Hydrochloride,602,2026-08-24,2026-08-30,2026-08-30,DELIVERED,SIMULATED
DEL-A798D541,PHC-UP-LUK-001,PHC Bakshi Ka Talab,MED-IVF-RL500,Ringer's Lactate (Compound Sodium Lactate),294,2026-08-24,2026-08-31,2026-08-31,DELIVERED,SIMULATED
DEL-72755614,PHC-UP-LUK-001,PHC Bakshi Ka Talab,MED-ALB-400,Albendazole,196,2026-08-24,2026-08-30,2026-08-30,DELIVERED,SIMULATED
DEL-40674F74,PHC-UP-LUK-001,PHC Bakshi Ka Talab,MED-IFA-TAB,Iron & Folic Acid (IFA),686,2026-08-24,2026-08-28,2026-08-28,DELIVERED,SIMULATED
DEL-DACBA086,PHC-UP-LUK-002,PHC Malihabad,MED-PCM-SYR,Paracetamol Paediatric Syrup,364,2026-08-24,2026-08-28,2026-08-28,DELIVERED,SIMULATED
DEL-99F5BF26,PHC-UP-LUK-002,PHC Malihabad,MED-AMC-625,Amoxicillin + Clavulanic Acid,280,2026-08-24,2026-08-30,2026-08-30,DELIVERED,SIMULATED
DEL-37DBA45D,PHC-UP-LUK-002,PHC Malihabad,MED-ORS-SFT,Oral Rehydration Salts (WHO Formula),644,2026-08-24,2026-08-30,2026-08-30,DELIVERED,SIMULATED
DEL-0765815D,PHC-UP-LUK-002,PHC Malihabad,MED-ZNC-20,Zinc Sulfate Dispersible,322,2026-08-24,2026-08-31,2026-08-31,DELIVERED,SIMULATED
DEL-13352E68,PHC-UP-LUK-002,PHC Malihabad,MED-IVF-D5500,Dextrose 5% in Water,154,2026-08-24,2026-08-28,2026-08-28,DELIVERED,SIMULATED
DEL-385A4086,PHC-UP-LUK-003,PHC Mohanlalganj,MED-PCM-SYR,Paracetamol Paediatric Syrup,378,2026-08-24,2026-08-31,2026-08-31,DELIVERED,SIMULATED
DEL-83CF4D29,PHC-UP-LUK-003,PHC Mohanlalganj,MED-AMX-500,Amoxicillin,462,2026-08-24,2026-08-30,2026-08-30,DELIVERED,SIMULATED
DEL-171544C8,PHC-UP-LUK-003,PHC Mohanlalganj,MED-AMC-625,Amoxicillin + Clavulanic Acid,294,2026-08-24,2026-08-30,2026-08-30,DELIVERED,SIMULATED
DEL-57F9589E,PHC-UP-LUK-003,PHC Mohanlalganj,MED-CTX-1G,Ceftriaxone,126,2026-08-24,2026-08-31,2026-08-31,DELIVERED,SIMULATED
DEL-4208141F,PHC-UP-LUK-003,PHC Mohanlalganj,MED-MGS-50,Magnesium Sulfate,42,2026-08-24,2026-08-29,2026-08-29,DELIVERED,SIMULATED
DEL-CE498A10,PHC-UP-LUK-003,PHC Mohanlalganj,MED-IVF-D5500,Dextrose 5% in Water,168,2026-08-24,2026-08-31,2026-08-31,DELIVERED,SIMULATED
DEL-0D10AED9,DH-UP-LUK-001,Balrampur District Hospital Lucknow,MED-PCM-500,Paracetamol,18368,2026-08-24,2026-08-31,2026-08-31,DELIVERED,SIMULATED
DEL-AE392CDA,DH-UP-LUK-001,Balrampur District Hospital Lucknow,MED-AMX-500,Amoxicillin,8974,2026-08-24,2026-08-31,2026-08-31,DELIVERED,SIMULATED
DEL-DAEE7C1F,DH-UP-LUK-001,Balrampur District Hospital Lucknow,MED-AZI-500,Azithromycin,4886,2026-08-24,2026-08-31,2026-08-31,DELIVERED,SIMULATED
DEL-499C9206,DH-UP-LUK-001,Balrampur District Hospital Lucknow,MED-CTX-1G,Ceftriaxone,2436,2026-08-24,2026-08-31,2026-08-31,DELIVERED,SIMULATED
DEL-EC53A9D8,DH-UP-LUK-001,Balrampur District Hospital Lucknow,MED-RAB-VAC,Anti-Rabies Vaccine (Cell Culture),1428,2026-08-24,2026-08-31,2026-08-31,DELIVERED,SIMULATED
DEL-D031D02A,DH-UP-LUK-001,Balrampur District Hospital Lucknow,MED-OXY-AMP,Oxytocin,2030,2026-08-24,2026-08-30,2026-08-30,DELIVERED,SIMULATED
DEL-F5439293,DH-UP-LUK-001,Balrampur District Hospital Lucknow,MED-IVF-NS500,Normal Saline (0.9% Sodium Chloride),6118,2026-08-24,2026-08-31,2026-08-31,DELIVERED,SIMULATED
DEL-06A741F4,DH-UP-LUK-001,Balrampur District Hospital Lucknow,MED-IVF-D5500,Dextrose 5% in Water,3262,2026-08-24,2026-08-28,2026-08-28,DELIVERED,SIMULATED
DEL-D2B7A093,DH-UP-LUK-001,Balrampur District Hospital Lucknow,MED-ART-60,Artesunate,1218,2026-08-24,2026-08-28,2026-08-28,DELIVERED,SIMULATED
DEL-1907739A,PHC-RJ-JAI-001,PHC Bassi,MED-PCM-500,Paracetamol,868,2026-08-24,2026-08-31,2026-08-31,DELIVERED,SIMULATED
DEL-7D26455F,PHC-RJ-JAI-001,PHC Bassi,MED-AMX-500,Amoxicillin,420,2026-08-24,2026-08-28,2026-08-28,DELIVERED,SIMULATED
DEL-C77106C2,PHC-RJ-JAI-001,PHC Bassi,MED-IVF-D5500,Dextrose 5% in Water,154,2026-08-24,2026-08-31,2026-08-31,DELIVERED,SIMULATED
DEL-4C3E49E3,PHC-RJ-JAI-001,PHC Bassi,MED-ALB-400,Albendazole,154,2026-08-24,2026-08-30,2026-08-30,DELIVERED,SIMULATED
DEL-560CC45A,PHC-RJ-JAI-002,PHC Chaksu,MED-PCM-500,Paracetamol,784,2026-08-24,2026-08-31,2026-08-31,DELIVERED,SIMULATED
DEL-D8B0C548,PHC-RJ-JAI-002,PHC Chaksu,MED-AMX-500,Amoxicillin,378,2026-08-24,2026-08-28,2026-08-28,DELIVERED,SIMULATED
DEL-4705A585,PHC-RJ-JAI-002,PHC Chaksu,MED-ZNC-20,Zinc Sulfate Dispersible,280,2026-08-24,2026-08-30,2026-08-30,DELIVERED,SIMULATED
DEL-678949B8,PHC-RJ-JAI-002,PHC Chaksu,MED-CTX-1G,Ceftriaxone,98,2026-08-24,2026-08-31,2026-08-31,DELIVERED,SIMULATED
DEL-CFDCB197,PHC-RJ-JAI-002,PHC Chaksu,MED-RAB-VAC,Anti-Rabies Vaccine (Cell Culture),56,2026-08-24,2026-08-31,2026-08-31,DELIVERED,SIMULATED
DEL-5CA996A1,PHC-RJ-JAI-002,PHC Chaksu,MED-MGS-50,Magnesium Sulfate,42,2026-08-24,2026-08-28,2026-08-28,DELIVERED,SIMULATED
DEL-5B170D57,PHC-RJ-JAI-002,PHC Chaksu,MED-IVF-NS500,Normal Saline (0.9% Sodium Chloride),252,2026-08-24,2026-08-28,2026-08-28,DELIVERED,SIMULATED
DEL-EB7A37B9,PHC-RJ-JAI-002,PHC Chaksu,MED-ART-60,Artesunate,42,2026-08-24,2026-08-29,2026-08-29,DELIVERED,SIMULATED
DEL-B3CED73B,PHC-RJ-JAI-002,PHC Chaksu,MED-ALB-400,Albendazole,140,2026-08-24,2026-08-31,2026-08-31,DELIVERED,SIMULATED
DEL-0C0451DE,PHC-RJ-JAI-003,PHC Amer,MED-PCM-SYR,Paracetamol Paediatric Syrup,392,2026-08-24,2026-08-30,2026-08-30,DELIVERED,SIMULATED
DEL-1681F033,PHC-RJ-JAI-003,PHC Amer,MED-CTX-1G,Ceftriaxone,126,2026-08-24,2026-08-30,2026-08-30,DELIVERED,SIMULATED
DEL-7DFFF687,PHC-RJ-JAI-003,PHC Amer,MED-ASV-VIAL,Anti-Snake Venom Serum (Polyvalent),28,2026-08-24,2026-08-30,2026-08-30,DELIVERED,SIMULATED
DEL-1ECA653F,PHC-RJ-JAI-003,PHC Amer,MED-MGS-50,Magnesium Sulfate,56,2026-08-24,2026-08-30,2026-08-30,DELIVERED,SIMULATED
DEL-489E7BDF,PHC-RJ-JAI-003,PHC Amer,MED-IVF-D5500,Dextrose 5% in Water,168,2026-08-24,2026-08-28,2026-08-28,DELIVERED,SIMULATED
DEL-F2560129,DH-RJ-JAI-001,Kanwatia District Hospital Jaipur,MED-PCM-500,Paracetamol,13776,2026-08-24,2026-08-28,2026-08-28,DELIVERED,SIMULATED
DEL-60185512,DH-RJ-JAI-001,Kanwatia District Hospital Jaipur,MED-AMX-500,Amoxicillin,6734,2026-08-24,2026-08-28,2026-08-28,DELIVERED,SIMULATED
DEL-948BD7E8,DH-RJ-JAI-001,Kanwatia District Hospital Jaipur,MED-RAB-VAC,Anti-Rabies Vaccine (Cell Culture),1064,2026-08-24,2026-08-31,2026-08-31,DELIVERED,SIMULATED
DEL-7A88DA37,DH-RJ-JAI-001,Kanwatia District Hospital Jaipur,MED-IVF-NS500,Normal Saline (0.9% Sodium Chloride),4592,2026-08-24,2026-08-31,2026-08-31,DELIVERED,SIMULATED
DEL-1076C060,DH-RJ-JAI-001,Kanwatia District Hospital Jaipur,MED-IVF-D5500,Dextrose 5% in Water,2436,2026-08-24,2026-08-28,2026-08-28,DELIVERED,SIMULATED
DEL-005B04CE,DH-RJ-JAI-001,Kanwatia District Hospital Jaipur,MED-ALB-400,Albendazole,2436,2026-08-24,2026-08-31,2026-08-31,DELIVERED,SIMULATED
DEL-F007A7E0,PHC-MH-PUN-001,PHC Mulshi,MED-AMX-500,Amoxicillin,336,2026-08-24,2026-08-30,2026-08-30,DELIVERED,SIMULATED
DEL-F241BB2B,PHC-MH-PUN-001,PHC Mulshi,MED-AMC-625,Amoxicillin + Clavulanic Acid,210,2026-08-24,2026-08-29,2026-08-29,DELIVERED,SIMULATED
DEL-01CAD61D,PHC-MH-PUN-001,PHC Mulshi,MED-ZNC-20,Zinc Sulfate Dispersible,238,2026-08-24,2026-08-29,2026-08-29,DELIVERED,SIMULATED
DEL-4A893EFE,PHC-MH-PUN-001,PHC Mulshi,MED-RAB-VAC,Anti-Rabies Vaccine (Cell Culture),42,2026-08-24,2026-08-30,2026-08-30,DELIVERED,SIMULATED
DEL-0938588A,PHC-MH-PUN-001,PHC Mulshi,MED-MET-500,Metformin Hydrochloride,378,2026-08-24,2026-08-28,2026-08-28,DELIVERED,SIMULATED
DEL-C81D7C3F,PHC-MH-PUN-001,PHC Mulshi,MED-IVF-NS500,Normal Saline (0.9% Sodium Chloride),224,2026-08-24,2026-08-31,2026-08-31,DELIVERED,SIMULATED
DEL-DB7AA4C3,PHC-MH-PUN-001,PHC Mulshi,MED-IFA-TAB,Iron & Folic Acid (IFA),420,2026-08-24,2026-08-29,2026-08-29,DELIVERED,SIMULATED
DEL-A103C652,PHC-MH-PUN-002,PHC Haveli,MED-ASV-VIAL,Anti-Snake Venom Serum (Polyvalent),28,2026-08-24,2026-08-31,2026-08-31,DELIVERED,SIMULATED
DEL-C80766F7,PHC-MH-PUN-002,PHC Haveli,MED-MET-500,Metformin Hydrochloride,672,2026-08-24,2026-08-29,2026-08-29,DELIVERED,SIMULATED
DEL-7302FAAA,PHC-MH-PUN-002,PHC Haveli,MED-OXY-AMP,Oxytocin,126,2026-08-24,2026-08-28,2026-08-28,DELIVERED,SIMULATED
DEL-7C45954B,PHC-MH-PUN-002,PHC Haveli,MED-IVF-D5500,Dextrose 5% in Water,210,2026-08-24,2026-08-29,2026-08-29,DELIVERED,SIMULATED
DEL-A58DB95B,PHC-MH-PUN-002,PHC Haveli,MED-ART-60,Artesunate,70,2026-08-24,2026-08-30,2026-08-30,DELIVERED,SIMULATED
DEL-13A3FDE5,PHC-MH-PUN-003,PHC Khed,MED-AMX-500,Amoxicillin,434,2026-08-24,2026-08-29,2026-08-29,DELIVERED,SIMULATED
DEL-22C51539,PHC-MH-PUN-003,PHC Khed,MED-ORS-SFT,Oral Rehydration Salts (WHO Formula),644,2026-08-24,2026-08-31,2026-08-31,DELIVERED,SIMULATED
DEL-F61F2B12,PHC-MH-PUN-003,PHC Khed,MED-IVF-RL500,Ringer's Lactate (Compound Sodium Lactate),238,2026-08-24,2026-08-28,2026-08-28,DELIVERED,SIMULATED
DEL-5346AE02,PHC-MH-PUN-003,PHC Khed,MED-ART-60,Artesunate,56,2026-08-24,2026-08-28,2026-08-28,DELIVERED,SIMULATED
DEL-0F864359,DH-MH-PUN-001,Aundh District Hospital Pune,MED-PCM-500,Paracetamol,16828,2026-08-24,2026-08-29,2026-08-29,DELIVERED,SIMULATED
DEL-C1EB9A8D,DH-MH-PUN-001,Aundh District Hospital Pune,MED-PCM-SYR,Paracetamol Paediatric Syrup,6734,2026-08-24,2026-08-31,2026-08-31,DELIVERED,SIMULATED
DEL-95CF501A,DH-MH-PUN-001,Aundh District Hospital Pune,MED-IVF-NS500,Normal Saline (0.9% Sodium Chloride),5600,2026-08-24,2026-08-30,2026-08-30,DELIVERED,SIMULATED
DEL-C160A31D,DH-MH-PUN-001,Aundh District Hospital Pune,MED-ALB-400,Albendazole,2982,2026-08-24,2026-08-29,2026-08-29,DELIVERED,SIMULATED
DEL-06ADE55B,PHC-KA-BEN-001,PHC Yelahanka,MED-AMC-625,Amoxicillin + Clavulanic Acid,406,2026-08-24,2026-08-30,2026-08-30,DELIVERED,SIMULATED
DEL-1EAD4041,PHC-KA-BEN-001,PHC Yelahanka,MED-ZNC-20,Zinc Sulfate Dispersible,462,2026-08-24,2026-08-29,2026-08-29,DELIVERED,SIMULATED
DEL-B455DF39,PHC-KA-BEN-001,PHC Yelahanka,MED-AZI-500,Azithromycin,350,2026-08-24,2026-08-29,2026-08-29,DELIVERED,SIMULATED
DEL-490BE0F5,PHC-KA-BEN-001,PHC Yelahanka,MED-ASV-VIAL,Anti-Snake Venom Serum (Polyvalent),28,2026-08-24,2026-08-28,2026-08-28,DELIVERED,SIMULATED
DEL-64B182EC,PHC-KA-BEN-001,PHC Yelahanka,MED-INS-REG,Human Insulin (Regular / Soluble),112,2026-08-24,2026-08-31,2026-08-31,DELIVERED,SIMULATED
DEL-D75B752F,PHC-KA-BEN-001,PHC Yelahanka,MED-IVF-NS500,Normal Saline (0.9% Sodium Chloride),434,2026-08-24,2026-08-30,2026-08-30,DELIVERED,SIMULATED
DEL-0E022EF1,PHC-KA-BEN-002,PHC Anekal,MED-PCM-500,Paracetamol,1008,2026-08-24,2026-08-28,2026-08-28,DELIVERED,SIMULATED
DEL-8233E2EC,PHC-KA-BEN-002,PHC Anekal,MED-ZNC-20,Zinc Sulfate Dispersible,350,2026-08-24,2026-08-30,2026-08-30,DELIVERED,SIMULATED
DEL-89199536,PHC-KA-BEN-002,PHC Anekal,MED-CTX-1G,Ceftriaxone,126,2026-08-24,2026-08-31,2026-08-31,DELIVERED,SIMULATED
DEL-3C16C5A6,PHC-KA-BEN-002,PHC Anekal,MED-INS-REG,Human Insulin (Regular / Soluble),84,2026-08-24,2026-08-30,2026-08-30,DELIVERED,SIMULATED
DEL-25855C09,PHC-KA-BEN-002,PHC Anekal,MED-MGS-50,Magnesium Sulfate,56,2026-08-24,2026-08-30,2026-08-30,DELIVERED,SIMULATED
DEL-DF44D620,PHC-KA-BEN-002,PHC Anekal,MED-ART-60,Artesunate,56,2026-08-24,2026-08-29,2026-08-29,DELIVERED,SIMULATED
DEL-C10CC3C2,PHC-KA-BEN-003,PHC Kengeri,MED-PCM-500,Paracetamol,1162,2026-08-24,2026-08-29,2026-08-29,DELIVERED,SIMULATED
DEL-D7ED281D,PHC-KA-BEN-003,PHC Kengeri,MED-PCM-SYR,Paracetamol Paediatric Syrup,462,2026-08-24,2026-08-28,2026-08-28,DELIVERED,SIMULATED
DEL-53B8807E,PHC-KA-BEN-003,PHC Kengeri,MED-AMC-625,Amoxicillin + Clavulanic Acid,350,2026-08-24,2026-08-30,2026-08-30,DELIVERED,SIMULATED
DEL-8D3ED073,PHC-KA-BEN-003,PHC Kengeri,MED-ORS-SFT,Oral Rehydration Salts (WHO Formula),826,2026-08-24,2026-08-29,2026-08-29,DELIVERED,SIMULATED
DEL-09B22FF7,PHC-KA-BEN-003,PHC Kengeri,MED-AZI-500,Azithromycin,308,2026-08-24,2026-08-29,2026-08-29,DELIVERED,SIMULATED
DEL-09CD5C3F,PHC-KA-BEN-003,PHC Kengeri,MED-CTX-1G,Ceftriaxone,154,2026-08-24,2026-08-29,2026-08-29,DELIVERED,SIMULATED
DEL-A449A21D,PHC-KA-BEN-003,PHC Kengeri,MED-ASV-VIAL,Anti-Snake Venom Serum (Polyvalent),28,2026-08-24,2026-08-30,2026-08-30,DELIVERED,SIMULATED
DEL-A71F69BC,PHC-KA-BEN-003,PHC Kengeri,MED-INS-REG,Human Insulin (Regular / Soluble),98,2026-08-24,2026-08-30,2026-08-30,DELIVERED,SIMULATED
DEL-39E1705C,PHC-KA-BEN-003,PHC Kengeri,MED-MET-500,Metformin Hydrochloride,644,2026-08-24,2026-08-29,2026-08-29,DELIVERED,SIMULATED
DEL-C27A87ED,PHC-KA-BEN-003,PHC Kengeri,MED-OXY-AMP,Oxytocin,126,2026-08-24,2026-08-31,2026-08-31,DELIVERED,SIMULATED
DEL-0C19237C,PHC-KA-BEN-003,PHC Kengeri,MED-ALB-400,Albendazole,196,2026-08-24,2026-08-31,2026-08-31,DELIVERED,SIMULATED
DEL-2FDEB893,PHC-KA-BEN-003,PHC Kengeri,MED-IFA-TAB,Iron & Folic Acid (IFA),714,2026-08-24,2026-08-30,2026-08-30,DELIVERED,SIMULATED
DEL-CCA881B1,DH-KA-BEN-001,KC General District Hospital Malleshwaram,MED-AMC-625,Amoxicillin + Clavulanic Acid,6188,2026-08-24,2026-08-29,2026-08-29,DELIVERED,SIMULATED
DEL-97E7C3AC,DH-KA-BEN-001,KC General District Hospital Malleshwaram,MED-MGS-50,Magnesium Sulfate,1092,2026-08-24,2026-08-28,2026-08-28,DELIVERED,SIMULATED
DEL-4535B5BC,PHC-BR-PAT-003,PHC Bihta,MED-AMX-500,Amoxicillin,420,2026-08-25,2026-08-29,2026-08-29,DELIVERED,SIMULATED
DEL-FE049F5E,PHC-BR-PAT-004,PHC Fatuha,MED-AMC-625,Amoxicillin + Clavulanic Acid,224,2026-08-25,2026-08-29,2026-08-29,DELIVERED,SIMULATED
DEL-6CBA47A1,PHC-BR-PAT-005,PHC Mokama,MED-INS-REG,Human Insulin (Regular / Soluble),70,2026-08-25,2026-09-01,,IN_TRANSIT,SIMULATED
DEL-930740BA,CHC-BR-PAT-001,CHC Phulwari Sharif,MED-ZNC-20,Zinc Sulfate Dispersible,896,2026-08-25,2026-08-29,2026-08-29,DELIVERED,SIMULATED
DEL-76495C87,DH-BR-PAT-001,District Hospital Gardanibagh,MED-ART-60,Artesunate,602,2026-08-25,2026-09-01,,IN_TRANSIT,SIMULATED
DEL-AEBF7E2A,PHC-UP-VAR-001,PHC Cholapur,MED-RAB-VAC,Anti-Rabies Vaccine (Cell Culture),56,2026-08-25,2026-08-30,2026-08-30,DELIVERED,SIMULATED
DEL-E769FC89,PHC-RJ-JAI-001,PHC Bassi,MED-MGS-50,Magnesium Sulfate,42,2026-08-25,2026-08-29,2026-08-29,DELIVERED,SIMULATED
DEL-17DADCA2,PHC-BR-PAT-001,PHC Bakhtiyarpur,MED-RAB-VAC,Anti-Rabies Vaccine (Cell Culture),56,2026-08-26,2026-08-31,2026-08-31,DELIVERED,SIMULATED
DEL-B89F93F2,PHC-BR-PAT-001,PHC Bakhtiyarpur,MED-ALB-400,Albendazole,140,2026-08-26,2026-08-31,2026-08-31,DELIVERED,SIMULATED
DEL-E405F0AE,PHC-BR-PAT-003,PHC Bihta,MED-PCM-SYR,Paracetamol Paediatric Syrup,350,2026-08-26,2026-08-30,2026-08-30,DELIVERED,SIMULATED
DEL-C074BEE2,PHC-BR-PAT-003,PHC Bihta,MED-ORS-SFT,Oral Rehydration Salts (WHO Formula),616,2026-08-26,2026-08-30,2026-08-30,DELIVERED,SIMULATED
DEL-6F929E33,PHC-BR-PAT-003,PHC Bihta,MED-MGS-50,Magnesium Sulfate,42,2026-08-26,2026-08-30,2026-08-30,DELIVERED,SIMULATED
DEL-ECCC6ADE,PHC-BR-PAT-004,PHC Fatuha,MED-ZNC-20,Zinc Sulfate Dispersible,252,2026-08-26,2026-09-02,,IN_TRANSIT,SIMULATED
DEL-56DEFD22,CHC-BR-PAT-001,CHC Phulwari Sharif,MED-INS-REG,Human Insulin (Regular / Soluble),224,2026-08-26,2026-08-31,2026-08-31,DELIVERED,SIMULATED
DEL-8D4B0A3A,DH-BR-PAT-001,District Hospital Gardanibagh,MED-MGS-50,Magnesium Sulfate,504,2026-08-26,2026-08-30,2026-08-30,DELIVERED,SIMULATED
DEL-1F61795B,PHC-BR-GAY-001,PHC Bodh Gaya,MED-IVF-NS500,Normal Saline (0.9% Sodium Chloride),266,2026-08-26,2026-08-30,2026-08-30,DELIVERED,SIMULATED
DEL-B1153C73,PHC-BR-GAY-001,PHC Bodh Gaya,MED-IFA-TAB,Iron & Folic Acid (IFA),504,2026-08-26,2026-08-31,2026-08-31,DELIVERED,SIMULATED
DEL-802C7010,PHC-BR-GAY-002,PHC Sherghati,MED-AZI-500,Azithromycin,182,2026-08-26,2026-09-02,,IN_TRANSIT,SIMULATED
DEL-9C37A429,PHC-BR-GAY-003,PHC Tekari,MED-OXY-AMP,Oxytocin,56,2026-08-26,2026-09-01,,IN_TRANSIT,SIMULATED
DEL-24351C1A,PHC-BR-GAY-003,PHC Tekari,MED-ALB-400,Albendazole,98,2026-08-26,2026-09-01,,IN_TRANSIT,SIMULATED
DEL-6F893D3B,PHC-UP-VAR-002,PHC Pindra,MED-RAB-VAC,Anti-Rabies Vaccine (Cell Culture),70,2026-08-26,2026-08-31,2026-08-31,DELIVERED,SIMULATED
DEL-6F720555,PHC-UP-VAR-003,PHC Sevapuri,MED-AMX-500,Amoxicillin,364,2026-08-26,2026-09-02,,IN_TRANSIT,SIMULATED
DEL-8895C6C5,PHC-UP-VAR-003,PHC Sevapuri,MED-IVF-NS500,Normal Saline (0.9% Sodium Chloride),252,2026-08-26,2026-08-31,2026-08-31,DELIVERED,SIMULATED
DEL-52C1FA48,DH-UP-VAR-001,Pandit Deen Dayal Upadhyay District Hospital,MED-MET-500,Metformin Hydrochloride,8078,2026-08-26,2026-08-30,2026-08-30,DELIVERED,SIMULATED
DEL-3893F190,PHC-UP-LUK-001,PHC Bakshi Ka Talab,MED-ART-60,Artesunate,70,2026-08-26,2026-08-31,2026-08-31,DELIVERED,SIMULATED
DEL-6692D48A,PHC-RJ-JAI-003,PHC Amer,MED-ZNC-20,Zinc Sulfate Dispersible,350,2026-08-26,2026-08-31,2026-08-31,DELIVERED,SIMULATED
DEL-0355FA28,PHC-MH-PUN-001,PHC Mulshi,MED-OXY-AMP,Oxytocin,70,2026-08-26,2026-08-31,2026-08-31,DELIVERED,SIMULATED
DEL-A283179C,DH-KA-BEN-001,KC General District Hospital Malleshwaram,MED-IFA-TAB,Iron & Folic Acid (IFA),12376,2026-08-26,2026-09-01,,IN_TRANSIT,SIMULATED
DEL-FAC003B8,PHC-BR-PAT-005,PHC Mokama,MED-PCM-SYR,Paracetamol Paediatric Syrup,336,2026-08-27,2026-09-03,,IN_TRANSIT,SIMULATED
DEL-125270D7,PHC-BR-PAT-005,PHC Mokama,MED-OXY-AMP,Oxytocin,84,2026-08-27,2026-09-03,,IN_TRANSIT,SIMULATED
DEL-8FF602BF,DH-BR-PAT-001,District Hospital Gardanibagh,MED-OXY-AMP,Oxytocin,1008,2026-08-27,2026-09-02,,IN_TRANSIT,SIMULATED
DEL-FB5B3794,DH-BR-PAT-001,District Hospital Gardanibagh,MED-IVF-NS500,Normal Saline (0.9% Sodium Chloride),3052,2026-08-27,2026-09-01,,IN_TRANSIT,SIMULATED
DEL-3844FF6D,PHC-BR-GAY-001,PHC Bodh Gaya,MED-IVF-D5500,Dextrose 5% in Water,140,2026-08-27,2026-09-01,,IN_TRANSIT,SIMULATED
DEL-D43BFDDB,PHC-BR-GAY-002,PHC Sherghati,MED-INS-REG,Human Insulin (Regular / Soluble),56,2026-08-27,2026-09-02,,IN_TRANSIT,SIMULATED
DEL-08A0AB14,PHC-UP-VAR-004,PHC Kashi Vidyapeeth,MED-IVF-D5500,Dextrose 5% in Water,210,2026-08-27,2026-09-01,,IN_TRANSIT,SIMULATED
DEL-2E4EE07A,PHC-UP-LUK-002,PHC Malihabad,MED-AZI-500,Azithromycin,238,2026-08-27,2026-09-01,,IN_TRANSIT,SIMULATED
DEL-3054B840,PHC-UP-LUK-003,PHC Mohanlalganj,MED-IVF-RL500,Ringer's Lactate (Compound Sodium Lactate),252,2026-08-27,2026-08-31,2026-08-31,DELIVERED,SIMULATED
DEL-4A09CB07,PHC-RJ-JAI-002,PHC Chaksu,MED-IFA-TAB,Iron & Folic Acid (IFA),490,2026-08-27,2026-09-01,,IN_TRANSIT,SIMULATED
DEL-FCE55317,PHC-RJ-JAI-003,PHC Amer,MED-AMX-500,Amoxicillin,490,2026-08-27,2026-09-02,,IN_TRANSIT,SIMULATED
DEL-54F0D1AD,PHC-RJ-JAI-003,PHC Amer,MED-AMC-625,Amoxicillin + Clavulanic Acid,308,2026-08-27,2026-08-31,2026-08-31,DELIVERED,SIMULATED
DEL-1A523036,PHC-MH-PUN-002,PHC Haveli,MED-IFA-TAB,Iron & Folic Acid (IFA),756,2026-08-27,2026-09-03,,IN_TRANSIT,SIMULATED
DEL-0F88B97F,PHC-MH-PUN-003,PHC Khed,MED-IFA-TAB,Iron & Folic Acid (IFA),560,2026-08-27,2026-09-03,,IN_TRANSIT,SIMULATED
DEL-21DBEFFF,DH-MH-PUN-001,Aundh District Hospital Pune,MED-AZI-500,Azithromycin,4480,2026-08-27,2026-09-03,,IN_TRANSIT,SIMULATED
DEL-AFAB48F9,PHC-KA-BEN-001,PHC Yelahanka,MED-MET-500,Metformin Hydrochloride,728,2026-08-27,2026-09-01,,IN_TRANSIT,SIMULATED
DEL-3291C99A,PHC-KA-BEN-002,PHC Anekal,MED-MET-500,Metformin Hydrochloride,560,2026-08-27,2026-09-03,,IN_TRANSIT,SIMULATED
DEL-A9ED635F,PHC-KA-BEN-002,PHC Anekal,MED-IVF-D5500,Dextrose 5% in Water,168,2026-08-27,2026-08-31,2026-08-31,DELIVERED,SIMULATED
DEL-ABB05761,DH-KA-BEN-001,KC General District Hospital Malleshwaram,MED-IVF-RL500,Ringer's Lactate (Compound Sodium Lactate),5306,2026-08-27,2026-09-01,,IN_TRANSIT,SIMULATED
DEL-6340D2C5,PHC-BR-PAT-003,PHC Bihta,MED-AZI-500,Azithromycin,224,2026-08-28,2026-09-01,,IN_TRANSIT,SIMULATED
DEL-B526EC4E,PHC-BR-PAT-004,PHC Fatuha,MED-AMX-500,Amoxicillin,350,2026-08-28,2026-09-02,,IN_TRANSIT,SIMULATED
DEL-16D0F78D,PHC-BR-PAT-005,PHC Mokama,MED-AMX-500,Amoxicillin,406,2026-08-28,2026-09-04,,IN_TRANSIT,SIMULATED
DEL-B3077F54,CHC-BR-PAT-001,CHC Phulwari Sharif,MED-CTX-1G,Ceftriaxone,336,2026-08-28,2026-09-04,,IN_TRANSIT,SIMULATED
DEL-43EC2112,PHC-BR-GAY-001,PHC Bodh Gaya,MED-ALB-400,Albendazole,140,2026-08-28,2026-09-01,,IN_TRANSIT,SIMULATED
DEL-DDD51F1F,DH-BR-GAY-001,Jay Prakash Narayan District Hospital Gaya,MED-AMC-625,Amoxicillin + Clavulanic Acid,3808,2026-08-28,2026-09-01,,IN_TRANSIT,SIMULATED
DEL-632409FB,DH-BR-GAY-001,Jay Prakash Narayan District Hospital Gaya,MED-AZI-500,Azithromycin,3262,2026-08-28,2026-09-02,,IN_TRANSIT,SIMULATED
DEL-343B5F9A,DH-BR-GAY-001,Jay Prakash Narayan District Hospital Gaya,MED-INS-REG,Human Insulin (Regular / Soluble),1078,2026-08-28,2026-09-04,,IN_TRANSIT,SIMULATED
DEL-0761594D,PHC-UP-VAR-002,PHC Pindra,MED-MGS-50,Magnesium Sulfate,42,2026-08-28,2026-09-04,,IN_TRANSIT,SIMULATED
DEL-5498DC8B,CHC-UP-VAR-001,CHC Misirpur,MED-ZNC-20,Zinc Sulfate Dispersible,924,2026-08-28,2026-09-01,,IN_TRANSIT,SIMULATED
DEL-AB79EDEA,DH-RJ-JAI-001,Kanwatia District Hospital Jaipur,MED-INS-REG,Human Insulin (Regular / Soluble),1218,2026-08-28,2026-09-03,,IN_TRANSIT,SIMULATED
DEL-A9983328,DH-RJ-JAI-001,Kanwatia District Hospital Jaipur,MED-MET-500,Metformin Hydrochloride,7644,2026-08-28,2026-09-01,,IN_TRANSIT,SIMULATED
DEL-9EA8334F,PHC-MH-PUN-001,PHC Mulshi,MED-AZI-500,Azithromycin,182,2026-08-28,2026-09-01,,IN_TRANSIT,SIMULATED
DEL-DA7EAA12,PHC-MH-PUN-002,PHC Haveli,MED-PCM-SYR,Paracetamol Paediatric Syrup,490,2026-08-28,2026-09-01,,IN_TRANSIT,SIMULATED
DEL-831404CC,PHC-KA-BEN-001,PHC Yelahanka,MED-IVF-D5500,Dextrose 5% in Water,224,2026-08-28,2026-09-03,,IN_TRANSIT,SIMULATED
DEL-0D7F26EE,PHC-KA-BEN-002,PHC Anekal,MED-AZI-500,Azithromycin,266,2026-08-28,2026-09-03,,IN_TRANSIT,SIMULATED
DEL-3E3A723F,PHC-KA-BEN-002,PHC Anekal,MED-IVF-RL500,Ringer's Lactate (Compound Sodium Lactate),266,2026-08-28,2026-09-04,,IN_TRANSIT,SIMULATED
DEL-6E2E0215,PHC-KA-BEN-003,PHC Kengeri,MED-MGS-50,Magnesium Sulfate,56,2026-08-28,2026-09-02,,IN_TRANSIT,SIMULATED
DEL-5A043C01,DH-KA-BEN-001,KC General District Hospital Malleshwaram,MED-ASV-VIAL,Anti-Snake Venom Serum (Polyvalent),518,2026-08-28,2026-09-04,,IN_TRANSIT,SIMULATED
DEL-CC023EA2,PHC-BR-PAT-002,PHC Danapur,MED-CTX-1G,Ceftriaxone,140,2026-08-29,2026-09-02,,IN_TRANSIT,SIMULATED
DEL-0B48AE85,CHC-BR-PAT-001,CHC Phulwari Sharif,MED-AMX-500,Amoxicillin,1232,2026-08-29,2026-09-02,,IN_TRANSIT,SIMULATED
DEL-A844D008,CHC-BR-PAT-001,CHC Phulwari Sharif,MED-ORS-SFT,Oral Rehydration Salts (WHO Formula),1792,2026-08-29,2026-09-04,,IN_TRANSIT,SIMULATED
DEL-83A2F062,DH-BR-PAT-001,District Hospital Gardanibagh,MED-AZI-500,Azithromycin,2436,2026-08-29,2026-09-05,,IN_TRANSIT,SIMULATED
DEL-9E8EBAB8,PHC-UP-VAR-002,PHC Pindra,MED-OXY-AMP,Oxytocin,98,2026-08-29,2026-09-04,,IN_TRANSIT,SIMULATED
DEL-3C9DF0FB,CHC-UP-VAR-001,CHC Misirpur,MED-ORS-SFT,Oral Rehydration Salts (WHO Formula),1862,2026-08-29,2026-09-05,,IN_TRANSIT,SIMULATED
DEL-BD296030,PHC-UP-LUK-003,PHC Mohanlalganj,MED-ZNC-20,Zinc Sulfate Dispersible,336,2026-08-29,2026-09-02,,IN_TRANSIT,SIMULATED
DEL-09887EFF,PHC-RJ-JAI-003,PHC Amer,MED-PCM-500,Paracetamol,1008,2026-08-29,2026-09-03,,IN_TRANSIT,SIMULATED
DEL-46CCFC90,PHC-BR-PAT-002,PHC Danapur,MED-IVF-NS500,Normal Saline (0.9% Sodium Chloride),378,2026-08-30,2026-09-05,,IN_TRANSIT,SIMULATED
DEL-1FB99C6C,PHC-BR-PAT-003,PHC Bihta,MED-IVF-NS500,Normal Saline (0.9% Sodium Chloride),294,2026-08-30,2026-09-03,,IN_TRANSIT,SIMULATED
DEL-D461231F,PHC-BR-PAT-003,PHC Bihta,MED-ALB-400,Albendazole,154,2026-08-30,2026-09-04,,IN_TRANSIT,SIMULATED
DEL-6770D296,PHC-BR-GAY-002,PHC Sherghati,MED-ASV-VIAL,Anti-Snake Venom Serum (Polyvalent),28,2026-08-30,2026-09-05,,IN_TRANSIT,SIMULATED
DEL-BB064E03,PHC-BR-PAT-001,PHC Bakhtiyarpur,MED-MGS-50,Magnesium Sulfate,42,2026-08-31,2026-09-07,,IN_TRANSIT,SIMULATED
DEL-55C51913,PHC-BR-PAT-001,PHC Bakhtiyarpur,MED-IFA-TAB,Iron & Folic Acid (IFA),490,2026-08-31,2026-09-07,,IN_TRANSIT,SIMULATED
DEL-5FFD7FB5,PHC-BR-PAT-002,PHC Danapur,MED-AMC-625,Amoxicillin + Clavulanic Acid,350,2026-08-31,2026-09-06,,IN_TRANSIT,SIMULATED
DEL-3DBBD8A7,PHC-BR-PAT-002,PHC Danapur,MED-ZNC-20,Zinc Sulfate Dispersible,392,2026-08-31,2026-09-06,,IN_TRANSIT,SIMULATED
DEL-4ADE6717,PHC-BR-PAT-002,PHC Danapur,MED-ART-60,Artesunate,70,2026-08-31,2026-09-05,,IN_TRANSIT,SIMULATED
DEL-9ECC097E,PHC-BR-PAT-003,PHC Bihta,MED-AMC-625,Amoxicillin + Clavulanic Acid,266,2026-08-31,2026-09-07,,IN_TRANSIT,SIMULATED
DEL-4FDDC37E,PHC-BR-PAT-004,PHC Fatuha,MED-PCM-500,Paracetamol,714,2026-08-31,2026-09-05,,IN_TRANSIT,SIMULATED
DEL-B52BA69A,PHC-BR-PAT-004,PHC Fatuha,MED-IVF-RL500,Ringer's Lactate (Compound Sodium Lactate),182,2026-08-31,2026-09-07,,IN_TRANSIT,SIMULATED
DEL-C71A8E00,PHC-BR-PAT-004,PHC Fatuha,MED-IFA-TAB,Iron & Folic Acid (IFA),448,2026-08-31,2026-09-07,,IN_TRANSIT,SIMULATED
DEL-AC5403D2,PHC-BR-PAT-005,PHC Mokama,MED-PCM-500,Paracetamol,840,2026-08-31,2026-09-06,,IN_TRANSIT,SIMULATED
DEL-ABD33888,PHC-BR-PAT-005,PHC Mokama,MED-IVF-NS500,Normal Saline (0.9% Sodium Chloride),280,2026-08-31,2026-09-05,,IN_TRANSIT,SIMULATED
DEL-60F43F9B,CHC-BR-PAT-001,CHC Phulwari Sharif,MED-PCM-500,Paracetamol,2534,2026-08-31,2026-09-04,,IN_TRANSIT,SIMULATED
DEL-A583BCC7,CHC-BR-PAT-001,CHC Phulwari Sharif,MED-PCM-SYR,Paracetamol Paediatric Syrup,1008,2026-08-31,2026-09-07,,IN_TRANSIT,SIMULATED
DEL-26ED6E3E,CHC-BR-PAT-001,CHC Phulwari Sharif,MED-IVF-D5500,Dextrose 5% in Water,448,2026-08-31,2026-09-06,,IN_TRANSIT,SIMULATED
DEL-CFA17516,PHC-UP-VAR-001,PHC Cholapur,MED-INS-REG,Human Insulin (Regular / Soluble),70,2026-08-31,2026-09-04,,IN_TRANSIT,SIMULATED
DEL-21493237,PHC-RJ-JAI-001,PHC Bassi,MED-RAB-VAC,Anti-Rabies Vaccine (Cell Culture),56,2026-08-31,2026-09-07,,IN_TRANSIT,SIMULATED
DEL-5C98611C,PHC-RJ-JAI-001,PHC Bassi,MED-INS-REG,Human Insulin (Regular / Soluble),70,2026-08-31,2026-09-06,,IN_TRANSIT,SIMULATED
DEL-042125F5,PHC-MH-PUN-001,PHC Mulshi,MED-ALB-400,Albendazole,112,2026-08-31,2026-09-06,,IN_TRANSIT,SIMULATED
DEL-AE4C2967,PHC-BR-PAT-001,PHC Bakhtiyarpur,MED-PCM-SYR,Paracetamol Paediatric Syrup,308,2026-08-24,2026-08-30,2026-08-30,DELIVERED,SIMULATED
DEL-72669B4D,PHC-BR-PAT-001,PHC Bakhtiyarpur,MED-AMC-625,Amoxicillin + Clavulanic Acid,238,2026-08-24,2026-08-29,2026-08-29,DELIVERED,SIMULATED
DEL-38F88A1A,PHC-BR-PAT-001,PHC Bakhtiyarpur,MED-MGS-50,Magnesium Sulfate,42,2026-08-24,2026-08-30,2026-08-30,DELIVERED,SIMULATED
DEL-9DE069FC,PHC-BR-PAT-001,PHC Bakhtiyarpur,MED-IVF-D5500,Dextrose 5% in Water,140,2026-08-24,2026-08-28,2026-08-28,DELIVERED,SIMULATED
DEL-5B491545,PHC-BR-PAT-001,PHC Bakhtiyarpur,MED-IFA-TAB,Iron & Folic Acid (IFA),490,2026-08-24,2026-08-31,2026-08-31,DELIVERED,SIMULATED
DEL-B997FF88,PHC-BR-PAT-002,PHC Danapur,MED-AMC-625,Amoxicillin + Clavulanic Acid,350,2026-08-24,2026-08-28,2026-08-28,DELIVERED,SIMULATED
DEL-2F2F59FC,PHC-BR-PAT-002,PHC Danapur,MED-ZNC-20,Zinc Sulfate Dispersible,392,2026-08-24,2026-08-31,2026-08-31,DELIVERED,SIMULATED
DEL-E28F8B14,PHC-BR-PAT-002,PHC Danapur,MED-CTX-1G,Ceftriaxone,140,2026-08-24,2026-08-29,2026-08-29,DELIVERED,SIMULATED
DEL-C2D16239,PHC-BR-PAT-002,PHC Danapur,MED-IVF-NS500,Normal Saline (0.9% Sodium Chloride),378,2026-08-24,2026-08-30,2026-08-30,DELIVERED,SIMULATED
DEL-0B805AE5,PHC-BR-PAT-002,PHC Danapur,MED-IVF-RL500,Ringer's Lactate (Compound Sodium Lactate),294,2026-08-24,2026-08-31,2026-08-31,DELIVERED,SIMULATED
DEL-A7E077F3,PHC-BR-PAT-002,PHC Danapur,MED-ART-60,Artesunate,70,2026-08-24,2026-08-28,2026-08-28,DELIVERED,SIMULATED
DEL-E698959B,PHC-BR-PAT-003,PHC Bihta,MED-AMC-625,Amoxicillin + Clavulanic Acid,266,2026-08-24,2026-08-31,2026-08-31,DELIVERED,SIMULATED
DEL-2B280953,PHC-BR-PAT-003,PHC Bihta,MED-AZI-500,Azithromycin,224,2026-08-24,2026-08-28,2026-08-28,DELIVERED,SIMULATED
DEL-F9B54A9F,PHC-BR-PAT-003,PHC Bihta,MED-CTX-1G,Ceftriaxone,112,2026-08-24,2026-08-29,2026-08-29,DELIVERED,SIMULATED
DEL-4B65030B,PHC-BR-PAT-003,PHC Bihta,MED-OXY-AMP,Oxytocin,98,2026-08-24,2026-08-30,2026-08-30,DELIVERED,SIMULATED
DEL-B70B517D,PHC-BR-PAT-003,PHC Bihta,MED-IVF-NS500,Normal Saline (0.9% Sodium Chloride),294,2026-08-24,2026-08-28,2026-08-28,DELIVERED,SIMULATED
DEL-DCCA6824,PHC-BR-PAT-003,PHC Bihta,MED-IVF-RL500,Ringer's Lactate (Compound Sodium Lactate),224,2026-08-24,2026-08-31,2026-08-31,DELIVERED,SIMULATED
DEL-AEA7023B,PHC-BR-PAT-003,PHC Bihta,MED-ALB-400,Albendazole,154,2026-08-24,2026-08-30,2026-08-30,DELIVERED,SIMULATED
DEL-4A68E88F,PHC-BR-PAT-004,PHC Fatuha,MED-PCM-500,Paracetamol,714,2026-08-24,2026-08-31,2026-08-31,DELIVERED,SIMULATED
DEL-27B89C8F,PHC-BR-PAT-004,PHC Fatuha,MED-AMX-500,Amoxicillin,350,2026-08-24,2026-08-31,2026-08-31,DELIVERED,SIMULATED
DEL-81AFAEDF,PHC-BR-PAT-004,PHC Fatuha,MED-ZNC-20,Zinc Sulfate Dispersible,252,2026-08-24,2026-08-29,2026-08-29,DELIVERED,SIMULATED
DEL-712D7103,PHC-BR-PAT-004,PHC Fatuha,MED-IVF-RL500,Ringer's Lactate (Compound Sodium Lactate),182,2026-08-24,2026-08-28,2026-08-28,DELIVERED,SIMULATED
DEL-9B8E455B,PHC-BR-PAT-004,PHC Fatuha,MED-ART-60,Artesunate,42,2026-08-24,2026-08-31,2026-08-31,DELIVERED,SIMULATED
DEL-2E196E75,PHC-BR-PAT-004,PHC Fatuha,MED-IFA-TAB,Iron & Folic Acid (IFA),448,2026-08-24,2026-08-29,2026-08-29,DELIVERED,SIMULATED
DEL-D0632049,PHC-BR-PAT-005,PHC Mokama,MED-PCM-500,Paracetamol,840,2026-08-24,2026-08-30,2026-08-30,DELIVERED,SIMULATED
DEL-97342EA1,PHC-BR-PAT-005,PHC Mokama,MED-PCM-SYR,Paracetamol Paediatric Syrup,336,2026-08-24,2026-08-28,2026-08-28,DELIVERED,SIMULATED
DEL-28B2D466,PHC-BR-PAT-005,PHC Mokama,MED-AMX-500,Amoxicillin,406,2026-08-24,2026-08-28,2026-08-28,DELIVERED,SIMULATED
DEL-C0CD459C,PHC-BR-PAT-005,PHC Mokama,MED-INS-REG,Human Insulin (Regular / Soluble),70,2026-08-24,2026-08-29,2026-08-29,DELIVERED,SIMULATED
DEL-74948739,PHC-BR-PAT-005,PHC Mokama,MED-OXY-AMP,Oxytocin,84,2026-08-24,2026-08-30,2026-08-30,DELIVERED,SIMULATED
DEL-D5A64A5C,PHC-BR-PAT-005,PHC Mokama,MED-IVF-NS500,Normal Saline (0.9% Sodium Chloride),280,2026-08-24,2026-08-31,2026-08-31,DELIVERED,SIMULATED
DEL-1FDE5636,CHC-BR-PAT-001,CHC Phulwari Sharif,MED-PCM-500,Paracetamol,2534,2026-08-24,2026-08-30,2026-08-30,DELIVERED,SIMULATED
DEL-8BBCEF11,CHC-BR-PAT-001,CHC Phulwari Sharif,MED-PCM-SYR,Paracetamol Paediatric Syrup,1008,2026-08-24,2026-08-29,2026-08-29,DELIVERED,SIMULATED
DEL-D9FB3E73,CHC-BR-PAT-001,CHC Phulwari Sharif,MED-AMX-500,Amoxicillin,1232,2026-08-24,2026-08-31,2026-08-31,DELIVERED,SIMULATED
DEL-DF3E56B0,CHC-BR-PAT-001,CHC Phulwari Sharif,MED-ORS-SFT,Oral Rehydration Salts (WHO Formula),1792,2026-08-24,2026-08-31,2026-08-31,DELIVERED,SIMULATED
DEL-1BB65CCF,CHC-BR-PAT-001,CHC Phulwari Sharif,MED-CTX-1G,Ceftriaxone,336,2026-08-24,2026-08-28,2026-08-28,DELIVERED,SIMULATED
DEL-861C7711,CHC-BR-PAT-001,CHC Phulwari Sharif,MED-OXY-AMP,Oxytocin,280,2026-08-24,2026-08-31,2026-08-31,DELIVERED,SIMULATED
DEL-DC388823,CHC-BR-PAT-001,CHC Phulwari Sharif,MED-IVF-D5500,Dextrose 5% in Water,448,2026-08-24,2026-08-30,2026-08-30,DELIVERED,SIMULATED
DEL-CD15402E,DH-BR-PAT-001,District Hospital Gardanibagh,MED-PCM-500,Paracetamol,9184,2026-08-24,2026-08-28,2026-08-28,DELIVERED,SIMULATED
DEL-56FD3234,DH-BR-PAT-001,District Hospital Gardanibagh,MED-ORS-SFT,Oral Rehydration Salts (WHO Formula),6524,2026-08-24,2026-08-30,2026-08-30,DELIVERED,SIMULATED
DEL-C5D76ADB,DH-BR-PAT-001,District Hospital Gardanibagh,MED-ZNC-20,Zinc Sulfate Dispersible,3262,2026-08-24,2026-08-29,2026-08-29,DELIVERED,SIMULATED
DEL-C724130E,DH-BR-PAT-001,District Hospital Gardanibagh,MED-AZI-500,Azithromycin,2436,2026-08-24,2026-08-31,2026-08-31,DELIVERED,SIMULATED
DEL-1DADB97C,DH-BR-PAT-001,District Hospital Gardanibagh,MED-INS-REG,Human Insulin (Regular / Soluble),812,2026-08-24,2026-08-29,2026-08-29,DELIVERED,SIMULATED
DEL-0A624F8F,DH-BR-PAT-001,District Hospital Gardanibagh,MED-OXY-AMP,Oxytocin,1008,2026-08-24,2026-08-29,2026-08-29,DELIVERED,SIMULATED
DEL-3F6385F5,DH-BR-PAT-001,District Hospital Gardanibagh,MED-IVF-NS500,Normal Saline (0.9% Sodium Chloride),3052,2026-08-24,2026-08-28,2026-08-28,DELIVERED,SIMULATED
DEL-EFB82D9D,DH-BR-PAT-001,District Hospital Gardanibagh,MED-ART-60,Artesunate,602,2026-08-24,2026-08-31,2026-08-31,DELIVERED,SIMULATED
DEL-59603BEC,PHC-BR-GAY-001,PHC Bodh Gaya,MED-RAB-VAC,Anti-Rabies Vaccine (Cell Culture),56,2026-08-24,2026-08-28,2026-08-28,DELIVERED,SIMULATED
DEL-42326175,PHC-BR-GAY-001,PHC Bodh Gaya,MED-IVF-D5500,Dextrose 5% in Water,140,2026-08-24,2026-08-31,2026-08-31,DELIVERED,SIMULATED
DEL-81F5BECE,PHC-BR-GAY-001,PHC Bodh Gaya,MED-ALB-400,Albendazole,140,2026-08-24,2026-08-30,2026-08-30,DELIVERED,SIMULATED
DEL-6CC09D83,PHC-BR-GAY-002,PHC Sherghati,MED-AZI-500,Azithromycin,182,2026-08-24,2026-08-28,2026-08-28,DELIVERED,SIMULATED
DEL-1D8814A5,PHC-BR-GAY-002,PHC Sherghati,MED-ASV-VIAL,Anti-Snake Venom Serum (Polyvalent),28,2026-08-24,2026-08-31,2026-08-31,DELIVERED,SIMULATED
DEL-7E52920D,PHC-BR-GAY-002,PHC Sherghati,MED-INS-REG,Human Insulin (Regular / Soluble),56,2026-08-24,2026-08-28,2026-08-28,DELIVERED,SIMULATED
DEL-2FF819E6,PHC-BR-GAY-002,PHC Sherghati,MED-IVF-D5500,Dextrose 5% in Water,112,2026-08-24,2026-08-31,2026-08-31,DELIVERED,SIMULATED
DEL-9B189E9B,PHC-BR-GAY-003,PHC Tekari,MED-RAB-VAC,Anti-Rabies Vaccine (Cell Culture),42,2026-08-24,2026-08-29,2026-08-29,DELIVERED,SIMULATED
DEL-A23D11DB,PHC-BR-GAY-003,PHC Tekari,MED-INS-REG,Human Insulin (Regular / Soluble),42,2026-08-24,2026-08-31,2026-08-31,DELIVERED,SIMULATED
DEL-C08FDCA4,PHC-BR-GAY-003,PHC Tekari,MED-OXY-AMP,Oxytocin,56,2026-08-24,2026-08-30,2026-08-30,DELIVERED,SIMULATED
DEL-5996864F,PHC-BR-GAY-003,PHC Tekari,MED-ALB-400,Albendazole,98,2026-08-24,2026-08-28,2026-08-28,DELIVERED,SIMULATED
DEL-ADA14F8F,DH-BR-GAY-001,Jay Prakash Narayan District Hospital Gaya,MED-AMC-625,Amoxicillin + Clavulanic Acid,3808,2026-08-24,2026-08-29,2026-08-29,DELIVERED,SIMULATED
DEL-BDEAFB63,DH-BR-GAY-001,Jay Prakash Narayan District Hospital Gaya,MED-AZI-500,Azithromycin,3262,2026-08-24,2026-08-30,2026-08-30,DELIVERED,SIMULATED
DEL-3037A076,DH-BR-GAY-001,Jay Prakash Narayan District Hospital Gaya,MED-INS-REG,Human Insulin (Regular / Soluble),1078,2026-08-24,2026-08-30,2026-08-30,DELIVERED,SIMULATED
DEL-3C5A5045,PHC-UP-VAR-001,PHC Cholapur,MED-INS-REG,Human Insulin (Regular / Soluble),70,2026-08-24,2026-08-30,2026-08-30,DELIVERED,SIMULATED
DEL-91C44717,PHC-UP-VAR-001,PHC Cholapur,MED-MGS-50,Magnesium Sulfate,42,2026-08-24,2026-08-31,2026-08-31,DELIVERED,SIMULATED
DEL-C9AAD2ED,PHC-UP-VAR-002,PHC Pindra,MED-OXY-AMP,Oxytocin,98,2026-08-24,2026-08-28,2026-08-28,DELIVERED,SIMULATED
DEL-7C829A12,PHC-UP-VAR-002,PHC Pindra,MED-MGS-50,Magnesium Sulfate,42,2026-08-24,2026-08-28,2026-08-28,DELIVERED,SIMULATED
DEL-1016FD06,PHC-UP-VAR-003,PHC Sevapuri,MED-AMX-500,Amoxicillin,364,2026-08-24,2026-08-28,2026-08-28,DELIVERED,SIMULATED
DEL-03974F64,PHC-UP-VAR-004,PHC Kashi Vidyapeeth,MED-IVF-D5500,Dextrose 5% in Water,210,2026-08-24,2026-08-28,2026-08-28,DELIVERED,SIMULATED
DEL-E204F697,CHC-UP-VAR-001,CHC Misirpur,MED-ORS-SFT,Oral Rehydration Salts (WHO Formula),1862,2026-08-24,2026-08-30,2026-08-30,DELIVERED,SIMULATED
DEL-FA7F1D8E,CHC-UP-VAR-001,CHC Misirpur,MED-ZNC-20,Zinc Sulfate Dispersible,924,2026-08-24,2026-08-30,2026-08-30,DELIVERED,SIMULATED
DEL-3CF252B3,PHC-UP-LUK-002,PHC Malihabad,MED-AZI-500,Azithromycin,238,2026-08-24,2026-08-31,2026-08-31,DELIVERED,SIMULATED
DEL-C975E50C,PHC-UP-LUK-003,PHC Mohanlalganj,MED-ZNC-20,Zinc Sulfate Dispersible,336,2026-08-24,2026-08-28,2026-08-28,DELIVERED,SIMULATED
DEL-DFCC38B4,PHC-RJ-JAI-001,PHC Bassi,MED-RAB-VAC,Anti-Rabies Vaccine (Cell Culture),56,2026-08-24,2026-08-30,2026-08-30,DELIVERED,SIMULATED
DEL-DDF3F523,PHC-RJ-JAI-001,PHC Bassi,MED-INS-REG,Human Insulin (Regular / Soluble),70,2026-08-24,2026-08-29,2026-08-29,DELIVERED,SIMULATED
DEL-6CB539AD,PHC-RJ-JAI-002,PHC Chaksu,MED-IFA-TAB,Iron & Folic Acid (IFA),490,2026-08-24,2026-08-31,2026-08-31,DELIVERED,SIMULATED
DEL-43FBB814,PHC-RJ-JAI-003,PHC Amer,MED-PCM-500,Paracetamol,1008,2026-08-24,2026-08-31,2026-08-31,DELIVERED,SIMULATED
DEL-BB183417,PHC-RJ-JAI-003,PHC Amer,MED-AMX-500,Amoxicillin,490,2026-08-24,2026-08-29,2026-08-29,DELIVERED,SIMULATED
DEL-A6F62844,PHC-RJ-JAI-003,PHC Amer,MED-ART-60,Artesunate,56,2026-08-24,2026-08-29,2026-08-29,DELIVERED,SIMULATED
DEL-CE148126,DH-RJ-JAI-001,Kanwatia District Hospital Jaipur,MED-INS-REG,Human Insulin (Regular / Soluble),1218,2026-08-24,2026-08-29,2026-08-29,DELIVERED,SIMULATED
DEL-12389C94,DH-RJ-JAI-001,Kanwatia District Hospital Jaipur,MED-MET-500,Metformin Hydrochloride,7644,2026-08-24,2026-08-30,2026-08-30,DELIVERED,SIMULATED
DEL-AF77DAE8,PHC-MH-PUN-001,PHC Mulshi,MED-AZI-500,Azithromycin,182,2026-08-24,2026-08-29,2026-08-29,DELIVERED,SIMULATED
DEL-4272453B,PHC-MH-PUN-001,PHC Mulshi,MED-INS-REG,Human Insulin (Regular / Soluble),56,2026-08-24,2026-08-30,2026-08-30,DELIVERED,SIMULATED
DEL-8396E786,PHC-MH-PUN-001,PHC Mulshi,MED-ALB-400,Albendazole,112,2026-08-24,2026-08-30,2026-08-30,DELIVERED,SIMULATED
DEL-3EE685A2,PHC-MH-PUN-002,PHC Haveli,MED-PCM-SYR,Paracetamol Paediatric Syrup,490,2026-08-24,2026-08-31,2026-08-31,DELIVERED,SIMULATED
DEL-EB4DE649,PHC-MH-PUN-002,PHC Haveli,MED-INS-REG,Human Insulin (Regular / Soluble),98,2026-08-24,2026-08-29,2026-08-29,DELIVERED,SIMULATED
DEL-0C0395F8,PHC-MH-PUN-002,PHC Haveli,MED-IFA-TAB,Iron & Folic Acid (IFA),756,2026-08-24,2026-08-29,2026-08-29,DELIVERED,SIMULATED
DEL-83759C2A,PHC-MH-PUN-003,PHC Khed,MED-IFA-TAB,Iron & Folic Acid (IFA),560,2026-08-24,2026-08-29,2026-08-29,DELIVERED,SIMULATED
DEL-30352D86,DH-MH-PUN-001,Aundh District Hospital Pune,MED-AZI-500,Azithromycin,4480,2026-08-24,2026-08-31,2026-08-31,DELIVERED,SIMULATED
DEL-FBCDA8B0,PHC-KA-BEN-001,PHC Yelahanka,MED-MET-500,Metformin Hydrochloride,728,2026-08-24,2026-08-30,2026-08-30,DELIVERED,SIMULATED
DEL-602B2E3D,PHC-KA-BEN-001,PHC Yelahanka,MED-IVF-D5500,Dextrose 5% in Water,224,2026-08-24,2026-08-28,2026-08-28,DELIVERED,SIMULATED
DEL-6CD864AC,PHC-KA-BEN-002,PHC Anekal,MED-AZI-500,Azithromycin,266,2026-08-24,2026-08-28,2026-08-28,DELIVERED,SIMULATED
DEL-AE2B1F54,PHC-KA-BEN-002,PHC Anekal,MED-RAB-VAC,Anti-Rabies Vaccine (Cell Culture),70,2026-08-24,2026-08-30,2026-08-30,DELIVERED,SIMULATED
DEL-A8375E77,PHC-KA-BEN-002,PHC Anekal,MED-MET-500,Metformin Hydrochloride,560,2026-08-24,2026-08-28,2026-08-28,DELIVERED,SIMULATED
DEL-0589DF20,PHC-KA-BEN-002,PHC Anekal,MED-IVF-RL500,Ringer's Lactate (Compound Sodium Lactate),266,2026-08-24,2026-08-29,2026-08-29,DELIVERED,SIMULATED
DEL-24F2CE1D,PHC-KA-BEN-003,PHC Kengeri,MED-MGS-50,Magnesium Sulfate,56,2026-08-24,2026-08-30,2026-08-30,DELIVERED,SIMULATED
DEL-D13B8813,DH-KA-BEN-001,KC General District Hospital Malleshwaram,MED-ASV-VIAL,Anti-Snake Venom Serum (Polyvalent),518,2026-08-24,2026-08-28,2026-08-28,DELIVERED,SIMULATED
DEL-563C0625,DH-KA-BEN-001,KC General District Hospital Malleshwaram,MED-IVF-RL500,Ringer's Lactate (Compound Sodium Lactate),5306,2026-08-24,2026-08-29,2026-08-29,DELIVERED,SIMULATED
DEL-14F3795A,DH-KA-BEN-001,KC General District Hospital Malleshwaram,MED-IFA-TAB,Iron & Folic Acid (IFA),12376,2026-08-24,2026-08-31,2026-08-31,DELIVERED,SIMULATED
DEL-F3637569,PHC-BR-PAT-001,PHC Bakhtiyarpur,MED-AMX-500,Amoxicillin,378,2026-08-25,2026-08-31,2026-08-31,DELIVERED,SIMULATED
DEL-FFBD95DA,PHC-BR-PAT-001,PHC Bakhtiyarpur,MED-MET-500,Metformin Hydrochloride,434,2026-08-25,2026-08-30,2026-08-30,DELIVERED,SIMULATED
DEL-5175CA97,PHC-BR-PAT-002,PHC Danapur,MED-INS-REG,Human Insulin (Regular / Soluble),98,2026-08-25,2026-08-30,2026-08-30,DELIVERED,SIMULATED
DEL-99B84241,PHC-BR-PAT-003,PHC Bihta,MED-MET-500,Metformin Hydrochloride,490,2026-08-25,2026-08-30,2026-08-30,DELIVERED,SIMULATED
DEL-6063E02B,PHC-BR-PAT-003,PHC Bihta,MED-ART-60,Artesunate,56,2026-08-25,2026-08-30,2026-08-30,DELIVERED,SIMULATED
DEL-BB8D822D,PHC-BR-PAT-005,PHC Mokama,MED-ASV-VIAL,Anti-Snake Venom Serum (Polyvalent),28,2026-08-25,2026-08-31,2026-08-31,DELIVERED,SIMULATED
DEL-0D21D2EF,PHC-BR-PAT-005,PHC Mokama,MED-MET-500,Metformin Hydrochloride,462,2026-08-25,2026-08-29,2026-08-29,DELIVERED,SIMULATED
DEL-73D1F949,PHC-BR-PAT-005,PHC Mokama,MED-IVF-RL500,Ringer's Lactate (Compound Sodium Lactate),224,2026-08-25,2026-08-29,2026-08-29,DELIVERED,SIMULATED
DEL-DD0A98E2,DH-BR-PAT-001,District Hospital Gardanibagh,MED-IVF-RL500,Ringer's Lactate (Compound Sodium Lactate),2436,2026-08-25,2026-08-29,2026-08-29,DELIVERED,SIMULATED
DEL-FBFD97C1,PHC-UP-LUK-001,PHC Bakshi Ka Talab,MED-MGS-50,Magnesium Sulfate,56,2026-08-25,2026-08-29,2026-08-29,DELIVERED,SIMULATED
DEL-8CD1A908,PHC-UP-LUK-002,PHC Malihabad,MED-INS-REG,Human Insulin (Regular / Soluble),70,2026-08-25,2026-09-01,,IN_TRANSIT,SIMULATED
DEL-C7E01112,PHC-UP-LUK-002,PHC Malihabad,MED-OXY-AMP,Oxytocin,98,2026-08-25,2026-08-31,2026-08-31,DELIVERED,SIMULATED
DEL-46F28054,PHC-UP-LUK-003,PHC Mohanlalganj,MED-RAB-VAC,Anti-Rabies Vaccine (Cell Culture),70,2026-08-25,2026-08-30,2026-08-30,DELIVERED,SIMULATED
DEL-D72B0756,PHC-MH-PUN-001,PHC Mulshi,MED-IVF-D5500,Dextrose 5% in Water,112,2026-08-25,2026-08-29,2026-08-29,DELIVERED,SIMULATED
DEL-E7036376,PHC-MH-PUN-003,PHC Khed,MED-INS-REG,Human Insulin (Regular / Soluble),70,2026-08-25,2026-08-30,2026-08-30,DELIVERED,SIMULATED
DEL-440038C3,PHC-KA-BEN-001,PHC Yelahanka,MED-MGS-50,Magnesium Sulfate,70,2026-08-25,2026-08-31,2026-08-31,DELIVERED,SIMULATED
DEL-C9BD1D00,PHC-BR-PAT-001,PHC Bakhtiyarpur,MED-ZNC-20,Zinc Sulfate Dispersible,280,2026-08-26,2026-08-31,2026-08-31,DELIVERED,SIMULATED
DEL-22A4420F,PHC-BR-PAT-001,PHC Bakhtiyarpur,MED-INS-REG,Human Insulin (Regular / Soluble),70,2026-08-26,2026-09-02,,IN_TRANSIT,SIMULATED
DEL-F00F1CB0,PHC-BR-PAT-002,PHC Danapur,MED-RAB-VAC,Anti-Rabies Vaccine (Cell Culture),84,2026-08-26,2026-08-31,2026-08-31,DELIVERED,SIMULATED
DEL-5F77401A,PHC-BR-PAT-002,PHC Danapur,MED-ASV-VIAL,Anti-Snake Venom Serum (Polyvalent),28,2026-08-26,2026-09-02,,IN_TRANSIT,SIMULATED
DEL-86A830A2,PHC-BR-PAT-002,PHC Danapur,MED-IVF-D5500,Dextrose 5% in Water,196,2026-08-26,2026-08-31,2026-08-31,DELIVERED,SIMULATED
DEL-479DAAE0,PHC-BR-PAT-002,PHC Danapur,MED-ALB-400,Albendazole,196,2026-08-26,2026-09-02,,IN_TRANSIT,SIMULATED
DEL-4F6875C8,PHC-BR-PAT-003,PHC Bihta,MED-PCM-500,Paracetamol,868,2026-08-26,2026-08-30,2026-08-30,DELIVERED,SIMULATED
DEL-FD0389D8,PHC-BR-PAT-003,PHC Bihta,MED-ASV-VIAL,Anti-Snake Venom Serum (Polyvalent),28,2026-08-26,2026-09-02,,IN_TRANSIT,SIMULATED
DEL-46E278AA,PHC-BR-PAT-003,PHC Bihta,MED-IFA-TAB,Iron & Folic Acid (IFA),546,2026-08-26,2026-09-02,,IN_TRANSIT,SIMULATED
DEL-2F349455,PHC-BR-PAT-004,PHC Fatuha,MED-AZI-500,Azithromycin,182,2026-08-26,2026-08-31,2026-08-31,DELIVERED,SIMULATED
DEL-088B2306,CHC-BR-PAT-001,CHC Phulwari Sharif,MED-ART-60,Artesunate,168,2026-08-26,2026-08-30,2026-08-30,DELIVERED,SIMULATED
DEL-613964A1,CHC-BR-PAT-001,CHC Phulwari Sharif,MED-ALB-400,Albendazole,448,2026-08-26,2026-09-01,,IN_TRANSIT,SIMULATED
DEL-77555481,PHC-BR-GAY-002,PHC Sherghati,MED-MET-500,Metformin Hydrochloride,378,2026-08-26,2026-09-02,,IN_TRANSIT,SIMULATED
DEL-8403C348,PHC-BR-GAY-003,PHC Tekari,MED-PCM-500,Paracetamol,588,2026-08-26,2026-09-02,,IN_TRANSIT,SIMULATED
DEL-05992C8F,PHC-BR-GAY-003,PHC Tekari,MED-AMX-500,Amoxicillin,280,2026-08-26,2026-08-30,2026-08-30,DELIVERED,SIMULATED
DEL-D8F2973B,PHC-BR-GAY-003,PHC Tekari,MED-AZI-500,Azithromycin,154,2026-08-26,2026-09-02,,IN_TRANSIT,SIMULATED
DEL-EDB02A67,PHC-BR-GAY-003,PHC Tekari,MED-MGS-50,Magnesium Sulfate,28,2026-08-26,2026-09-01,,IN_TRANSIT,SIMULATED
DEL-2B72064C,PHC-BR-GAY-003,PHC Tekari,MED-IVF-RL500,Ringer's Lactate (Compound Sodium Lactate),154,2026-08-26,2026-08-31,2026-08-31,DELIVERED,SIMULATED
DEL-4B56C3FD,PHC-UP-VAR-001,PHC Cholapur,MED-CTX-1G,Ceftriaxone,112,2026-08-26,2026-09-02,,IN_TRANSIT,SIMULATED
DEL-D8D53C22,PHC-UP-VAR-002,PHC Pindra,MED-IVF-RL500,Ringer's Lactate (Compound Sodium Lactate),252,2026-08-26,2026-09-02,,IN_TRANSIT,SIMULATED
DEL-B691A21A,PHC-UP-VAR-004,PHC Kashi Vidyapeeth,MED-INS-REG,Human Insulin (Regular / Soluble),98,2026-08-26,2026-09-01,,IN_TRANSIT,SIMULATED
DEL-FC811824,CHC-UP-VAR-001,CHC Misirpur,MED-INS-REG,Human Insulin (Regular / Soluble),224,2026-08-26,2026-08-31,2026-08-31,DELIVERED,SIMULATED
DEL-31411039,DH-UP-VAR-001,Pandit Deen Dayal Upadhyay District Hospital,MED-ASV-VIAL,Anti-Snake Venom Serum (Polyvalent),378,2026-08-26,2026-09-02,,IN_TRANSIT,SIMULATED
DEL-98C536BF,PHC-UP-LUK-003,PHC Mohanlalganj,MED-MET-500,Metformin Hydrochloride,518,2026-08-26,2026-09-01,,IN_TRANSIT,SIMULATED
DEL-05B3E78B,PHC-UP-LUK-003,PHC Mohanlalganj,MED-IFA-TAB,Iron & Folic Acid (IFA),588,2026-08-26,2026-08-30,2026-08-30,DELIVERED,SIMULATED
DEL-0744AEB6,PHC-RJ-JAI-001,PHC Bassi,MED-ORS-SFT,Oral Rehydration Salts (WHO Formula),616,2026-08-26,2026-08-31,2026-08-31,DELIVERED,SIMULATED
DEL-0A965A25,PHC-RJ-JAI-001,PHC Bassi,MED-ART-60,Artesunate,56,2026-08-26,2026-09-01,,IN_TRANSIT,SIMULATED
DEL-8027097C,PHC-RJ-JAI-003,PHC Amer,MED-IVF-NS500,Normal Saline (0.9% Sodium Chloride),336,2026-08-26,2026-09-02,,IN_TRANSIT,SIMULATED
DEL-DCEF9BC1,DH-RJ-JAI-001,Kanwatia District Hospital Jaipur,MED-ASV-VIAL,Anti-Snake Venom Serum (Polyvalent),364,2026-08-26,2026-09-01,,IN_TRANSIT,SIMULATED
DEL-EA3BF4E9,PHC-MH-PUN-002,PHC Haveli,MED-AMX-500,Amoxicillin,588,2026-08-26,2026-08-31,2026-08-31,DELIVERED,SIMULATED
DEL-29F72A23,PHC-MH-PUN-002,PHC Haveli,MED-MGS-50,Magnesium Sulfate,56,2026-08-26,2026-09-01,,IN_TRANSIT,SIMULATED
DEL-28430857,PHC-MH-PUN-003,PHC Khed,MED-ALB-400,Albendazole,154,2026-08-26,2026-08-31,2026-08-31,DELIVERED,SIMULATED
DEL-1A1051A2,PHC-KA-BEN-001,PHC Yelahanka,MED-PCM-SYR,Paracetamol Paediatric Syrup,518,2026-08-26,2026-09-01,,IN_TRANSIT,SIMULATED
DEL-52643D8E,PHC-KA-BEN-002,PHC Anekal,MED-PCM-SYR,Paracetamol Paediatric Syrup,392,2026-08-26,2026-08-30,2026-08-30,DELIVERED,SIMULATED
DEL-071E9386,DH-KA-BEN-001,KC General District Hospital Malleshwaram,MED-PCM-SYR,Paracetamol Paediatric Syrup,7952,2026-08-26,2026-09-02,,IN_TRANSIT,SIMULATED
DEL-79131C8E,DH-KA-BEN-001,KC General District Hospital Malleshwaram,MED-ART-60,Artesunate,1316,2026-08-26,2026-09-01,,IN_TRANSIT,SIMULATED
DEL-3FED592E,PHC-BR-PAT-001,PHC Bakhtiyarpur,MED-OXY-AMP,Oxytocin,84,2026-08-27,2026-08-31,2026-08-31,DELIVERED,SIMULATED
DEL-03C6BC02,PHC-BR-PAT-001,PHC Bakhtiyarpur,MED-IVF-RL500,Ringer's Lactate (Compound Sodium Lactate),210,2026-08-27,2026-09-02,,IN_TRANSIT,SIMULATED
DEL-47BD72CA,PHC-BR-PAT-004,PHC Fatuha,MED-OXY-AMP,Oxytocin,70,2026-08-27,2026-09-03,,IN_TRANSIT,SIMULATED
DEL-552ED0F1,PHC-BR-PAT-005,PHC Mokama,MED-ORS-SFT,Oral Rehydration Salts (WHO Formula),602,2026-08-27,2026-08-31,2026-08-31,DELIVERED,SIMULATED
DEL-E09F3CCB,CHC-BR-PAT-001,CHC Phulwari Sharif,MED-AMC-625,Amoxicillin + Clavulanic Acid,784,2026-08-27,2026-09-03,,IN_TRANSIT,SIMULATED
DEL-3B0C1252,CHC-BR-PAT-001,CHC Phulwari Sharif,MED-IVF-RL500,Ringer's Lactate (Compound Sodium Lactate),672,2026-08-27,2026-09-01,,IN_TRANSIT,SIMULATED
DEL-DEE6938F,PHC-BR-GAY-001,PHC Bodh Gaya,MED-INS-REG,Human Insulin (Regular / Soluble),70,2026-08-27,2026-09-02,,IN_TRANSIT,SIMULATED
DEL-8CE1B091,PHC-BR-GAY-001,PHC Bodh Gaya,MED-MET-500,Metformin Hydrochloride,448,2026-08-27,2026-08-31,2026-08-31,DELIVERED,SIMULATED
DEL-0ECFD067,PHC-BR-GAY-002,PHC Sherghati,MED-AMC-625,Amoxicillin + Clavulanic Acid,210,2026-08-27,2026-09-01,,IN_TRANSIT,SIMULATED
DEL-D5696302,PHC-BR-GAY-002,PHC Sherghati,MED-IVF-NS500,Normal Saline (0.9% Sodium Chloride),224,2026-08-27,2026-09-02,,IN_TRANSIT,SIMULATED
DEL-D119C999,PHC-BR-GAY-002,PHC Sherghati,MED-ALB-400,Albendazole,112,2026-08-27,2026-09-03,,IN_TRANSIT,SIMULATED
DEL-3893E70A,PHC-BR-GAY-003,PHC Tekari,MED-PCM-SYR,Paracetamol Paediatric Syrup,238,2026-08-27,2026-09-03,,IN_TRANSIT,SIMULATED
DEL-91751FA7,PHC-BR-GAY-003,PHC Tekari,MED-ART-60,Artesunate,28,2026-08-27,2026-08-31,2026-08-31,DELIVERED,SIMULATED
DEL-C4229249,PHC-UP-VAR-001,PHC Cholapur,MED-IVF-D5500,Dextrose 5% in Water,154,2026-08-27,2026-09-03,,IN_TRANSIT,SIMULATED
DEL-5FA6F448,PHC-UP-VAR-003,PHC Sevapuri,MED-PCM-SYR,Paracetamol Paediatric Syrup,294,2026-08-27,2026-09-01,,IN_TRANSIT,SIMULATED
DEL-DEE523C1,PHC-UP-VAR-003,PHC Sevapuri,MED-ZNC-20,Zinc Sulfate Dispersible,266,2026-08-27,2026-08-31,2026-08-31,DELIVERED,SIMULATED
DEL-CA95BFF1,PHC-UP-VAR-003,PHC Sevapuri,MED-OXY-AMP,Oxytocin,84,2026-08-27,2026-09-03,,IN_TRANSIT,SIMULATED
DEL-75502CEE,PHC-UP-VAR-003,PHC Sevapuri,MED-IVF-D5500,Dextrose 5% in Water,126,2026-08-27,2026-09-02,,IN_TRANSIT,SIMULATED
DEL-82EDE67F,PHC-UP-VAR-004,PHC Kashi Vidyapeeth,MED-AZI-500,Azithromycin,308,2026-08-27,2026-08-31,2026-08-31,DELIVERED,SIMULATED
DEL-0B986150,PHC-UP-VAR-004,PHC Kashi Vidyapeeth,MED-RAB-VAC,Anti-Rabies Vaccine (Cell Culture),84,2026-08-27,2026-09-03,,IN_TRANSIT,SIMULATED
DEL-7DC118E7,CHC-UP-VAR-001,CHC Misirpur,MED-PCM-SYR,Paracetamol Paediatric Syrup,1050,2026-08-27,2026-08-31,2026-08-31,DELIVERED,SIMULATED
DEL-AE4907C1,DH-UP-VAR-001,Pandit Deen Dayal Upadhyay District Hospital,MED-ZNC-20,Zinc Sulfate Dispersible,5166,2026-08-27,2026-09-02,,IN_TRANSIT,SIMULATED
DEL-5EB313DD,DH-UP-VAR-001,Pandit Deen Dayal Upadhyay District Hospital,MED-INS-REG,Human Insulin (Regular / Soluble),1288,2026-08-27,2026-09-02,,IN_TRANSIT,SIMULATED
DEL-5BFE6232,DH-UP-VAR-001,Pandit Deen Dayal Upadhyay District Hospital,MED-OXY-AMP,Oxytocin,1610,2026-08-27,2026-08-31,2026-08-31,DELIVERED,SIMULATED
DEL-FB5FE4F3,PHC-UP-LUK-002,PHC Malihabad,MED-MET-500,Metformin Hydrochloride,504,2026-08-27,2026-09-01,,IN_TRANSIT,SIMULATED
DEL-8787B4B0,PHC-UP-LUK-002,PHC Malihabad,MED-ART-60,Artesunate,56,2026-08-27,2026-09-01,,IN_TRANSIT,SIMULATED
DEL-FAB6DFBE,PHC-UP-LUK-002,PHC Malihabad,MED-IFA-TAB,Iron & Folic Acid (IFA),560,2026-08-27,2026-09-01,,IN_TRANSIT,SIMULATED
DEL-6134A505,PHC-UP-LUK-003,PHC Mohanlalganj,MED-ART-60,Artesunate,56,2026-08-27,2026-09-01,,IN_TRANSIT,SIMULATED
DEL-85C1483C,DH-UP-LUK-001,Balrampur District Hospital Lucknow,MED-MET-500,Metformin Hydrochloride,10206,2026-08-27,2026-08-31,2026-08-31,DELIVERED,SIMULATED
DEL-7B82D786,PHC-RJ-JAI-001,PHC Bassi,MED-MET-500,Metformin Hydrochloride,490,2026-08-27,2026-09-01,,IN_TRANSIT,SIMULATED
DEL-3483FE8E,PHC-RJ-JAI-001,PHC Bassi,MED-IVF-NS500,Normal Saline (0.9% Sodium Chloride),294,2026-08-27,2026-09-01,,IN_TRANSIT,SIMULATED
DEL-73A93937,PHC-RJ-JAI-002,PHC Chaksu,MED-MET-500,Metformin Hydrochloride,434,2026-08-27,2026-08-31,2026-08-31,DELIVERED,SIMULATED
DEL-6CC705F3,PHC-RJ-JAI-002,PHC Chaksu,MED-IVF-RL500,Ringer's Lactate (Compound Sodium Lactate),210,2026-08-27,2026-09-03,,IN_TRANSIT,SIMULATED
DEL-D31A8BA0,PHC-RJ-JAI-003,PHC Amer,MED-ORS-SFT,Oral Rehydration Salts (WHO Formula),714,2026-08-27,2026-09-03,,IN_TRANSIT,SIMULATED
DEL-87B5735A,PHC-RJ-JAI-003,PHC Amer,MED-IFA-TAB,Iron & Folic Acid (IFA),616,2026-08-27,2026-09-01,,IN_TRANSIT,SIMULATED
DEL-30CB80EE,DH-RJ-JAI-001,Kanwatia District Hospital Jaipur,MED-OXY-AMP,Oxytocin,1526,2026-08-27,2026-08-31,2026-08-31,DELIVERED,SIMULATED
DEL-2EE9D47E,PHC-MH-PUN-001,PHC Mulshi,MED-PCM-500,Paracetamol,686,2026-08-27,2026-09-02,,IN_TRANSIT,SIMULATED
DEL-B72050E3,PHC-MH-PUN-001,PHC Mulshi,MED-PCM-SYR,Paracetamol Paediatric Syrup,266,2026-08-27,2026-08-31,2026-08-31,DELIVERED,SIMULATED
DEL-3F8940EE,PHC-MH-PUN-002,PHC Haveli,MED-ORS-SFT,Oral Rehydration Salts (WHO Formula),868,2026-08-27,2026-08-31,2026-08-31,DELIVERED,SIMULATED
DEL-4B408962,PHC-MH-PUN-003,PHC Khed,MED-ZNC-20,Zinc Sulfate Dispersible,322,2026-08-27,2026-09-01,,IN_TRANSIT,SIMULATED
DEL-82B14B1F,PHC-MH-PUN-003,PHC Khed,MED-CTX-1G,Ceftriaxone,112,2026-08-27,2026-09-02,,IN_TRANSIT,SIMULATED
DEL-F35BE350,PHC-MH-PUN-003,PHC Khed,MED-RAB-VAC,Anti-Rabies Vaccine (Cell Culture),70,2026-08-27,2026-09-03,,IN_TRANSIT,SIMULATED
DEL-2109366F,PHC-MH-PUN-003,PHC Khed,MED-IVF-NS500,Normal Saline (0.9% Sodium Chloride),294,2026-08-27,2026-09-03,,IN_TRANSIT,SIMULATED
DEL-56E74ACB,DH-MH-PUN-001,Aundh District Hospital Pune,MED-AMX-500,Amoxicillin,8232,2026-08-27,2026-08-31,2026-08-31,DELIVERED,SIMULATED
DEL-2C357421,DH-MH-PUN-001,Aundh District Hospital Pune,MED-INS-REG,Human Insulin (Regular / Soluble),1484,2026-08-27,2026-09-02,,IN_TRANSIT,SIMULATED
DEL-49A74BD7,PHC-KA-BEN-001,PHC Yelahanka,MED-ALB-400,Albendazole,224,2026-08-27,2026-09-01,,IN_TRANSIT,SIMULATED
DEL-98E4B7A7,PHC-KA-BEN-002,PHC Anekal,MED-ASV-VIAL,Anti-Snake Venom Serum (Polyvalent),28,2026-08-27,2026-09-02,,IN_TRANSIT,SIMULATED
DEL-821A0468,PHC-KA-BEN-002,PHC Anekal,MED-IVF-NS500,Normal Saline (0.9% Sodium Chloride),336,2026-08-27,2026-08-31,2026-08-31,DELIVERED,SIMULATED
DEL-B7A422A9,PHC-KA-BEN-003,PHC Kengeri,MED-ZNC-20,Zinc Sulfate Dispersible,406,2026-08-27,2026-09-01,,IN_TRANSIT,SIMULATED
DEL-18FA972A,PHC-BR-PAT-001,PHC Bakhtiyarpur,MED-CTX-1G,Ceftriaxone,98,2026-08-28,2026-09-04,,IN_TRANSIT,SIMULATED
DEL-A9367D4E,PHC-BR-PAT-002,PHC Danapur,MED-AZI-500,Azithromycin,294,2026-08-28,2026-09-02,,IN_TRANSIT,SIMULATED
DEL-30E7653D,PHC-BR-PAT-004,PHC Fatuha,MED-MGS-50,Magnesium Sulfate,28,2026-08-28,2026-09-02,,IN_TRANSIT,SIMULATED
DEL-AF9C4FD3,PHC-BR-PAT-005,PHC Mokama,MED-ZNC-20,Zinc Sulfate Dispersible,294,2026-08-28,2026-09-04,,IN_TRANSIT,SIMULATED
DEL-02E3ACB0,CHC-BR-PAT-001,CHC Phulwari Sharif,MED-IVF-NS500,Normal Saline (0.9% Sodium Chloride),840,2026-08-28,2026-09-01,,IN_TRANSIT,SIMULATED
DEL-EC63A9FC,DH-BR-PAT-001,District Hospital Gardanibagh,MED-PCM-SYR,Paracetamol Paediatric Syrup,3668,2026-08-28,2026-09-04,,IN_TRANSIT,SIMULATED
DEL-45867D02,PHC-BR-GAY-002,PHC Sherghati,MED-OXY-AMP,Oxytocin,70,2026-08-28,2026-09-03,,IN_TRANSIT,SIMULATED
DEL-8D656DF3,PHC-BR-GAY-002,PHC Sherghati,MED-ART-60,Artesunate,42,2026-08-28,2026-09-03,,IN_TRANSIT,SIMULATED
DEL-196C94C5,DH-BR-GAY-001,Jay Prakash Narayan District Hospital Gaya,MED-MET-500,Metformin Hydrochloride,6804,2026-08-28,2026-09-02,,IN_TRANSIT,SIMULATED
DEL-3ADB5F6F,DH-BR-GAY-001,Jay Prakash Narayan District Hospital Gaya,MED-ART-60,Artesunate,812,2026-08-28,2026-09-02,,IN_TRANSIT,SIMULATED
DEL-BD36846D,PHC-UP-VAR-001,PHC Cholapur,MED-OXY-AMP,Oxytocin,98,2026-08-28,2026-09-04,,IN_TRANSIT,SIMULATED
DEL-3A6BA2E1,PHC-UP-VAR-002,PHC Pindra,MED-AMC-625,Amoxicillin + Clavulanic Acid,294,2026-08-28,2026-09-02,,IN_TRANSIT,SIMULATED
DEL-DA726ED2,PHC-UP-VAR-002,PHC Pindra,MED-IFA-TAB,Iron & Folic Acid (IFA),602,2026-08-28,2026-09-01,,IN_TRANSIT,SIMULATED
DEL-30A5DD0D,PHC-UP-VAR-003,PHC Sevapuri,MED-PCM-500,Paracetamol,756,2026-08-28,2026-09-03,,IN_TRANSIT,SIMULATED
DEL-4FE3746C,PHC-UP-VAR-003,PHC Sevapuri,MED-AMC-625,Amoxicillin + Clavulanic Acid,224,2026-08-28,2026-09-03,,IN_TRANSIT,SIMULATED
DEL-61CFC4EC,PHC-UP-VAR-004,PHC Kashi Vidyapeeth,MED-PCM-500,Paracetamol,1190,2026-08-28,2026-09-02,,IN_TRANSIT,SIMULATED
DEL-9E3132C5,PHC-UP-VAR-004,PHC Kashi Vidyapeeth,MED-IVF-NS500,Normal Saline (0.9% Sodium Chloride),392,2026-08-28,2026-09-01,,IN_TRANSIT,SIMULATED
DEL-6A8E210C,PHC-UP-VAR-004,PHC Kashi Vidyapeeth,MED-IFA-TAB,Iron & Folic Acid (IFA),742,2026-08-28,2026-09-03,,IN_TRANSIT,SIMULATED
DEL-74FA9E85,CHC-UP-VAR-001,CHC Misirpur,MED-IVF-NS500,Normal Saline (0.9% Sodium Chloride),868,2026-08-28,2026-09-03,,IN_TRANSIT,SIMULATED
DEL-156F51C1,DH-UP-VAR-001,Pandit Deen Dayal Upadhyay District Hospital,MED-PCM-500,Paracetamol,14532,2026-08-28,2026-09-03,,IN_TRANSIT,SIMULATED
DEL-727AAD63,DH-UP-VAR-001,Pandit Deen Dayal Upadhyay District Hospital,MED-IVF-NS500,Normal Saline (0.9% Sodium Chloride),4844,2026-08-28,2026-09-02,,IN_TRANSIT,SIMULATED
DEL-7B30FCEA,PHC-UP-LUK-002,PHC Malihabad,MED-PCM-500,Paracetamol,910,2026-08-28,2026-09-02,,IN_TRANSIT,SIMULATED
DEL-AC8F3B03,PHC-UP-LUK-003,PHC Mohanlalganj,MED-PCM-500,Paracetamol,938,2026-08-28,2026-09-01,,IN_TRANSIT,SIMULATED
DEL-CB1A7AB9,PHC-UP-LUK-003,PHC Mohanlalganj,MED-OXY-AMP,Oxytocin,98,2026-08-28,2026-09-01,,IN_TRANSIT,SIMULATED
DEL-23D02308,PHC-UP-LUK-003,PHC Mohanlalganj,MED-ALB-400,Albendazole,168,2026-08-28,2026-09-01,,IN_TRANSIT,SIMULATED
DEL-5CDA1835,DH-UP-LUK-001,Balrampur District Hospital Lucknow,MED-ORS-SFT,Oral Rehydration Salts (WHO Formula),13062,2026-08-28,2026-09-03,,IN_TRANSIT,SIMULATED
DEL-5F8E48E9,DH-UP-LUK-001,Balrampur District Hospital Lucknow,MED-INS-REG,Human Insulin (Regular / Soluble),1624,2026-08-28,2026-09-03,,IN_TRANSIT,SIMULATED
DEL-6A4C5B5D,DH-UP-LUK-001,Balrampur District Hospital Lucknow,MED-ALB-400,Albendazole,3262,2026-08-28,2026-09-03,,IN_TRANSIT,SIMULATED
DEL-B54187F6,PHC-RJ-JAI-001,PHC Bassi,MED-IVF-RL500,Ringer's Lactate (Compound Sodium Lactate),224,2026-08-28,2026-09-03,,IN_TRANSIT,SIMULATED
DEL-543CB739,PHC-RJ-JAI-002,PHC Chaksu,MED-AMC-625,Amoxicillin + Clavulanic Acid,238,2026-08-28,2026-09-01,,IN_TRANSIT,SIMULATED
DEL-CA2F3D40,PHC-RJ-JAI-002,PHC Chaksu,MED-AZI-500,Azithromycin,210,2026-08-28,2026-09-04,,IN_TRANSIT,SIMULATED
DEL-3611471C,PHC-RJ-JAI-002,PHC Chaksu,MED-IVF-D5500,Dextrose 5% in Water,140,2026-08-28,2026-09-03,,IN_TRANSIT,SIMULATED
DEL-D2779BAB,DH-RJ-JAI-001,Kanwatia District Hospital Jaipur,MED-CTX-1G,Ceftriaxone,1834,2026-08-28,2026-09-02,,IN_TRANSIT,SIMULATED
DEL-9BB03CCD,PHC-MH-PUN-001,PHC Mulshi,MED-CTX-1G,Ceftriaxone,84,2026-08-28,2026-09-03,,IN_TRANSIT,SIMULATED
DEL-AB5B7AB0,PHC-MH-PUN-002,PHC Haveli,MED-ZNC-20,Zinc Sulfate Dispersible,434,2026-08-28,2026-09-02,,IN_TRANSIT,SIMULATED
DEL-1CDA3FCA,PHC-MH-PUN-002,PHC Haveli,MED-IVF-NS500,Normal Saline (0.9% Sodium Chloride),406,2026-08-28,2026-09-04,,IN_TRANSIT,SIMULATED
DEL-B8278852,PHC-MH-PUN-002,PHC Haveli,MED-IVF-RL500,Ringer's Lactate (Compound Sodium Lactate),322,2026-08-28,2026-09-03,,IN_TRANSIT,SIMULATED
DEL-1F4639A2,PHC-MH-PUN-003,PHC Khed,MED-MET-500,Metformin Hydrochloride,504,2026-08-28,2026-09-02,,IN_TRANSIT,SIMULATED
DEL-4BE8ABD3,PHC-MH-PUN-003,PHC Khed,MED-IVF-D5500,Dextrose 5% in Water,154,2026-08-28,2026-09-04,,IN_TRANSIT,SIMULATED
DEL-2B25DDD0,DH-MH-PUN-001,Aundh District Hospital Pune,MED-OXY-AMP,Oxytocin,1862,2026-08-28,2026-09-04,,IN_TRANSIT,SIMULATED
DEL-652FEF4C,DH-MH-PUN-001,Aundh District Hospital Pune,MED-IVF-D5500,Dextrose 5% in Water,2982,2026-08-28,2026-09-02,,IN_TRANSIT,SIMULATED
DEL-68FD9AA3,PHC-KA-BEN-001,PHC Yelahanka,MED-ORS-SFT,Oral Rehydration Salts (WHO Formula),938,2026-08-28,2026-09-02,,IN_TRANSIT,SIMULATED
DEL-C92B65F0,PHC-KA-BEN-002,PHC Anekal,MED-AMC-625,Amoxicillin + Clavulanic Acid,308,2026-08-28,2026-09-01,,IN_TRANSIT,SIMULATED
DEL-65BB4169,PHC-KA-BEN-002,PHC Anekal,MED-ORS-SFT,Oral Rehydration Salts (WHO Formula),714,2026-08-28,2026-09-04,,IN_TRANSIT,SIMULATED
DEL-C35B3868,PHC-KA-BEN-002,PHC Anekal,MED-OXY-AMP,Oxytocin,112,2026-08-28,2026-09-01,,IN_TRANSIT,SIMULATED
DEL-DBBD5C0C,PHC-KA-BEN-003,PHC Kengeri,MED-RAB-VAC,Anti-Rabies Vaccine (Cell Culture),84,2026-08-28,2026-09-02,,IN_TRANSIT,SIMULATED
DEL-FC99EFAB,PHC-KA-BEN-003,PHC Kengeri,MED-IVF-D5500,Dextrose 5% in Water,196,2026-08-28,2026-09-03,,IN_TRANSIT,SIMULATED
DEL-D0ABA172,DH-KA-BEN-001,KC General District Hospital Malleshwaram,MED-AMX-500,Amoxicillin,9716,2026-08-28,2026-09-01,,IN_TRANSIT,SIMULATED
DEL-D56C54F4,PHC-BR-PAT-001,PHC Bakhtiyarpur,MED-AZI-500,Azithromycin,210,2026-08-29,2026-09-02,,IN_TRANSIT,SIMULATED
DEL-F5A6814C,PHC-BR-PAT-001,PHC Bakhtiyarpur,MED-IVF-NS500,Normal Saline (0.9% Sodium Chloride),252,2026-08-29,2026-09-05,,IN_TRANSIT,SIMULATED
DEL-53A53CDA,PHC-BR-PAT-002,PHC Danapur,MED-PCM-500,Paracetamol,1134,2026-08-29,2026-09-04,,IN_TRANSIT,SIMULATED
DEL-38331577,PHC-BR-PAT-002,PHC Danapur,MED-PCM-SYR,Paracetamol Paediatric Syrup,448,2026-08-29,2026-09-03,,IN_TRANSIT,SIMULATED
DEL-95763B24,PHC-BR-PAT-002,PHC Danapur,MED-MGS-50,Magnesium Sulfate,56,2026-08-29,2026-09-05,,IN_TRANSIT,SIMULATED
DEL-A0B5F7B7,PHC-BR-PAT-004,PHC Fatuha,MED-ORS-SFT,Oral Rehydration Salts (WHO Formula),504,2026-08-29,2026-09-04,,IN_TRANSIT,SIMULATED
DEL-D5F0F4A7,PHC-BR-PAT-004,PHC Fatuha,MED-IVF-NS500,Normal Saline (0.9% Sodium Chloride),238,2026-08-29,2026-09-04,,IN_TRANSIT,SIMULATED
DEL-D1905EA7,PHC-BR-PAT-005,PHC Mokama,MED-MGS-50,Magnesium Sulfate,42,2026-08-29,2026-09-03,,IN_TRANSIT,SIMULATED
DEL-AE105BD5,CHC-BR-PAT-001,CHC Phulwari Sharif,MED-IFA-TAB,Iron & Folic Acid (IFA),1568,2026-08-29,2026-09-03,,IN_TRANSIT,SIMULATED
DEL-1DC6168E,DH-BR-PAT-001,District Hospital Gardanibagh,MED-AMX-500,Amoxicillin,4480,2026-08-29,2026-09-04,,IN_TRANSIT,SIMULATED
DEL-8B095364,DH-BR-PAT-001,District Hospital Gardanibagh,MED-CTX-1G,Ceftriaxone,1218,2026-08-29,2026-09-05,,IN_TRANSIT,SIMULATED
DEL-EB9C19F6,PHC-BR-GAY-001,PHC Bodh Gaya,MED-AMC-625,Amoxicillin + Clavulanic Acid,252,2026-08-29,2026-09-05,,IN_TRANSIT,SIMULATED
DEL-0226A599,PHC-BR-GAY-001,PHC Bodh Gaya,MED-CTX-1G,Ceftriaxone,98,2026-08-29,2026-09-04,,IN_TRANSIT,SIMULATED
DEL-496FF189,PHC-BR-GAY-003,PHC Tekari,MED-IFA-TAB,Iron & Folic Acid (IFA),364,2026-08-29,2026-09-03,,IN_TRANSIT,SIMULATED
DEL-2193B6CA,PHC-UP-VAR-001,PHC Cholapur,MED-IVF-RL500,Ringer's Lactate (Compound Sodium Lactate),224,2026-08-29,2026-09-05,,IN_TRANSIT,SIMULATED
DEL-37341815,PHC-UP-VAR-001,PHC Cholapur,MED-ART-60,Artesunate,56,2026-08-29,2026-09-04,,IN_TRANSIT,SIMULATED
DEL-B7EA5471,PHC-UP-VAR-003,PHC Sevapuri,MED-ORS-SFT,Oral Rehydration Salts (WHO Formula),532,2026-08-29,2026-09-04,,IN_TRANSIT,SIMULATED
DEL-4A0A72FE,PHC-UP-VAR-003,PHC Sevapuri,MED-CTX-1G,Ceftriaxone,98,2026-08-29,2026-09-05,,IN_TRANSIT,SIMULATED
DEL-31DDDE41,PHC-UP-VAR-003,PHC Sevapuri,MED-ART-60,Artesunate,42,2026-08-29,2026-09-05,,IN_TRANSIT,SIMULATED
DEL-44A13580,PHC-UP-VAR-003,PHC Sevapuri,MED-ALB-400,Albendazole,126,2026-08-29,2026-09-03,,IN_TRANSIT,SIMULATED
DEL-B51A40BC,PHC-UP-VAR-004,PHC Kashi Vidyapeeth,MED-ZNC-20,Zinc Sulfate Dispersible,420,2026-08-29,2026-09-02,,IN_TRANSIT,SIMULATED
DEL-488A1880,PHC-UP-VAR-004,PHC Kashi Vidyapeeth,MED-MET-500,Metformin Hydrochloride,658,2026-08-29,2026-09-02,,IN_TRANSIT,SIMULATED
DEL-07673673,CHC-UP-VAR-001,CHC Misirpur,MED-MGS-50,Magnesium Sulfate,140,2026-08-29,2026-09-02,,IN_TRANSIT,SIMULATED
DEL-05C53808,CHC-UP-VAR-001,CHC Misirpur,MED-IFA-TAB,Iron & Folic Acid (IFA),1638,2026-08-29,2026-09-05,,IN_TRANSIT,SIMULATED
DEL-055691BB,DH-UP-VAR-001,Pandit Deen Dayal Upadhyay District Hospital,MED-PCM-SYR,Paracetamol Paediatric Syrup,5810,2026-08-29,2026-09-03,,IN_TRANSIT,SIMULATED
DEL-B96C2843,DH-UP-VAR-001,Pandit Deen Dayal Upadhyay District Hospital,MED-ART-60,Artesunate,966,2026-08-29,2026-09-02,,IN_TRANSIT,SIMULATED
DEL-89B9B09E,PHC-UP-LUK-001,PHC Bakshi Ka Talab,MED-PCM-500,Paracetamol,1092,2026-08-29,2026-09-03,,IN_TRANSIT,SIMULATED
DEL-A8ED8A34,PHC-UP-LUK-001,PHC Bakshi Ka Talab,MED-IVF-NS500,Normal Saline (0.9% Sodium Chloride),364,2026-08-29,2026-09-02,,IN_TRANSIT,SIMULATED
DEL-03691A01,PHC-UP-LUK-003,PHC Mohanlalganj,MED-IVF-NS500,Normal Saline (0.9% Sodium Chloride),308,2026-08-29,2026-09-03,,IN_TRANSIT,SIMULATED
DEL-D20D8C88,DH-UP-LUK-001,Balrampur District Hospital Lucknow,MED-AMC-625,Amoxicillin + Clavulanic Acid,5712,2026-08-29,2026-09-04,,IN_TRANSIT,SIMULATED
DEL-83F754EE,PHC-RJ-JAI-001,PHC Bassi,MED-CTX-1G,Ceftriaxone,112,2026-08-29,2026-09-05,,IN_TRANSIT,SIMULATED
DEL-7818F736,PHC-RJ-JAI-002,PHC Chaksu,MED-PCM-SYR,Paracetamol Paediatric Syrup,308,2026-08-29,2026-09-02,,IN_TRANSIT,SIMULATED
DEL-D42E2503,DH-RJ-JAI-001,Kanwatia District Hospital Jaipur,MED-IVF-RL500,Ringer's Lactate (Compound Sodium Lactate),3668,2026-08-29,2026-09-03,,IN_TRANSIT,SIMULATED
DEL-6C61A137,PHC-MH-PUN-002,PHC Haveli,MED-AMC-625,Amoxicillin + Clavulanic Acid,378,2026-08-29,2026-09-02,,IN_TRANSIT,SIMULATED
DEL-4F8443A5,PHC-MH-PUN-002,PHC Haveli,MED-AZI-500,Azithromycin,322,2026-08-29,2026-09-04,,IN_TRANSIT,SIMULATED
DEL-8D558DE6,PHC-MH-PUN-002,PHC Haveli,MED-CTX-1G,Ceftriaxone,154,2026-08-29,2026-09-03,,IN_TRANSIT,SIMULATED
DEL-5C32E177,PHC-MH-PUN-003,PHC Khed,MED-AZI-500,Azithromycin,238,2026-08-29,2026-09-02,,IN_TRANSIT,SIMULATED
DEL-877F8BA5,DH-MH-PUN-001,Aundh District Hospital Pune,MED-ORS-SFT,Oral Rehydration Salts (WHO Formula),11970,2026-08-29,2026-09-02,,IN_TRANSIT,SIMULATED
DEL-F19789F5,DH-MH-PUN-001,Aundh District Hospital Pune,MED-ASV-VIAL,Anti-Snake Venom Serum (Polyvalent),448,2026-08-29,2026-09-03,,IN_TRANSIT,SIMULATED
DEL-E321B749,PHC-KA-BEN-001,PHC Yelahanka,MED-IVF-RL500,Ringer's Lactate (Compound Sodium Lactate),350,2026-08-29,2026-09-05,,IN_TRANSIT,SIMULATED
DEL-E6DCFD88,DH-KA-BEN-001,KC General District Hospital Malleshwaram,MED-ORS-SFT,Oral Rehydration Salts (WHO Formula),14140,2026-08-29,2026-09-05,,IN_TRANSIT,SIMULATED
DEL-A23732B3,DH-KA-BEN-001,KC General District Hospital Malleshwaram,MED-OXY-AMP,Oxytocin,2198,2026-08-29,2026-09-03,,IN_TRANSIT,SIMULATED
DEL-5C6030E4,PHC-BR-PAT-003,PHC Bihta,MED-AMX-500,Amoxicillin,420,2026-08-30,2026-09-05,,IN_TRANSIT,SIMULATED
DEL-CBE1C177,PHC-BR-PAT-004,PHC Fatuha,MED-PCM-SYR,Paracetamol Paediatric Syrup,280,2026-08-30,2026-09-04,,IN_TRANSIT,SIMULATED
DEL-61C2E1A0,PHC-BR-PAT-005,PHC Mokama,MED-RAB-VAC,Anti-Rabies Vaccine (Cell Culture),56,2026-08-30,2026-09-06,,IN_TRANSIT,SIMULATED
DEL-F26BB835,CHC-BR-PAT-001,CHC Phulwari Sharif,MED-AZI-500,Azithromycin,672,2026-08-30,2026-09-06,,IN_TRANSIT,SIMULATED
DEL-A1489E58,CHC-BR-PAT-001,CHC Phulwari Sharif,MED-MET-500,Metformin Hydrochloride,1400,2026-08-30,2026-09-05,,IN_TRANSIT,SIMULATED
DEL-7774B010,DH-BR-PAT-001,District Hospital Gardanibagh,MED-IFA-TAB,Iron & Folic Acid (IFA),5712,2026-08-30,2026-09-04,,IN_TRANSIT,SIMULATED
DEL-76F01F49,PHC-BR-GAY-001,PHC Bodh Gaya,MED-OXY-AMP,Oxytocin,84,2026-08-30,2026-09-05,,IN_TRANSIT,SIMULATED
DEL-D30E0922,DH-BR-GAY-001,Jay Prakash Narayan District Hospital Gaya,MED-AMX-500,Amoxicillin,5978,2026-08-30,2026-09-04,,IN_TRANSIT,SIMULATED
DEL-F7010D8C,DH-BR-GAY-001,Jay Prakash Narayan District Hospital Gaya,MED-ASV-VIAL,Anti-Snake Venom Serum (Polyvalent),322,2026-08-30,2026-09-04,,IN_TRANSIT,SIMULATED
DEL-D2F3B629,PHC-UP-VAR-001,PHC Cholapur,MED-PCM-500,Paracetamol,868,2026-08-30,2026-09-04,,IN_TRANSIT,SIMULATED
DEL-54DD2A0F,PHC-UP-VAR-004,PHC Kashi Vidyapeeth,MED-CTX-1G,Ceftriaxone,154,2026-08-30,2026-09-06,,IN_TRANSIT,SIMULATED
DEL-C1D14799,CHC-UP-VAR-001,CHC Misirpur,MED-ASV-VIAL,Anti-Snake Venom Serum (Polyvalent),70,2026-08-30,2026-09-05,,IN_TRANSIT,SIMULATED
DEL-AFCECD93,DH-UP-VAR-001,Pandit Deen Dayal Upadhyay District Hospital,MED-AMX-500,Amoxicillin,7098,2026-08-30,2026-09-03,,IN_TRANSIT,SIMULATED
DEL-AA56B9A3,DH-UP-VAR-001,Pandit Deen Dayal Upadhyay District Hospital,MED-RAB-VAC,Anti-Rabies Vaccine (Cell Culture),1120,2026-08-30,2026-09-06,,IN_TRANSIT,SIMULATED
DEL-33468443,DH-UP-VAR-001,Pandit Deen Dayal Upadhyay District Hospital,MED-IVF-RL500,Ringer's Lactate (Compound Sodium Lactate),3878,2026-08-30,2026-09-03,,IN_TRANSIT,SIMULATED
DEL-CFB20878,PHC-UP-LUK-001,PHC Bakshi Ka Talab,MED-CTX-1G,Ceftriaxone,140,2026-08-30,2026-09-03,,IN_TRANSIT,SIMULATED
DEL-E4D80D4A,PHC-UP-LUK-002,PHC Malihabad,MED-IVF-RL500,Ringer's Lactate (Compound Sodium Lactate),238,2026-08-30,2026-09-05,,IN_TRANSIT,SIMULATED
DEL-319D9478,PHC-UP-LUK-003,PHC Mohanlalganj,MED-INS-REG,Human Insulin (Regular / Soluble),84,2026-08-30,2026-09-05,,IN_TRANSIT,SIMULATED
DEL-C7E6E724,PHC-RJ-JAI-003,PHC Amer,MED-IVF-RL500,Ringer's Lactate (Compound Sodium Lactate),266,2026-08-30,2026-09-03,,IN_TRANSIT,SIMULATED
DEL-04CAE936,DH-RJ-JAI-001,Kanwatia District Hospital Jaipur,MED-ORS-SFT,Oral Rehydration Salts (WHO Formula),9786,2026-08-30,2026-09-05,,IN_TRANSIT,SIMULATED
DEL-882AC7A9,PHC-MH-PUN-003,PHC Khed,MED-OXY-AMP,Oxytocin,98,2026-08-30,2026-09-03,,IN_TRANSIT,SIMULATED
DEL-FF240A69,DH-MH-PUN-001,Aundh District Hospital Pune,MED-ZNC-20,Zinc Sulfate Dispersible,5978,2026-08-30,2026-09-06,,IN_TRANSIT,SIMULATED
DEL-2BFAC593,PHC-KA-BEN-001,PHC Yelahanka,MED-IFA-TAB,Iron & Folic Acid (IFA),812,2026-08-30,2026-09-06,,IN_TRANSIT,SIMULATED
DEL-923DAB5C,DH-KA-BEN-001,KC General District Hospital Malleshwaram,MED-IVF-NS500,Normal Saline (0.9% Sodium Chloride),6622,2026-08-30,2026-09-06,,IN_TRANSIT,SIMULATED
DEL-81EF362B,PHC-BR-PAT-001,PHC Bakhtiyarpur,MED-PCM-500,Paracetamol,784,2026-08-31,2026-09-06,,IN_TRANSIT,SIMULATED
DEL-BEBBD4B6,PHC-BR-PAT-001,PHC Bakhtiyarpur,MED-ASV-VIAL,Anti-Snake Venom Serum (Polyvalent),28,2026-08-31,2026-09-07,,IN_TRANSIT,SIMULATED
DEL-9C4FF235,PHC-BR-PAT-001,PHC Bakhtiyarpur,MED-ART-60,Artesunate,42,2026-08-31,2026-09-04,,IN_TRANSIT,SIMULATED
DEL-55553F32,PHC-BR-PAT-002,PHC Danapur,MED-AMX-500,Amoxicillin,546,2026-08-31,2026-09-07,,IN_TRANSIT,SIMULATED
DEL-E9573219,PHC-BR-PAT-003,PHC Bihta,MED-PCM-SYR,Paracetamol Paediatric Syrup,350,2026-08-31,2026-09-06,,IN_TRANSIT,SIMULATED
DEL-9B500061,PHC-BR-PAT-003,PHC Bihta,MED-ORS-SFT,Oral Rehydration Salts (WHO Formula),616,2026-08-31,2026-09-06,,IN_TRANSIT,SIMULATED
DEL-A9169352,PHC-BR-PAT-003,PHC Bihta,MED-ZNC-20,Zinc Sulfate Dispersible,308,2026-08-31,2026-09-07,,IN_TRANSIT,SIMULATED
DEL-72B1F165,PHC-BR-PAT-003,PHC Bihta,MED-RAB-VAC,Anti-Rabies Vaccine (Cell Culture),56,2026-08-31,2026-09-05,,IN_TRANSIT,SIMULATED
DEL-B9CDDDD6,PHC-BR-PAT-003,PHC Bihta,MED-INS-REG,Human Insulin (Regular / Soluble),70,2026-08-31,2026-09-06,,IN_TRANSIT,SIMULATED
DEL-47CDABD0,PHC-BR-PAT-003,PHC Bihta,MED-MGS-50,Magnesium Sulfate,42,2026-08-31,2026-09-05,,IN_TRANSIT,SIMULATED
DEL-3BECA28E,PHC-BR-PAT-003,PHC Bihta,MED-IVF-D5500,Dextrose 5% in Water,154,2026-08-31,2026-09-04,,IN_TRANSIT,SIMULATED
DEL-DB797FE9,PHC-BR-PAT-004,PHC Fatuha,MED-RAB-VAC,Anti-Rabies Vaccine (Cell Culture),56,2026-08-31,2026-09-06,,IN_TRANSIT,SIMULATED
DEL-83FA0150,PHC-BR-PAT-004,PHC Fatuha,MED-INS-REG,Human Insulin (Regular / Soluble),56,2026-08-31,2026-09-04,,IN_TRANSIT,SIMULATED
DEL-14CB389C,PHC-BR-PAT-004,PHC Fatuha,MED-IVF-D5500,Dextrose 5% in Water,126,2026-08-31,2026-09-04,,IN_TRANSIT,SIMULATED
DEL-8203DBE5,PHC-BR-PAT-005,PHC Mokama,MED-CTX-1G,Ceftriaxone,112,2026-08-31,2026-09-06,,IN_TRANSIT,SIMULATED
DEL-80A45159,PHC-BR-PAT-005,PHC Mokama,MED-ART-60,Artesunate,56,2026-08-31,2026-09-07,,IN_TRANSIT,SIMULATED
DEL-6CFC3D53,CHC-BR-PAT-001,CHC Phulwari Sharif,MED-ASV-VIAL,Anti-Snake Venom Serum (Polyvalent),56,2026-08-31,2026-09-07,,IN_TRANSIT,SIMULATED
DEL-853707DD,DH-BR-PAT-001,District Hospital Gardanibagh,MED-MET-500,Metformin Hydrochloride,5096,2026-08-31,2026-09-05,,IN_TRANSIT,SIMULATED
DEL-0179FA9C,DH-BR-PAT-001,District Hospital Gardanibagh,MED-IVF-D5500,Dextrose 5% in Water,1624,2026-08-31,2026-09-06,,IN_TRANSIT,SIMULATED
DEL-42598003,PHC-BR-GAY-001,PHC Bodh Gaya,MED-IVF-RL500,Ringer's Lactate (Compound Sodium Lactate),210,2026-08-31,2026-09-05,,IN_TRANSIT,SIMULATED
DEL-5B76159E,PHC-BR-GAY-002,PHC Sherghati,MED-ORS-SFT,Oral Rehydration Salts (WHO Formula),490,2026-08-31,2026-09-07,,IN_TRANSIT,SIMULATED
DEL-A91F703C,PHC-BR-GAY-002,PHC Sherghati,MED-ZNC-20,Zinc Sulfate Dispersible,238,2026-08-31,2026-09-04,,IN_TRANSIT,SIMULATED
DEL-38E5D160,PHC-BR-GAY-003,PHC Tekari,MED-AMC-625,Amoxicillin + Clavulanic Acid,182,2026-08-31,2026-09-05,,IN_TRANSIT,SIMULATED
DEL-5776957F,DH-BR-GAY-001,Jay Prakash Narayan District Hospital Gaya,MED-PCM-500,Paracetamol,12236,2026-08-31,2026-09-07,,IN_TRANSIT,SIMULATED
DEL-8E0340A3,DH-BR-GAY-001,Jay Prakash Narayan District Hospital Gaya,MED-PCM-SYR,Paracetamol Paediatric Syrup,4886,2026-08-31,2026-09-04,,IN_TRANSIT,SIMULATED
DEL-D27FF611,DH-BR-GAY-001,Jay Prakash Narayan District Hospital Gaya,MED-IVF-NS500,Normal Saline (0.9% Sodium Chloride),4074,2026-08-31,2026-09-07,,IN_TRANSIT,SIMULATED
DEL-8B0BFBD5,DH-BR-GAY-001,Jay Prakash Narayan District Hospital Gaya,MED-IVF-RL500,Ringer's Lactate (Compound Sodium Lactate),3262,2026-08-31,2026-09-05,,IN_TRANSIT,SIMULATED
DEL-EB2AE4AA,PHC-UP-VAR-002,PHC Pindra,MED-AZI-500,Azithromycin,252,2026-08-31,2026-09-04,,IN_TRANSIT,SIMULATED
DEL-29B44FDF,PHC-UP-VAR-002,PHC Pindra,MED-ASV-VIAL,Anti-Snake Venom Serum (Polyvalent),28,2026-08-31,2026-09-04,,IN_TRANSIT,SIMULATED
DEL-9E79CDE2,PHC-UP-VAR-002,PHC Pindra,MED-ART-60,Artesunate,56,2026-08-31,2026-09-06,,IN_TRANSIT,SIMULATED
DEL-7520CA72,PHC-UP-VAR-003,PHC Sevapuri,MED-IVF-RL500,Ringer's Lactate (Compound Sodium Lactate),196,2026-08-31,2026-09-05,,IN_TRANSIT,SIMULATED
DEL-0CC64B65,PHC-UP-VAR-004,PHC Kashi Vidyapeeth,MED-MGS-50,Magnesium Sulfate,56,2026-08-31,2026-09-07,,IN_TRANSIT,SIMULATED
DEL-42AABD69,PHC-UP-VAR-004,PHC Kashi Vidyapeeth,MED-ART-60,Artesunate,70,2026-08-31,2026-09-06,,IN_TRANSIT,SIMULATED
DEL-AC848F2F,PHC-UP-VAR-004,PHC Kashi Vidyapeeth,MED-ALB-400,Albendazole,210,2026-08-31,2026-09-04,,IN_TRANSIT,SIMULATED
DEL-F2AA0C1E,CHC-UP-VAR-001,CHC Misirpur,MED-PCM-500,Paracetamol,2632,2026-08-31,2026-09-04,,IN_TRANSIT,SIMULATED
DEL-041FE3C5,CHC-UP-VAR-001,CHC Misirpur,MED-AMX-500,Amoxicillin,1288,2026-08-31,2026-09-06,,IN_TRANSIT,SIMULATED
DEL-C787471A,CHC-UP-VAR-001,CHC Misirpur,MED-CTX-1G,Ceftriaxone,350,2026-08-31,2026-09-05,,IN_TRANSIT,SIMULATED
DEL-51A7C53E,CHC-UP-VAR-001,CHC Misirpur,MED-IVF-RL500,Ringer's Lactate (Compound Sodium Lactate),700,2026-08-31,2026-09-07,,IN_TRANSIT,SIMULATED
DEL-AC5B28E7,DH-UP-VAR-001,Pandit Deen Dayal Upadhyay District Hospital,MED-AMC-625,Amoxicillin + Clavulanic Acid,4522,2026-08-31,2026-09-07,,IN_TRANSIT,SIMULATED
DEL-EFF75DC9,DH-UP-VAR-001,Pandit Deen Dayal Upadhyay District Hospital,MED-CTX-1G,Ceftriaxone,1932,2026-08-31,2026-09-07,,IN_TRANSIT,SIMULATED
DEL-D477E376,PHC-UP-LUK-001,PHC Bakshi Ka Talab,MED-AZI-500,Azithromycin,294,2026-08-31,2026-09-07,,IN_TRANSIT,SIMULATED
DEL-66E1CD91,PHC-UP-LUK-001,PHC Bakshi Ka Talab,MED-IVF-D5500,Dextrose 5% in Water,196,2026-08-31,2026-09-07,,IN_TRANSIT,SIMULATED
DEL-83C20CDE,PHC-UP-LUK-002,PHC Malihabad,MED-CTX-1G,Ceftriaxone,112,2026-08-31,2026-09-04,,IN_TRANSIT,SIMULATED
DEL-5244CEBA,PHC-UP-LUK-002,PHC Malihabad,MED-RAB-VAC,Anti-Rabies Vaccine (Cell Culture),70,2026-08-31,2026-09-06,,IN_TRANSIT,SIMULATED
DEL-1DBAEE3E,PHC-UP-LUK-002,PHC Malihabad,MED-MGS-50,Magnesium Sulfate,42,2026-08-31,2026-09-07,,IN_TRANSIT,SIMULATED
DEL-BE321EFB,PHC-UP-LUK-002,PHC Malihabad,MED-ALB-400,Albendazole,154,2026-08-31,2026-09-06,,IN_TRANSIT,SIMULATED
DEL-A3D4415D,PHC-RJ-JAI-001,PHC Bassi,MED-IFA-TAB,Iron & Folic Acid (IFA),546,2026-08-31,2026-09-07,,IN_TRANSIT,SIMULATED
DEL-19629F65,PHC-RJ-JAI-002,PHC Chaksu,MED-ORS-SFT,Oral Rehydration Salts (WHO Formula),560,2026-08-31,2026-09-07,,IN_TRANSIT,SIMULATED
DEL-9358C221,PHC-RJ-JAI-002,PHC Chaksu,MED-INS-REG,Human Insulin (Regular / Soluble),70,2026-08-31,2026-09-07,,IN_TRANSIT,SIMULATED
DEL-463CDF3C,DH-RJ-JAI-001,Kanwatia District Hospital Jaipur,MED-AMC-625,Amoxicillin + Clavulanic Acid,4284,2026-08-31,2026-09-04,,IN_TRANSIT,SIMULATED
DEL-477B951E,DH-RJ-JAI-001,Kanwatia District Hospital Jaipur,MED-MGS-50,Magnesium Sulfate,756,2026-08-31,2026-09-06,,IN_TRANSIT,SIMULATED
DEL-5ACDFA19,PHC-MH-PUN-001,PHC Mulshi,MED-IVF-RL500,Ringer's Lactate (Compound Sodium Lactate),182,2026-08-31,2026-09-07,,IN_TRANSIT,SIMULATED
DEL-DC35876E,PHC-MH-PUN-002,PHC Haveli,MED-PCM-500,Paracetamol,1218,2026-08-31,2026-09-06,,IN_TRANSIT,SIMULATED
DEL-9E17888D,PHC-MH-PUN-002,PHC Haveli,MED-RAB-VAC,Anti-Rabies Vaccine (Cell Culture),84,2026-08-31,2026-09-05,,IN_TRANSIT,SIMULATED
DEL-B814E4D9,PHC-MH-PUN-003,PHC Khed,MED-PCM-500,Paracetamol,910,2026-08-31,2026-09-05,,IN_TRANSIT,SIMULATED
DEL-83846A78,PHC-MH-PUN-003,PHC Khed,MED-AMC-625,Amoxicillin + Clavulanic Acid,280,2026-08-31,2026-09-07,,IN_TRANSIT,SIMULATED
DEL-861D108F,DH-MH-PUN-001,Aundh District Hospital Pune,MED-MGS-50,Magnesium Sulfate,924,2026-08-31,2026-09-04,,IN_TRANSIT,SIMULATED
DEL-C63AB68C,DH-MH-PUN-001,Aundh District Hospital Pune,MED-IVF-RL500,Ringer's Lactate (Compound Sodium Lactate),4480,2026-08-31,2026-09-05,,IN_TRANSIT,SIMULATED
DEL-5AD10B13,DH-MH-PUN-001,Aundh District Hospital Pune,MED-IFA-TAB,Iron & Folic Acid (IFA),10472,2026-08-31,2026-09-07,,IN_TRANSIT,SIMULATED
DEL-FC923EE1,PHC-KA-BEN-001,PHC Yelahanka,MED-AMX-500,Amoxicillin,644,2026-08-31,2026-09-04,,IN_TRANSIT,SIMULATED
DEL-8B0E9FDF,PHC-KA-BEN-001,PHC Yelahanka,MED-OXY-AMP,Oxytocin,140,2026-08-31,2026-09-07,,IN_TRANSIT,SIMULATED
DEL-80928E56,PHC-KA-BEN-001,PHC Yelahanka,MED-ART-60,Artesunate,84,2026-08-31,2026-09-06,,IN_TRANSIT,SIMULATED
DEL-AAC064DA,PHC-KA-BEN-003,PHC Kengeri,MED-IVF-NS500,Normal Saline (0.9% Sodium Chloride),378,2026-08-31,2026-09-04,,IN_TRANSIT,SIMULATED
DEL-404DD31D,DH-KA-BEN-001,KC General District Hospital Malleshwaram,MED-PCM-500,Paracetamol,19894,2026-08-31,2026-09-06,,IN_TRANSIT,SIMULATED
DEL-E123B970,DH-KA-BEN-001,KC General District Hospital Malleshwaram,MED-AZI-500,Azithromycin,5306,2026-08-31,2026-09-05,,IN_TRANSIT,SIMULATED
DEL-1049C30A,DH-KA-BEN-001,KC General District Hospital Malleshwaram,MED-ALB-400,Albendazole,3528,2026-08-31,2026-09-07,,IN_TRANSIT,SIMULATED
DEL-81596A6E,PHC-BR-PAT-001,PHC Bakhtiyarpur,MED-PCM-500,Paracetamol,784,2026-08-24,2026-08-29,2026-08-29,DELIVERED,SIMULATED
DEL-97EFAD0A,PHC-BR-PAT-001,PHC Bakhtiyarpur,MED-ORS-SFT,Oral Rehydration Salts (WHO Formula),560,2026-08-24,2026-08-28,2026-08-28,DELIVERED,SIMULATED
DEL-3B32FD14,PHC-BR-PAT-001,PHC Bakhtiyarpur,MED-AZI-500,Azithromycin,210,2026-08-24,2026-08-28,2026-08-28,DELIVERED,SIMULATED
DEL-F6881C60,PHC-BR-PAT-001,PHC Bakhtiyarpur,MED-CTX-1G,Ceftriaxone,98,2026-08-24,2026-08-28,2026-08-28,DELIVERED,SIMULATED
DEL-E78128A4,PHC-BR-PAT-001,PHC Bakhtiyarpur,MED-RAB-VAC,Anti-Rabies Vaccine (Cell Culture),56,2026-08-24,2026-08-29,2026-08-29,DELIVERED,SIMULATED
DEL-881422B9,PHC-BR-PAT-001,PHC Bakhtiyarpur,MED-ASV-VIAL,Anti-Snake Venom Serum (Polyvalent),28,2026-08-24,2026-08-28,2026-08-28,DELIVERED,SIMULATED
DEL-BBF7673C,PHC-BR-PAT-001,PHC Bakhtiyarpur,MED-INS-REG,Human Insulin (Regular / Soluble),70,2026-08-24,2026-08-28,2026-08-28,DELIVERED,SIMULATED
DEL-6F513DBE,PHC-BR-PAT-001,PHC Bakhtiyarpur,MED-IVF-NS500,Normal Saline (0.9% Sodium Chloride),252,2026-08-24,2026-08-29,2026-08-29,DELIVERED,SIMULATED
DEL-1848A645,PHC-BR-PAT-001,PHC Bakhtiyarpur,MED-IVF-RL500,Ringer's Lactate (Compound Sodium Lactate),210,2026-08-24,2026-08-28,2026-08-28,DELIVERED,SIMULATED
DEL-C0F99B77,PHC-BR-PAT-001,PHC Bakhtiyarpur,MED-ART-60,Artesunate,42,2026-08-24,2026-08-28,2026-08-28,DELIVERED,SIMULATED
DEL-030FCFC4,PHC-BR-PAT-002,PHC Danapur,MED-PCM-500,Paracetamol,1134,2026-08-24,2026-08-30,2026-08-30,DELIVERED,SIMULATED
DEL-838FFDAA,PHC-BR-PAT-002,PHC Danapur,MED-PCM-SYR,Paracetamol Paediatric Syrup,448,2026-08-24,2026-08-29,2026-08-29,DELIVERED,SIMULATED
DEL-754AE1AD,PHC-BR-PAT-002,PHC Danapur,MED-AMX-500,Amoxicillin,546,2026-08-24,2026-08-31,2026-08-31,DELIVERED,SIMULATED
DEL-BE5CC25C,PHC-BR-PAT-002,PHC Danapur,MED-ORS-SFT,Oral Rehydration Salts (WHO Formula),798,2026-08-24,2026-08-29,2026-08-29,DELIVERED,SIMULATED
DEL-60340E0C,PHC-BR-PAT-002,PHC Danapur,MED-AZI-500,Azithromycin,294,2026-08-24,2026-08-30,2026-08-30,DELIVERED,SIMULATED
DEL-574640F8,PHC-BR-PAT-002,PHC Danapur,MED-ASV-VIAL,Anti-Snake Venom Serum (Polyvalent),28,2026-08-24,2026-08-29,2026-08-29,DELIVERED,SIMULATED
DEL-49489968,PHC-BR-PAT-002,PHC Danapur,MED-OXY-AMP,Oxytocin,126,2026-08-24,2026-08-28,2026-08-28,DELIVERED,SIMULATED
DEL-4068A22C,PHC-BR-PAT-002,PHC Danapur,MED-MGS-50,Magnesium Sulfate,56,2026-08-24,2026-08-30,2026-08-30,DELIVERED,SIMULATED
DEL-A86E829C,PHC-BR-PAT-002,PHC Danapur,MED-ALB-400,Albendazole,196,2026-08-24,2026-08-29,2026-08-29,DELIVERED,SIMULATED
DEL-01E34B13,PHC-BR-PAT-003,PHC Bihta,MED-PCM-SYR,Paracetamol Paediatric Syrup,350,2026-08-24,2026-08-30,2026-08-30,DELIVERED,SIMULATED
DEL-C7784FCA,PHC-BR-PAT-003,PHC Bihta,MED-AMX-500,Amoxicillin,420,2026-08-24,2026-08-29,2026-08-29,DELIVERED,SIMULATED
DEL-BB96672C,PHC-BR-PAT-003,PHC Bihta,MED-ORS-SFT,Oral Rehydration Salts (WHO Formula),616,2026-08-24,2026-08-31,2026-08-31,DELIVERED,SIMULATED
DEL-F12E44B5,PHC-BR-PAT-003,PHC Bihta,MED-ZNC-20,Zinc Sulfate Dispersible,308,2026-08-24,2026-08-30,2026-08-30,DELIVERED,SIMULATED
DEL-8D7DFB16,PHC-BR-PAT-003,PHC Bihta,MED-RAB-VAC,Anti-Rabies Vaccine (Cell Culture),56,2026-08-24,2026-08-29,2026-08-29,DELIVERED,SIMULATED
DEL-2900BE58,PHC-BR-PAT-003,PHC Bihta,MED-ASV-VIAL,Anti-Snake Venom Serum (Polyvalent),28,2026-08-24,2026-08-30,2026-08-30,DELIVERED,SIMULATED
DEL-EDA2D93D,PHC-BR-PAT-003,PHC Bihta,MED-INS-REG,Human Insulin (Regular / Soluble),70,2026-08-24,2026-08-28,2026-08-28,DELIVERED,SIMULATED
DEL-F2571FE5,PHC-BR-PAT-003,PHC Bihta,MED-MGS-50,Magnesium Sulfate,42,2026-08-24,2026-08-31,2026-08-31,DELIVERED,SIMULATED
DEL-25501C87,PHC-BR-PAT-003,PHC Bihta,MED-IVF-D5500,Dextrose 5% in Water,154,2026-08-24,2026-08-28,2026-08-28,DELIVERED,SIMULATED
DEL-F5CF00CF,PHC-BR-PAT-003,PHC Bihta,MED-IFA-TAB,Iron & Folic Acid (IFA),546,2026-08-24,2026-08-31,2026-08-31,DELIVERED,SIMULATED
DEL-372506A5,PHC-BR-PAT-004,PHC Fatuha,MED-PCM-SYR,Paracetamol Paediatric Syrup,280,2026-08-24,2026-08-30,2026-08-30,DELIVERED,SIMULATED
DEL-118EAC9A,PHC-BR-PAT-004,PHC Fatuha,MED-AMC-625,Amoxicillin + Clavulanic Acid,224,2026-08-24,2026-08-29,2026-08-29,DELIVERED,SIMULATED
DEL-BE8953A2,PHC-BR-PAT-004,PHC Fatuha,MED-ORS-SFT,Oral Rehydration Salts (WHO Formula),504,2026-08-24,2026-08-31,2026-08-31,DELIVERED,SIMULATED
DEL-35283326,PHC-BR-PAT-004,PHC Fatuha,MED-CTX-1G,Ceftriaxone,84,2026-08-24,2026-08-29,2026-08-29,DELIVERED,SIMULATED
DEL-47ED1293,PHC-BR-PAT-004,PHC Fatuha,MED-RAB-VAC,Anti-Rabies Vaccine (Cell Culture),56,2026-08-24,2026-08-30,2026-08-30,DELIVERED,SIMULATED
DEL-4302C2D0,PHC-BR-PAT-004,PHC Fatuha,MED-INS-REG,Human Insulin (Regular / Soluble),56,2026-08-24,2026-08-29,2026-08-29,DELIVERED,SIMULATED
DEL-1BCE188C,PHC-BR-PAT-004,PHC Fatuha,MED-OXY-AMP,Oxytocin,70,2026-08-24,2026-08-31,2026-08-31,DELIVERED,SIMULATED
DEL-4946393D,PHC-BR-PAT-004,PHC Fatuha,MED-MGS-50,Magnesium Sulfate,28,2026-08-24,2026-08-28,2026-08-28,DELIVERED,SIMULATED
DEL-9A7D651F,PHC-BR-PAT-004,PHC Fatuha,MED-IVF-NS500,Normal Saline (0.9% Sodium Chloride),238,2026-08-24,2026-08-28,2026-08-28,DELIVERED,SIMULATED
DEL-80B951EE,PHC-BR-PAT-004,PHC Fatuha,MED-IVF-D5500,Dextrose 5% in Water,126,2026-08-24,2026-08-28,2026-08-28,DELIVERED,SIMULATED
DEL-56AA39B7,PHC-BR-PAT-005,PHC Mokama,MED-ZNC-20,Zinc Sulfate Dispersible,294,2026-08-24,2026-08-31,2026-08-31,DELIVERED,SIMULATED
DEL-3E63961A,PHC-BR-PAT-005,PHC Mokama,MED-AZI-500,Azithromycin,224,2026-08-24,2026-08-30,2026-08-30,DELIVERED,SIMULATED
DEL-8B391E2D,PHC-BR-PAT-005,PHC Mokama,MED-CTX-1G,Ceftriaxone,112,2026-08-24,2026-08-29,2026-08-29,DELIVERED,SIMULATED
DEL-09C7C111,PHC-BR-PAT-005,PHC Mokama,MED-RAB-VAC,Anti-Rabies Vaccine (Cell Culture),56,2026-08-24,2026-08-30,2026-08-30,DELIVERED,SIMULATED
DEL-021599A4,PHC-BR-PAT-005,PHC Mokama,MED-MGS-50,Magnesium Sulfate,42,2026-08-24,2026-08-28,2026-08-28,DELIVERED,SIMULATED
DEL-09DC5956,PHC-BR-PAT-005,PHC Mokama,MED-IVF-D5500,Dextrose 5% in Water,140,2026-08-24,2026-08-30,2026-08-30,DELIVERED,SIMULATED
DEL-E06CEED9,PHC-BR-PAT-005,PHC Mokama,MED-ART-60,Artesunate,56,2026-08-24,2026-08-29,2026-08-29,DELIVERED,SIMULATED
DEL-5D93AC01,PHC-BR-PAT-005,PHC Mokama,MED-ALB-400,Albendazole,140,2026-08-24,2026-08-29,2026-08-29,DELIVERED,SIMULATED
DEL-D21BBEF6,CHC-BR-PAT-001,CHC Phulwari Sharif,MED-AMC-625,Amoxicillin + Clavulanic Acid,784,2026-08-24,2026-08-31,2026-08-31,DELIVERED,SIMULATED
DEL-0C971C75,CHC-BR-PAT-001,CHC Phulwari Sharif,MED-ZNC-20,Zinc Sulfate Dispersible,896,2026-08-24,2026-08-28,2026-08-28,DELIVERED,SIMULATED
DEL-1E64E31A,CHC-BR-PAT-001,CHC Phulwari Sharif,MED-AZI-500,Azithromycin,672,2026-08-24,2026-08-31,2026-08-31,DELIVERED,SIMULATED
DEL-D5DAB8C8,CHC-BR-PAT-001,CHC Phulwari Sharif,MED-RAB-VAC,Anti-Rabies Vaccine (Cell Culture),196,2026-08-24,2026-08-28,2026-08-28,DELIVERED,SIMULATED
DEL-B3069823,CHC-BR-PAT-001,CHC Phulwari Sharif,MED-ASV-VIAL,Anti-Snake Venom Serum (Polyvalent),56,2026-08-24,2026-08-28,2026-08-28,DELIVERED,SIMULATED
DEL-EB37ABDF,CHC-BR-PAT-001,CHC Phulwari Sharif,MED-MET-500,Metformin Hydrochloride,1400,2026-08-24,2026-08-28,2026-08-28,DELIVERED,SIMULATED
DEL-DB82E5B0,CHC-BR-PAT-001,CHC Phulwari Sharif,MED-MGS-50,Magnesium Sulfate,140,2026-08-24,2026-08-31,2026-08-31,DELIVERED,SIMULATED
DEL-51CBEDE1,CHC-BR-PAT-001,CHC Phulwari Sharif,MED-IVF-NS500,Normal Saline (0.9% Sodium Chloride),840,2026-08-24,2026-08-30,2026-08-30,DELIVERED,SIMULATED
DEL-F9C5EC1F,CHC-BR-PAT-001,CHC Phulwari Sharif,MED-IVF-RL500,Ringer's Lactate (Compound Sodium Lactate),672,2026-08-24,2026-08-31,2026-08-31,DELIVERED,SIMULATED
DEL-2B2C4CCC,CHC-BR-PAT-001,CHC Phulwari Sharif,MED-ALB-400,Albendazole,448,2026-08-24,2026-08-30,2026-08-30,DELIVERED,SIMULATED
DEL-67E2C0B9,CHC-BR-PAT-001,CHC Phulwari Sharif,MED-IFA-TAB,Iron & Folic Acid (IFA),1568,2026-08-24,2026-08-29,2026-08-29,DELIVERED,SIMULATED
DEL-F35507FF,DH-BR-PAT-001,District Hospital Gardanibagh,MED-PCM-SYR,Paracetamol Paediatric Syrup,3668,2026-08-24,2026-08-28,2026-08-28,DELIVERED,SIMULATED
DEL-7EFDFE57,DH-BR-PAT-001,District Hospital Gardanibagh,MED-AMX-500,Amoxicillin,4480,2026-08-24,2026-08-30,2026-08-30,DELIVERED,SIMULATED
DEL-A534487E,DH-BR-PAT-001,District Hospital Gardanibagh,MED-AMC-625,Amoxicillin + Clavulanic Acid,2856,2026-08-24,2026-08-28,2026-08-28,DELIVERED,SIMULATED
DEL-AE6B56EB,DH-BR-PAT-001,District Hospital Gardanibagh,MED-CTX-1G,Ceftriaxone,1218,2026-08-24,2026-08-28,2026-08-28,DELIVERED,SIMULATED
DEL-30BCAE0B,DH-BR-PAT-001,District Hospital Gardanibagh,MED-ASV-VIAL,Anti-Snake Venom Serum (Polyvalent),238,2026-08-24,2026-08-28,2026-08-28,DELIVERED,SIMULATED
DEL-F4AD2269,DH-BR-PAT-001,District Hospital Gardanibagh,MED-MET-500,Metformin Hydrochloride,5096,2026-08-24,2026-08-29,2026-08-29,DELIVERED,SIMULATED
DEL-055E191A,DH-BR-PAT-001,District Hospital Gardanibagh,MED-IVF-D5500,Dextrose 5% in Water,1624,2026-08-24,2026-08-28,2026-08-28,DELIVERED,SIMULATED
DEL-F68438EF,DH-BR-PAT-001,District Hospital Gardanibagh,MED-IFA-TAB,Iron & Folic Acid (IFA),5712,2026-08-24,2026-08-31,2026-08-31,DELIVERED,SIMULATED
DEL-923B56B1,PHC-BR-GAY-001,PHC Bodh Gaya,MED-AMC-625,Amoxicillin + Clavulanic Acid,252,2026-08-24,2026-08-30,2026-08-30,DELIVERED,SIMULATED
DEL-0D369FC2,PHC-BR-GAY-001,PHC Bodh Gaya,MED-CTX-1G,Ceftriaxone,98,2026-08-24,2026-08-28,2026-08-28,DELIVERED,SIMULATED
DEL-A09BB508,PHC-BR-GAY-001,PHC Bodh Gaya,MED-INS-REG,Human Insulin (Regular / Soluble),70,2026-08-24,2026-08-29,2026-08-29,DELIVERED,SIMULATED
DEL-32B4E1AE,PHC-BR-GAY-001,PHC Bodh Gaya,MED-OXY-AMP,Oxytocin,84,2026-08-24,2026-08-28,2026-08-28,DELIVERED,SIMULATED
DEL-7EA87C6D,PHC-BR-GAY-001,PHC Bodh Gaya,MED-IVF-RL500,Ringer's Lactate (Compound Sodium Lactate),210,2026-08-24,2026-08-28,2026-08-28,DELIVERED,SIMULATED
DEL-5AFDD80B,PHC-BR-GAY-002,PHC Sherghati,MED-PCM-500,Paracetamol,686,2026-08-24,2026-08-28,2026-08-28,DELIVERED,SIMULATED
DEL-84A05B7B,PHC-BR-GAY-002,PHC Sherghati,MED-AMC-625,Amoxicillin + Clavulanic Acid,210,2026-08-24,2026-08-29,2026-08-29,DELIVERED,SIMULATED
DEL-1C2A9F9C,PHC-BR-GAY-002,PHC Sherghati,MED-ORS-SFT,Oral Rehydration Salts (WHO Formula),490,2026-08-24,2026-08-30,2026-08-30,DELIVERED,SIMULATED
DEL-B677712F,PHC-BR-GAY-002,PHC Sherghati,MED-ZNC-20,Zinc Sulfate Dispersible,238,2026-08-24,2026-08-30,2026-08-30,DELIVERED,SIMULATED
DEL-6E437CC0,PHC-BR-GAY-002,PHC Sherghati,MED-MET-500,Metformin Hydrochloride,378,2026-08-24,2026-08-28,2026-08-28,DELIVERED,SIMULATED
DEL-4FEA3B91,PHC-BR-GAY-002,PHC Sherghati,MED-OXY-AMP,Oxytocin,70,2026-08-24,2026-08-30,2026-08-30,DELIVERED,SIMULATED
DEL-53E3A0BD,PHC-BR-GAY-002,PHC Sherghati,MED-IVF-NS500,Normal Saline (0.9% Sodium Chloride),224,2026-08-24,2026-08-29,2026-08-29,DELIVERED,SIMULATED
DEL-E75D21DF,PHC-BR-GAY-002,PHC Sherghati,MED-ART-60,Artesunate,42,2026-08-24,2026-08-28,2026-08-28,DELIVERED,SIMULATED
DEL-F3E2C978,PHC-BR-GAY-002,PHC Sherghati,MED-ALB-400,Albendazole,112,2026-08-24,2026-08-30,2026-08-30,DELIVERED,SIMULATED
DEL-32396DC1,PHC-BR-GAY-003,PHC Tekari,MED-PCM-500,Paracetamol,588,2026-08-24,2026-08-31,2026-08-31,DELIVERED,SIMULATED
DEL-A7E44D50,PHC-BR-GAY-003,PHC Tekari,MED-PCM-SYR,Paracetamol Paediatric Syrup,238,2026-08-24,2026-08-28,2026-08-28,DELIVERED,SIMULATED
DEL-AA047385,PHC-BR-GAY-003,PHC Tekari,MED-AMC-625,Amoxicillin + Clavulanic Acid,182,2026-08-24,2026-08-30,2026-08-30,DELIVERED,SIMULATED
DEL-0A34C849,PHC-BR-GAY-003,PHC Tekari,MED-AZI-500,Azithromycin,154,2026-08-24,2026-08-30,2026-08-30,DELIVERED,SIMULATED
DEL-87211C11,PHC-BR-GAY-003,PHC Tekari,MED-MET-500,Metformin Hydrochloride,322,2026-08-24,2026-08-29,2026-08-29,DELIVERED,SIMULATED
DEL-A8A4F6F3,PHC-BR-GAY-003,PHC Tekari,MED-MGS-50,Magnesium Sulfate,28,2026-08-24,2026-08-30,2026-08-30,DELIVERED,SIMULATED
DEL-F2CE7A0F,PHC-BR-GAY-003,PHC Tekari,MED-IFA-TAB,Iron & Folic Acid (IFA),364,2026-08-24,2026-08-29,2026-08-29,DELIVERED,SIMULATED
DEL-7506855B,DH-BR-GAY-001,Jay Prakash Narayan District Hospital Gaya,MED-PCM-500,Paracetamol,12236,2026-08-24,2026-08-29,2026-08-29,DELIVERED,SIMULATED
DEL-104F15FD,DH-BR-GAY-001,Jay Prakash Narayan District Hospital Gaya,MED-PCM-SYR,Paracetamol Paediatric Syrup,4886,2026-08-24,2026-08-28,2026-08-28,DELIVERED,SIMULATED
DEL-4DE51C6C,DH-BR-GAY-001,Jay Prakash Narayan District Hospital Gaya,MED-AMX-500,Amoxicillin,5978,2026-08-24,2026-08-30,2026-08-30,DELIVERED,SIMULATED
DEL-E4C08A32,DH-BR-GAY-001,Jay Prakash Narayan District Hospital Gaya,MED-ASV-VIAL,Anti-Snake Venom Serum (Polyvalent),322,2026-08-24,2026-08-31,2026-08-31,DELIVERED,SIMULATED
DEL-9B8D72BA,DH-BR-GAY-001,Jay Prakash Narayan District Hospital Gaya,MED-MET-500,Metformin Hydrochloride,6804,2026-08-24,2026-08-29,2026-08-29,DELIVERED,SIMULATED
DEL-F0BF631F,DH-BR-GAY-001,Jay Prakash Narayan District Hospital Gaya,MED-IVF-NS500,Normal Saline (0.9% Sodium Chloride),4074,2026-08-24,2026-08-29,2026-08-29,DELIVERED,SIMULATED
DEL-39EA7789,DH-BR-GAY-001,Jay Prakash Narayan District Hospital Gaya,MED-IVF-RL500,Ringer's Lactate (Compound Sodium Lactate),3262,2026-08-24,2026-08-29,2026-08-29,DELIVERED,SIMULATED
DEL-217C4AD5,DH-BR-GAY-001,Jay Prakash Narayan District Hospital Gaya,MED-ART-60,Artesunate,812,2026-08-24,2026-08-28,2026-08-28,DELIVERED,SIMULATED
DEL-59BB6F39,PHC-UP-VAR-001,PHC Cholapur,MED-PCM-500,Paracetamol,868,2026-08-24,2026-08-28,2026-08-28,DELIVERED,SIMULATED
DEL-57B576F8,PHC-UP-VAR-001,PHC Cholapur,MED-CTX-1G,Ceftriaxone,112,2026-08-24,2026-08-29,2026-08-29,DELIVERED,SIMULATED
DEL-6E14C40E,PHC-UP-VAR-001,PHC Cholapur,MED-OXY-AMP,Oxytocin,98,2026-08-24,2026-08-30,2026-08-30,DELIVERED,SIMULATED
DEL-2699C31B,PHC-UP-VAR-001,PHC Cholapur,MED-IVF-RL500,Ringer's Lactate (Compound Sodium Lactate),224,2026-08-24,2026-08-30,2026-08-30,DELIVERED,SIMULATED
DEL-4A592EBF,PHC-UP-VAR-001,PHC Cholapur,MED-IVF-D5500,Dextrose 5% in Water,154,2026-08-24,2026-08-29,2026-08-29,DELIVERED,SIMULATED
DEL-2FD7115F,PHC-UP-VAR-001,PHC Cholapur,MED-ART-60,Artesunate,56,2026-08-24,2026-08-28,2026-08-28,DELIVERED,SIMULATED
DEL-9DADB478,PHC-UP-VAR-002,PHC Pindra,MED-AMC-625,Amoxicillin + Clavulanic Acid,294,2026-08-24,2026-08-30,2026-08-30,DELIVERED,SIMULATED
DEL-428B28C9,PHC-UP-VAR-002,PHC Pindra,MED-AZI-500,Azithromycin,252,2026-08-24,2026-08-29,2026-08-29,DELIVERED,SIMULATED
DEL-C80623C1,PHC-UP-VAR-002,PHC Pindra,MED-ASV-VIAL,Anti-Snake Venom Serum (Polyvalent),28,2026-08-24,2026-08-31,2026-08-31,DELIVERED,SIMULATED
DEL-8A83B5DB,PHC-UP-VAR-002,PHC Pindra,MED-IVF-NS500,Normal Saline (0.9% Sodium Chloride),322,2026-08-24,2026-08-28,2026-08-28,DELIVERED,SIMULATED
DEL-582A2602,PHC-UP-VAR-002,PHC Pindra,MED-IVF-RL500,Ringer's Lactate (Compound Sodium Lactate),252,2026-08-24,2026-08-30,2026-08-30,DELIVERED,SIMULATED
DEL-16FC6834,PHC-UP-VAR-002,PHC Pindra,MED-ART-60,Artesunate,56,2026-08-24,2026-08-29,2026-08-29,DELIVERED,SIMULATED
DEL-6944FCFA,PHC-UP-VAR-002,PHC Pindra,MED-IFA-TAB,Iron & Folic Acid (IFA),602,2026-08-24,2026-08-28,2026-08-28,DELIVERED,SIMULATED
DEL-9AC848D1,PHC-UP-VAR-003,PHC Sevapuri,MED-PCM-500,Paracetamol,756,2026-08-24,2026-08-29,2026-08-29,DELIVERED,SIMULATED
DEL-E17D1445,PHC-UP-VAR-003,PHC Sevapuri,MED-PCM-SYR,Paracetamol Paediatric Syrup,294,2026-08-24,2026-08-30,2026-08-30,DELIVERED,SIMULATED
DEL-5C1D1273,PHC-UP-VAR-003,PHC Sevapuri,MED-AMC-625,Amoxicillin + Clavulanic Acid,224,2026-08-24,2026-08-31,2026-08-31,DELIVERED,SIMULATED
DEL-71E4F7C1,PHC-UP-VAR-003,PHC Sevapuri,MED-ORS-SFT,Oral Rehydration Salts (WHO Formula),532,2026-08-24,2026-08-30,2026-08-30,DELIVERED,SIMULATED
DEL-7F4CDCB1,PHC-UP-VAR-003,PHC Sevapuri,MED-CTX-1G,Ceftriaxone,98,2026-08-24,2026-08-31,2026-08-31,DELIVERED,SIMULATED
DEL-CF5FE10B,PHC-UP-VAR-003,PHC Sevapuri,MED-OXY-AMP,Oxytocin,84,2026-08-24,2026-08-31,2026-08-31,DELIVERED,SIMULATED
DEL-01566F1A,PHC-UP-VAR-003,PHC Sevapuri,MED-MGS-50,Magnesium Sulfate,42,2026-08-24,2026-08-29,2026-08-29,DELIVERED,SIMULATED
DEL-E1654019,PHC-UP-VAR-003,PHC Sevapuri,MED-IVF-RL500,Ringer's Lactate (Compound Sodium Lactate),196,2026-08-24,2026-08-28,2026-08-28,DELIVERED,SIMULATED
DEL-7628F8FF,PHC-UP-VAR-003,PHC Sevapuri,MED-IVF-D5500,Dextrose 5% in Water,126,2026-08-24,2026-08-30,2026-08-30,DELIVERED,SIMULATED
DEL-58B6EEBB,PHC-UP-VAR-003,PHC Sevapuri,MED-ART-60,Artesunate,42,2026-08-24,2026-08-30,2026-08-30,DELIVERED,SIMULATED
DEL-04932EC5,PHC-UP-VAR-003,PHC Sevapuri,MED-ALB-400,Albendazole,126,2026-08-24,2026-08-28,2026-08-28,DELIVERED,SIMULATED
DEL-507CC055,PHC-UP-VAR-004,PHC Kashi Vidyapeeth,MED-PCM-500,Paracetamol,1190,2026-08-24,2026-08-29,2026-08-29,DELIVERED,SIMULATED
DEL-22197976,PHC-UP-VAR-004,PHC Kashi Vidyapeeth,MED-ZNC-20,Zinc Sulfate Dispersible,420,2026-08-24,2026-08-28,2026-08-28,DELIVERED,SIMULATED
DEL-DE3A7EE7,PHC-UP-VAR-004,PHC Kashi Vidyapeeth,MED-CTX-1G,Ceftriaxone,154,2026-08-24,2026-08-28,2026-08-28,DELIVERED,SIMULATED
DEL-EF54E773,PHC-UP-VAR-004,PHC Kashi Vidyapeeth,MED-RAB-VAC,Anti-Rabies Vaccine (Cell Culture),84,2026-08-24,2026-08-31,2026-08-31,DELIVERED,SIMULATED
DEL-CDF64126,PHC-UP-VAR-004,PHC Kashi Vidyapeeth,MED-INS-REG,Human Insulin (Regular / Soluble),98,2026-08-24,2026-08-28,2026-08-28,DELIVERED,SIMULATED
DEL-04528DCC,PHC-UP-VAR-004,PHC Kashi Vidyapeeth,MED-MET-500,Metformin Hydrochloride,658,2026-08-24,2026-08-29,2026-08-29,DELIVERED,SIMULATED
DEL-F34CB148,PHC-UP-VAR-004,PHC Kashi Vidyapeeth,MED-MGS-50,Magnesium Sulfate,56,2026-08-24,2026-08-29,2026-08-29,DELIVERED,SIMULATED
DEL-3C2F8F08,PHC-UP-VAR-004,PHC Kashi Vidyapeeth,MED-IVF-NS500,Normal Saline (0.9% Sodium Chloride),392,2026-08-24,2026-08-31,2026-08-31,DELIVERED,SIMULATED
DEL-56CE0AB1,PHC-UP-VAR-004,PHC Kashi Vidyapeeth,MED-ART-60,Artesunate,70,2026-08-24,2026-08-31,2026-08-31,DELIVERED,SIMULATED
DEL-BB16E13D,PHC-UP-VAR-004,PHC Kashi Vidyapeeth,MED-ALB-400,Albendazole,210,2026-08-24,2026-08-30,2026-08-30,DELIVERED,SIMULATED
DEL-DCF83E1C,PHC-UP-VAR-004,PHC Kashi Vidyapeeth,MED-IFA-TAB,Iron & Folic Acid (IFA),742,2026-08-24,2026-08-28,2026-08-28,DELIVERED,SIMULATED
DEL-4D5BDC7B,CHC-UP-VAR-001,CHC Misirpur,MED-PCM-500,Paracetamol,2632,2026-08-24,2026-08-29,2026-08-29,DELIVERED,SIMULATED
DEL-CFFADA90,CHC-UP-VAR-001,CHC Misirpur,MED-AMX-500,Amoxicillin,1288,2026-08-24,2026-08-31,2026-08-31,DELIVERED,SIMULATED
DEL-BD7A13DC,CHC-UP-VAR-001,CHC Misirpur,MED-CTX-1G,Ceftriaxone,350,2026-08-24,2026-08-30,2026-08-30,DELIVERED,SIMULATED
DEL-39053C02,CHC-UP-VAR-001,CHC Misirpur,MED-ASV-VIAL,Anti-Snake Venom Serum (Polyvalent),70,2026-08-24,2026-08-28,2026-08-28,DELIVERED,SIMULATED
DEL-ED69B909,CHC-UP-VAR-001,CHC Misirpur,MED-MGS-50,Magnesium Sulfate,140,2026-08-24,2026-08-31,2026-08-31,DELIVERED,SIMULATED
DEL-912ADA5A,CHC-UP-VAR-001,CHC Misirpur,MED-IVF-NS500,Normal Saline (0.9% Sodium Chloride),868,2026-08-24,2026-08-29,2026-08-29,DELIVERED,SIMULATED
DEL-6009DCCD,CHC-UP-VAR-001,CHC Misirpur,MED-IVF-RL500,Ringer's Lactate (Compound Sodium Lactate),700,2026-08-24,2026-08-31,2026-08-31,DELIVERED,SIMULATED
DEL-8DEE4334,CHC-UP-VAR-001,CHC Misirpur,MED-IFA-TAB,Iron & Folic Acid (IFA),1638,2026-08-24,2026-08-28,2026-08-28,DELIVERED,SIMULATED
DEL-6E1E164E,DH-UP-VAR-001,Pandit Deen Dayal Upadhyay District Hospital,MED-PCM-500,Paracetamol,14532,2026-08-24,2026-08-29,2026-08-29,DELIVERED,SIMULATED
DEL-C9192932,DH-UP-VAR-001,Pandit Deen Dayal Upadhyay District Hospital,MED-PCM-SYR,Paracetamol Paediatric Syrup,5810,2026-08-24,2026-08-31,2026-08-31,DELIVERED,SIMULATED
DEL-F6B6600E,DH-UP-VAR-001,Pandit Deen Dayal Upadhyay District Hospital,MED-AMX-500,Amoxicillin,7098,2026-08-24,2026-08-29,2026-08-29,DELIVERED,SIMULATED
DEL-DCEFB355,DH-UP-VAR-001,Pandit Deen Dayal Upadhyay District Hospital,MED-AMC-625,Amoxicillin + Clavulanic Acid,4522,2026-08-24,2026-08-28,2026-08-28,DELIVERED,SIMULATED
DEL-DA1F02F6,DH-UP-VAR-001,Pandit Deen Dayal Upadhyay District Hospital,MED-ZNC-20,Zinc Sulfate Dispersible,5166,2026-08-24,2026-08-29,2026-08-29,DELIVERED,SIMULATED
DEL-2AE48D30,DH-UP-VAR-001,Pandit Deen Dayal Upadhyay District Hospital,MED-CTX-1G,Ceftriaxone,1932,2026-08-24,2026-08-28,2026-08-28,DELIVERED,SIMULATED
DEL-6BB1AABD,DH-UP-VAR-001,Pandit Deen Dayal Upadhyay District Hospital,MED-RAB-VAC,Anti-Rabies Vaccine (Cell Culture),1120,2026-08-24,2026-08-29,2026-08-29,DELIVERED,SIMULATED
DEL-211689BD,DH-UP-VAR-001,Pandit Deen Dayal Upadhyay District Hospital,MED-ASV-VIAL,Anti-Snake Venom Serum (Polyvalent),378,2026-08-24,2026-08-31,2026-08-31,DELIVERED,SIMULATED
DEL-386BB219,DH-UP-VAR-001,Pandit Deen Dayal Upadhyay District Hospital,MED-INS-REG,Human Insulin (Regular / Soluble),1288,2026-08-24,2026-08-29,2026-08-29,DELIVERED,SIMULATED
DEL-AB131CC7,DH-UP-VAR-001,Pandit Deen Dayal Upadhyay District Hospital,MED-IVF-NS500,Normal Saline (0.9% Sodium Chloride),4844,2026-08-24,2026-08-28,2026-08-28,DELIVERED,SIMULATED
DEL-20B01D4A,DH-UP-VAR-001,Pandit Deen Dayal Upadhyay District Hospital,MED-IVF-RL500,Ringer's Lactate (Compound Sodium Lactate),3878,2026-08-24,2026-08-28,2026-08-28,DELIVERED,SIMULATED
DEL-69493FCC,DH-UP-VAR-001,Pandit Deen Dayal Upadhyay District Hospital,MED-ART-60,Artesunate,966,2026-08-24,2026-08-28,2026-08-28,DELIVERED,SIMULATED
DEL-96D4AAE2,PHC-UP-LUK-001,PHC Bakshi Ka Talab,MED-PCM-500,Paracetamol,1092,2026-08-24,2026-08-29,2026-08-29,DELIVERED,SIMULATED
DEL-6C540ADC,PHC-UP-LUK-001,PHC Bakshi Ka Talab,MED-AMC-625,Amoxicillin + Clavulanic Acid,336,2026-08-24,2026-08-31,2026-08-31,DELIVERED,SIMULATED
DEL-75557A1E,PHC-UP-LUK-001,PHC Bakshi Ka Talab,MED-ZNC-20,Zinc Sulfate Dispersible,392,2026-08-24,2026-08-31,2026-08-31,DELIVERED,SIMULATED
DEL-1E12C5BC,PHC-UP-LUK-001,PHC Bakshi Ka Talab,MED-AZI-500,Azithromycin,294,2026-08-24,2026-08-31,2026-08-31,DELIVERED,SIMULATED
DEL-1223995D,PHC-UP-LUK-001,PHC Bakshi Ka Talab,MED-CTX-1G,Ceftriaxone,140,2026-08-24,2026-08-30,2026-08-30,DELIVERED,SIMULATED
DEL-044638C2,PHC-UP-LUK-001,PHC Bakshi Ka Talab,MED-IVF-NS500,Normal Saline (0.9% Sodium Chloride),364,2026-08-24,2026-08-28,2026-08-28,DELIVERED,SIMULATED
DEL-ABCFA5BA,PHC-UP-LUK-001,PHC Bakshi Ka Talab,MED-IVF-D5500,Dextrose 5% in Water,196,2026-08-24,2026-08-31,2026-08-31,DELIVERED,SIMULATED
DEL-136E079E,PHC-UP-LUK-002,PHC Malihabad,MED-PCM-500,Paracetamol,910,2026-08-24,2026-08-30,2026-08-30,DELIVERED,SIMULATED
DEL-E8A1C866,PHC-UP-LUK-002,PHC Malihabad,MED-CTX-1G,Ceftriaxone,112,2026-08-24,2026-08-30,2026-08-30,DELIVERED,SIMULATED
DEL-AC97D596,PHC-UP-LUK-002,PHC Malihabad,MED-RAB-VAC,Anti-Rabies Vaccine (Cell Culture),70,2026-08-24,2026-08-30,2026-08-30,DELIVERED,SIMULATED
DEL-FAE2AE86,PHC-UP-LUK-002,PHC Malihabad,MED-INS-REG,Human Insulin (Regular / Soluble),70,2026-08-24,2026-08-28,2026-08-28,DELIVERED,SIMULATED
DEL-74424D5F,PHC-UP-LUK-002,PHC Malihabad,MED-MET-500,Metformin Hydrochloride,504,2026-08-24,2026-08-31,2026-08-31,DELIVERED,SIMULATED
DEL-C247D7E5,PHC-UP-LUK-002,PHC Malihabad,MED-MGS-50,Magnesium Sulfate,42,2026-08-24,2026-08-30,2026-08-30,DELIVERED,SIMULATED
DEL-5A90C2C5,PHC-UP-LUK-002,PHC Malihabad,MED-IVF-NS500,Normal Saline (0.9% Sodium Chloride),294,2026-08-24,2026-08-29,2026-08-29,DELIVERED,SIMULATED
DEL-22AEE624,PHC-UP-LUK-002,PHC Malihabad,MED-IVF-RL500,Ringer's Lactate (Compound Sodium Lactate),238,2026-08-24,2026-08-30,2026-08-30,DELIVERED,SIMULATED
DEL-8C63D7AC,PHC-UP-LUK-002,PHC Malihabad,MED-ART-60,Artesunate,56,2026-08-24,2026-08-29,2026-08-29,DELIVERED,SIMULATED
DEL-5599AAD2,PHC-UP-LUK-002,PHC Malihabad,MED-ALB-400,Albendazole,154,2026-08-24,2026-08-28,2026-08-28,DELIVERED,SIMULATED
DEL-2D6B0190,PHC-UP-LUK-002,PHC Malihabad,MED-IFA-TAB,Iron & Folic Acid (IFA),560,2026-08-24,2026-08-30,2026-08-30,DELIVERED,SIMULATED
DEL-9281C96F,PHC-UP-LUK-003,PHC Mohanlalganj,MED-PCM-500,Paracetamol,938,2026-08-24,2026-08-30,2026-08-30,DELIVERED,SIMULATED
DEL-5B77E609,PHC-UP-LUK-003,PHC Mohanlalganj,MED-AZI-500,Azithromycin,252,2026-08-24,2026-08-29,2026-08-29,DELIVERED,SIMULATED
DEL-3D0FFE06,PHC-UP-LUK-003,PHC Mohanlalganj,MED-INS-REG,Human Insulin (Regular / Soluble),84,2026-08-24,2026-08-31,2026-08-31,DELIVERED,SIMULATED
DEL-46AD82F6,PHC-UP-LUK-003,PHC Mohanlalganj,MED-MET-500,Metformin Hydrochloride,518,2026-08-24,2026-08-31,2026-08-31,DELIVERED,SIMULATED
DEL-BF380D0C,PHC-UP-LUK-003,PHC Mohanlalganj,MED-OXY-AMP,Oxytocin,98,2026-08-24,2026-08-28,2026-08-28,DELIVERED,SIMULATED
DEL-D887C0A9,PHC-UP-LUK-003,PHC Mohanlalganj,MED-IVF-NS500,Normal Saline (0.9% Sodium Chloride),308,2026-08-24,2026-08-28,2026-08-28,DELIVERED,SIMULATED
DEL-07B67E06,PHC-UP-LUK-003,PHC Mohanlalganj,MED-ART-60,Artesunate,56,2026-08-24,2026-08-31,2026-08-31,DELIVERED,SIMULATED
DEL-4993A95C,PHC-UP-LUK-003,PHC Mohanlalganj,MED-ALB-400,Albendazole,168,2026-08-24,2026-08-29,2026-08-29,DELIVERED,SIMULATED
DEL-64F37B7F,DH-UP-LUK-001,Balrampur District Hospital Lucknow,MED-AMC-625,Amoxicillin + Clavulanic Acid,5712,2026-08-24,2026-08-29,2026-08-29,DELIVERED,SIMULATED
DEL-B1469F3A,DH-UP-LUK-001,Balrampur District Hospital Lucknow,MED-ORS-SFT,Oral Rehydration Salts (WHO Formula),13062,2026-08-24,2026-08-29,2026-08-29,DELIVERED,SIMULATED
DEL-EF204BF8,DH-UP-LUK-001,Balrampur District Hospital Lucknow,MED-INS-REG,Human Insulin (Regular / Soluble),1624,2026-08-24,2026-08-29,2026-08-29,DELIVERED,SIMULATED
DEL-9A7D6161,DH-UP-LUK-001,Balrampur District Hospital Lucknow,MED-IVF-RL500,Ringer's Lactate (Compound Sodium Lactate),4886,2026-08-24,2026-08-28,2026-08-28,DELIVERED,SIMULATED
DEL-AD4FC32F,DH-UP-LUK-001,Balrampur District Hospital Lucknow,MED-ALB-400,Albendazole,3262,2026-08-24,2026-08-29,2026-08-29,DELIVERED,SIMULATED
DEL-A145A88E,DH-UP-LUK-001,Balrampur District Hospital Lucknow,MED-IFA-TAB,Iron & Folic Acid (IFA),11424,2026-08-24,2026-08-29,2026-08-29,DELIVERED,SIMULATED
DEL-4CD07466,PHC-RJ-JAI-001,PHC Bassi,MED-CTX-1G,Ceftriaxone,112,2026-08-24,2026-08-29,2026-08-29,DELIVERED,SIMULATED
DEL-13E45F51,PHC-RJ-JAI-001,PHC Bassi,MED-MET-500,Metformin Hydrochloride,490,2026-08-24,2026-08-30,2026-08-30,DELIVERED,SIMULATED
DEL-14F82FE8,PHC-RJ-JAI-001,PHC Bassi,MED-IVF-NS500,Normal Saline (0.9% Sodium Chloride),294,2026-08-24,2026-08-30,2026-08-30,DELIVERED,SIMULATED
DEL-7D09E9AB,PHC-RJ-JAI-001,PHC Bassi,MED-IVF-RL500,Ringer's Lactate (Compound Sodium Lactate),224,2026-08-24,2026-08-30,2026-08-30,DELIVERED,SIMULATED
DEL-8560DF31,PHC-RJ-JAI-001,PHC Bassi,MED-ART-60,Artesunate,56,2026-08-24,2026-08-31,2026-08-31,DELIVERED,SIMULATED
DEL-FDC648F0,PHC-RJ-JAI-001,PHC Bassi,MED-IFA-TAB,Iron & Folic Acid (IFA),546,2026-08-24,2026-08-30,2026-08-30,DELIVERED,SIMULATED
DEL-C072A52F,PHC-RJ-JAI-002,PHC Chaksu,MED-PCM-SYR,Paracetamol Paediatric Syrup,308,2026-08-24,2026-08-29,2026-08-29,DELIVERED,SIMULATED
DEL-19AA791F,PHC-RJ-JAI-002,PHC Chaksu,MED-AMC-625,Amoxicillin + Clavulanic Acid,238,2026-08-24,2026-08-28,2026-08-28,DELIVERED,SIMULATED
DEL-200521FC,PHC-RJ-JAI-002,PHC Chaksu,MED-ORS-SFT,Oral Rehydration Salts (WHO Formula),560,2026-08-24,2026-08-28,2026-08-28,DELIVERED,SIMULATED
DEL-550CED67,PHC-RJ-JAI-002,PHC Chaksu,MED-AZI-500,Azithromycin,210,2026-08-24,2026-08-31,2026-08-31,DELIVERED,SIMULATED
DEL-C2CA0248,PHC-RJ-JAI-002,PHC Chaksu,MED-INS-REG,Human Insulin (Regular / Soluble),70,2026-08-24,2026-08-31,2026-08-31,DELIVERED,SIMULATED
DEL-8D3EEA70,PHC-RJ-JAI-002,PHC Chaksu,MED-IVF-RL500,Ringer's Lactate (Compound Sodium Lactate),210,2026-08-24,2026-08-31,2026-08-31,DELIVERED,SIMULATED
DEL-449E3BCB,PHC-RJ-JAI-002,PHC Chaksu,MED-IVF-D5500,Dextrose 5% in Water,140,2026-08-24,2026-08-28,2026-08-28,DELIVERED,SIMULATED
DEL-03AAABCD,PHC-RJ-JAI-003,PHC Amer,MED-ORS-SFT,Oral Rehydration Salts (WHO Formula),714,2026-08-24,2026-08-29,2026-08-29,DELIVERED,SIMULATED
DEL-852D0CF3,PHC-RJ-JAI-003,PHC Amer,MED-IVF-NS500,Normal Saline (0.9% Sodium Chloride),336,2026-08-24,2026-08-28,2026-08-28,DELIVERED,SIMULATED
DEL-2F213396,PHC-RJ-JAI-003,PHC Amer,MED-IVF-RL500,Ringer's Lactate (Compound Sodium Lactate),266,2026-08-24,2026-08-28,2026-08-28,DELIVERED,SIMULATED
DEL-CEDF0006,PHC-RJ-JAI-003,PHC Amer,MED-IFA-TAB,Iron & Folic Acid (IFA),616,2026-08-24,2026-08-31,2026-08-31,DELIVERED,SIMULATED
DEL-340D622E,DH-RJ-JAI-001,Kanwatia District Hospital Jaipur,MED-PCM-SYR,Paracetamol Paediatric Syrup,5502,2026-08-24,2026-08-30,2026-08-30,DELIVERED,SIMULATED
DEL-3EF779E5,DH-RJ-JAI-001,Kanwatia District Hospital Jaipur,MED-AMC-625,Amoxicillin + Clavulanic Acid,4284,2026-08-24,2026-08-29,2026-08-29,DELIVERED,SIMULATED
DEL-4F598492,DH-RJ-JAI-001,Kanwatia District Hospital Jaipur,MED-ORS-SFT,Oral Rehydration Salts (WHO Formula),9786,2026-08-24,2026-08-31,2026-08-31,DELIVERED,SIMULATED
DEL-DC068EC6,DH-RJ-JAI-001,Kanwatia District Hospital Jaipur,MED-ZNC-20,Zinc Sulfate Dispersible,4886,2026-08-24,2026-08-28,2026-08-28,DELIVERED,SIMULATED
DEL-D6A7FAD1,DH-RJ-JAI-001,Kanwatia District Hospital Jaipur,MED-CTX-1G,Ceftriaxone,1834,2026-08-24,2026-08-31,2026-08-31,DELIVERED,SIMULATED
DEL-D4C43984,DH-RJ-JAI-001,Kanwatia District Hospital Jaipur,MED-ASV-VIAL,Anti-Snake Venom Serum (Polyvalent),364,2026-08-24,2026-08-30,2026-08-30,DELIVERED,SIMULATED
DEL-42B2CEC7,DH-RJ-JAI-001,Kanwatia District Hospital Jaipur,MED-MGS-50,Magnesium Sulfate,756,2026-08-24,2026-08-30,2026-08-30,DELIVERED,SIMULATED
DEL-0BDB65FF,DH-RJ-JAI-001,Kanwatia District Hospital Jaipur,MED-IVF-RL500,Ringer's Lactate (Compound Sodium Lactate),3668,2026-08-24,2026-08-28,2026-08-28,DELIVERED,SIMULATED
DEL-E9DEEFF6,PHC-MH-PUN-001,PHC Mulshi,MED-PCM-500,Paracetamol,686,2026-08-24,2026-08-30,2026-08-30,DELIVERED,SIMULATED
DEL-EC0A8E00,PHC-MH-PUN-001,PHC Mulshi,MED-CTX-1G,Ceftriaxone,84,2026-08-24,2026-08-28,2026-08-28,DELIVERED,SIMULATED
DEL-F104B46D,PHC-MH-PUN-001,PHC Mulshi,MED-ASV-VIAL,Anti-Snake Venom Serum (Polyvalent),28,2026-08-24,2026-08-30,2026-08-30,DELIVERED,SIMULATED
DEL-3EF76335,PHC-MH-PUN-001,PHC Mulshi,MED-IVF-RL500,Ringer's Lactate (Compound Sodium Lactate),182,2026-08-24,2026-08-29,2026-08-29,DELIVERED,SIMULATED
DEL-EF7ABFC6,PHC-MH-PUN-002,PHC Haveli,MED-PCM-500,Paracetamol,1218,2026-08-24,2026-08-30,2026-08-30,DELIVERED,SIMULATED
DEL-52A3FFE6,PHC-MH-PUN-002,PHC Haveli,MED-AMC-625,Amoxicillin + Clavulanic Acid,378,2026-08-24,2026-08-29,2026-08-29,DELIVERED,SIMULATED
DEL-3FB0DD65,PHC-MH-PUN-002,PHC Haveli,MED-ZNC-20,Zinc Sulfate Dispersible,434,2026-08-24,2026-08-30,2026-08-30,DELIVERED,SIMULATED
DEL-27B803FD,PHC-MH-PUN-002,PHC Haveli,MED-AZI-500,Azithromycin,322,2026-08-24,2026-08-29,2026-08-29,DELIVERED,SIMULATED
DEL-E2F1CB4E,PHC-MH-PUN-002,PHC Haveli,MED-CTX-1G,Ceftriaxone,154,2026-08-24,2026-08-28,2026-08-28,DELIVERED,SIMULATED
DEL-26BE29CA,PHC-MH-PUN-002,PHC Haveli,MED-RAB-VAC,Anti-Rabies Vaccine (Cell Culture),84,2026-08-24,2026-08-30,2026-08-30,DELIVERED,SIMULATED
DEL-590BEF4A,PHC-MH-PUN-002,PHC Haveli,MED-MGS-50,Magnesium Sulfate,56,2026-08-24,2026-08-28,2026-08-28,DELIVERED,SIMULATED
DEL-00EA7C4A,PHC-MH-PUN-002,PHC Haveli,MED-IVF-NS500,Normal Saline (0.9% Sodium Chloride),406,2026-08-24,2026-08-28,2026-08-28,DELIVERED,SIMULATED
DEL-0F3CBB68,PHC-MH-PUN-002,PHC Haveli,MED-IVF-RL500,Ringer's Lactate (Compound Sodium Lactate),322,2026-08-24,2026-08-30,2026-08-30,DELIVERED,SIMULATED
DEL-45DE5C61,PHC-MH-PUN-003,PHC Khed,MED-PCM-500,Paracetamol,910,2026-08-24,2026-08-29,2026-08-29,DELIVERED,SIMULATED
DEL-9A98A3E1,PHC-MH-PUN-003,PHC Khed,MED-PCM-SYR,Paracetamol Paediatric Syrup,364,2026-08-24,2026-08-29,2026-08-29,DELIVERED,SIMULATED
DEL-37A2C6DB,PHC-MH-PUN-003,PHC Khed,MED-AMC-625,Amoxicillin + Clavulanic Acid,280,2026-08-24,2026-08-31,2026-08-31,DELIVERED,SIMULATED
DEL-865D7658,PHC-MH-PUN-003,PHC Khed,MED-ZNC-20,Zinc Sulfate Dispersible,322,2026-08-24,2026-08-28,2026-08-28,DELIVERED,SIMULATED
DEL-2C1090EC,PHC-MH-PUN-003,PHC Khed,MED-AZI-500,Azithromycin,238,2026-08-24,2026-08-31,2026-08-31,DELIVERED,SIMULATED
DEL-701CC453,PHC-MH-PUN-003,PHC Khed,MED-CTX-1G,Ceftriaxone,112,2026-08-24,2026-08-30,2026-08-30,DELIVERED,SIMULATED
DEL-77818C52,PHC-MH-PUN-003,PHC Khed,MED-RAB-VAC,Anti-Rabies Vaccine (Cell Culture),70,2026-08-24,2026-08-29,2026-08-29,DELIVERED,SIMULATED
DEL-F95C58E5,PHC-MH-PUN-003,PHC Khed,MED-MET-500,Metformin Hydrochloride,504,2026-08-24,2026-08-30,2026-08-30,DELIVERED,SIMULATED
DEL-F609C391,PHC-MH-PUN-003,PHC Khed,MED-OXY-AMP,Oxytocin,98,2026-08-24,2026-08-28,2026-08-28,DELIVERED,SIMULATED
DEL-049B134E,PHC-MH-PUN-003,PHC Khed,MED-MGS-50,Magnesium Sulfate,42,2026-08-24,2026-08-29,2026-08-29,DELIVERED,SIMULATED
DEL-BB6ADDB4,PHC-MH-PUN-003,PHC Khed,MED-IVF-NS500,Normal Saline (0.9% Sodium Chloride),294,2026-08-24,2026-08-31,2026-08-31,DELIVERED,SIMULATED
DEL-7C437B5F,PHC-MH-PUN-003,PHC Khed,MED-IVF-D5500,Dextrose 5% in Water,154,2026-08-24,2026-08-31,2026-08-31,DELIVERED,SIMULATED
DEL-BDA86607,DH-MH-PUN-001,Aundh District Hospital Pune,MED-ORS-SFT,Oral Rehydration Salts (WHO Formula),11970,2026-08-24,2026-08-29,2026-08-29,DELIVERED,SIMULATED
DEL-B17DFACD,DH-MH-PUN-001,Aundh District Hospital Pune,MED-ZNC-20,Zinc Sulfate Dispersible,5978,2026-08-24,2026-08-31,2026-08-31,DELIVERED,SIMULATED
DEL-824EFF66,DH-MH-PUN-001,Aundh District Hospital Pune,MED-CTX-1G,Ceftriaxone,2240,2026-08-24,2026-08-31,2026-08-31,DELIVERED,SIMULATED
DEL-878F0794,DH-MH-PUN-001,Aundh District Hospital Pune,MED-ASV-VIAL,Anti-Snake Venom Serum (Polyvalent),448,2026-08-24,2026-08-29,2026-08-29,DELIVERED,SIMULATED
DEL-64B0EEA9,DH-MH-PUN-001,Aundh District Hospital Pune,MED-INS-REG,Human Insulin (Regular / Soluble),1484,2026-08-24,2026-08-31,2026-08-31,DELIVERED,SIMULATED
DEL-BD897F02,DH-MH-PUN-001,Aundh District Hospital Pune,MED-OXY-AMP,Oxytocin,1862,2026-08-24,2026-08-28,2026-08-28,DELIVERED,SIMULATED
DEL-074FDC87,DH-MH-PUN-001,Aundh District Hospital Pune,MED-MGS-50,Magnesium Sulfate,924,2026-08-24,2026-08-31,2026-08-31,DELIVERED,SIMULATED
DEL-50A3D569,DH-MH-PUN-001,Aundh District Hospital Pune,MED-IVF-RL500,Ringer's Lactate (Compound Sodium Lactate),4480,2026-08-24,2026-08-28,2026-08-28,DELIVERED,SIMULATED
DEL-46F27F97,DH-MH-PUN-001,Aundh District Hospital Pune,MED-IVF-D5500,Dextrose 5% in Water,2982,2026-08-24,2026-08-30,2026-08-30,DELIVERED,SIMULATED
DEL-56F2A64F,DH-MH-PUN-001,Aundh District Hospital Pune,MED-IFA-TAB,Iron & Folic Acid (IFA),10472,2026-08-24,2026-08-31,2026-08-31,DELIVERED,SIMULATED
DEL-0F34C364,PHC-KA-BEN-001,PHC Yelahanka,MED-PCM-SYR,Paracetamol Paediatric Syrup,518,2026-08-24,2026-08-28,2026-08-28,DELIVERED,SIMULATED
DEL-A7B74229,PHC-KA-BEN-001,PHC Yelahanka,MED-AMX-500,Amoxicillin,644,2026-08-24,2026-08-31,2026-08-31,DELIVERED,SIMULATED
DEL-DE696043,PHC-KA-BEN-001,PHC Yelahanka,MED-ORS-SFT,Oral Rehydration Salts (WHO Formula),938,2026-08-24,2026-08-29,2026-08-29,DELIVERED,SIMULATED
DEL-5E4C437A,PHC-KA-BEN-001,PHC Yelahanka,MED-RAB-VAC,Anti-Rabies Vaccine (Cell Culture),98,2026-08-24,2026-08-28,2026-08-28,DELIVERED,SIMULATED
DEL-354BB7F3,PHC-KA-BEN-001,PHC Yelahanka,MED-OXY-AMP,Oxytocin,140,2026-08-24,2026-08-29,2026-08-29,DELIVERED,SIMULATED
DEL-A40E60A6,PHC-KA-BEN-001,PHC Yelahanka,MED-IVF-RL500,Ringer's Lactate (Compound Sodium Lactate),350,2026-08-24,2026-08-28,2026-08-28,DELIVERED,SIMULATED
DEL-6ED0AA20,PHC-KA-BEN-001,PHC Yelahanka,MED-ART-60,Artesunate,84,2026-08-24,2026-08-29,2026-08-29,DELIVERED,SIMULATED
DEL-E6361A21,PHC-KA-BEN-001,PHC Yelahanka,MED-ALB-400,Albendazole,224,2026-08-24,2026-08-29,2026-08-29,DELIVERED,SIMULATED
DEL-A9691777,PHC-KA-BEN-001,PHC Yelahanka,MED-IFA-TAB,Iron & Folic Acid (IFA),812,2026-08-24,2026-08-28,2026-08-28,DELIVERED,SIMULATED
DEL-4F7EA54F,PHC-KA-BEN-002,PHC Anekal,MED-AMC-625,Amoxicillin + Clavulanic Acid,308,2026-08-24,2026-08-29,2026-08-29,DELIVERED,SIMULATED
DEL-84B445F2,PHC-KA-BEN-002,PHC Anekal,MED-ORS-SFT,Oral Rehydration Salts (WHO Formula),714,2026-08-24,2026-08-29,2026-08-29,DELIVERED,SIMULATED
DEL-84FAF1E1,PHC-KA-BEN-002,PHC Anekal,MED-ASV-VIAL,Anti-Snake Venom Serum (Polyvalent),28,2026-08-24,2026-08-30,2026-08-30,DELIVERED,SIMULATED
DEL-DE40E028,PHC-KA-BEN-002,PHC Anekal,MED-OXY-AMP,Oxytocin,112,2026-08-24,2026-08-29,2026-08-29,DELIVERED,SIMULATED
DEL-54B056D2,PHC-KA-BEN-003,PHC Kengeri,MED-AMX-500,Amoxicillin,560,2026-08-24,2026-08-30,2026-08-30,DELIVERED,SIMULATED
DEL-D1366E7B,PHC-KA-BEN-003,PHC Kengeri,MED-ZNC-20,Zinc Sulfate Dispersible,406,2026-08-24,2026-08-30,2026-08-30,DELIVERED,SIMULATED
DEL-89225DAC,PHC-KA-BEN-003,PHC Kengeri,MED-RAB-VAC,Anti-Rabies Vaccine (Cell Culture),84,2026-08-24,2026-08-29,2026-08-29,DELIVERED,SIMULATED
DEL-E6C6C314,PHC-KA-BEN-003,PHC Kengeri,MED-IVF-NS500,Normal Saline (0.9% Sodium Chloride),378,2026-08-24,2026-08-31,2026-08-31,DELIVERED,SIMULATED
DEL-927A3710,PHC-KA-BEN-003,PHC Kengeri,MED-IVF-D5500,Dextrose 5% in Water,196,2026-08-24,2026-08-30,2026-08-30,DELIVERED,SIMULATED
DEL-42003BB6,DH-KA-BEN-001,KC General District Hospital Malleshwaram,MED-PCM-500,Paracetamol,19894,2026-08-24,2026-08-31,2026-08-31,DELIVERED,SIMULATED
DEL-9676217E,DH-KA-BEN-001,KC General District Hospital Malleshwaram,MED-PCM-SYR,Paracetamol Paediatric Syrup,7952,2026-08-24,2026-08-28,2026-08-28,DELIVERED,SIMULATED
DEL-8A76FE9B,DH-KA-BEN-001,KC General District Hospital Malleshwaram,MED-AMX-500,Amoxicillin,9716,2026-08-24,2026-08-31,2026-08-31,DELIVERED,SIMULATED
DEL-D4D5C322,DH-KA-BEN-001,KC General District Hospital Malleshwaram,MED-ORS-SFT,Oral Rehydration Salts (WHO Formula),14140,2026-08-24,2026-08-29,2026-08-29,DELIVERED,SIMULATED
DEL-D748E60B,DH-KA-BEN-001,KC General District Hospital Malleshwaram,MED-AZI-500,Azithromycin,5306,2026-08-24,2026-08-30,2026-08-30,DELIVERED,SIMULATED
DEL-FD39ED1A,DH-KA-BEN-001,KC General District Hospital Malleshwaram,MED-OXY-AMP,Oxytocin,2198,2026-08-24,2026-08-28,2026-08-28,DELIVERED,SIMULATED
DEL-3E9730C1,DH-KA-BEN-001,KC General District Hospital Malleshwaram,MED-IVF-NS500,Normal Saline (0.9% Sodium Chloride),6622,2026-08-24,2026-08-29,2026-08-29,DELIVERED,SIMULATED
DEL-27396F8A,DH-KA-BEN-001,KC General District Hospital Malleshwaram,MED-IVF-D5500,Dextrose 5% in Water,3528,2026-08-24,2026-08-31,2026-08-31,DELIVERED,SIMULATED
DEL-B87B3D18,DH-KA-BEN-001,KC General District Hospital Malleshwaram,MED-ART-60,Artesunate,1316,2026-08-24,2026-08-29,2026-08-29,DELIVERED,SIMULATED
DEL-7A6D6135,DH-KA-BEN-001,KC General District Hospital Malleshwaram,MED-ALB-400,Albendazole,3528,2026-08-24,2026-08-30,2026-08-30,DELIVERED,SIMULATED
DEL-C0889EB1,PHC-BR-PAT-001,PHC Bakhtiyarpur,MED-ALB-400,Albendazole,140,2026-08-25,2026-08-29,2026-08-29,DELIVERED,SIMULATED
DEL-FD64AF3A,PHC-BR-PAT-002,PHC Danapur,MED-IFA-TAB,Iron & Folic Acid (IFA),700,2026-08-25,2026-08-29,2026-08-29,DELIVERED,SIMULATED
DEL-2AD71E7B,PHC-BR-PAT-004,PHC Fatuha,MED-MET-500,Metformin Hydrochloride,392,2026-08-25,2026-08-29,2026-08-29,DELIVERED,SIMULATED
DEL-0BB9AA9C,PHC-BR-PAT-004,PHC Fatuha,MED-ALB-400,Albendazole,126,2026-08-25,2026-08-29,2026-08-29,DELIVERED,SIMULATED
DEL-391967B2,PHC-BR-PAT-005,PHC Mokama,MED-AMC-625,Amoxicillin + Clavulanic Acid,252,2026-08-25,2026-09-01,,IN_TRANSIT,SIMULATED
DEL-D8133A25,PHC-BR-PAT-005,PHC Mokama,MED-IFA-TAB,Iron & Folic Acid (IFA),518,2026-08-25,2026-09-01,,IN_TRANSIT,SIMULATED
DEL-42F72DF3,CHC-BR-PAT-001,CHC Phulwari Sharif,MED-INS-REG,Human Insulin (Regular / Soluble),224,2026-08-25,2026-08-29,2026-08-29,DELIVERED,SIMULATED
DEL-85A64E0C,DH-BR-PAT-001,District Hospital Gardanibagh,MED-RAB-VAC,Anti-Rabies Vaccine (Cell Culture),714,2026-08-25,2026-08-31,2026-08-31,DELIVERED,SIMULATED
DEL-EC2E0701,DH-BR-PAT-001,District Hospital Gardanibagh,MED-MGS-50,Magnesium Sulfate,504,2026-08-25,2026-09-01,,IN_TRANSIT,SIMULATED
DEL-9E103DAB,PHC-BR-GAY-001,PHC Bodh Gaya,MED-AMX-500,Amoxicillin,392,2026-08-25,2026-08-29,2026-08-29,DELIVERED,SIMULATED
DEL-EDD2665E,PHC-BR-GAY-002,PHC Sherghati,MED-RAB-VAC,Anti-Rabies Vaccine (Cell Culture),42,2026-08-25,2026-08-31,2026-08-31,DELIVERED,SIMULATED
DEL-3916BE47,DH-BR-GAY-001,Jay Prakash Narayan District Hospital Gaya,MED-ALB-400,Albendazole,2170,2026-08-25,2026-09-01,,IN_TRANSIT,SIMULATED
DEL-4720A599,PHC-UP-VAR-003,PHC Sevapuri,MED-INS-REG,Human Insulin (Regular / Soluble),56,2026-08-25,2026-09-01,,IN_TRANSIT,SIMULATED
DEL-1F4E1FB3,PHC-UP-VAR-004,PHC Kashi Vidyapeeth,MED-AMC-625,Amoxicillin + Clavulanic Acid,364,2026-08-25,2026-09-01,,IN_TRANSIT,SIMULATED
DEL-3A834688,PHC-UP-VAR-004,PHC Kashi Vidyapeeth,MED-ASV-VIAL,Anti-Snake Venom Serum (Polyvalent),28,2026-08-25,2026-08-31,2026-08-31,DELIVERED,SIMULATED
DEL-7DA78DFD,PHC-UP-LUK-001,PHC Bakshi Ka Talab,MED-INS-REG,Human Insulin (Regular / Soluble),98,2026-08-25,2026-08-31,2026-08-31,DELIVERED,SIMULATED
DEL-5D723650,PHC-UP-LUK-003,PHC Mohanlalganj,MED-MGS-50,Magnesium Sulfate,42,2026-08-25,2026-08-30,2026-08-30,DELIVERED,SIMULATED
DEL-63FE1A05,DH-UP-LUK-001,Balrampur District Hospital Lucknow,MED-PCM-SYR,Paracetamol Paediatric Syrup,7336,2026-08-25,2026-09-01,,IN_TRANSIT,SIMULATED
DEL-6A7C125F,DH-UP-LUK-001,Balrampur District Hospital Lucknow,MED-ZNC-20,Zinc Sulfate Dispersible,6524,2026-08-25,2026-09-01,,IN_TRANSIT,SIMULATED
DEL-D749F9B5,PHC-RJ-JAI-001,PHC Bassi,MED-ZNC-20,Zinc Sulfate Dispersible,308,2026-08-25,2026-09-01,,IN_TRANSIT,SIMULATED
DEL-B741DDCC,DH-RJ-JAI-001,Kanwatia District Hospital Jaipur,MED-ART-60,Artesunate,910,2026-08-25,2026-09-01,,IN_TRANSIT,SIMULATED
DEL-4DD6A200,DH-RJ-JAI-001,Kanwatia District Hospital Jaipur,MED-IFA-TAB,Iron & Folic Acid (IFA),8568,2026-08-25,2026-08-30,2026-08-30,DELIVERED,SIMULATED
DEL-31955178,PHC-MH-PUN-001,PHC Mulshi,MED-ART-60,Artesunate,42,2026-08-25,2026-09-01,,IN_TRANSIT,SIMULATED
DEL-E062C325,PHC-MH-PUN-003,PHC Khed,MED-ASV-VIAL,Anti-Snake Venom Serum (Polyvalent),28,2026-08-25,2026-08-31,2026-08-31,DELIVERED,SIMULATED
DEL-8731B8FC,PHC-KA-BEN-001,PHC Yelahanka,MED-ASV-VIAL,Anti-Snake Venom Serum (Polyvalent),28,2026-08-25,2026-09-01,,IN_TRANSIT,SIMULATED
DEL-897C6692,PHC-KA-BEN-002,PHC Anekal,MED-ALB-400,Albendazole,168,2026-08-25,2026-09-01,,IN_TRANSIT,SIMULATED
DEL-C79EE845,PHC-KA-BEN-003,PHC Kengeri,MED-IVF-RL500,Ringer's Lactate (Compound Sodium Lactate),308,2026-08-25,2026-09-01,,IN_TRANSIT,SIMULATED
DEL-3EB19621,PHC-KA-BEN-003,PHC Kengeri,MED-ART-60,Artesunate,70,2026-08-25,2026-08-31,2026-08-31,DELIVERED,SIMULATED
DEL-AAEFA4CA,PHC-BR-PAT-002,PHC Danapur,MED-MET-500,Metformin Hydrochloride,630,2026-08-26,2026-09-01,,IN_TRANSIT,SIMULATED
DEL-D706A56C,DH-BR-PAT-001,District Hospital Gardanibagh,MED-ALB-400,Albendazole,1624,2026-08-26,2026-08-30,2026-08-30,DELIVERED,SIMULATED
DEL-1F500F8B,PHC-BR-GAY-003,PHC Tekari,MED-CTX-1G,Ceftriaxone,70,2026-08-26,2026-09-02,,IN_TRANSIT,SIMULATED
DEL-BFE9534F,PHC-UP-LUK-001,PHC Bakshi Ka Talab,MED-OXY-AMP,Oxytocin,112,2026-08-26,2026-08-31,2026-08-31,DELIVERED,SIMULATED
DEL-063B38A6,PHC-RJ-JAI-002,PHC Chaksu,MED-ART-60,Artesunate,42,2026-08-26,2026-09-01,,IN_TRANSIT,SIMULATED
DEL-0C530124,PHC-MH-PUN-001,PHC Mulshi,MED-RAB-VAC,Anti-Rabies Vaccine (Cell Culture),42,2026-08-26,2026-09-01,,IN_TRANSIT,SIMULATED
DEL-25C8A4E2,PHC-MH-PUN-002,PHC Haveli,MED-OXY-AMP,Oxytocin,126,2026-08-26,2026-08-30,2026-08-30,DELIVERED,SIMULATED
DEL-31664F2D,PHC-KA-BEN-002,PHC Anekal,MED-ART-60,Artesunate,56,2026-08-26,2026-09-02,,IN_TRANSIT,SIMULATED
DEL-6E04EDDA,PHC-KA-BEN-002,PHC Anekal,MED-IFA-TAB,Iron & Folic Acid (IFA),616,2026-08-26,2026-08-31,2026-08-31,DELIVERED,SIMULATED
DEL-FEFC7CEB,PHC-BR-GAY-001,PHC Bodh Gaya,MED-ART-60,Artesunate,42,2026-08-27,2026-09-03,,IN_TRANSIT,SIMULATED
DEL-02DEA07F,PHC-BR-GAY-002,PHC Sherghati,MED-CTX-1G,Ceftriaxone,84,2026-08-27,2026-09-01,,IN_TRANSIT,SIMULATED
DEL-E426B474,PHC-BR-GAY-002,PHC Sherghati,MED-MGS-50,Magnesium Sulfate,28,2026-08-27,2026-09-02,,IN_TRANSIT,SIMULATED
DEL-DDD268D0,PHC-BR-GAY-002,PHC Sherghati,MED-IFA-TAB,Iron & Folic Acid (IFA),420,2026-08-27,2026-08-31,2026-08-31,DELIVERED,SIMULATED
DEL-072D7A82,PHC-UP-VAR-001,PHC Cholapur,MED-RAB-VAC,Anti-Rabies Vaccine (Cell Culture),56,2026-08-27,2026-09-02,,IN_TRANSIT,SIMULATED
DEL-B4ABE8EB,PHC-UP-VAR-002,PHC Pindra,MED-PCM-SYR,Paracetamol Paediatric Syrup,378,2026-08-27,2026-09-03,,IN_TRANSIT,SIMULATED
DEL-4E220E6E,PHC-UP-VAR-003,PHC Sevapuri,MED-IFA-TAB,Iron & Folic Acid (IFA),462,2026-08-27,2026-09-03,,IN_TRANSIT,SIMULATED
DEL-2A9FFE3B,DH-UP-VAR-001,Pandit Deen Dayal Upadhyay District Hospital,MED-IFA-TAB,Iron & Folic Acid (IFA),9044,2026-08-27,2026-09-03,,IN_TRANSIT,SIMULATED
DEL-B124760A,PHC-UP-LUK-001,PHC Bakshi Ka Talab,MED-AMX-500,Amoxicillin,532,2026-08-27,2026-09-01,,IN_TRANSIT,SIMULATED
DEL-B931083C,PHC-UP-LUK-001,PHC Bakshi Ka Talab,MED-IFA-TAB,Iron & Folic Acid (IFA),686,2026-08-27,2026-09-03,,IN_TRANSIT,SIMULATED
DEL-987ADD69,PHC-UP-LUK-002,PHC Malihabad,MED-AMX-500,Amoxicillin,434,2026-08-27,2026-09-01,,IN_TRANSIT,SIMULATED
DEL-280D569D,PHC-UP-LUK-002,PHC Malihabad,MED-IVF-D5500,Dextrose 5% in Water,154,2026-08-27,2026-09-03,,IN_TRANSIT,SIMULATED
DEL-24A4EF06,PHC-UP-LUK-003,PHC Mohanlalganj,MED-ORS-SFT,Oral Rehydration Salts (WHO Formula),672,2026-08-27,2026-09-03,,IN_TRANSIT,SIMULATED
DEL-4E0AD7FD,PHC-RJ-JAI-001,PHC Bassi,MED-AMX-500,Amoxicillin,420,2026-08-27,2026-09-01,,IN_TRANSIT,SIMULATED
DEL-FAA9B88B,PHC-RJ-JAI-001,PHC Bassi,MED-AZI-500,Azithromycin,224,2026-08-27,2026-09-02,,IN_TRANSIT,SIMULATED
DEL-07F99A21,PHC-RJ-JAI-002,PHC Chaksu,MED-MGS-50,Magnesium Sulfate,42,2026-08-27,2026-08-31,2026-08-31,DELIVERED,SIMULATED
DEL-96455B69,PHC-RJ-JAI-003,PHC Amer,MED-AZI-500,Azithromycin,266,2026-08-27,2026-08-31,2026-08-31,DELIVERED,SIMULATED
DEL-6C548508,PHC-RJ-JAI-003,PHC Amer,MED-IVF-D5500,Dextrose 5% in Water,168,2026-08-27,2026-09-01,,IN_TRANSIT,SIMULATED
DEL-EFF7D667,PHC-RJ-JAI-003,PHC Amer,MED-ALB-400,Albendazole,168,2026-08-27,2026-09-03,,IN_TRANSIT,SIMULATED
DEL-EFB53E18,DH-RJ-JAI-001,Kanwatia District Hospital Jaipur,MED-AZI-500,Azithromycin,3668,2026-08-27,2026-09-03,,IN_TRANSIT,SIMULATED
DEL-4110A76A,DH-RJ-JAI-001,Kanwatia District Hospital Jaipur,MED-IVF-D5500,Dextrose 5% in Water,2436,2026-08-27,2026-09-03,,IN_TRANSIT,SIMULATED
DEL-BCF05401,PHC-MH-PUN-002,PHC Haveli,MED-ART-60,Artesunate,70,2026-08-27,2026-09-02,,IN_TRANSIT,SIMULATED
DEL-BEBFF3DA,PHC-MH-PUN-003,PHC Khed,MED-ART-60,Artesunate,56,2026-08-27,2026-09-01,,IN_TRANSIT,SIMULATED
DEL-B0A7C24A,PHC-KA-BEN-003,PHC Kengeri,MED-PCM-SYR,Paracetamol Paediatric Syrup,462,2026-08-27,2026-09-02,,IN_TRANSIT,SIMULATED
DEL-34AFD940,PHC-KA-BEN-003,PHC Kengeri,MED-ASV-VIAL,Anti-Snake Venom Serum (Polyvalent),28,2026-08-27,2026-09-03,,IN_TRANSIT,SIMULATED
DEL-0D9CFD5D,PHC-BR-PAT-005,PHC Mokama,MED-PCM-SYR,Paracetamol Paediatric Syrup,336,2026-08-28,2026-09-03,,IN_TRANSIT,SIMULATED
DEL-A514BFD5,PHC-BR-PAT-005,PHC Mokama,MED-AMX-500,Amoxicillin,406,2026-08-28,2026-09-01,,IN_TRANSIT,SIMULATED
DEL-E8DAA57D,DH-BR-PAT-001,District Hospital Gardanibagh,MED-IVF-NS500,Normal Saline (0.9% Sodium Chloride),3052,2026-08-28,2026-09-01,,IN_TRANSIT,SIMULATED
DEL-1E19AA8A,PHC-BR-GAY-001,PHC Bodh Gaya,MED-AZI-500,Azithromycin,210,2026-08-28,2026-09-03,,IN_TRANSIT,SIMULATED
DEL-C20DD92E,PHC-BR-GAY-002,PHC Sherghati,MED-PCM-SYR,Paracetamol Paediatric Syrup,266,2026-08-28,2026-09-02,,IN_TRANSIT,SIMULATED
DEL-3959C96D,PHC-BR-GAY-003,PHC Tekari,MED-ASV-VIAL,Anti-Snake Venom Serum (Polyvalent),28,2026-08-28,2026-09-04,,IN_TRANSIT,SIMULATED
DEL-4ED78A74,DH-BR-GAY-001,Jay Prakash Narayan District Hospital Gaya,MED-ORS-SFT,Oral Rehydration Salts (WHO Formula),8708,2026-08-28,2026-09-03,,IN_TRANSIT,SIMULATED
DEL-08016B1E,PHC-UP-VAR-001,PHC Cholapur,MED-AZI-500,Azithromycin,224,2026-08-28,2026-09-03,,IN_TRANSIT,SIMULATED
DEL-96F9AEED,PHC-UP-VAR-002,PHC Pindra,MED-PCM-500,Paracetamol,966,2026-08-28,2026-09-03,,IN_TRANSIT,SIMULATED
DEL-CABE689A,PHC-UP-VAR-002,PHC Pindra,MED-ALB-400,Albendazole,168,2026-08-28,2026-09-03,,IN_TRANSIT,SIMULATED
DEL-05DD51A0,PHC-UP-VAR-003,PHC Sevapuri,MED-RAB-VAC,Anti-Rabies Vaccine (Cell Culture),56,2026-08-28,2026-09-02,,IN_TRANSIT,SIMULATED
DEL-C6515AC2,PHC-UP-VAR-004,PHC Kashi Vidyapeeth,MED-AMX-500,Amoxicillin,574,2026-08-28,2026-09-01,,IN_TRANSIT,SIMULATED
DEL-5C5E66B9,PHC-UP-VAR-004,PHC Kashi Vidyapeeth,MED-OXY-AMP,Oxytocin,126,2026-08-28,2026-09-03,,IN_TRANSIT,SIMULATED
DEL-23A94A73,CHC-UP-VAR-001,CHC Misirpur,MED-OXY-AMP,Oxytocin,280,2026-08-28,2026-09-03,,IN_TRANSIT,SIMULATED
DEL-F034E2DF,DH-UP-VAR-001,Pandit Deen Dayal Upadhyay District Hospital,MED-AZI-500,Azithromycin,3878,2026-08-28,2026-09-02,,IN_TRANSIT,SIMULATED
DEL-06EAEC87,PHC-UP-LUK-001,PHC Bakshi Ka Talab,MED-ORS-SFT,Oral Rehydration Salts (WHO Formula),784,2026-08-28,2026-09-02,,IN_TRANSIT,SIMULATED
DEL-3358CCDC,PHC-RJ-JAI-002,PHC Chaksu,MED-AMX-500,Amoxicillin,378,2026-08-28,2026-09-04,,IN_TRANSIT,SIMULATED
DEL-44F27EE1,PHC-RJ-JAI-002,PHC Chaksu,MED-IVF-NS500,Normal Saline (0.9% Sodium Chloride),252,2026-08-28,2026-09-04,,IN_TRANSIT,SIMULATED
DEL-866C9776,DH-RJ-JAI-001,Kanwatia District Hospital Jaipur,MED-PCM-500,Paracetamol,13776,2026-08-28,2026-09-02,,IN_TRANSIT,SIMULATED
DEL-3E8A631E,DH-RJ-JAI-001,Kanwatia District Hospital Jaipur,MED-AMX-500,Amoxicillin,6734,2026-08-28,2026-09-04,,IN_TRANSIT,SIMULATED
DEL-BC0BD6B9,PHC-MH-PUN-002,PHC Haveli,MED-IVF-D5500,Dextrose 5% in Water,210,2026-08-28,2026-09-03,,IN_TRANSIT,SIMULATED
DEL-1F0239B6,PHC-MH-PUN-003,PHC Khed,MED-IVF-RL500,Ringer's Lactate (Compound Sodium Lactate),238,2026-08-28,2026-09-03,,IN_TRANSIT,SIMULATED
DEL-5092CA5F,DH-MH-PUN-001,Aundh District Hospital Pune,MED-AMC-625,Amoxicillin + Clavulanic Acid,5236,2026-08-28,2026-09-01,,IN_TRANSIT,SIMULATED
DEL-4606473E,PHC-KA-BEN-002,PHC Anekal,MED-PCM-500,Paracetamol,1008,2026-08-28,2026-09-04,,IN_TRANSIT,SIMULATED
DEL-32470BE1,PHC-KA-BEN-002,PHC Anekal,MED-AMX-500,Amoxicillin,490,2026-08-28,2026-09-04,,IN_TRANSIT,SIMULATED
DEL-BE588309,PHC-KA-BEN-003,PHC Kengeri,MED-AZI-500,Azithromycin,308,2026-08-28,2026-09-04,,IN_TRANSIT,SIMULATED
DEL-86B2FA6C,PHC-KA-BEN-003,PHC Kengeri,MED-MET-500,Metformin Hydrochloride,644,2026-08-28,2026-09-03,,IN_TRANSIT,SIMULATED
DEL-A0C214BD,DH-KA-BEN-001,KC General District Hospital Malleshwaram,MED-MGS-50,Magnesium Sulfate,1092,2026-08-28,2026-09-04,,IN_TRANSIT,SIMULATED
DEL-CE7D1E1A,PHC-BR-PAT-002,PHC Danapur,MED-CTX-1G,Ceftriaxone,140,2026-08-29,2026-09-05,,IN_TRANSIT,SIMULATED
DEL-EC3E4E25,PHC-BR-PAT-003,PHC Bihta,MED-CTX-1G,Ceftriaxone,112,2026-08-29,2026-09-03,,IN_TRANSIT,SIMULATED
DEL-62A4DE4D,PHC-BR-PAT-003,PHC Bihta,MED-IVF-NS500,Normal Saline (0.9% Sodium Chloride),294,2026-08-29,2026-09-05,,IN_TRANSIT,SIMULATED
DEL-C4AD42CC,CHC-BR-PAT-001,CHC Phulwari Sharif,MED-CTX-1G,Ceftriaxone,336,2026-08-29,2026-09-04,,IN_TRANSIT,SIMULATED
DEL-E32A070C,DH-BR-PAT-001,District Hospital Gardanibagh,MED-PCM-500,Paracetamol,9184,2026-08-29,2026-09-03,,IN_TRANSIT,SIMULATED
DEL-1D52247E,PHC-BR-GAY-001,PHC Bodh Gaya,MED-PCM-SYR,Paracetamol Paediatric Syrup,322,2026-08-29,2026-09-04,,IN_TRANSIT,SIMULATED
DEL-2B928EF7,PHC-BR-GAY-001,PHC Bodh Gaya,MED-MGS-50,Magnesium Sulfate,42,2026-08-29,2026-09-05,,IN_TRANSIT,SIMULATED
DEL-16E27363,DH-BR-GAY-001,Jay Prakash Narayan District Hospital Gaya,MED-MGS-50,Magnesium Sulfate,672,2026-08-29,2026-09-05,,IN_TRANSIT,SIMULATED
DEL-D980C81B,PHC-UP-VAR-001,PHC Cholapur,MED-PCM-SYR,Paracetamol Paediatric Syrup,350,2026-08-29,2026-09-03,,IN_TRANSIT,SIMULATED
DEL-DF247850,PHC-UP-VAR-001,PHC Cholapur,MED-AMX-500,Amoxicillin,420,2026-08-29,2026-09-05,,IN_TRANSIT,SIMULATED
DEL-C406EE0A,PHC-UP-VAR-001,PHC Cholapur,MED-AMC-625,Amoxicillin + Clavulanic Acid,266,2026-08-29,2026-09-03,,IN_TRANSIT,SIMULATED
DEL-2FED998E,PHC-UP-VAR-001,PHC Cholapur,MED-ORS-SFT,Oral Rehydration Salts (WHO Formula),616,2026-08-29,2026-09-02,,IN_TRANSIT,SIMULATED
DEL-990A7F7E,PHC-UP-VAR-001,PHC Cholapur,MED-ZNC-20,Zinc Sulfate Dispersible,308,2026-08-29,2026-09-04,,IN_TRANSIT,SIMULATED
DEL-9546DEE2,PHC-UP-VAR-001,PHC Cholapur,MED-IVF-NS500,Normal Saline (0.9% Sodium Chloride),294,2026-08-29,2026-09-05,,IN_TRANSIT,SIMULATED
DEL-97000851,PHC-UP-VAR-002,PHC Pindra,MED-ORS-SFT,Oral Rehydration Salts (WHO Formula),686,2026-08-29,2026-09-02,,IN_TRANSIT,SIMULATED
DEL-B45EED75,PHC-UP-VAR-002,PHC Pindra,MED-ZNC-20,Zinc Sulfate Dispersible,336,2026-08-29,2026-09-03,,IN_TRANSIT,SIMULATED
DEL-81ECCEC6,PHC-UP-VAR-002,PHC Pindra,MED-CTX-1G,Ceftriaxone,126,2026-08-29,2026-09-04,,IN_TRANSIT,SIMULATED
DEL-659EAF9F,PHC-UP-VAR-002,PHC Pindra,MED-INS-REG,Human Insulin (Regular / Soluble),84,2026-08-29,2026-09-02,,IN_TRANSIT,SIMULATED
DEL-DB8CD58C,PHC-UP-VAR-002,PHC Pindra,MED-MET-500,Metformin Hydrochloride,532,2026-08-29,2026-09-05,,IN_TRANSIT,SIMULATED
DEL-34754EE4,PHC-UP-VAR-004,PHC Kashi Vidyapeeth,MED-ORS-SFT,Oral Rehydration Salts (WHO Formula),840,2026-08-29,2026-09-04,,IN_TRANSIT,SIMULATED
DEL-F8CFAA86,PHC-UP-VAR-004,PHC Kashi Vidyapeeth,MED-IVF-RL500,Ringer's Lactate (Compound Sodium Lactate),308,2026-08-29,2026-09-05,,IN_TRANSIT,SIMULATED
DEL-E7032AA9,CHC-UP-VAR-001,CHC Misirpur,MED-RAB-VAC,Anti-Rabies Vaccine (Cell Culture),196,2026-08-29,2026-09-04,,IN_TRANSIT,SIMULATED
DEL-0C5A06CF,PHC-UP-LUK-001,PHC Bakshi Ka Talab,MED-PCM-SYR,Paracetamol Paediatric Syrup,434,2026-08-29,2026-09-02,,IN_TRANSIT,SIMULATED
DEL-60A874F8,PHC-UP-LUK-001,PHC Bakshi Ka Talab,MED-RAB-VAC,Anti-Rabies Vaccine (Cell Culture),84,2026-08-29,2026-09-05,,IN_TRANSIT,SIMULATED
DEL-8F5A076A,PHC-UP-LUK-001,PHC Bakshi Ka Talab,MED-ASV-VIAL,Anti-Snake Venom Serum (Polyvalent),28,2026-08-29,2026-09-03,,IN_TRANSIT,SIMULATED
DEL-51B63E1B,PHC-UP-LUK-001,PHC Bakshi Ka Talab,MED-MET-500,Metformin Hydrochloride,602,2026-08-29,2026-09-05,,IN_TRANSIT,SIMULATED
DEL-A46B3284,PHC-UP-LUK-002,PHC Malihabad,MED-PCM-SYR,Paracetamol Paediatric Syrup,364,2026-08-29,2026-09-03,,IN_TRANSIT,SIMULATED
DEL-226F9C0F,PHC-UP-LUK-003,PHC Mohanlalganj,MED-ASV-VIAL,Anti-Snake Venom Serum (Polyvalent),28,2026-08-29,2026-09-04,,IN_TRANSIT,SIMULATED
DEL-21EF5DAD,DH-UP-LUK-001,Balrampur District Hospital Lucknow,MED-IVF-D5500,Dextrose 5% in Water,3262,2026-08-29,2026-09-03,,IN_TRANSIT,SIMULATED
DEL-F6683ADD,DH-UP-LUK-001,Balrampur District Hospital Lucknow,MED-ART-60,Artesunate,1218,2026-08-29,2026-09-03,,IN_TRANSIT,SIMULATED
DEL-E8996E41,PHC-RJ-JAI-001,PHC Bassi,MED-PCM-SYR,Paracetamol Paediatric Syrup,350,2026-08-29,2026-09-04,,IN_TRANSIT,SIMULATED
DEL-FC7559D5,PHC-RJ-JAI-001,PHC Bassi,MED-AMC-625,Amoxicillin + Clavulanic Acid,266,2026-08-29,2026-09-03,,IN_TRANSIT,SIMULATED
DEL-807B808C,PHC-RJ-JAI-001,PHC Bassi,MED-MGS-50,Magnesium Sulfate,42,2026-08-29,2026-09-03,,IN_TRANSIT,SIMULATED
DEL-626CB940,PHC-RJ-JAI-002,PHC Chaksu,MED-RAB-VAC,Anti-Rabies Vaccine (Cell Culture),56,2026-08-29,2026-09-03,,IN_TRANSIT,SIMULATED
DEL-0A9ABABD,PHC-RJ-JAI-003,PHC Amer,MED-CTX-1G,Ceftriaxone,126,2026-08-29,2026-09-02,,IN_TRANSIT,SIMULATED
DEL-8995DAF5,PHC-MH-PUN-001,PHC Mulshi,MED-AMC-625,Amoxicillin + Clavulanic Acid,210,2026-08-29,2026-09-05,,IN_TRANSIT,SIMULATED
DEL-B8EBCAB3,PHC-MH-PUN-001,PHC Mulshi,MED-MET-500,Metformin Hydrochloride,378,2026-08-29,2026-09-02,,IN_TRANSIT,SIMULATED
DEL-77786563,PHC-MH-PUN-002,PHC Haveli,MED-ASV-VIAL,Anti-Snake Venom Serum (Polyvalent),28,2026-08-29,2026-09-03,,IN_TRANSIT,SIMULATED
DEL-14525DBB,PHC-MH-PUN-002,PHC Haveli,MED-MET-500,Metformin Hydrochloride,672,2026-08-29,2026-09-03,,IN_TRANSIT,SIMULATED
DEL-0D08584A,PHC-MH-PUN-003,PHC Khed,MED-AMX-500,Amoxicillin,434,2026-08-29,2026-09-04,,IN_TRANSIT,SIMULATED
DEL-27EDACB2,DH-MH-PUN-001,Aundh District Hospital Pune,MED-PCM-500,Paracetamol,16828,2026-08-29,2026-09-04,,IN_TRANSIT,SIMULATED
DEL-973E129D,DH-MH-PUN-001,Aundh District Hospital Pune,MED-RAB-VAC,Anti-Rabies Vaccine (Cell Culture),1302,2026-08-29,2026-09-03,,IN_TRANSIT,SIMULATED
DEL-9FF7FCC8,DH-MH-PUN-001,Aundh District Hospital Pune,MED-MET-500,Metformin Hydrochloride,9352,2026-08-29,2026-09-05,,IN_TRANSIT,SIMULATED
DEL-F86E37A9,DH-MH-PUN-001,Aundh District Hospital Pune,MED-ART-60,Artesunate,1120,2026-08-29,2026-09-03,,IN_TRANSIT,SIMULATED
DEL-CD6C3435,DH-MH-PUN-001,Aundh District Hospital Pune,MED-ALB-400,Albendazole,2982,2026-08-29,2026-09-04,,IN_TRANSIT,SIMULATED
DEL-63180659,PHC-KA-BEN-001,PHC Yelahanka,MED-AZI-500,Azithromycin,350,2026-08-29,2026-09-02,,IN_TRANSIT,SIMULATED
DEL-48D521EB,PHC-KA-BEN-001,PHC Yelahanka,MED-INS-REG,Human Insulin (Regular / Soluble),112,2026-08-29,2026-09-02,,IN_TRANSIT,SIMULATED
DEL-C6B061F1,PHC-KA-BEN-002,PHC Anekal,MED-INS-REG,Human Insulin (Regular / Soluble),84,2026-08-29,2026-09-05,,IN_TRANSIT,SIMULATED
DEL-32138C81,PHC-KA-BEN-003,PHC Kengeri,MED-PCM-500,Paracetamol,1162,2026-08-29,2026-09-05,,IN_TRANSIT,SIMULATED
DEL-8D71E67B,PHC-KA-BEN-003,PHC Kengeri,MED-AMC-625,Amoxicillin + Clavulanic Acid,350,2026-08-29,2026-09-04,,IN_TRANSIT,SIMULATED
DEL-6ADF9502,PHC-KA-BEN-003,PHC Kengeri,MED-ORS-SFT,Oral Rehydration Salts (WHO Formula),826,2026-08-29,2026-09-02,,IN_TRANSIT,SIMULATED
DEL-284ED618,PHC-KA-BEN-003,PHC Kengeri,MED-CTX-1G,Ceftriaxone,154,2026-08-29,2026-09-03,,IN_TRANSIT,SIMULATED
DEL-CE4896BF,PHC-KA-BEN-003,PHC Kengeri,MED-INS-REG,Human Insulin (Regular / Soluble),98,2026-08-29,2026-09-05,,IN_TRANSIT,SIMULATED
DEL-83890168,PHC-KA-BEN-003,PHC Kengeri,MED-ALB-400,Albendazole,196,2026-08-29,2026-09-04,,IN_TRANSIT,SIMULATED
DEL-2D4DB66A,DH-KA-BEN-001,KC General District Hospital Malleshwaram,MED-ZNC-20,Zinc Sulfate Dispersible,7070,2026-08-29,2026-09-04,,IN_TRANSIT,SIMULATED
DEL-C2783E31,DH-KA-BEN-001,KC General District Hospital Malleshwaram,MED-CTX-1G,Ceftriaxone,2646,2026-08-29,2026-09-03,,IN_TRANSIT,SIMULATED
DEL-86763999,DH-KA-BEN-001,KC General District Hospital Malleshwaram,MED-RAB-VAC,Anti-Rabies Vaccine (Cell Culture),1540,2026-08-29,2026-09-04,,IN_TRANSIT,SIMULATED
DEL-A668DED6,PHC-BR-PAT-005,PHC Mokama,MED-PCM-500,Paracetamol,840,2026-08-30,2026-09-05,,IN_TRANSIT,SIMULATED
DEL-BBA488C8,CHC-BR-PAT-001,CHC Phulwari Sharif,MED-PCM-SYR,Paracetamol Paediatric Syrup,1008,2026-08-30,2026-09-04,,IN_TRANSIT,SIMULATED
DEL-BB528DF7,PHC-BR-GAY-001,PHC Bodh Gaya,MED-ORS-SFT,Oral Rehydration Salts (WHO Formula),574,2026-08-30,2026-09-05,,IN_TRANSIT,SIMULATED
DEL-A8FC91EF,PHC-BR-GAY-002,PHC Sherghati,MED-AMX-500,Amoxicillin,336,2026-08-30,2026-09-05,,IN_TRANSIT,SIMULATED
DEL-38D136D0,PHC-BR-GAY-003,PHC Tekari,MED-ORS-SFT,Oral Rehydration Salts (WHO Formula),420,2026-08-30,2026-09-04,,IN_TRANSIT,SIMULATED
DEL-3F59253C,DH-BR-GAY-001,Jay Prakash Narayan District Hospital Gaya,MED-CTX-1G,Ceftriaxone,1624,2026-08-30,2026-09-05,,IN_TRANSIT,SIMULATED
DEL-F6C3F2FD,DH-BR-GAY-001,Jay Prakash Narayan District Hospital Gaya,MED-RAB-VAC,Anti-Rabies Vaccine (Cell Culture),952,2026-08-30,2026-09-06,,IN_TRANSIT,SIMULATED
DEL-F3A873A7,DH-BR-GAY-001,Jay Prakash Narayan District Hospital Gaya,MED-IVF-D5500,Dextrose 5% in Water,2170,2026-08-30,2026-09-03,,IN_TRANSIT,SIMULATED
DEL-D2E02426,PHC-UP-VAR-001,PHC Cholapur,MED-IFA-TAB,Iron & Folic Acid (IFA),546,2026-08-30,2026-09-06,,IN_TRANSIT,SIMULATED
DEL-9AC59C7C,CHC-UP-VAR-001,CHC Misirpur,MED-ALB-400,Albendazole,462,2026-08-30,2026-09-04,,IN_TRANSIT,SIMULATED
DEL-F8AAFF8A,DH-UP-VAR-001,Pandit Deen Dayal Upadhyay District Hospital,MED-ORS-SFT,Oral Rehydration Salts (WHO Formula),10332,2026-08-30,2026-09-05,,IN_TRANSIT,SIMULATED
DEL-580AA0CD,DH-UP-VAR-001,Pandit Deen Dayal Upadhyay District Hospital,MED-ALB-400,Albendazole,2576,2026-08-30,2026-09-05,,IN_TRANSIT,SIMULATED
DEL-C137133A,PHC-UP-LUK-001,PHC Bakshi Ka Talab,MED-ALB-400,Albendazole,196,2026-08-30,2026-09-04,,IN_TRANSIT,SIMULATED
DEL-2FD7FDCE,PHC-UP-LUK-003,PHC Mohanlalganj,MED-AMX-500,Amoxicillin,462,2026-08-30,2026-09-03,,IN_TRANSIT,SIMULATED
DEL-7C5C77AF,PHC-UP-LUK-003,PHC Mohanlalganj,MED-AMC-625,Amoxicillin + Clavulanic Acid,294,2026-08-30,2026-09-03,,IN_TRANSIT,SIMULATED
DEL-71CBA1C6,PHC-UP-LUK-003,PHC Mohanlalganj,MED-IVF-D5500,Dextrose 5% in Water,168,2026-08-30,2026-09-05,,IN_TRANSIT,SIMULATED
DEL-DBD55644,PHC-RJ-JAI-001,PHC Bassi,MED-PCM-500,Paracetamol,868,2026-08-30,2026-09-05,,IN_TRANSIT,SIMULATED
DEL-4C677AD0,PHC-RJ-JAI-002,PHC Chaksu,MED-ZNC-20,Zinc Sulfate Dispersible,280,2026-08-30,2026-09-05,,IN_TRANSIT,SIMULATED
DEL-297733C9,PHC-RJ-JAI-003,PHC Amer,MED-MGS-50,Magnesium Sulfate,56,2026-08-30,2026-09-06,,IN_TRANSIT,SIMULATED
DEL-0F94C548,PHC-MH-PUN-001,PHC Mulshi,MED-ZNC-20,Zinc Sulfate Dispersible,238,2026-08-30,2026-09-03,,IN_TRANSIT,SIMULATED
DEL-E9C10B02,PHC-KA-BEN-001,PHC Yelahanka,MED-ZNC-20,Zinc Sulfate Dispersible,462,2026-08-30,2026-09-06,,IN_TRANSIT,SIMULATED
DEL-F14C866D,PHC-KA-BEN-003,PHC Kengeri,MED-OXY-AMP,Oxytocin,126,2026-08-30,2026-09-05,,IN_TRANSIT,SIMULATED
DEL-BB58630B,PHC-KA-BEN-003,PHC Kengeri,MED-IFA-TAB,Iron & Folic Acid (IFA),714,2026-08-30,2026-09-03,,IN_TRANSIT,SIMULATED
DEL-8F98E45E,DH-KA-BEN-001,KC General District Hospital Malleshwaram,MED-AMC-625,Amoxicillin + Clavulanic Acid,6188,2026-08-30,2026-09-05,,IN_TRANSIT,SIMULATED
DEL-820CA86D,PHC-BR-PAT-001,PHC Bakhtiyarpur,MED-PCM-SYR,Paracetamol Paediatric Syrup,308,2026-08-31,2026-09-06,,IN_TRANSIT,SIMULATED
DEL-A6780DF6,PHC-BR-PAT-002,PHC Danapur,MED-AMC-625,Amoxicillin + Clavulanic Acid,350,2026-08-31,2026-09-05,,IN_TRANSIT,SIMULATED
DEL-75F01660,PHC-BR-PAT-002,PHC Danapur,MED-IVF-NS500,Normal Saline (0.9% Sodium Chloride),378,2026-08-31,2026-09-05,,IN_TRANSIT,SIMULATED
DEL-5F942749,PHC-BR-PAT-002,PHC Danapur,MED-ART-60,Artesunate,70,2026-08-31,2026-09-04,,IN_TRANSIT,SIMULATED
DEL-F1924859,PHC-BR-PAT-003,PHC Bihta,MED-PCM-500,Paracetamol,868,2026-08-31,2026-09-05,,IN_TRANSIT,SIMULATED
DEL-8D3F71CA,PHC-BR-PAT-003,PHC Bihta,MED-AZI-500,Azithromycin,224,2026-08-31,2026-09-06,,IN_TRANSIT,SIMULATED
DEL-E8099301,PHC-BR-PAT-004,PHC Fatuha,MED-PCM-500,Paracetamol,714,2026-08-31,2026-09-06,,IN_TRANSIT,SIMULATED
DEL-D7A53017,PHC-BR-PAT-004,PHC Fatuha,MED-AMX-500,Amoxicillin,350,2026-08-31,2026-09-07,,IN_TRANSIT,SIMULATED
DEL-C3D7ECED,PHC-BR-PAT-004,PHC Fatuha,MED-ASV-VIAL,Anti-Snake Venom Serum (Polyvalent),28,2026-08-31,2026-09-07,,IN_TRANSIT,SIMULATED
DEL-575E1A49,PHC-BR-PAT-004,PHC Fatuha,MED-IVF-RL500,Ringer's Lactate (Compound Sodium Lactate),182,2026-08-31,2026-09-07,,IN_TRANSIT,SIMULATED
DEL-5A0230A3,PHC-BR-PAT-005,PHC Mokama,MED-ORS-SFT,Oral Rehydration Salts (WHO Formula),602,2026-08-31,2026-09-05,,IN_TRANSIT,SIMULATED
DEL-2110DBFA,PHC-BR-PAT-005,PHC Mokama,MED-INS-REG,Human Insulin (Regular / Soluble),70,2026-08-31,2026-09-05,,IN_TRANSIT,SIMULATED
DEL-2C3B458D,PHC-BR-PAT-005,PHC Mokama,MED-OXY-AMP,Oxytocin,84,2026-08-31,2026-09-06,,IN_TRANSIT,SIMULATED
DEL-14296FE8,PHC-BR-PAT-005,PHC Mokama,MED-IVF-NS500,Normal Saline (0.9% Sodium Chloride),280,2026-08-31,2026-09-04,,IN_TRANSIT,SIMULATED
DEL-12B0233A,PHC-BR-PAT-005,PHC Mokama,MED-IVF-RL500,Ringer's Lactate (Compound Sodium Lactate),224,2026-08-31,2026-09-06,,IN_TRANSIT,SIMULATED
DEL-9548F967,CHC-BR-PAT-001,CHC Phulwari Sharif,MED-PCM-500,Paracetamol,2534,2026-08-31,2026-09-04,,IN_TRANSIT,SIMULATED
DEL-E8BD418E,DH-BR-PAT-001,District Hospital Gardanibagh,MED-ORS-SFT,Oral Rehydration Salts (WHO Formula),6524,2026-08-31,2026-09-06,,IN_TRANSIT,SIMULATED
DEL-688E76F3,PHC-BR-GAY-001,PHC Bodh Gaya,MED-PCM-500,Paracetamol,812,2026-08-31,2026-09-04,,IN_TRANSIT,SIMULATED
DEL-A0A7B61E,PHC-BR-GAY-003,PHC Tekari,MED-ZNC-20,Zinc Sulfate Dispersible,210,2026-08-31,2026-09-05,,IN_TRANSIT,SIMULATED
DEL-694C31B0,PHC-BR-GAY-003,PHC Tekari,MED-IVF-NS500,Normal Saline (0.9% Sodium Chloride),196,2026-08-31,2026-09-05,,IN_TRANSIT,SIMULATED
DEL-D0C03640,DH-BR-GAY-001,Jay Prakash Narayan District Hospital Gaya,MED-ZNC-20,Zinc Sulfate Dispersible,4354,2026-08-31,2026-09-07,,IN_TRANSIT,SIMULATED
DEL-C486B5A2,DH-BR-GAY-001,Jay Prakash Narayan District Hospital Gaya,MED-IFA-TAB,Iron & Folic Acid (IFA),7616,2026-08-31,2026-09-07,,IN_TRANSIT,SIMULATED
DEL-3886E7B1,PHC-UP-VAR-001,PHC Cholapur,MED-MET-500,Metformin Hydrochloride,490,2026-08-31,2026-09-05,,IN_TRANSIT,SIMULATED
DEL-3585545F,PHC-UP-VAR-001,PHC Cholapur,MED-ALB-400,Albendazole,154,2026-08-31,2026-09-05,,IN_TRANSIT,SIMULATED
DEL-C5A60290,PHC-UP-VAR-002,PHC Pindra,MED-AMX-500,Amoxicillin,476,2026-08-31,2026-09-07,,IN_TRANSIT,SIMULATED
DEL-A31DB268,PHC-UP-VAR-002,PHC Pindra,MED-RAB-VAC,Anti-Rabies Vaccine (Cell Culture),70,2026-08-31,2026-09-06,,IN_TRANSIT,SIMULATED
DEL-055227EB,PHC-UP-VAR-003,PHC Sevapuri,MED-AZI-500,Azithromycin,196,2026-08-31,2026-09-05,,IN_TRANSIT,SIMULATED
DEL-CF1F02BD,PHC-UP-VAR-003,PHC Sevapuri,MED-MET-500,Metformin Hydrochloride,420,2026-08-31,2026-09-04,,IN_TRANSIT,SIMULATED
DEL-BA7B2BA7,PHC-UP-VAR-004,PHC Kashi Vidyapeeth,MED-PCM-SYR,Paracetamol Paediatric Syrup,476,2026-08-31,2026-09-06,,IN_TRANSIT,SIMULATED
DEL-A88F850C,CHC-UP-VAR-001,CHC Misirpur,MED-AZI-500,Azithromycin,700,2026-08-31,2026-09-05,,IN_TRANSIT,SIMULATED
DEL-8A232F55,CHC-UP-VAR-001,CHC Misirpur,MED-MET-500,Metformin Hydrochloride,1456,2026-08-31,2026-09-06,,IN_TRANSIT,SIMULATED
DEL-6A0D4BFD,CHC-UP-VAR-001,CHC Misirpur,MED-IVF-D5500,Dextrose 5% in Water,462,2026-08-31,2026-09-05,,IN_TRANSIT,SIMULATED
DEL-375066FD,CHC-UP-VAR-001,CHC Misirpur,MED-ART-60,Artesunate,168,2026-08-31,2026-09-04,,IN_TRANSIT,SIMULATED
DEL-263CDCE6,DH-UP-VAR-001,Pandit Deen Dayal Upadhyay District Hospital,MED-MGS-50,Magnesium Sulfate,798,2026-08-31,2026-09-06,,IN_TRANSIT,SIMULATED
DEL-560C8FB9,PHC-UP-LUK-001,PHC Bakshi Ka Talab,MED-IVF-RL500,Ringer's Lactate (Compound Sodium Lactate),294,2026-08-31,2026-09-07,,IN_TRANSIT,SIMULATED
DEL-E41488A9,PHC-UP-LUK-002,PHC Malihabad,MED-AMC-625,Amoxicillin + Clavulanic Acid,280,2026-08-31,2026-09-05,,IN_TRANSIT,SIMULATED
DEL-967C488F,PHC-UP-LUK-002,PHC Malihabad,MED-ORS-SFT,Oral Rehydration Salts (WHO Formula),644,2026-08-31,2026-09-05,,IN_TRANSIT,SIMULATED
DEL-469B4EFB,PHC-UP-LUK-002,PHC Malihabad,MED-ZNC-20,Zinc Sulfate Dispersible,322,2026-08-31,2026-09-07,,IN_TRANSIT,SIMULATED
DEL-086BBEEC,PHC-UP-LUK-003,PHC Mohanlalganj,MED-PCM-SYR,Paracetamol Paediatric Syrup,378,2026-08-31,2026-09-07,,IN_TRANSIT,SIMULATED
DEL-77CE1888,PHC-UP-LUK-003,PHC Mohanlalganj,MED-CTX-1G,Ceftriaxone,126,2026-08-31,2026-09-07,,IN_TRANSIT,SIMULATED
DEL-B7790761,DH-UP-LUK-001,Balrampur District Hospital Lucknow,MED-AZI-500,Azithromycin,4886,2026-08-31,2026-09-05,,IN_TRANSIT,SIMULATED
DEL-56215C61,DH-UP-LUK-001,Balrampur District Hospital Lucknow,MED-CTX-1G,Ceftriaxone,2436,2026-08-31,2026-09-04,,IN_TRANSIT,SIMULATED
DEL-9B537F19,DH-UP-LUK-001,Balrampur District Hospital Lucknow,MED-RAB-VAC,Anti-Rabies Vaccine (Cell Culture),1428,2026-08-31,2026-09-07,,IN_TRANSIT,SIMULATED
DEL-AEC3444B,DH-UP-LUK-001,Balrampur District Hospital Lucknow,MED-OXY-AMP,Oxytocin,2030,2026-08-31,2026-09-05,,IN_TRANSIT,SIMULATED
DEL-74AFAFB8,DH-UP-LUK-001,Balrampur District Hospital Lucknow,MED-IVF-NS500,Normal Saline (0.9% Sodium Chloride),6118,2026-08-31,2026-09-07,,IN_TRANSIT,SIMULATED
DEL-EF5F565E,PHC-RJ-JAI-001,PHC Bassi,MED-IVF-D5500,Dextrose 5% in Water,154,2026-08-31,2026-09-05,,IN_TRANSIT,SIMULATED
DEL-483A818A,PHC-RJ-JAI-001,PHC Bassi,MED-ALB-400,Albendazole,154,2026-08-31,2026-09-04,,IN_TRANSIT,SIMULATED
DEL-DEA2A0DD,PHC-RJ-JAI-002,PHC Chaksu,MED-PCM-500,Paracetamol,784,2026-08-31,2026-09-04,,IN_TRANSIT,SIMULATED
DEL-2555C177,PHC-RJ-JAI-002,PHC Chaksu,MED-CTX-1G,Ceftriaxone,98,2026-08-31,2026-09-06,,IN_TRANSIT,SIMULATED
DEL-875062A1,PHC-RJ-JAI-002,PHC Chaksu,MED-ALB-400,Albendazole,140,2026-08-31,2026-09-06,,IN_TRANSIT,SIMULATED
DEL-5B36A89A,PHC-RJ-JAI-003,PHC Amer,MED-PCM-SYR,Paracetamol Paediatric Syrup,392,2026-08-31,2026-09-07,,IN_TRANSIT,SIMULATED
DEL-AE40505D,PHC-RJ-JAI-003,PHC Amer,MED-RAB-VAC,Anti-Rabies Vaccine (Cell Culture),70,2026-08-31,2026-09-05,,IN_TRANSIT,SIMULATED
DEL-BE3D0AFD,PHC-RJ-JAI-003,PHC Amer,MED-ASV-VIAL,Anti-Snake Venom Serum (Polyvalent),28,2026-08-31,2026-09-04,,IN_TRANSIT,SIMULATED
DEL-1359F907,PHC-RJ-JAI-003,PHC Amer,MED-MET-500,Metformin Hydrochloride,560,2026-08-31,2026-09-04,,IN_TRANSIT,SIMULATED
DEL-3A6C5443,PHC-RJ-JAI-003,PHC Amer,MED-OXY-AMP,Oxytocin,112,2026-08-31,2026-09-05,,IN_TRANSIT,SIMULATED
DEL-3F2D5975,DH-RJ-JAI-001,Kanwatia District Hospital Jaipur,MED-RAB-VAC,Anti-Rabies Vaccine (Cell Culture),1064,2026-08-31,2026-09-07,,IN_TRANSIT,SIMULATED
DEL-16DCC113,DH-RJ-JAI-001,Kanwatia District Hospital Jaipur,MED-IVF-NS500,Normal Saline (0.9% Sodium Chloride),4592,2026-08-31,2026-09-04,,IN_TRANSIT,SIMULATED
DEL-B332F0F6,DH-RJ-JAI-001,Kanwatia District Hospital Jaipur,MED-ALB-400,Albendazole,2436,2026-08-31,2026-09-06,,IN_TRANSIT,SIMULATED
DEL-4373ED2A,PHC-MH-PUN-001,PHC Mulshi,MED-AMX-500,Amoxicillin,336,2026-08-31,2026-09-06,,IN_TRANSIT,SIMULATED
DEL-D0D6535D,PHC-MH-PUN-001,PHC Mulshi,MED-OXY-AMP,Oxytocin,70,2026-08-31,2026-09-06,,IN_TRANSIT,SIMULATED
DEL-C524FF45,PHC-MH-PUN-001,PHC Mulshi,MED-IVF-NS500,Normal Saline (0.9% Sodium Chloride),224,2026-08-31,2026-09-05,,IN_TRANSIT,SIMULATED
DEL-A04E1825,PHC-MH-PUN-001,PHC Mulshi,MED-IFA-TAB,Iron & Folic Acid (IFA),420,2026-08-31,2026-09-07,,IN_TRANSIT,SIMULATED
DEL-5FC896A0,PHC-MH-PUN-002,PHC Haveli,MED-ALB-400,Albendazole,210,2026-08-31,2026-09-06,,IN_TRANSIT,SIMULATED
DEL-612A10C9,PHC-MH-PUN-003,PHC Khed,MED-ORS-SFT,Oral Rehydration Salts (WHO Formula),644,2026-08-31,2026-09-06,,IN_TRANSIT,SIMULATED
DEL-09C5927A,DH-MH-PUN-001,Aundh District Hospital Pune,MED-PCM-SYR,Paracetamol Paediatric Syrup,6734,2026-08-31,2026-09-05,,IN_TRANSIT,SIMULATED
DEL-C299851E,DH-MH-PUN-001,Aundh District Hospital Pune,MED-IVF-NS500,Normal Saline (0.9% Sodium Chloride),5600,2026-08-31,2026-09-05,,IN_TRANSIT,SIMULATED
DEL-5B1B954B,PHC-KA-BEN-001,PHC Yelahanka,MED-AMC-625,Amoxicillin + Clavulanic Acid,406,2026-08-31,2026-09-07,,IN_TRANSIT,SIMULATED
DEL-0067C257,PHC-KA-BEN-001,PHC Yelahanka,MED-IVF-NS500,Normal Saline (0.9% Sodium Chloride),434,2026-08-31,2026-09-07,,IN_TRANSIT,SIMULATED
DEL-FF4DB94B,PHC-KA-BEN-002,PHC Anekal,MED-ZNC-20,Zinc Sulfate Dispersible,350,2026-08-31,2026-09-06,,IN_TRANSIT,SIMULATED
DEL-EF82F18F,PHC-KA-BEN-002,PHC Anekal,MED-CTX-1G,Ceftriaxone,126,2026-08-31,2026-09-06,,IN_TRANSIT,SIMULATED
DEL-405F65B9,PHC-KA-BEN-002,PHC Anekal,MED-MGS-50,Magnesium Sulfate,56,2026-08-31,2026-09-06,,IN_TRANSIT,SIMULATED
DEL-C63A9FC9,PHC-BR-PAT-001,PHC Bakhtiyarpur,MED-PCM-SYR,Paracetamol Paediatric Syrup,308,2026-08-24,2026-08-29,2026-08-29,DELIVERED,SIMULATED
DEL-D08F8BC5,PHC-BR-PAT-001,PHC Bakhtiyarpur,MED-AMX-500,Amoxicillin,378,2026-08-24,2026-08-31,2026-08-31,DELIVERED,SIMULATED
DEL-B8D8F515,PHC-BR-PAT-001,PHC Bakhtiyarpur,MED-AMC-625,Amoxicillin + Clavulanic Acid,238,2026-08-24,2026-08-31,2026-08-31,DELIVERED,SIMULATED
DEL-0445298C,PHC-BR-PAT-001,PHC Bakhtiyarpur,MED-MGS-50,Magnesium Sulfate,42,2026-08-24,2026-08-31,2026-08-31,DELIVERED,SIMULATED
DEL-C75F68C8,PHC-BR-PAT-001,PHC Bakhtiyarpur,MED-IVF-D5500,Dextrose 5% in Water,140,2026-08-24,2026-08-31,2026-08-31,DELIVERED,SIMULATED
DEL-5A0D1C67,PHC-BR-PAT-002,PHC Danapur,MED-AMC-625,Amoxicillin + Clavulanic Acid,350,2026-08-24,2026-08-31,2026-08-31,DELIVERED,SIMULATED
DEL-46C8498B,PHC-BR-PAT-002,PHC Danapur,MED-CTX-1G,Ceftriaxone,140,2026-08-24,2026-08-29,2026-08-29,DELIVERED,SIMULATED
DEL-D360587C,PHC-BR-PAT-002,PHC Danapur,MED-INS-REG,Human Insulin (Regular / Soluble),98,2026-08-24,2026-08-31,2026-08-31,DELIVERED,SIMULATED
DEL-71ABFB94,PHC-BR-PAT-002,PHC Danapur,MED-MET-500,Metformin Hydrochloride,630,2026-08-24,2026-08-29,2026-08-29,DELIVERED,SIMULATED
DEL-63013AFF,PHC-BR-PAT-002,PHC Danapur,MED-IVF-NS500,Normal Saline (0.9% Sodium Chloride),378,2026-08-24,2026-08-30,2026-08-30,DELIVERED,SIMULATED
DEL-D971C100,PHC-BR-PAT-002,PHC Danapur,MED-ART-60,Artesunate,70,2026-08-24,2026-08-28,2026-08-28,DELIVERED,SIMULATED
DEL-0F2D8F77,PHC-BR-PAT-003,PHC Bihta,MED-PCM-500,Paracetamol,868,2026-08-24,2026-08-29,2026-08-29,DELIVERED,SIMULATED
DEL-D864DC7F,PHC-BR-PAT-003,PHC Bihta,MED-AZI-500,Azithromycin,224,2026-08-24,2026-08-29,2026-08-29,DELIVERED,SIMULATED
DEL-10855297,PHC-BR-PAT-003,PHC Bihta,MED-CTX-1G,Ceftriaxone,112,2026-08-24,2026-08-30,2026-08-30,DELIVERED,SIMULATED
DEL-B48AFB8A,PHC-BR-PAT-003,PHC Bihta,MED-IVF-NS500,Normal Saline (0.9% Sodium Chloride),294,2026-08-24,2026-08-29,2026-08-29,DELIVERED,SIMULATED
DEL-39B767B1,PHC-BR-PAT-003,PHC Bihta,MED-ART-60,Artesunate,56,2026-08-24,2026-08-29,2026-08-29,DELIVERED,SIMULATED
DEL-DE607883,PHC-BR-PAT-004,PHC Fatuha,MED-PCM-500,Paracetamol,714,2026-08-24,2026-08-31,2026-08-31,DELIVERED,SIMULATED
DEL-4B70AF66,PHC-BR-PAT-004,PHC Fatuha,MED-AMX-500,Amoxicillin,350,2026-08-24,2026-08-29,2026-08-29,DELIVERED,SIMULATED
DEL-66A3EA74,PHC-BR-PAT-004,PHC Fatuha,MED-ZNC-20,Zinc Sulfate Dispersible,252,2026-08-24,2026-08-30,2026-08-30,DELIVERED,SIMULATED
DEL-C87D9E11,PHC-BR-PAT-004,PHC Fatuha,MED-AZI-500,Azithromycin,182,2026-08-24,2026-08-30,2026-08-30,DELIVERED,SIMULATED
DEL-9ED210A7,PHC-BR-PAT-004,PHC Fatuha,MED-ASV-VIAL,Anti-Snake Venom Serum (Polyvalent),28,2026-08-24,2026-08-31,2026-08-31,DELIVERED,SIMULATED
DEL-C5784606,PHC-BR-PAT-004,PHC Fatuha,MED-IVF-RL500,Ringer's Lactate (Compound Sodium Lactate),182,2026-08-24,2026-08-29,2026-08-29,DELIVERED,SIMULATED
DEL-2B1C3CE5,PHC-BR-PAT-004,PHC Fatuha,MED-ART-60,Artesunate,42,2026-08-24,2026-08-29,2026-08-29,DELIVERED,SIMULATED
DEL-6A503C1D,PHC-BR-PAT-004,PHC Fatuha,MED-IFA-TAB,Iron & Folic Acid (IFA),448,2026-08-24,2026-08-28,2026-08-28,DELIVERED,SIMULATED
DEL-EB61DF30,PHC-BR-PAT-005,PHC Mokama,MED-PCM-500,Paracetamol,840,2026-08-24,2026-08-31,2026-08-31,DELIVERED,SIMULATED
DEL-43AE5DF1,PHC-BR-PAT-005,PHC Mokama,MED-PCM-SYR,Paracetamol Paediatric Syrup,336,2026-08-24,2026-08-30,2026-08-30,DELIVERED,SIMULATED
DEL-E30EB8EA,PHC-BR-PAT-005,PHC Mokama,MED-AMX-500,Amoxicillin,406,2026-08-24,2026-08-31,2026-08-31,DELIVERED,SIMULATED
DEL-BDDA1C2C,PHC-BR-PAT-005,PHC Mokama,MED-AMC-625,Amoxicillin + Clavulanic Acid,252,2026-08-24,2026-08-28,2026-08-28,DELIVERED,SIMULATED
DEL-152A55A1,PHC-BR-PAT-005,PHC Mokama,MED-ORS-SFT,Oral Rehydration Salts (WHO Formula),602,2026-08-24,2026-08-31,2026-08-31,DELIVERED,SIMULATED
DEL-6605D46B,PHC-BR-PAT-005,PHC Mokama,MED-INS-REG,Human Insulin (Regular / Soluble),70,2026-08-24,2026-08-29,2026-08-29,DELIVERED,SIMULATED
DEL-43FCF107,PHC-BR-PAT-005,PHC Mokama,MED-MET-500,Metformin Hydrochloride,462,2026-08-24,2026-08-28,2026-08-28,DELIVERED,SIMULATED
DEL-1134521A,PHC-BR-PAT-005,PHC Mokama,MED-OXY-AMP,Oxytocin,84,2026-08-24,2026-08-30,2026-08-30,DELIVERED,SIMULATED
DEL-815296A1,PHC-BR-PAT-005,PHC Mokama,MED-IVF-NS500,Normal Saline (0.9% Sodium Chloride),280,2026-08-24,2026-08-28,2026-08-28,DELIVERED,SIMULATED
DEL-56A4075F,PHC-BR-PAT-005,PHC Mokama,MED-IVF-RL500,Ringer's Lactate (Compound Sodium Lactate),224,2026-08-24,2026-08-29,2026-08-29,DELIVERED,SIMULATED
DEL-C38B0F47,PHC-BR-PAT-005,PHC Mokama,MED-IFA-TAB,Iron & Folic Acid (IFA),518,2026-08-24,2026-08-28,2026-08-28,DELIVERED,SIMULATED
DEL-D43889FD,CHC-BR-PAT-001,CHC Phulwari Sharif,MED-PCM-500,Paracetamol,2534,2026-08-24,2026-08-30,2026-08-30,DELIVERED,SIMULATED
DEL-52FA96D6,CHC-BR-PAT-001,CHC Phulwari Sharif,MED-PCM-SYR,Paracetamol Paediatric Syrup,1008,2026-08-24,2026-08-31,2026-08-31,DELIVERED,SIMULATED
DEL-B4F7D633,CHC-BR-PAT-001,CHC Phulwari Sharif,MED-AMX-500,Amoxicillin,1232,2026-08-24,2026-08-31,2026-08-31,DELIVERED,SIMULATED
DEL-0B69A629,CHC-BR-PAT-001,CHC Phulwari Sharif,MED-ORS-SFT,Oral Rehydration Salts (WHO Formula),1792,2026-08-24,2026-08-30,2026-08-30,DELIVERED,SIMULATED
DEL-C519E973,CHC-BR-PAT-001,CHC Phulwari Sharif,MED-CTX-1G,Ceftriaxone,336,2026-08-24,2026-08-29,2026-08-29,DELIVERED,SIMULATED
DEL-F16E53FE,DH-BR-PAT-001,District Hospital Gardanibagh,MED-PCM-500,Paracetamol,9184,2026-08-24,2026-08-29,2026-08-29,DELIVERED,SIMULATED
DEL-839DA050,DH-BR-PAT-001,District Hospital Gardanibagh,MED-ORS-SFT,Oral Rehydration Salts (WHO Formula),6524,2026-08-24,2026-08-29,2026-08-29,DELIVERED,SIMULATED
DEL-532B7183,DH-BR-PAT-001,District Hospital Gardanibagh,MED-ZNC-20,Zinc Sulfate Dispersible,3262,2026-08-24,2026-08-31,2026-08-31,DELIVERED,SIMULATED
DEL-1ED84065,DH-BR-PAT-001,District Hospital Gardanibagh,MED-AZI-500,Azithromycin,2436,2026-08-24,2026-08-30,2026-08-30,DELIVERED,SIMULATED
DEL-9E921E37,DH-BR-PAT-001,District Hospital Gardanibagh,MED-INS-REG,Human Insulin (Regular / Soluble),812,2026-08-24,2026-08-28,2026-08-28,DELIVERED,SIMULATED
DEL-B8FE64D1,DH-BR-PAT-001,District Hospital Gardanibagh,MED-OXY-AMP,Oxytocin,1008,2026-08-24,2026-08-29,2026-08-29,DELIVERED,SIMULATED
DEL-5876992D,DH-BR-PAT-001,District Hospital Gardanibagh,MED-MGS-50,Magnesium Sulfate,504,2026-08-24,2026-08-31,2026-08-31,DELIVERED,SIMULATED
DEL-03F93DD9,DH-BR-PAT-001,District Hospital Gardanibagh,MED-IVF-NS500,Normal Saline (0.9% Sodium Chloride),3052,2026-08-24,2026-08-30,2026-08-30,DELIVERED,SIMULATED
DEL-595D7518,DH-BR-PAT-001,District Hospital Gardanibagh,MED-IVF-RL500,Ringer's Lactate (Compound Sodium Lactate),2436,2026-08-24,2026-08-31,2026-08-31,DELIVERED,SIMULATED
DEL-2354E0E0,PHC-BR-GAY-001,PHC Bodh Gaya,MED-PCM-500,Paracetamol,812,2026-08-24,2026-08-29,2026-08-29,DELIVERED,SIMULATED
DEL-4A7F21D5,PHC-BR-GAY-001,PHC Bodh Gaya,MED-PCM-SYR,Paracetamol Paediatric Syrup,322,2026-08-24,2026-08-30,2026-08-30,DELIVERED,SIMULATED
DEL-EDA27B37,PHC-BR-GAY-001,PHC Bodh Gaya,MED-ORS-SFT,Oral Rehydration Salts (WHO Formula),574,2026-08-24,2026-08-29,2026-08-29,DELIVERED,SIMULATED
DEL-991532EA,PHC-BR-GAY-001,PHC Bodh Gaya,MED-AZI-500,Azithromycin,210,2026-08-24,2026-08-31,2026-08-31,DELIVERED,SIMULATED
DEL-90689F86,PHC-BR-GAY-001,PHC Bodh Gaya,MED-MGS-50,Magnesium Sulfate,42,2026-08-24,2026-08-28,2026-08-28,DELIVERED,SIMULATED
DEL-0790E873,PHC-BR-GAY-001,PHC Bodh Gaya,MED-IVF-NS500,Normal Saline (0.9% Sodium Chloride),266,2026-08-24,2026-08-29,2026-08-29,DELIVERED,SIMULATED
DEL-A9D48563,PHC-BR-GAY-001,PHC Bodh Gaya,MED-ART-60,Artesunate,42,2026-08-24,2026-08-28,2026-08-28,DELIVERED,SIMULATED
DEL-DD6EFF6A,PHC-BR-GAY-001,PHC Bodh Gaya,MED-IFA-TAB,Iron & Folic Acid (IFA),504,2026-08-24,2026-08-31,2026-08-31,DELIVERED,SIMULATED
DEL-ED8A7FDC,PHC-BR-GAY-002,PHC Sherghati,MED-PCM-SYR,Paracetamol Paediatric Syrup,266,2026-08-24,2026-08-28,2026-08-28,DELIVERED,SIMULATED
DEL-819CB92A,PHC-BR-GAY-002,PHC Sherghati,MED-AMX-500,Amoxicillin,336,2026-08-24,2026-08-29,2026-08-29,DELIVERED,SIMULATED
DEL-A9B8C99B,PHC-BR-GAY-002,PHC Sherghati,MED-CTX-1G,Ceftriaxone,84,2026-08-24,2026-08-28,2026-08-28,DELIVERED,SIMULATED
DEL-6BE7A794,PHC-BR-GAY-002,PHC Sherghati,MED-MGS-50,Magnesium Sulfate,28,2026-08-24,2026-08-29,2026-08-29,DELIVERED,SIMULATED
DEL-8BDC4B58,PHC-BR-GAY-003,PHC Tekari,MED-ORS-SFT,Oral Rehydration Salts (WHO Formula),420,2026-08-24,2026-08-29,2026-08-29,DELIVERED,SIMULATED
DEL-205668B0,PHC-BR-GAY-003,PHC Tekari,MED-ZNC-20,Zinc Sulfate Dispersible,210,2026-08-24,2026-08-30,2026-08-30,DELIVERED,SIMULATED
DEL-9D07126F,PHC-BR-GAY-003,PHC Tekari,MED-CTX-1G,Ceftriaxone,70,2026-08-24,2026-08-28,2026-08-28,DELIVERED,SIMULATED
DEL-65AAD7CE,PHC-BR-GAY-003,PHC Tekari,MED-ASV-VIAL,Anti-Snake Venom Serum (Polyvalent),28,2026-08-24,2026-08-30,2026-08-30,DELIVERED,SIMULATED
DEL-BC1DF169,PHC-BR-GAY-003,PHC Tekari,MED-IVF-NS500,Normal Saline (0.9% Sodium Chloride),196,2026-08-24,2026-08-29,2026-08-29,DELIVERED,SIMULATED
DEL-04F37EB9,DH-BR-GAY-001,Jay Prakash Narayan District Hospital Gaya,MED-ORS-SFT,Oral Rehydration Salts (WHO Formula),8708,2026-08-24,2026-08-29,2026-08-29,DELIVERED,SIMULATED
DEL-48CE025F,DH-BR-GAY-001,Jay Prakash Narayan District Hospital Gaya,MED-ZNC-20,Zinc Sulfate Dispersible,4354,2026-08-24,2026-08-28,2026-08-28,DELIVERED,SIMULATED
DEL-01441526,DH-BR-GAY-001,Jay Prakash Narayan District Hospital Gaya,MED-CTX-1G,Ceftriaxone,1624,2026-08-24,2026-08-29,2026-08-29,DELIVERED,SIMULATED
DEL-7EB9D0FD,DH-BR-GAY-001,Jay Prakash Narayan District Hospital Gaya,MED-RAB-VAC,Anti-Rabies Vaccine (Cell Culture),952,2026-08-24,2026-08-28,2026-08-28,DELIVERED,SIMULATED
DEL-0C07E3FC,DH-BR-GAY-001,Jay Prakash Narayan District Hospital Gaya,MED-OXY-AMP,Oxytocin,1358,2026-08-24,2026-08-29,2026-08-29,DELIVERED,SIMULATED
DEL-00A536D5,DH-BR-GAY-001,Jay Prakash Narayan District Hospital Gaya,MED-MGS-50,Magnesium Sulfate,672,2026-08-24,2026-08-29,2026-08-29,DELIVERED,SIMULATED
DEL-78E18533,DH-BR-GAY-001,Jay Prakash Narayan District Hospital Gaya,MED-IVF-D5500,Dextrose 5% in Water,2170,2026-08-24,2026-08-28,2026-08-28,DELIVERED,SIMULATED
DEL-5F69E6C1,DH-BR-GAY-001,Jay Prakash Narayan District Hospital Gaya,MED-ALB-400,Albendazole,2170,2026-08-24,2026-08-30,2026-08-30,DELIVERED,SIMULATED
DEL-6F8DE2BB,DH-BR-GAY-001,Jay Prakash Narayan District Hospital Gaya,MED-IFA-TAB,Iron & Folic Acid (IFA),7616,2026-08-24,2026-08-28,2026-08-28,DELIVERED,SIMULATED
DEL-EB4C02EC,PHC-UP-VAR-001,PHC Cholapur,MED-PCM-SYR,Paracetamol Paediatric Syrup,350,2026-08-24,2026-08-31,2026-08-31,DELIVERED,SIMULATED
DEL-179D334D,PHC-UP-VAR-001,PHC Cholapur,MED-AMX-500,Amoxicillin,420,2026-08-24,2026-08-31,2026-08-31,DELIVERED,SIMULATED
DEL-40965BA1,PHC-UP-VAR-001,PHC Cholapur,MED-AMC-625,Amoxicillin + Clavulanic Acid,266,2026-08-24,2026-08-29,2026-08-29,DELIVERED,SIMULATED
DEL-E08B80DC,PHC-UP-VAR-001,PHC Cholapur,MED-ORS-SFT,Oral Rehydration Salts (WHO Formula),616,2026-08-24,2026-08-31,2026-08-31,DELIVERED,SIMULATED
DEL-22495427,PHC-UP-VAR-001,PHC Cholapur,MED-ZNC-20,Zinc Sulfate Dispersible,308,2026-08-24,2026-08-28,2026-08-28,DELIVERED,SIMULATED
DEL-DD312FD1,PHC-UP-VAR-001,PHC Cholapur,MED-AZI-500,Azithromycin,224,2026-08-24,2026-08-29,2026-08-29,DELIVERED,SIMULATED
DEL-D3AD1A9E,PHC-UP-VAR-001,PHC Cholapur,MED-RAB-VAC,Anti-Rabies Vaccine (Cell Culture),56,2026-08-24,2026-08-29,2026-08-29,DELIVERED,SIMULATED
DEL-331948D9,PHC-UP-VAR-001,PHC Cholapur,MED-MET-500,Metformin Hydrochloride,490,2026-08-24,2026-08-29,2026-08-29,DELIVERED,SIMULATED
DEL-A0562C37,PHC-UP-VAR-001,PHC Cholapur,MED-IVF-NS500,Normal Saline (0.9% Sodium Chloride),294,2026-08-24,2026-08-31,2026-08-31,DELIVERED,SIMULATED
DEL-7B5392C9,PHC-UP-VAR-001,PHC Cholapur,MED-ALB-400,Albendazole,154,2026-08-24,2026-08-29,2026-08-29,DELIVERED,SIMULATED
DEL-4DD841AD,PHC-UP-VAR-001,PHC Cholapur,MED-IFA-TAB,Iron & Folic Acid (IFA),546,2026-08-24,2026-08-28,2026-08-28,DELIVERED,SIMULATED
DEL-A4D8658D,PHC-UP-VAR-002,PHC Pindra,MED-PCM-500,Paracetamol,966,2026-08-24,2026-08-30,2026-08-30,DELIVERED,SIMULATED
DEL-B02068F1,PHC-UP-VAR-002,PHC Pindra,MED-PCM-SYR,Paracetamol Paediatric Syrup,378,2026-08-24,2026-08-28,2026-08-28,DELIVERED,SIMULATED
DEL-2C568ED4,PHC-UP-VAR-002,PHC Pindra,MED-AMX-500,Amoxicillin,476,2026-08-24,2026-08-28,2026-08-28,DELIVERED,SIMULATED
DEL-B0613DBA,PHC-UP-VAR-002,PHC Pindra,MED-ORS-SFT,Oral Rehydration Salts (WHO Formula),686,2026-08-24,2026-08-29,2026-08-29,DELIVERED,SIMULATED
DEL-4DB42E23,PHC-UP-VAR-002,PHC Pindra,MED-ZNC-20,Zinc Sulfate Dispersible,336,2026-08-24,2026-08-31,2026-08-31,DELIVERED,SIMULATED
DEL-3F2B9E6B,PHC-UP-VAR-002,PHC Pindra,MED-CTX-1G,Ceftriaxone,126,2026-08-24,2026-08-31,2026-08-31,DELIVERED,SIMULATED
DEL-40910B31,PHC-UP-VAR-002,PHC Pindra,MED-RAB-VAC,Anti-Rabies Vaccine (Cell Culture),70,2026-08-24,2026-08-31,2026-08-31,DELIVERED,SIMULATED
DEL-1CFBB463,PHC-UP-VAR-002,PHC Pindra,MED-INS-REG,Human Insulin (Regular / Soluble),84,2026-08-24,2026-08-28,2026-08-28,DELIVERED,SIMULATED
DEL-C7025D43,PHC-UP-VAR-002,PHC Pindra,MED-MET-500,Metformin Hydrochloride,532,2026-08-24,2026-08-31,2026-08-31,DELIVERED,SIMULATED
DEL-275DF1F9,PHC-UP-VAR-002,PHC Pindra,MED-MGS-50,Magnesium Sulfate,42,2026-08-24,2026-08-31,2026-08-31,DELIVERED,SIMULATED
DEL-DE07F77E,PHC-UP-VAR-002,PHC Pindra,MED-ALB-400,Albendazole,168,2026-08-24,2026-08-30,2026-08-30,DELIVERED,SIMULATED
DEL-5B88405D,PHC-UP-VAR-003,PHC Sevapuri,MED-AZI-500,Azithromycin,196,2026-08-24,2026-08-31,2026-08-31,DELIVERED,SIMULATED
DEL-83DAA405,PHC-UP-VAR-003,PHC Sevapuri,MED-RAB-VAC,Anti-Rabies Vaccine (Cell Culture),56,2026-08-24,2026-08-28,2026-08-28,DELIVERED,SIMULATED
DEL-E96F6C98,PHC-UP-VAR-003,PHC Sevapuri,MED-INS-REG,Human Insulin (Regular / Soluble),56,2026-08-24,2026-08-29,2026-08-29,DELIVERED,SIMULATED
DEL-BFED1CD9,PHC-UP-VAR-003,PHC Sevapuri,MED-MET-500,Metformin Hydrochloride,420,2026-08-24,2026-08-31,2026-08-31,DELIVERED,SIMULATED
DEL-B60F68B1,PHC-UP-VAR-003,PHC Sevapuri,MED-IFA-TAB,Iron & Folic Acid (IFA),462,2026-08-24,2026-08-31,2026-08-31,DELIVERED,SIMULATED
DEL-88BFE4A7,PHC-UP-VAR-004,PHC Kashi Vidyapeeth,MED-PCM-SYR,Paracetamol Paediatric Syrup,476,2026-08-24,2026-08-31,2026-08-31,DELIVERED,SIMULATED
DEL-768FDABD,PHC-UP-VAR-004,PHC Kashi Vidyapeeth,MED-AMX-500,Amoxicillin,574,2026-08-24,2026-08-28,2026-08-28,DELIVERED,SIMULATED
DEL-F34DCC4D,PHC-UP-VAR-004,PHC Kashi Vidyapeeth,MED-AMC-625,Amoxicillin + Clavulanic Acid,364,2026-08-24,2026-08-31,2026-08-31,DELIVERED,SIMULATED
DEL-0751BD66,PHC-UP-VAR-004,PHC Kashi Vidyapeeth,MED-ORS-SFT,Oral Rehydration Salts (WHO Formula),840,2026-08-24,2026-08-31,2026-08-31,DELIVERED,SIMULATED
DEL-1EACF4CA,PHC-UP-VAR-004,PHC Kashi Vidyapeeth,MED-OXY-AMP,Oxytocin,126,2026-08-24,2026-08-30,2026-08-30,DELIVERED,SIMULATED
DEL-05326F0F,PHC-UP-VAR-004,PHC Kashi Vidyapeeth,MED-IVF-RL500,Ringer's Lactate (Compound Sodium Lactate),308,2026-08-24,2026-08-28,2026-08-28,DELIVERED,SIMULATED
DEL-D0515D71,CHC-UP-VAR-001,CHC Misirpur,MED-AMC-625,Amoxicillin + Clavulanic Acid,812,2026-08-24,2026-08-28,2026-08-28,DELIVERED,SIMULATED
DEL-8065ED7A,CHC-UP-VAR-001,CHC Misirpur,MED-AZI-500,Azithromycin,700,2026-08-24,2026-08-29,2026-08-29,DELIVERED,SIMULATED
DEL-777AD304,CHC-UP-VAR-001,CHC Misirpur,MED-RAB-VAC,Anti-Rabies Vaccine (Cell Culture),196,2026-08-24,2026-08-29,2026-08-29,DELIVERED,SIMULATED
DEL-1CD6029B,CHC-UP-VAR-001,CHC Misirpur,MED-MET-500,Metformin Hydrochloride,1456,2026-08-24,2026-08-31,2026-08-31,DELIVERED,SIMULATED
DEL-4CDEF060,CHC-UP-VAR-001,CHC Misirpur,MED-OXY-AMP,Oxytocin,280,2026-08-24,2026-08-28,2026-08-28,DELIVERED,SIMULATED
DEL-D1993865,CHC-UP-VAR-001,CHC Misirpur,MED-IVF-D5500,Dextrose 5% in Water,462,2026-08-24,2026-08-29,2026-08-29,DELIVERED,SIMULATED
DEL-87B6CFED,CHC-UP-VAR-001,CHC Misirpur,MED-ART-60,Artesunate,168,2026-08-24,2026-08-31,2026-08-31,DELIVERED,SIMULATED
DEL-9B0E77D2,CHC-UP-VAR-001,CHC Misirpur,MED-ALB-400,Albendazole,462,2026-08-24,2026-08-28,2026-08-28,DELIVERED,SIMULATED
DEL-CE7AEA84,DH-UP-VAR-001,Pandit Deen Dayal Upadhyay District Hospital,MED-ORS-SFT,Oral Rehydration Salts (WHO Formula),10332,2026-08-24,2026-08-29,2026-08-29,DELIVERED,SIMULATED
DEL-CA1829D0,DH-UP-VAR-001,Pandit Deen Dayal Upadhyay District Hospital,MED-AZI-500,Azithromycin,3878,2026-08-24,2026-08-30,2026-08-30,DELIVERED,SIMULATED
DEL-40D8B0D0,DH-UP-VAR-001,Pandit Deen Dayal Upadhyay District Hospital,MED-MGS-50,Magnesium Sulfate,798,2026-08-24,2026-08-29,2026-08-29,DELIVERED,SIMULATED
DEL-85B3DBDB,DH-UP-VAR-001,Pandit Deen Dayal Upadhyay District Hospital,MED-ALB-400,Albendazole,2576,2026-08-24,2026-08-28,2026-08-28,DELIVERED,SIMULATED
DEL-6119C9D1,DH-UP-VAR-001,Pandit Deen Dayal Upadhyay District Hospital,MED-IFA-TAB,Iron & Folic Acid (IFA),9044,2026-08-24,2026-08-28,2026-08-28,DELIVERED,SIMULATED
DEL-07487CCD,PHC-UP-LUK-001,PHC Bakshi Ka Talab,MED-PCM-SYR,Paracetamol Paediatric Syrup,434,2026-08-24,2026-08-28,2026-08-28,DELIVERED,SIMULATED
DEL-C2D5CDBA,PHC-UP-LUK-001,PHC Bakshi Ka Talab,MED-AMX-500,Amoxicillin,532,2026-08-24,2026-08-29,2026-08-29,DELIVERED,SIMULATED
DEL-435E6E8D,PHC-UP-LUK-001,PHC Bakshi Ka Talab,MED-ORS-SFT,Oral Rehydration Salts (WHO Formula),784,2026-08-24,2026-08-30,2026-08-30,DELIVERED,SIMULATED
DEL-0522E981,PHC-UP-LUK-001,PHC Bakshi Ka Talab,MED-RAB-VAC,Anti-Rabies Vaccine (Cell Culture),84,2026-08-24,2026-08-28,2026-08-28,DELIVERED,SIMULATED
DEL-49ACE2D1,PHC-UP-LUK-001,PHC Bakshi Ka Talab,MED-ASV-VIAL,Anti-Snake Venom Serum (Polyvalent),28,2026-08-24,2026-08-28,2026-08-28,DELIVERED,SIMULATED
DEL-5FBA7517,PHC-UP-LUK-001,PHC Bakshi Ka Talab,MED-MET-500,Metformin Hydrochloride,602,2026-08-24,2026-08-28,2026-08-28,DELIVERED,SIMULATED
DEL-A1C95142,PHC-UP-LUK-001,PHC Bakshi Ka Talab,MED-IVF-RL500,Ringer's Lactate (Compound Sodium Lactate),294,2026-08-24,2026-08-28,2026-08-28,DELIVERED,SIMULATED
DEL-CC7EA5D1,PHC-UP-LUK-001,PHC Bakshi Ka Talab,MED-ART-60,Artesunate,70,2026-08-24,2026-08-28,2026-08-28,DELIVERED,SIMULATED
DEL-EBD25700,PHC-UP-LUK-001,PHC Bakshi Ka Talab,MED-ALB-400,Albendazole,196,2026-08-24,2026-08-29,2026-08-29,DELIVERED,SIMULATED
DEL-E51103D9,PHC-UP-LUK-001,PHC Bakshi Ka Talab,MED-IFA-TAB,Iron & Folic Acid (IFA),686,2026-08-24,2026-08-28,2026-08-28,DELIVERED,SIMULATED
DEL-2B5F8A2F,PHC-UP-LUK-002,PHC Malihabad,MED-PCM-SYR,Paracetamol Paediatric Syrup,364,2026-08-24,2026-08-28,2026-08-28,DELIVERED,SIMULATED
DEL-7A52CFF7,PHC-UP-LUK-002,PHC Malihabad,MED-AMX-500,Amoxicillin,434,2026-08-24,2026-08-28,2026-08-28,DELIVERED,SIMULATED
DEL-251A14E3,PHC-UP-LUK-002,PHC Malihabad,MED-AMC-625,Amoxicillin + Clavulanic Acid,280,2026-08-24,2026-08-31,2026-08-31,DELIVERED,SIMULATED
DEL-808011C0,PHC-UP-LUK-002,PHC Malihabad,MED-ORS-SFT,Oral Rehydration Salts (WHO Formula),644,2026-08-24,2026-08-30,2026-08-30,DELIVERED,SIMULATED
DEL-A73D7EE5,PHC-UP-LUK-002,PHC Malihabad,MED-ZNC-20,Zinc Sulfate Dispersible,322,2026-08-24,2026-08-29,2026-08-29,DELIVERED,SIMULATED
DEL-24BBA380,PHC-UP-LUK-002,PHC Malihabad,MED-IVF-D5500,Dextrose 5% in Water,154,2026-08-24,2026-08-30,2026-08-30,DELIVERED,SIMULATED
DEL-D618A492,PHC-UP-LUK-003,PHC Mohanlalganj,MED-PCM-SYR,Paracetamol Paediatric Syrup,378,2026-08-24,2026-08-28,2026-08-28,DELIVERED,SIMULATED
DEL-A71684E7,PHC-UP-LUK-003,PHC Mohanlalganj,MED-AMX-500,Amoxicillin,462,2026-08-24,2026-08-29,2026-08-29,DELIVERED,SIMULATED
DEL-068A6562,PHC-UP-LUK-003,PHC Mohanlalganj,MED-AMC-625,Amoxicillin + Clavulanic Acid,294,2026-08-24,2026-08-30,2026-08-30,DELIVERED,SIMULATED
DEL-EB7263E2,PHC-UP-LUK-003,PHC Mohanlalganj,MED-ORS-SFT,Oral Rehydration Salts (WHO Formula),672,2026-08-24,2026-08-28,2026-08-28,DELIVERED,SIMULATED
DEL-978B46AD,PHC-UP-LUK-003,PHC Mohanlalganj,MED-CTX-1G,Ceftriaxone,126,2026-08-24,2026-08-31,2026-08-31,DELIVERED,SIMULATED
DEL-539146DD,PHC-UP-LUK-003,PHC Mohanlalganj,MED-ASV-VIAL,Anti-Snake Venom Serum (Polyvalent),28,2026-08-24,2026-08-28,2026-08-28,DELIVERED,SIMULATED
DEL-B87A4846,PHC-UP-LUK-003,PHC Mohanlalganj,MED-IVF-D5500,Dextrose 5% in Water,168,2026-08-24,2026-08-28,2026-08-28,DELIVERED,SIMULATED
DEL-254E38DB,DH-UP-LUK-001,Balrampur District Hospital Lucknow,MED-PCM-500,Paracetamol,18368,2026-08-24,2026-08-31,2026-08-31,DELIVERED,SIMULATED
DEL-86E1BE09,DH-UP-LUK-001,Balrampur District Hospital Lucknow,MED-PCM-SYR,Paracetamol Paediatric Syrup,7336,2026-08-24,2026-08-31,2026-08-31,DELIVERED,SIMULATED
DEL-1578F341,DH-UP-LUK-001,Balrampur District Hospital Lucknow,MED-AMX-500,Amoxicillin,8974,2026-08-24,2026-08-30,2026-08-30,DELIVERED,SIMULATED
DEL-94CE39D3,DH-UP-LUK-001,Balrampur District Hospital Lucknow,MED-ZNC-20,Zinc Sulfate Dispersible,6524,2026-08-24,2026-08-28,2026-08-28,DELIVERED,SIMULATED
DEL-0695C922,DH-UP-LUK-001,Balrampur District Hospital Lucknow,MED-AZI-500,Azithromycin,4886,2026-08-24,2026-08-30,2026-08-30,DELIVERED,SIMULATED
DEL-D4E360E7,DH-UP-LUK-001,Balrampur District Hospital Lucknow,MED-CTX-1G,Ceftriaxone,2436,2026-08-24,2026-08-28,2026-08-28,DELIVERED,SIMULATED
DEL-15C9CE4A,DH-UP-LUK-001,Balrampur District Hospital Lucknow,MED-RAB-VAC,Anti-Rabies Vaccine (Cell Culture),1428,2026-08-24,2026-08-28,2026-08-28,DELIVERED,SIMULATED
DEL-6262C36B,DH-UP-LUK-001,Balrampur District Hospital Lucknow,MED-OXY-AMP,Oxytocin,2030,2026-08-24,2026-08-29,2026-08-29,DELIVERED,SIMULATED
DEL-194F7B1F,DH-UP-LUK-001,Balrampur District Hospital Lucknow,MED-IVF-NS500,Normal Saline (0.9% Sodium Chloride),6118,2026-08-24,2026-08-30,2026-08-30,DELIVERED,SIMULATED
DEL-2503B704,DH-UP-LUK-001,Balrampur District Hospital Lucknow,MED-IVF-D5500,Dextrose 5% in Water,3262,2026-08-24,2026-08-30,2026-08-30,DELIVERED,SIMULATED
DEL-40EF6D0F,DH-UP-LUK-001,Balrampur District Hospital Lucknow,MED-ART-60,Artesunate,1218,2026-08-24,2026-08-29,2026-08-29,DELIVERED,SIMULATED
DEL-FF1FB235,PHC-RJ-JAI-001,PHC Bassi,MED-PCM-500,Paracetamol,868,2026-08-24,2026-08-31,2026-08-31,DELIVERED,SIMULATED
DEL-4D015E4E,PHC-RJ-JAI-001,PHC Bassi,MED-PCM-SYR,Paracetamol Paediatric Syrup,350,2026-08-24,2026-08-28,2026-08-28,DELIVERED,SIMULATED
DEL-A19AD074,PHC-RJ-JAI-001,PHC Bassi,MED-AMX-500,Amoxicillin,420,2026-08-24,2026-08-28,2026-08-28,DELIVERED,SIMULATED
DEL-F139B6FF,PHC-RJ-JAI-001,PHC Bassi,MED-AMC-625,Amoxicillin + Clavulanic Acid,266,2026-08-24,2026-08-31,2026-08-31,DELIVERED,SIMULATED
DEL-667BCAC3,PHC-RJ-JAI-001,PHC Bassi,MED-ZNC-20,Zinc Sulfate Dispersible,308,2026-08-24,2026-08-31,2026-08-31,DELIVERED,SIMULATED
DEL-A859923F,PHC-RJ-JAI-001,PHC Bassi,MED-AZI-500,Azithromycin,224,2026-08-24,2026-08-28,2026-08-28,DELIVERED,SIMULATED
DEL-B8A0075A,PHC-RJ-JAI-001,PHC Bassi,MED-MGS-50,Magnesium Sulfate,42,2026-08-24,2026-08-28,2026-08-28,DELIVERED,SIMULATED
DEL-6AF9B6CF,PHC-RJ-JAI-001,PHC Bassi,MED-IVF-D5500,Dextrose 5% in Water,154,2026-08-24,2026-08-31,2026-08-31,DELIVERED,SIMULATED
DEL-F3706E66,PHC-RJ-JAI-001,PHC Bassi,MED-ALB-400,Albendazole,154,2026-08-24,2026-08-29,2026-08-29,DELIVERED,SIMULATED
DEL-8E7E2813,PHC-RJ-JAI-002,PHC Chaksu,MED-PCM-500,Paracetamol,784,2026-08-24,2026-08-29,2026-08-29,DELIVERED,SIMULATED
DEL-D97B21EA,PHC-RJ-JAI-002,PHC Chaksu,MED-AMX-500,Amoxicillin,378,2026-08-24,2026-08-31,2026-08-31,DELIVERED,SIMULATED
DEL-7ECB7751,PHC-RJ-JAI-002,PHC Chaksu,MED-ZNC-20,Zinc Sulfate Dispersible,280,2026-08-24,2026-08-29,2026-08-29,DELIVERED,SIMULATED
DEL-EEC5893F,PHC-RJ-JAI-002,PHC Chaksu,MED-CTX-1G,Ceftriaxone,98,2026-08-24,2026-08-31,2026-08-31,DELIVERED,SIMULATED
DEL-B5A35546,PHC-RJ-JAI-002,PHC Chaksu,MED-RAB-VAC,Anti-Rabies Vaccine (Cell Culture),56,2026-08-24,2026-08-29,2026-08-29,DELIVERED,SIMULATED
DEL-DBEFB742,PHC-RJ-JAI-002,PHC Chaksu,MED-IVF-NS500,Normal Saline (0.9% Sodium Chloride),252,2026-08-24,2026-08-29,2026-08-29,DELIVERED,SIMULATED
DEL-EF33F593,PHC-RJ-JAI-002,PHC Chaksu,MED-ART-60,Artesunate,42,2026-08-24,2026-08-31,2026-08-31,DELIVERED,SIMULATED
DEL-E457DE81,PHC-RJ-JAI-002,PHC Chaksu,MED-ALB-400,Albendazole,140,2026-08-24,2026-08-29,2026-08-29,DELIVERED,SIMULATED
DEL-6F820EC8,PHC-RJ-JAI-003,PHC Amer,MED-PCM-SYR,Paracetamol Paediatric Syrup,392,2026-08-24,2026-08-31,2026-08-31,DELIVERED,SIMULATED
DEL-C12242FD,PHC-RJ-JAI-003,PHC Amer,MED-ZNC-20,Zinc Sulfate Dispersible,350,2026-08-24,2026-08-29,2026-08-29,DELIVERED,SIMULATED
DEL-C0799A6F,PHC-RJ-JAI-003,PHC Amer,MED-CTX-1G,Ceftriaxone,126,2026-08-24,2026-08-29,2026-08-29,DELIVERED,SIMULATED
DEL-05AE6B57,PHC-RJ-JAI-003,PHC Amer,MED-RAB-VAC,Anti-Rabies Vaccine (Cell Culture),70,2026-08-24,2026-08-29,2026-08-29,DELIVERED,SIMULATED
DEL-83BB5221,PHC-RJ-JAI-003,PHC Amer,MED-ASV-VIAL,Anti-Snake Venom Serum (Polyvalent),28,2026-08-24,2026-08-28,2026-08-28,DELIVERED,SIMULATED
DEL-FFC198F0,PHC-RJ-JAI-003,PHC Amer,MED-MET-500,Metformin Hydrochloride,560,2026-08-24,2026-08-29,2026-08-29,DELIVERED,SIMULATED
DEL-5B1526CD,PHC-RJ-JAI-003,PHC Amer,MED-OXY-AMP,Oxytocin,112,2026-08-24,2026-08-28,2026-08-28,DELIVERED,SIMULATED
DEL-6C93AB16,PHC-RJ-JAI-003,PHC Amer,MED-MGS-50,Magnesium Sulfate,56,2026-08-24,2026-08-30,2026-08-30,DELIVERED,SIMULATED
DEL-21F90A5E,PHC-RJ-JAI-003,PHC Amer,MED-IVF-D5500,Dextrose 5% in Water,168,2026-08-24,2026-08-29,2026-08-29,DELIVERED,SIMULATED
DEL-EAFE0F13,PHC-RJ-JAI-003,PHC Amer,MED-ALB-400,Albendazole,168,2026-08-24,2026-08-31,2026-08-31,DELIVERED,SIMULATED
DEL-E19BF68A,DH-RJ-JAI-001,Kanwatia District Hospital Jaipur,MED-PCM-500,Paracetamol,13776,2026-08-24,2026-08-28,2026-08-28,DELIVERED,SIMULATED
DEL-48DA227B,DH-RJ-JAI-001,Kanwatia District Hospital Jaipur,MED-AMX-500,Amoxicillin,6734,2026-08-24,2026-08-31,2026-08-31,DELIVERED,SIMULATED
DEL-681E9FE2,DH-RJ-JAI-001,Kanwatia District Hospital Jaipur,MED-AZI-500,Azithromycin,3668,2026-08-24,2026-08-30,2026-08-30,DELIVERED,SIMULATED
DEL-FC6403CF,DH-RJ-JAI-001,Kanwatia District Hospital Jaipur,MED-RAB-VAC,Anti-Rabies Vaccine (Cell Culture),1064,2026-08-24,2026-08-29,2026-08-29,DELIVERED,SIMULATED
DEL-C1AE55E4,DH-RJ-JAI-001,Kanwatia District Hospital Jaipur,MED-IVF-NS500,Normal Saline (0.9% Sodium Chloride),4592,2026-08-24,2026-08-28,2026-08-28,DELIVERED,SIMULATED
DEL-AE952B04,DH-RJ-JAI-001,Kanwatia District Hospital Jaipur,MED-IVF-D5500,Dextrose 5% in Water,2436,2026-08-24,2026-08-31,2026-08-31,DELIVERED,SIMULATED
DEL-B0E82E67,DH-RJ-JAI-001,Kanwatia District Hospital Jaipur,MED-ART-60,Artesunate,910,2026-08-24,2026-08-31,2026-08-31,DELIVERED,SIMULATED
DEL-59E3F045,DH-RJ-JAI-001,Kanwatia District Hospital Jaipur,MED-ALB-400,Albendazole,2436,2026-08-24,2026-08-31,2026-08-31,DELIVERED,SIMULATED
DEL-1B48726B,PHC-MH-PUN-001,PHC Mulshi,MED-AMX-500,Amoxicillin,336,2026-08-24,2026-08-31,2026-08-31,DELIVERED,SIMULATED
DEL-9D3EAF2F,PHC-MH-PUN-001,PHC Mulshi,MED-AMC-625,Amoxicillin + Clavulanic Acid,210,2026-08-24,2026-08-28,2026-08-28,DELIVERED,SIMULATED
DEL-681D560D,PHC-MH-PUN-001,PHC Mulshi,MED-ZNC-20,Zinc Sulfate Dispersible,238,2026-08-24,2026-08-29,2026-08-29,DELIVERED,SIMULATED
DEL-7C7DE1E8,PHC-MH-PUN-001,PHC Mulshi,MED-RAB-VAC,Anti-Rabies Vaccine (Cell Culture),42,2026-08-24,2026-08-31,2026-08-31,DELIVERED,SIMULATED
DEL-17BE741B,PHC-MH-PUN-001,PHC Mulshi,MED-MET-500,Metformin Hydrochloride,378,2026-08-24,2026-08-30,2026-08-30,DELIVERED,SIMULATED
DEL-356C8ABD,PHC-MH-PUN-001,PHC Mulshi,MED-OXY-AMP,Oxytocin,70,2026-08-24,2026-08-29,2026-08-29,DELIVERED,SIMULATED
DEL-CE595E57,PHC-MH-PUN-001,PHC Mulshi,MED-IVF-NS500,Normal Saline (0.9% Sodium Chloride),224,2026-08-24,2026-08-28,2026-08-28,DELIVERED,SIMULATED
DEL-74B46D01,PHC-MH-PUN-001,PHC Mulshi,MED-ART-60,Artesunate,42,2026-08-24,2026-08-31,2026-08-31,DELIVERED,SIMULATED
DEL-3BD9DB5D,PHC-MH-PUN-001,PHC Mulshi,MED-IFA-TAB,Iron & Folic Acid (IFA),420,2026-08-24,2026-08-30,2026-08-30,DELIVERED,SIMULATED
DEL-33C77519,PHC-MH-PUN-002,PHC Haveli,MED-ASV-VIAL,Anti-Snake Venom Serum (Polyvalent),28,2026-08-24,2026-08-28,2026-08-28,DELIVERED,SIMULATED
DEL-E53FF272,PHC-MH-PUN-002,PHC Haveli,MED-MET-500,Metformin Hydrochloride,672,2026-08-24,2026-08-28,2026-08-28,DELIVERED,SIMULATED
DEL-42617B77,PHC-MH-PUN-002,PHC Haveli,MED-IVF-D5500,Dextrose 5% in Water,210,2026-08-24,2026-08-31,2026-08-31,DELIVERED,SIMULATED
DEL-21DD7058,PHC-MH-PUN-002,PHC Haveli,MED-ART-60,Artesunate,70,2026-08-24,2026-08-31,2026-08-31,DELIVERED,SIMULATED
DEL-4EB009DD,PHC-MH-PUN-002,PHC Haveli,MED-ALB-400,Albendazole,210,2026-08-24,2026-08-29,2026-08-29,DELIVERED,SIMULATED
DEL-93A3D672,PHC-MH-PUN-003,PHC Khed,MED-AMX-500,Amoxicillin,434,2026-08-24,2026-08-30,2026-08-30,DELIVERED,SIMULATED
DEL-06A32E01,PHC-MH-PUN-003,PHC Khed,MED-ORS-SFT,Oral Rehydration Salts (WHO Formula),644,2026-08-24,2026-08-29,2026-08-29,DELIVERED,SIMULATED
DEL-74BF34F1,PHC-MH-PUN-003,PHC Khed,MED-IVF-RL500,Ringer's Lactate (Compound Sodium Lactate),238,2026-08-24,2026-08-31,2026-08-31,DELIVERED,SIMULATED
DEL-45D2B8BD,PHC-MH-PUN-003,PHC Khed,MED-ART-60,Artesunate,56,2026-08-24,2026-08-29,2026-08-29,DELIVERED,SIMULATED
DEL-95370D22,DH-MH-PUN-001,Aundh District Hospital Pune,MED-PCM-500,Paracetamol,16828,2026-08-24,2026-08-28,2026-08-28,DELIVERED,SIMULATED
DEL-A7599BA4,DH-MH-PUN-001,Aundh District Hospital Pune,MED-PCM-SYR,Paracetamol Paediatric Syrup,6734,2026-08-24,2026-08-29,2026-08-29,DELIVERED,SIMULATED
DEL-25CEE694,DH-MH-PUN-001,Aundh District Hospital Pune,MED-AMC-625,Amoxicillin + Clavulanic Acid,5236,2026-08-24,2026-08-28,2026-08-28,DELIVERED,SIMULATED
DEL-F9FCC4F4,DH-MH-PUN-001,Aundh District Hospital Pune,MED-RAB-VAC,Anti-Rabies Vaccine (Cell Culture),1302,2026-08-24,2026-08-31,2026-08-31,DELIVERED,SIMULATED
DEL-A9DD3975,DH-MH-PUN-001,Aundh District Hospital Pune,MED-MET-500,Metformin Hydrochloride,9352,2026-08-24,2026-08-30,2026-08-30,DELIVERED,SIMULATED
DEL-59009942,DH-MH-PUN-001,Aundh District Hospital Pune,MED-IVF-NS500,Normal Saline (0.9% Sodium Chloride),5600,2026-08-24,2026-08-29,2026-08-29,DELIVERED,SIMULATED
DEL-DA8208C4,DH-MH-PUN-001,Aundh District Hospital Pune,MED-ART-60,Artesunate,1120,2026-08-24,2026-08-30,2026-08-30,DELIVERED,SIMULATED
DEL-65E35218,DH-MH-PUN-001,Aundh District Hospital Pune,MED-ALB-400,Albendazole,2982,2026-08-24,2026-08-31,2026-08-31,DELIVERED,SIMULATED
DEL-967DBF90,PHC-KA-BEN-001,PHC Yelahanka,MED-AMC-625,Amoxicillin + Clavulanic Acid,406,2026-08-24,2026-08-29,2026-08-29,DELIVERED,SIMULATED
DEL-FA2689C4,PHC-KA-BEN-001,PHC Yelahanka,MED-ZNC-20,Zinc Sulfate Dispersible,462,2026-08-24,2026-08-30,2026-08-30,DELIVERED,SIMULATED
DEL-AD917291,PHC-KA-BEN-001,PHC Yelahanka,MED-AZI-500,Azithromycin,350,2026-08-24,2026-08-31,2026-08-31,DELIVERED,SIMULATED
DEL-EDEF326F,PHC-KA-BEN-001,PHC Yelahanka,MED-ASV-VIAL,Anti-Snake Venom Serum (Polyvalent),28,2026-08-24,2026-08-31,2026-08-31,DELIVERED,SIMULATED
DEL-F7A286D6,PHC-KA-BEN-001,PHC Yelahanka,MED-INS-REG,Human Insulin (Regular / Soluble),112,2026-08-24,2026-08-30,2026-08-30,DELIVERED,SIMULATED
DEL-F788022B,PHC-KA-BEN-001,PHC Yelahanka,MED-IVF-NS500,Normal Saline (0.9% Sodium Chloride),434,2026-08-24,2026-08-31,2026-08-31,DELIVERED,SIMULATED
DEL-9DE6CC70,PHC-KA-BEN-002,PHC Anekal,MED-PCM-500,Paracetamol,1008,2026-08-24,2026-08-29,2026-08-29,DELIVERED,SIMULATED
DEL-5B4C681B,PHC-KA-BEN-002,PHC Anekal,MED-AMX-500,Amoxicillin,490,2026-08-24,2026-08-28,2026-08-28,DELIVERED,SIMULATED
DEL-FF3B4186,PHC-KA-BEN-002,PHC Anekal,MED-ZNC-20,Zinc Sulfate Dispersible,350,2026-08-24,2026-08-31,2026-08-31,DELIVERED,SIMULATED
DEL-5E681AD0,PHC-KA-BEN-002,PHC Anekal,MED-CTX-1G,Ceftriaxone,126,2026-08-24,2026-08-30,2026-08-30,DELIVERED,SIMULATED
DEL-87F46B44,PHC-KA-BEN-002,PHC Anekal,MED-INS-REG,Human Insulin (Regular / Soluble),84,2026-08-24,2026-08-28,2026-08-28,DELIVERED,SIMULATED
DEL-FF1F1A58,PHC-KA-BEN-002,PHC Anekal,MED-MGS-50,Magnesium Sulfate,56,2026-08-24,2026-08-29,2026-08-29,DELIVERED,SIMULATED
DEL-A95C7024,PHC-KA-BEN-002,PHC Anekal,MED-ART-60,Artesunate,56,2026-08-24,2026-08-31,2026-08-31,DELIVERED,SIMULATED
DEL-97DA7554,PHC-KA-BEN-002,PHC Anekal,MED-ALB-400,Albendazole,168,2026-08-24,2026-08-31,2026-08-31,DELIVERED,SIMULATED
DEL-2CAB750E,PHC-KA-BEN-003,PHC Kengeri,MED-PCM-500,Paracetamol,1162,2026-08-24,2026-08-28,2026-08-28,DELIVERED,SIMULATED
DEL-08B1906E,PHC-KA-BEN-003,PHC Kengeri,MED-PCM-SYR,Paracetamol Paediatric Syrup,462,2026-08-24,2026-08-28,2026-08-28,DELIVERED,SIMULATED
DEL-BFA0B562,PHC-KA-BEN-003,PHC Kengeri,MED-AMC-625,Amoxicillin + Clavulanic Acid,350,2026-08-24,2026-08-28,2026-08-28,DELIVERED,SIMULATED
DEL-911DFC0B,PHC-KA-BEN-003,PHC Kengeri,MED-ORS-SFT,Oral Rehydration Salts (WHO Formula),826,2026-08-24,2026-08-28,2026-08-28,DELIVERED,SIMULATED
DEL-FBF4F7F8,PHC-KA-BEN-003,PHC Kengeri,MED-AZI-500,Azithromycin,308,2026-08-24,2026-08-30,2026-08-30,DELIVERED,SIMULATED
DEL-2A6E1AC7,PHC-KA-BEN-003,PHC Kengeri,MED-CTX-1G,Ceftriaxone,154,2026-08-24,2026-08-29,2026-08-29,DELIVERED,SIMULATED
DEL-C2613762,PHC-KA-BEN-003,PHC Kengeri,MED-ASV-VIAL,Anti-Snake Venom Serum (Polyvalent),28,2026-08-24,2026-08-31,2026-08-31,DELIVERED,SIMULATED
DEL-DC411339,PHC-KA-BEN-003,PHC Kengeri,MED-INS-REG,Human Insulin (Regular / Soluble),98,2026-08-24,2026-08-29,2026-08-29,DELIVERED,SIMULATED
DEL-9F9F019E,PHC-KA-BEN-003,PHC Kengeri,MED-MET-500,Metformin Hydrochloride,644,2026-08-24,2026-08-30,2026-08-30,DELIVERED,SIMULATED
DEL-984FB578,PHC-KA-BEN-003,PHC Kengeri,MED-OXY-AMP,Oxytocin,126,2026-08-24,2026-08-31,2026-08-31,DELIVERED,SIMULATED
DEL-62BC6274,PHC-KA-BEN-003,PHC Kengeri,MED-IVF-RL500,Ringer's Lactate (Compound Sodium Lactate),308,2026-08-24,2026-08-31,2026-08-31,DELIVERED,SIMULATED
DEL-0C1239E7,PHC-KA-BEN-003,PHC Kengeri,MED-ALB-400,Albendazole,196,2026-08-24,2026-08-31,2026-08-31,DELIVERED,SIMULATED
DEL-B1CF78C1,PHC-KA-BEN-003,PHC Kengeri,MED-IFA-TAB,Iron & Folic Acid (IFA),714,2026-08-24,2026-08-30,2026-08-30,DELIVERED,SIMULATED
DEL-34AE77BD,DH-KA-BEN-001,KC General District Hospital Malleshwaram,MED-AMC-625,Amoxicillin + Clavulanic Acid,6188,2026-08-24,2026-08-28,2026-08-28,DELIVERED,SIMULATED
DEL-3FB341A2,DH-KA-BEN-001,KC General District Hospital Malleshwaram,MED-ZNC-20,Zinc Sulfate Dispersible,7070,2026-08-24,2026-08-28,2026-08-28,DELIVERED,SIMULATED
DEL-339BAB7F,DH-KA-BEN-001,KC General District Hospital Malleshwaram,MED-CTX-1G,Ceftriaxone,2646,2026-08-24,2026-08-29,2026-08-29,DELIVERED,SIMULATED
DEL-2ECE5FE1,DH-KA-BEN-001,KC General District Hospital Malleshwaram,MED-RAB-VAC,Anti-Rabies Vaccine (Cell Culture),1540,2026-08-24,2026-08-28,2026-08-28,DELIVERED,SIMULATED
DEL-B107F755,DH-KA-BEN-001,KC General District Hospital Malleshwaram,MED-MGS-50,Magnesium Sulfate,1092,2026-08-24,2026-08-28,2026-08-28,DELIVERED,SIMULATED
DEL-52690432,PHC-BR-PAT-001,PHC Bakhtiyarpur,MED-ZNC-20,Zinc Sulfate Dispersible,280,2026-08-25,2026-08-30,2026-08-30,DELIVERED,SIMULATED
DEL-77904953,PHC-BR-PAT-001,PHC Bakhtiyarpur,MED-MET-500,Metformin Hydrochloride,434,2026-08-25,2026-08-29,2026-08-29,DELIVERED,SIMULATED
DEL-B5C3A437,PHC-BR-PAT-001,PHC Bakhtiyarpur,MED-IFA-TAB,Iron & Folic Acid (IFA),490,2026-08-25,2026-08-29,2026-08-29,DELIVERED,SIMULATED
DEL-F5AC4DF2,PHC-BR-PAT-002,PHC Danapur,MED-ZNC-20,Zinc Sulfate Dispersible,392,2026-08-25,2026-08-29,2026-08-29,DELIVERED,SIMULATED
DEL-74BE7800,PHC-BR-PAT-002,PHC Danapur,MED-RAB-VAC,Anti-Rabies Vaccine (Cell Culture),84,2026-08-25,2026-08-31,2026-08-31,DELIVERED,SIMULATED
DEL-2A96DF0A,PHC-BR-PAT-002,PHC Danapur,MED-IVF-RL500,Ringer's Lactate (Compound Sodium Lactate),294,2026-08-25,2026-08-31,2026-08-31,DELIVERED,SIMULATED
DEL-D6FD04DB,PHC-BR-PAT-002,PHC Danapur,MED-IVF-D5500,Dextrose 5% in Water,196,2026-08-25,2026-09-01,,IN_TRANSIT,SIMULATED
DEL-9B2FA852,PHC-BR-PAT-003,PHC Bihta,MED-AMC-625,Amoxicillin + Clavulanic Acid,266,2026-08-25,2026-08-30,2026-08-30,DELIVERED,SIMULATED
DEL-42828937,PHC-BR-PAT-003,PHC Bihta,MED-MET-500,Metformin Hydrochloride,490,2026-08-25,2026-08-30,2026-08-30,DELIVERED,SIMULATED
DEL-99DD5F4E,PHC-BR-PAT-003,PHC Bihta,MED-OXY-AMP,Oxytocin,98,2026-08-25,2026-08-31,2026-08-31,DELIVERED,SIMULATED
DEL-179537A3,PHC-BR-PAT-003,PHC Bihta,MED-IVF-RL500,Ringer's Lactate (Compound Sodium Lactate),224,2026-08-25,2026-08-29,2026-08-29,DELIVERED,SIMULATED
DEL-63E712D5,PHC-BR-PAT-003,PHC Bihta,MED-ALB-400,Albendazole,154,2026-08-25,2026-08-29,2026-08-29,DELIVERED,SIMULATED
DEL-D3057800,CHC-BR-PAT-001,CHC Phulwari Sharif,MED-IVF-D5500,Dextrose 5% in Water,448,2026-08-25,2026-08-30,2026-08-30,DELIVERED,SIMULATED
DEL-930D9D97,DH-BR-PAT-001,District Hospital Gardanibagh,MED-ART-60,Artesunate,602,2026-08-25,2026-08-30,2026-08-30,DELIVERED,SIMULATED
DEL-11378F53,PHC-BR-GAY-003,PHC Tekari,MED-IVF-D5500,Dextrose 5% in Water,98,2026-08-25,2026-08-31,2026-08-31,DELIVERED,SIMULATED
DEL-159C8CA8,PHC-UP-VAR-003,PHC Sevapuri,MED-IVF-NS500,Normal Saline (0.9% Sodium Chloride),252,2026-08-25,2026-08-31,2026-08-31,DELIVERED,SIMULATED
DEL-8F3AC1A5,DH-UP-VAR-001,Pandit Deen Dayal Upadhyay District Hospital,MED-MET-500,Metformin Hydrochloride,8078,2026-08-25,2026-08-29,2026-08-29,DELIVERED,SIMULATED
DEL-FF7C81EE,PHC-UP-LUK-003,PHC Mohanlalganj,MED-IVF-RL500,Ringer's Lactate (Compound Sodium Lactate),252,2026-08-25,2026-08-31,2026-08-31,DELIVERED,SIMULATED
DEL-D6D14454,PHC-KA-BEN-002,PHC Anekal,MED-IVF-D5500,Dextrose 5% in Water,168,2026-08-25,2026-09-01,,IN_TRANSIT,SIMULATED
DEL-0E0239F5,PHC-BR-PAT-001,PHC Bakhtiyarpur,MED-OXY-AMP,Oxytocin,84,2026-08-26,2026-08-31,2026-08-31,DELIVERED,SIMULATED
DEL-AFC171C3,CHC-BR-PAT-001,CHC Phulwari Sharif,MED-OXY-AMP,Oxytocin,280,2026-08-26,2026-08-31,2026-08-31,DELIVERED,SIMULATED
DEL-D36F79BF,CHC-BR-PAT-001,CHC Phulwari Sharif,MED-ART-60,Artesunate,168,2026-08-26,2026-09-01,,IN_TRANSIT,SIMULATED
DEL-96847CF9,PHC-BR-GAY-001,PHC Bodh Gaya,MED-ZNC-20,Zinc Sulfate Dispersible,280,2026-08-26,2026-09-02,,IN_TRANSIT,SIMULATED
DEL-8CE36EC3,PHC-BR-GAY-002,PHC Sherghati,MED-INS-REG,Human Insulin (Regular / Soluble),56,2026-08-26,2026-08-30,2026-08-30,DELIVERED,SIMULATED
DEL-D1195B62,PHC-BR-GAY-003,PHC Tekari,MED-ART-60,Artesunate,28,2026-08-26,2026-09-01,,IN_TRANSIT,SIMULATED
DEL-675B90E4,PHC-UP-VAR-002,PHC Pindra,MED-IVF-D5500,Dextrose 5% in Water,168,2026-08-26,2026-09-02,,IN_TRANSIT,SIMULATED
DEL-436385C7,PHC-RJ-JAI-003,PHC Amer,MED-AMC-625,Amoxicillin + Clavulanic Acid,308,2026-08-26,2026-08-30,2026-08-30,DELIVERED,SIMULATED
DEL-F24FAFD2,PHC-RJ-JAI-003,PHC Amer,MED-INS-REG,Human Insulin (Regular / Soluble),84,2026-08-26,2026-08-31,2026-08-31,DELIVERED,SIMULATED
DEL-F8565C7A,PHC-BR-GAY-002,PHC Sherghati,MED-IVF-RL500,Ringer's Lactate (Compound Sodium Lactate),182,2026-08-27,2026-08-31,2026-08-31,DELIVERED,SIMULATED
DEL-9BD6C5AD,PHC-BR-GAY-003,PHC Tekari,MED-INS-REG,Human Insulin (Regular / Soluble),42,2026-08-27,2026-09-02,,IN_TRANSIT,SIMULATED
DEL-0EDCD7D1,PHC-BR-GAY-003,PHC Tekari,MED-OXY-AMP,Oxytocin,56,2026-08-27,2026-09-03,,IN_TRANSIT,SIMULATED
DEL-960E48F5,PHC-BR-GAY-003,PHC Tekari,MED-ALB-400,Albendazole,98,2026-08-27,2026-09-01,,IN_TRANSIT,SIMULATED
DEL-71F6CE21,PHC-UP-VAR-001,PHC Cholapur,MED-MGS-50,Magnesium Sulfate,42,2026-08-27,2026-09-02,,IN_TRANSIT,SIMULATED
DEL-ACAA6664,PHC-UP-VAR-002,PHC Pindra,MED-OXY-AMP,Oxytocin,98,2026-08-27,2026-08-31,2026-08-31,DELIVERED,SIMULATED
DEL-59CA4D7E,PHC-UP-LUK-002,PHC Malihabad,MED-ASV-VIAL,Anti-Snake Venom Serum (Polyvalent),28,2026-08-27,2026-09-01,,IN_TRANSIT,SIMULATED
DEL-B907BB08,DH-UP-LUK-001,Balrampur District Hospital Lucknow,MED-ASV-VIAL,Anti-Snake Venom Serum (Polyvalent),476,2026-08-27,2026-08-31,2026-08-31,DELIVERED,SIMULATED
DEL-45E8C5E3,DH-UP-LUK-001,Balrampur District Hospital Lucknow,MED-MGS-50,Magnesium Sulfate,1008,2026-08-27,2026-09-01,,IN_TRANSIT,SIMULATED
DEL-A5A2183B,PHC-RJ-JAI-001,PHC Bassi,MED-RAB-VAC,Anti-Rabies Vaccine (Cell Culture),56,2026-08-27,2026-09-01,,IN_TRANSIT,SIMULATED
DEL-B4DBC4F6,PHC-RJ-JAI-001,PHC Bassi,MED-INS-REG,Human Insulin (Regular / Soluble),70,2026-08-27,2026-09-02,,IN_TRANSIT,SIMULATED
DEL-E71EA297,PHC-RJ-JAI-002,PHC Chaksu,MED-OXY-AMP,Oxytocin,84,2026-08-27,2026-09-02,,IN_TRANSIT,SIMULATED
DEL-7E35D063,PHC-RJ-JAI-003,PHC Amer,MED-ART-60,Artesunate,56,2026-08-27,2026-09-03,,IN_TRANSIT,SIMULATED
DEL-4E6BEC13,PHC-MH-PUN-001,PHC Mulshi,MED-ORS-SFT,Oral Rehydration Salts (WHO Formula),490,2026-08-27,2026-09-02,,IN_TRANSIT,SIMULATED
DEL-97ECA1F0,PHC-MH-PUN-001,PHC Mulshi,MED-MGS-50,Magnesium Sulfate,28,2026-08-27,2026-09-02,,IN_TRANSIT,SIMULATED
DEL-8134B40E,DH-KA-BEN-001,KC General District Hospital Malleshwaram,MED-MET-500,Metformin Hydrochloride,11046,2026-08-27,2026-09-03,,IN_TRANSIT,SIMULATED
DEL-EC17AC4F,PHC-BR-PAT-001,PHC Bakhtiyarpur,MED-CTX-1G,Ceftriaxone,98,2026-08-28,2026-09-04,,IN_TRANSIT,SIMULATED
DEL-9CB9352C,PHC-BR-PAT-004,PHC Fatuha,MED-MGS-50,Magnesium Sulfate,28,2026-08-28,2026-09-03,,IN_TRANSIT,SIMULATED
DEL-C6481983,PHC-BR-PAT-005,PHC Mokama,MED-ASV-VIAL,Anti-Snake Venom Serum (Polyvalent),28,2026-08-28,2026-09-03,,IN_TRANSIT,SIMULATED
DEL-56ACF85C,PHC-BR-GAY-001,PHC Bodh Gaya,MED-RAB-VAC,Anti-Rabies Vaccine (Cell Culture),56,2026-08-28,2026-09-01,,IN_TRANSIT,SIMULATED
DEL-9DDD83FB,PHC-BR-GAY-001,PHC Bodh Gaya,MED-ASV-VIAL,Anti-Snake Venom Serum (Polyvalent),28,2026-08-28,2026-09-02,,IN_TRANSIT,SIMULATED
DEL-BF19FFEB,PHC-BR-GAY-002,PHC Sherghati,MED-AZI-500,Azithromycin,182,2026-08-28,2026-09-02,,IN_TRANSIT,SIMULATED
DEL-67762F9A,PHC-UP-VAR-004,PHC Kashi Vidyapeeth,MED-IVF-D5500,Dextrose 5% in Water,210,2026-08-28,2026-09-04,,IN_TRANSIT,SIMULATED
DEL-57EAE1BA,PHC-UP-LUK-001,PHC Bakshi Ka Talab,MED-MGS-50,Magnesium Sulfate,56,2026-08-28,2026-09-03,,IN_TRANSIT,SIMULATED
DEL-A71635AE,PHC-UP-LUK-003,PHC Mohanlalganj,MED-ZNC-20,Zinc Sulfate Dispersible,336,2026-08-28,2026-09-04,,IN_TRANSIT,SIMULATED
DEL-3B00BD7B,PHC-MH-PUN-001,PHC Mulshi,MED-INS-REG,Human Insulin (Regular / Soluble),56,2026-08-28,2026-09-04,,IN_TRANSIT,SIMULATED
DEL-BF4FF8D1,PHC-MH-PUN-002,PHC Haveli,MED-INS-REG,Human Insulin (Regular / Soluble),98,2026-08-28,2026-09-02,,IN_TRANSIT,SIMULATED
DEL-1D55455F,PHC-KA-BEN-001,PHC Yelahanka,MED-IVF-D5500,Dextrose 5% in Water,224,2026-08-28,2026-09-01,,IN_TRANSIT,SIMULATED
DEL-F8A0B2B8,PHC-KA-BEN-002,PHC Anekal,MED-AZI-500,Azithromycin,266,2026-08-28,2026-09-01,,IN_TRANSIT,SIMULATED
DEL-FDEF18BE,PHC-KA-BEN-002,PHC Anekal,MED-RAB-VAC,Anti-Rabies Vaccine (Cell Culture),70,2026-08-28,2026-09-01,,IN_TRANSIT,SIMULATED
DEL-79B9A39E,PHC-KA-BEN-003,PHC Kengeri,MED-MGS-50,Magnesium Sulfate,56,2026-08-28,2026-09-02,,IN_TRANSIT,SIMULATED
DEL-E334A9B7,DH-KA-BEN-001,KC General District Hospital Malleshwaram,MED-ASV-VIAL,Anti-Snake Venom Serum (Polyvalent),518,2026-08-28,2026-09-01,,IN_TRANSIT,SIMULATED
DEL-0E97796F,DH-KA-BEN-001,KC General District Hospital Malleshwaram,MED-INS-REG,Human Insulin (Regular / Soluble),1764,2026-08-28,2026-09-02,,IN_TRANSIT,SIMULATED
DEL-25F49EFC,PHC-BR-PAT-001,PHC Bakhtiyarpur,MED-ORS-SFT,Oral Rehydration Salts (WHO Formula),560,2026-08-29,2026-09-04,,IN_TRANSIT,SIMULATED
DEL-2DAC65DB,PHC-BR-PAT-001,PHC Bakhtiyarpur,MED-IVF-NS500,Normal Saline (0.9% Sodium Chloride),252,2026-08-29,2026-09-02,,IN_TRANSIT,SIMULATED
DEL-5D8CC312,PHC-BR-PAT-001,PHC Bakhtiyarpur,MED-ART-60,Artesunate,42,2026-08-29,2026-09-05,,IN_TRANSIT,SIMULATED
DEL-AEA22662,PHC-BR-PAT-002,PHC Danapur,MED-PCM-SYR,Paracetamol Paediatric Syrup,448,2026-08-29,2026-09-03,,IN_TRANSIT,SIMULATED
DEL-465670DF,PHC-BR-PAT-003,PHC Bihta,MED-AMX-500,Amoxicillin,420,2026-08-29,2026-09-04,,IN_TRANSIT,SIMULATED
DEL-78BBF31B,PHC-BR-PAT-004,PHC Fatuha,MED-CTX-1G,Ceftriaxone,84,2026-08-29,2026-09-02,,IN_TRANSIT,SIMULATED
DEL-A254B33B,PHC-BR-PAT-004,PHC Fatuha,MED-IVF-NS500,Normal Saline (0.9% Sodium Chloride),238,2026-08-29,2026-09-02,,IN_TRANSIT,SIMULATED
DEL-B9D083CE,CHC-BR-PAT-001,CHC Phulwari Sharif,MED-ASV-VIAL,Anti-Snake Venom Serum (Polyvalent),56,2026-08-29,2026-09-05,,IN_TRANSIT,SIMULATED
DEL-EF43BBB7,DH-BR-PAT-001,District Hospital Gardanibagh,MED-PCM-SYR,Paracetamol Paediatric Syrup,3668,2026-08-29,2026-09-03,,IN_TRANSIT,SIMULATED
DEL-62C068BF,DH-BR-PAT-001,District Hospital Gardanibagh,MED-CTX-1G,Ceftriaxone,1218,2026-08-29,2026-09-04,,IN_TRANSIT,SIMULATED
DEL-DD42793D,PHC-BR-GAY-002,PHC Sherghati,MED-IVF-D5500,Dextrose 5% in Water,112,2026-08-29,2026-09-02,,IN_TRANSIT,SIMULATED
DEL-3E1718A6,PHC-BR-GAY-003,PHC Tekari,MED-RAB-VAC,Anti-Rabies Vaccine (Cell Culture),42,2026-08-29,2026-09-02,,IN_TRANSIT,SIMULATED
DEL-15F357E2,DH-BR-GAY-001,Jay Prakash Narayan District Hospital Gaya,MED-AMC-625,Amoxicillin + Clavulanic Acid,3808,2026-08-29,2026-09-03,,IN_TRANSIT,SIMULATED
DEL-3C397D43,PHC-UP-VAR-001,PHC Cholapur,MED-INS-REG,Human Insulin (Regular / Soluble),70,2026-08-29,2026-09-02,,IN_TRANSIT,SIMULATED
DEL-BA21BAAE,PHC-UP-VAR-003,PHC Sevapuri,MED-AMX-500,Amoxicillin,364,2026-08-29,2026-09-02,,IN_TRANSIT,SIMULATED
DEL-C11356DE,DH-UP-VAR-001,Pandit Deen Dayal Upadhyay District Hospital,MED-IVF-D5500,Dextrose 5% in Water,2576,2026-08-29,2026-09-04,,IN_TRANSIT,SIMULATED
DEL-C97111A6,PHC-RJ-JAI-001,PHC Bassi,MED-ASV-VIAL,Anti-Snake Venom Serum (Polyvalent),28,2026-08-29,2026-09-05,,IN_TRANSIT,SIMULATED
DEL-FF209697,PHC-RJ-JAI-003,PHC Amer,MED-AMX-500,Amoxicillin,490,2026-08-29,2026-09-04,,IN_TRANSIT,SIMULATED
DEL-30E3E06C,DH-RJ-JAI-001,Kanwatia District Hospital Jaipur,MED-INS-REG,Human Insulin (Regular / Soluble),1218,2026-08-29,2026-09-05,,IN_TRANSIT,SIMULATED
DEL-AFDD9512,PHC-MH-PUN-001,PHC Mulshi,MED-ALB-400,Albendazole,112,2026-08-29,2026-09-03,,IN_TRANSIT,SIMULATED
DEL-67BD31F4,PHC-MH-PUN-002,PHC Haveli,MED-IFA-TAB,Iron & Folic Acid (IFA),756,2026-08-29,2026-09-04,,IN_TRANSIT,SIMULATED
DEL-D44B89B1,PHC-MH-PUN-003,PHC Khed,MED-INS-REG,Human Insulin (Regular / Soluble),70,2026-08-29,2026-09-02,,IN_TRANSIT,SIMULATED
DEL-8C4055CC,PHC-MH-PUN-003,PHC Khed,MED-IFA-TAB,Iron & Folic Acid (IFA),560,2026-08-29,2026-09-03,,IN_TRANSIT,SIMULATED
DEL-D00874B2,PHC-KA-BEN-001,PHC Yelahanka,MED-PCM-500,Paracetamol,1316,2026-08-29,2026-09-04,,IN_TRANSIT,SIMULATED
DEL-5E7A6D4F,PHC-KA-BEN-001,PHC Yelahanka,MED-CTX-1G,Ceftriaxone,168,2026-08-29,2026-09-02,,IN_TRANSIT,SIMULATED
DEL-DAFB5174,PHC-KA-BEN-002,PHC Anekal,MED-MET-500,Metformin Hydrochloride,560,2026-08-29,2026-09-03,,IN_TRANSIT,SIMULATED
DEL-551914CD,PHC-KA-BEN-002,PHC Anekal,MED-IVF-RL500,Ringer's Lactate (Compound Sodium Lactate),266,2026-08-29,2026-09-03,,IN_TRANSIT,SIMULATED
DEL-755745CB,DH-KA-BEN-001,KC General District Hospital Malleshwaram,MED-IVF-RL500,Ringer's Lactate (Compound Sodium Lactate),5306,2026-08-29,2026-09-05,,IN_TRANSIT,SIMULATED
DEL-54F13CC2,PHC-BR-PAT-002,PHC Danapur,MED-ORS-SFT,Oral Rehydration Salts (WHO Formula),798,2026-08-30,2026-09-05,,IN_TRANSIT,SIMULATED
DEL-A7FA4D08,PHC-BR-PAT-003,PHC Bihta,MED-INS-REG,Human Insulin (Regular / Soluble),70,2026-08-30,2026-09-05,,IN_TRANSIT,SIMULATED
DEL-DB138FA8,PHC-BR-PAT-005,PHC Mokama,MED-MGS-50,Magnesium Sulfate,42,2026-08-30,2026-09-05,,IN_TRANSIT,SIMULATED
DEL-AF0D7A78,PHC-UP-VAR-001,PHC Cholapur,MED-ASV-VIAL,Anti-Snake Venom Serum (Polyvalent),28,2026-08-30,2026-09-06,,IN_TRANSIT,SIMULATED
DEL-2206BB10,PHC-RJ-JAI-001,PHC Bassi,MED-OXY-AMP,Oxytocin,98,2026-08-30,2026-09-06,,IN_TRANSIT,SIMULATED
DEL-A7EC6F31,PHC-MH-PUN-001,PHC Mulshi,MED-AZI-500,Azithromycin,182,2026-08-30,2026-09-03,,IN_TRANSIT,SIMULATED
DEL-2A7D3E1E,PHC-MH-PUN-001,PHC Mulshi,MED-IVF-D5500,Dextrose 5% in Water,112,2026-08-30,2026-09-04,,IN_TRANSIT,SIMULATED
DEL-A4047035,PHC-BR-PAT-001,PHC Bakhtiyarpur,MED-PCM-500,Paracetamol,784,2026-08-31,2026-09-05,,IN_TRANSIT,SIMULATED
DEL-74AF0E0C,PHC-BR-PAT-001,PHC Bakhtiyarpur,MED-AZI-500,Azithromycin,210,2026-08-31,2026-09-07,,IN_TRANSIT,SIMULATED
DEL-5DB27242,PHC-BR-PAT-001,PHC Bakhtiyarpur,MED-RAB-VAC,Anti-Rabies Vaccine (Cell Culture),56,2026-08-31,2026-09-06,,IN_TRANSIT,SIMULATED
DEL-B4F93A6C,PHC-BR-PAT-001,PHC Bakhtiyarpur,MED-INS-REG,Human Insulin (Regular / Soluble),70,2026-08-31,2026-09-04,,IN_TRANSIT,SIMULATED
DEL-064016D2,PHC-BR-PAT-001,PHC Bakhtiyarpur,MED-IVF-RL500,Ringer's Lactate (Compound Sodium Lactate),210,2026-08-31,2026-09-04,,IN_TRANSIT,SIMULATED
DEL-19E78577,PHC-BR-PAT-002,PHC Danapur,MED-PCM-500,Paracetamol,1134,2026-08-31,2026-09-05,,IN_TRANSIT,SIMULATED
DEL-C58207CB,PHC-BR-PAT-002,PHC Danapur,MED-AMX-500,Amoxicillin,546,2026-08-31,2026-09-04,,IN_TRANSIT,SIMULATED
DEL-734D7C47,PHC-BR-PAT-002,PHC Danapur,MED-ASV-VIAL,Anti-Snake Venom Serum (Polyvalent),28,2026-08-31,2026-09-06,,IN_TRANSIT,SIMULATED
DEL-94D2D599,PHC-BR-PAT-002,PHC Danapur,MED-OXY-AMP,Oxytocin,126,2026-08-31,2026-09-05,,IN_TRANSIT,SIMULATED
DEL-98BB6414,PHC-BR-PAT-003,PHC Bihta,MED-PCM-SYR,Paracetamol Paediatric Syrup,350,2026-08-31,2026-09-05,,IN_TRANSIT,SIMULATED
DEL-5D53C9E6,PHC-BR-PAT-003,PHC Bihta,MED-ORS-SFT,Oral Rehydration Salts (WHO Formula),616,2026-08-31,2026-09-04,,IN_TRANSIT,SIMULATED
DEL-1CFE00C1,PHC-BR-PAT-003,PHC Bihta,MED-RAB-VAC,Anti-Rabies Vaccine (Cell Culture),56,2026-08-31,2026-09-07,,IN_TRANSIT,SIMULATED
DEL-BBAB11CC,PHC-BR-PAT-004,PHC Fatuha,MED-PCM-SYR,Paracetamol Paediatric Syrup,280,2026-08-31,2026-09-05,,IN_TRANSIT,SIMULATED
DEL-AA35B5CD,PHC-BR-PAT-004,PHC Fatuha,MED-ORS-SFT,Oral Rehydration Salts (WHO Formula),504,2026-08-31,2026-09-04,,IN_TRANSIT,SIMULATED
DEL-4070AB20,PHC-BR-PAT-004,PHC Fatuha,MED-INS-REG,Human Insulin (Regular / Soluble),56,2026-08-31,2026-09-04,,IN_TRANSIT,SIMULATED
DEL-117C5A82,PHC-BR-PAT-004,PHC Fatuha,MED-IVF-D5500,Dextrose 5% in Water,126,2026-08-31,2026-09-06,,IN_TRANSIT,SIMULATED
DEL-799B2D58,PHC-BR-PAT-005,PHC Mokama,MED-CTX-1G,Ceftriaxone,112,2026-08-31,2026-09-07,,IN_TRANSIT,SIMULATED
DEL-4A3D8719,CHC-BR-PAT-001,CHC Phulwari Sharif,MED-RAB-VAC,Anti-Rabies Vaccine (Cell Culture),196,2026-08-31,2026-09-05,,IN_TRANSIT,SIMULATED
DEL-CE15CC9B,CHC-BR-PAT-001,CHC Phulwari Sharif,MED-MET-500,Metformin Hydrochloride,1400,2026-08-31,2026-09-07,,IN_TRANSIT,SIMULATED
DEL-D796EBBA,CHC-BR-PAT-001,CHC Phulwari Sharif,MED-IVF-NS500,Normal Saline (0.9% Sodium Chloride),840,2026-08-31,2026-09-04,,IN_TRANSIT,SIMULATED
DEL-C72336A7,DH-BR-PAT-001,District Hospital Gardanibagh,MED-AMX-500,Amoxicillin,4480,2026-08-31,2026-09-05,,IN_TRANSIT,SIMULATED
DEL-3DDC894C,DH-BR-PAT-001,District Hospital Gardanibagh,MED-ASV-VIAL,Anti-Snake Venom Serum (Polyvalent),238,2026-08-31,2026-09-07,,IN_TRANSIT,SIMULATED
DEL-07BD2862,PHC-BR-GAY-001,PHC Bodh Gaya,MED-IVF-D5500,Dextrose 5% in Water,140,2026-08-31,2026-09-05,,IN_TRANSIT,SIMULATED
DEL-300C7F21,PHC-BR-GAY-001,PHC Bodh Gaya,MED-ALB-400,Albendazole,140,2026-08-31,2026-09-04,,IN_TRANSIT,SIMULATED
DEL-B24F848C,DH-BR-GAY-001,Jay Prakash Narayan District Hospital Gaya,MED-AZI-500,Azithromycin,3262,2026-08-31,2026-09-05,,IN_TRANSIT,SIMULATED
DEL-0C7A0B3C,DH-BR-GAY-001,Jay Prakash Narayan District Hospital Gaya,MED-INS-REG,Human Insulin (Regular / Soluble),1078,2026-08-31,2026-09-06,,IN_TRANSIT,SIMULATED
DEL-495CC1B1,CHC-UP-VAR-001,CHC Misirpur,MED-ORS-SFT,Oral Rehydration Salts (WHO Formula),1862,2026-08-31,2026-09-04,,IN_TRANSIT,SIMULATED
DEL-06D276A8,CHC-UP-VAR-001,CHC Misirpur,MED-ZNC-20,Zinc Sulfate Dispersible,924,2026-08-31,2026-09-04,,IN_TRANSIT,SIMULATED
DEL-66A3EFA7,PHC-UP-LUK-002,PHC Malihabad,MED-AZI-500,Azithromycin,238,2026-08-31,2026-09-05,,IN_TRANSIT,SIMULATED
DEL-7978CC5A,PHC-UP-LUK-002,PHC Malihabad,MED-OXY-AMP,Oxytocin,98,2026-08-31,2026-09-04,,IN_TRANSIT,SIMULATED
DEL-D3E71B5C,PHC-UP-LUK-003,PHC Mohanlalganj,MED-RAB-VAC,Anti-Rabies Vaccine (Cell Culture),70,2026-08-31,2026-09-04,,IN_TRANSIT,SIMULATED
DEL-AED4B44C,PHC-RJ-JAI-002,PHC Chaksu,MED-IFA-TAB,Iron & Folic Acid (IFA),490,2026-08-31,2026-09-05,,IN_TRANSIT,SIMULATED
DEL-47A5AEFA,PHC-RJ-JAI-003,PHC Amer,MED-PCM-500,Paracetamol,1008,2026-08-31,2026-09-04,,IN_TRANSIT,SIMULATED
DEL-B1571564,DH-RJ-JAI-001,Kanwatia District Hospital Jaipur,MED-MET-500,Metformin Hydrochloride,7644,2026-08-31,2026-09-05,,IN_TRANSIT,SIMULATED
DEL-3B266675,PHC-MH-PUN-002,PHC Haveli,MED-PCM-SYR,Paracetamol Paediatric Syrup,490,2026-08-31,2026-09-07,,IN_TRANSIT,SIMULATED
DEL-66810545,DH-MH-PUN-001,Aundh District Hospital Pune,MED-AZI-500,Azithromycin,4480,2026-08-31,2026-09-07,,IN_TRANSIT,SIMULATED
DEL-0A3DA132,PHC-KA-BEN-001,PHC Yelahanka,MED-MET-500,Metformin Hydrochloride,728,2026-08-31,2026-09-07,,IN_TRANSIT,SIMULATED
DEL-85C82A05,PHC-KA-BEN-001,PHC Yelahanka,MED-MGS-50,Magnesium Sulfate,70,2026-08-31,2026-09-07,,IN_TRANSIT,SIMULATED
DEL-01FF6A46,DH-KA-BEN-001,KC General District Hospital Malleshwaram,MED-IFA-TAB,Iron & Folic Acid (IFA),12376,2026-08-31,2026-09-04,,IN_TRANSIT,SIMULATED
DEL-C71FA3A2,PHC-BR-PAT-001,PHC Bakhtiyarpur,MED-ORS-SFT,Oral Rehydration Salts (WHO Formula),560,2026-08-24,2026-08-30,2026-08-30,DELIVERED,SIMULATED
DEL-3A5907D3,PHC-BR-PAT-001,PHC Bakhtiyarpur,MED-AZI-500,Azithromycin,210,2026-08-24,2026-08-30,2026-08-30,DELIVERED,SIMULATED
DEL-83739A60,PHC-BR-PAT-001,PHC Bakhtiyarpur,MED-CTX-1G,Ceftriaxone,98,2026-08-24,2026-08-30,2026-08-30,DELIVERED,SIMULATED
DEL-10BAB7FD,PHC-BR-PAT-001,PHC Bakhtiyarpur,MED-RAB-VAC,Anti-Rabies Vaccine (Cell Culture),56,2026-08-24,2026-08-28,2026-08-28,DELIVERED,SIMULATED
DEL-5F385FF1,PHC-BR-PAT-001,PHC Bakhtiyarpur,MED-INS-REG,Human Insulin (Regular / Soluble),70,2026-08-24,2026-08-29,2026-08-29,DELIVERED,SIMULATED
DEL-1058E17A,PHC-BR-PAT-001,PHC Bakhtiyarpur,MED-IVF-NS500,Normal Saline (0.9% Sodium Chloride),252,2026-08-24,2026-08-29,2026-08-29,DELIVERED,SIMULATED
DEL-EA5114A3,PHC-BR-PAT-001,PHC Bakhtiyarpur,MED-IVF-RL500,Ringer's Lactate (Compound Sodium Lactate),210,2026-08-24,2026-08-29,2026-08-29,DELIVERED,SIMULATED
DEL-D06EFB62,PHC-BR-PAT-001,PHC Bakhtiyarpur,MED-ART-60,Artesunate,42,2026-08-24,2026-08-31,2026-08-31,DELIVERED,SIMULATED
DEL-95B137C4,PHC-BR-PAT-002,PHC Danapur,MED-PCM-500,Paracetamol,1134,2026-08-24,2026-08-28,2026-08-28,DELIVERED,SIMULATED
DEL-EA81DDC7,PHC-BR-PAT-002,PHC Danapur,MED-PCM-SYR,Paracetamol Paediatric Syrup,448,2026-08-24,2026-08-28,2026-08-28,DELIVERED,SIMULATED
DEL-7AD64843,PHC-BR-PAT-002,PHC Danapur,MED-AMX-500,Amoxicillin,546,2026-08-24,2026-08-30,2026-08-30,DELIVERED,SIMULATED
DEL-F07410B4,PHC-BR-PAT-002,PHC Danapur,MED-ORS-SFT,Oral Rehydration Salts (WHO Formula),798,2026-08-24,2026-08-30,2026-08-30,DELIVERED,SIMULATED
DEL-292E16D6,PHC-BR-PAT-002,PHC Danapur,MED-AZI-500,Azithromycin,294,2026-08-24,2026-08-29,2026-08-29,DELIVERED,SIMULATED
DEL-F7E4E15A,PHC-BR-PAT-002,PHC Danapur,MED-ASV-VIAL,Anti-Snake Venom Serum (Polyvalent),28,2026-08-24,2026-08-28,2026-08-28,DELIVERED,SIMULATED
DEL-457C9D9E,PHC-BR-PAT-002,PHC Danapur,MED-OXY-AMP,Oxytocin,126,2026-08-24,2026-08-29,2026-08-29,DELIVERED,SIMULATED
DEL-A308375F,PHC-BR-PAT-002,PHC Danapur,MED-MGS-50,Magnesium Sulfate,56,2026-08-24,2026-08-29,2026-08-29,DELIVERED,SIMULATED
DEL-911726F6,PHC-BR-PAT-002,PHC Danapur,MED-IVF-D5500,Dextrose 5% in Water,196,2026-08-24,2026-08-30,2026-08-30,DELIVERED,SIMULATED
DEL-79E47441,PHC-BR-PAT-002,PHC Danapur,MED-ALB-400,Albendazole,196,2026-08-24,2026-08-30,2026-08-30,DELIVERED,SIMULATED
DEL-DE712E16,PHC-BR-PAT-002,PHC Danapur,MED-IFA-TAB,Iron & Folic Acid (IFA),700,2026-08-24,2026-08-28,2026-08-28,DELIVERED,SIMULATED
DEL-B80A2808,PHC-BR-PAT-003,PHC Bihta,MED-PCM-SYR,Paracetamol Paediatric Syrup,350,2026-08-24,2026-08-29,2026-08-29,DELIVERED,SIMULATED
DEL-F9664BF2,PHC-BR-PAT-003,PHC Bihta,MED-AMX-500,Amoxicillin,420,2026-08-24,2026-08-30,2026-08-30,DELIVERED,SIMULATED
DEL-BD37579A,PHC-BR-PAT-003,PHC Bihta,MED-ORS-SFT,Oral Rehydration Salts (WHO Formula),616,2026-08-24,2026-08-28,2026-08-28,DELIVERED,SIMULATED
DEL-E7C5A63D,PHC-BR-PAT-003,PHC Bihta,MED-RAB-VAC,Anti-Rabies Vaccine (Cell Culture),56,2026-08-24,2026-08-31,2026-08-31,DELIVERED,SIMULATED
DEL-646FBEB3,PHC-BR-PAT-003,PHC Bihta,MED-INS-REG,Human Insulin (Regular / Soluble),70,2026-08-24,2026-08-28,2026-08-28,DELIVERED,SIMULATED
DEL-AA25BCD6,PHC-BR-PAT-003,PHC Bihta,MED-MGS-50,Magnesium Sulfate,42,2026-08-24,2026-08-29,2026-08-29,DELIVERED,SIMULATED
DEL-E4225294,PHC-BR-PAT-003,PHC Bihta,MED-IVF-D5500,Dextrose 5% in Water,154,2026-08-24,2026-08-28,2026-08-28,DELIVERED,SIMULATED
DEL-79D30D31,PHC-BR-PAT-004,PHC Fatuha,MED-PCM-SYR,Paracetamol Paediatric Syrup,280,2026-08-24,2026-08-30,2026-08-30,DELIVERED,SIMULATED
DEL-F44982FB,PHC-BR-PAT-004,PHC Fatuha,MED-AMC-625,Amoxicillin + Clavulanic Acid,224,2026-08-24,2026-08-29,2026-08-29,DELIVERED,SIMULATED
DEL-DD7BD049,PHC-BR-PAT-004,PHC Fatuha,MED-ORS-SFT,Oral Rehydration Salts (WHO Formula),504,2026-08-24,2026-08-29,2026-08-29,DELIVERED,SIMULATED
DEL-83B13FFC,PHC-BR-PAT-004,PHC Fatuha,MED-CTX-1G,Ceftriaxone,84,2026-08-24,2026-08-30,2026-08-30,DELIVERED,SIMULATED
DEL-88635676,PHC-BR-PAT-004,PHC Fatuha,MED-INS-REG,Human Insulin (Regular / Soluble),56,2026-08-24,2026-08-28,2026-08-28,DELIVERED,SIMULATED
DEL-745AEED9,PHC-BR-PAT-004,PHC Fatuha,MED-MET-500,Metformin Hydrochloride,392,2026-08-24,2026-08-31,2026-08-31,DELIVERED,SIMULATED
DEL-1AF8C31C,PHC-BR-PAT-004,PHC Fatuha,MED-OXY-AMP,Oxytocin,70,2026-08-24,2026-08-30,2026-08-30,DELIVERED,SIMULATED
DEL-E4E000E1,PHC-BR-PAT-004,PHC Fatuha,MED-MGS-50,Magnesium Sulfate,28,2026-08-24,2026-08-30,2026-08-30,DELIVERED,SIMULATED
DEL-D82CAF11,PHC-BR-PAT-004,PHC Fatuha,MED-IVF-NS500,Normal Saline (0.9% Sodium Chloride),238,2026-08-24,2026-08-28,2026-08-28,DELIVERED,SIMULATED
DEL-A17264F1,PHC-BR-PAT-004,PHC Fatuha,MED-IVF-D5500,Dextrose 5% in Water,126,2026-08-24,2026-08-30,2026-08-30,DELIVERED,SIMULATED
DEL-149A6EAE,PHC-BR-PAT-004,PHC Fatuha,MED-ALB-400,Albendazole,126,2026-08-24,2026-08-30,2026-08-30,DELIVERED,SIMULATED
DEL-52E4A4E1,PHC-BR-PAT-005,PHC Mokama,MED-CTX-1G,Ceftriaxone,112,2026-08-24,2026-08-28,2026-08-28,DELIVERED,SIMULATED
DEL-2043498C,PHC-BR-PAT-005,PHC Mokama,MED-RAB-VAC,Anti-Rabies Vaccine (Cell Culture),56,2026-08-24,2026-08-30,2026-08-30,DELIVERED,SIMULATED
DEL-A9EB9E5F,PHC-BR-PAT-005,PHC Mokama,MED-ASV-VIAL,Anti-Snake Venom Serum (Polyvalent),28,2026-08-24,2026-08-28,2026-08-28,DELIVERED,SIMULATED
DEL-DFECB0D8,PHC-BR-PAT-005,PHC Mokama,MED-MGS-50,Magnesium Sulfate,42,2026-08-24,2026-08-30,2026-08-30,DELIVERED,SIMULATED
DEL-FA63793F,PHC-BR-PAT-005,PHC Mokama,MED-IVF-D5500,Dextrose 5% in Water,140,2026-08-24,2026-08-31,2026-08-31,DELIVERED,SIMULATED
DEL-1D5FC134,PHC-BR-PAT-005,PHC Mokama,MED-ART-60,Artesunate,56,2026-08-24,2026-08-30,2026-08-30,DELIVERED,SIMULATED
DEL-17514F0A,PHC-BR-PAT-005,PHC Mokama,MED-ALB-400,Albendazole,140,2026-08-24,2026-08-30,2026-08-30,DELIVERED,SIMULATED
DEL-0E5A4BD2,CHC-BR-PAT-001,CHC Phulwari Sharif,MED-ZNC-20,Zinc Sulfate Dispersible,896,2026-08-24,2026-08-30,2026-08-30,DELIVERED,SIMULATED
DEL-68E48780,CHC-BR-PAT-001,CHC Phulwari Sharif,MED-RAB-VAC,Anti-Rabies Vaccine (Cell Culture),196,2026-08-24,2026-08-29,2026-08-29,DELIVERED,SIMULATED
DEL-2E01943E,CHC-BR-PAT-001,CHC Phulwari Sharif,MED-ASV-VIAL,Anti-Snake Venom Serum (Polyvalent),56,2026-08-24,2026-08-28,2026-08-28,DELIVERED,SIMULATED
DEL-AA285C63,CHC-BR-PAT-001,CHC Phulwari Sharif,MED-INS-REG,Human Insulin (Regular / Soluble),224,2026-08-24,2026-08-29,2026-08-29,DELIVERED,SIMULATED
DEL-FDAD192F,CHC-BR-PAT-001,CHC Phulwari Sharif,MED-MET-500,Metformin Hydrochloride,1400,2026-08-24,2026-08-31,2026-08-31,DELIVERED,SIMULATED
DEL-8B0F0CD4,CHC-BR-PAT-001,CHC Phulwari Sharif,MED-IVF-NS500,Normal Saline (0.9% Sodium Chloride),840,2026-08-24,2026-08-28,2026-08-28,DELIVERED,SIMULATED
DEL-2DE86687,CHC-BR-PAT-001,CHC Phulwari Sharif,MED-ART-60,Artesunate,168,2026-08-24,2026-08-29,2026-08-29,DELIVERED,SIMULATED
DEL-CAAAB6B2,CHC-BR-PAT-001,CHC Phulwari Sharif,MED-IFA-TAB,Iron & Folic Acid (IFA),1568,2026-08-24,2026-08-29,2026-08-29,DELIVERED,SIMULATED
DEL-37D6C326,DH-BR-PAT-001,District Hospital Gardanibagh,MED-PCM-SYR,Paracetamol Paediatric Syrup,3668,2026-08-24,2026-08-28,2026-08-28,DELIVERED,SIMULATED
DEL-C2F31C82,DH-BR-PAT-001,District Hospital Gardanibagh,MED-AMX-500,Amoxicillin,4480,2026-08-24,2026-08-30,2026-08-30,DELIVERED,SIMULATED
DEL-9B7331ED,DH-BR-PAT-001,District Hospital Gardanibagh,MED-AMC-625,Amoxicillin + Clavulanic Acid,2856,2026-08-24,2026-08-29,2026-08-29,DELIVERED,SIMULATED
DEL-9215F95A,DH-BR-PAT-001,District Hospital Gardanibagh,MED-CTX-1G,Ceftriaxone,1218,2026-08-24,2026-08-31,2026-08-31,DELIVERED,SIMULATED
DEL-7007124E,DH-BR-PAT-001,District Hospital Gardanibagh,MED-ASV-VIAL,Anti-Snake Venom Serum (Polyvalent),238,2026-08-24,2026-08-29,2026-08-29,DELIVERED,SIMULATED
DEL-2657041B,DH-BR-PAT-001,District Hospital Gardanibagh,MED-MET-500,Metformin Hydrochloride,5096,2026-08-24,2026-08-29,2026-08-29,DELIVERED,SIMULATED
DEL-EF0BEE4B,DH-BR-PAT-001,District Hospital Gardanibagh,MED-IVF-D5500,Dextrose 5% in Water,1624,2026-08-24,2026-08-28,2026-08-28,DELIVERED,SIMULATED
DEL-C703206B,PHC-BR-GAY-001,PHC Bodh Gaya,MED-ZNC-20,Zinc Sulfate Dispersible,280,2026-08-24,2026-08-30,2026-08-30,DELIVERED,SIMULATED
DEL-6758CB01,PHC-BR-GAY-001,PHC Bodh Gaya,MED-RAB-VAC,Anti-Rabies Vaccine (Cell Culture),56,2026-08-24,2026-08-30,2026-08-30,DELIVERED,SIMULATED
DEL-014046DD,PHC-BR-GAY-001,PHC Bodh Gaya,MED-ASV-VIAL,Anti-Snake Venom Serum (Polyvalent),28,2026-08-24,2026-08-30,2026-08-30,DELIVERED,SIMULATED
DEL-A3AC0488,PHC-BR-GAY-001,PHC Bodh Gaya,MED-IVF-D5500,Dextrose 5% in Water,140,2026-08-24,2026-08-28,2026-08-28,DELIVERED,SIMULATED
DEL-27F7EC66,PHC-BR-GAY-001,PHC Bodh Gaya,MED-ALB-400,Albendazole,140,2026-08-24,2026-08-31,2026-08-31,DELIVERED,SIMULATED
DEL-B67DB438,PHC-BR-GAY-002,PHC Sherghati,MED-AZI-500,Azithromycin,182,2026-08-24,2026-08-29,2026-08-29,DELIVERED,SIMULATED
DEL-1F4B0526,PHC-BR-GAY-002,PHC Sherghati,MED-IVF-D5500,Dextrose 5% in Water,112,2026-08-24,2026-08-30,2026-08-30,DELIVERED,SIMULATED
DEL-FAA6D666,PHC-BR-GAY-003,PHC Tekari,MED-AMX-500,Amoxicillin,280,2026-08-24,2026-08-31,2026-08-31,DELIVERED,SIMULATED
DEL-3F208EFD,PHC-BR-GAY-003,PHC Tekari,MED-RAB-VAC,Anti-Rabies Vaccine (Cell Culture),42,2026-08-24,2026-08-28,2026-08-28,DELIVERED,SIMULATED
DEL-718A0474,PHC-BR-GAY-003,PHC Tekari,MED-INS-REG,Human Insulin (Regular / Soluble),42,2026-08-24,2026-08-31,2026-08-31,DELIVERED,SIMULATED
DEL-313665F3,PHC-BR-GAY-003,PHC Tekari,MED-OXY-AMP,Oxytocin,56,2026-08-24,2026-08-28,2026-08-28,DELIVERED,SIMULATED
DEL-0F6C01D5,PHC-BR-GAY-003,PHC Tekari,MED-ART-60,Artesunate,28,2026-08-24,2026-08-31,2026-08-31,DELIVERED,SIMULATED
DEL-B6FC7F0A,PHC-BR-GAY-003,PHC Tekari,MED-ALB-400,Albendazole,98,2026-08-24,2026-08-30,2026-08-30,DELIVERED,SIMULATED
DEL-CED164F4,DH-BR-GAY-001,Jay Prakash Narayan District Hospital Gaya,MED-AMC-625,Amoxicillin + Clavulanic Acid,3808,2026-08-24,2026-08-29,2026-08-29,DELIVERED,SIMULATED
DEL-448D0194,DH-BR-GAY-001,Jay Prakash Narayan District Hospital Gaya,MED-AZI-500,Azithromycin,3262,2026-08-24,2026-08-28,2026-08-28,DELIVERED,SIMULATED
DEL-DA1FB52A,DH-BR-GAY-001,Jay Prakash Narayan District Hospital Gaya,MED-INS-REG,Human Insulin (Regular / Soluble),1078,2026-08-24,2026-08-28,2026-08-28,DELIVERED,SIMULATED
DEL-C7D5BEC3,PHC-UP-VAR-001,PHC Cholapur,MED-ASV-VIAL,Anti-Snake Venom Serum (Polyvalent),28,2026-08-24,2026-08-31,2026-08-31,DELIVERED,SIMULATED
DEL-A9C7005C,PHC-UP-VAR-001,PHC Cholapur,MED-INS-REG,Human Insulin (Regular / Soluble),70,2026-08-24,2026-08-29,2026-08-29,DELIVERED,SIMULATED
DEL-01805A10,PHC-UP-VAR-001,PHC Cholapur,MED-MGS-50,Magnesium Sulfate,42,2026-08-24,2026-08-30,2026-08-30,DELIVERED,SIMULATED
DEL-ACF490F4,PHC-UP-VAR-002,PHC Pindra,MED-IVF-D5500,Dextrose 5% in Water,168,2026-08-24,2026-08-29,2026-08-29,DELIVERED,SIMULATED
DEL-AD0196B2,PHC-UP-VAR-003,PHC Sevapuri,MED-AMX-500,Amoxicillin,364,2026-08-24,2026-08-29,2026-08-29,DELIVERED,SIMULATED
DEL-01143D2D,PHC-UP-VAR-004,PHC Kashi Vidyapeeth,MED-IVF-D5500,Dextrose 5% in Water,210,2026-08-24,2026-08-31,2026-08-31,DELIVERED,SIMULATED
DEL-6BA03DA3,CHC-UP-VAR-001,CHC Misirpur,MED-ORS-SFT,Oral Rehydration Salts (WHO Formula),1862,2026-08-24,2026-08-28,2026-08-28,DELIVERED,SIMULATED
DEL-AA4260CF,CHC-UP-VAR-001,CHC Misirpur,MED-ZNC-20,Zinc Sulfate Dispersible,924,2026-08-24,2026-08-28,2026-08-28,DELIVERED,SIMULATED
DEL-F8B9F75B,CHC-UP-VAR-001,CHC Misirpur,MED-INS-REG,Human Insulin (Regular / Soluble),224,2026-08-24,2026-08-28,2026-08-28,DELIVERED,SIMULATED
DEL-F68C144E,DH-UP-VAR-001,Pandit Deen Dayal Upadhyay District Hospital,MED-IVF-D5500,Dextrose 5% in Water,2576,2026-08-24,2026-08-30,2026-08-30,DELIVERED,SIMULATED
DEL-7550AD2A,PHC-UP-LUK-001,PHC Bakshi Ka Talab,MED-MGS-50,Magnesium Sulfate,56,2026-08-24,2026-08-29,2026-08-29,DELIVERED,SIMULATED
DEL-1268D922,PHC-UP-LUK-002,PHC Malihabad,MED-AZI-500,Azithromycin,238,2026-08-24,2026-08-29,2026-08-29,DELIVERED,SIMULATED
DEL-C195DC81,PHC-UP-LUK-002,PHC Malihabad,MED-ASV-VIAL,Anti-Snake Venom Serum (Polyvalent),28,2026-08-24,2026-08-31,2026-08-31,DELIVERED,SIMULATED
DEL-1271899E,PHC-UP-LUK-002,PHC Malihabad,MED-OXY-AMP,Oxytocin,98,2026-08-24,2026-08-31,2026-08-31,DELIVERED,SIMULATED
DEL-F5EB5313,PHC-UP-LUK-003,PHC Mohanlalganj,MED-ZNC-20,Zinc Sulfate Dispersible,336,2026-08-24,2026-08-28,2026-08-28,DELIVERED,SIMULATED
DEL-32D4840A,PHC-UP-LUK-003,PHC Mohanlalganj,MED-RAB-VAC,Anti-Rabies Vaccine (Cell Culture),70,2026-08-24,2026-08-28,2026-08-28,DELIVERED,SIMULATED
DEL-63A58BFE,DH-UP-LUK-001,Balrampur District Hospital Lucknow,MED-MGS-50,Magnesium Sulfate,1008,2026-08-24,2026-08-29,2026-08-29,DELIVERED,SIMULATED
DEL-798E4194,PHC-RJ-JAI-001,PHC Bassi,MED-ORS-SFT,Oral Rehydration Salts (WHO Formula),616,2026-08-24,2026-08-31,2026-08-31,DELIVERED,SIMULATED
DEL-C1FEDE54,PHC-RJ-JAI-001,PHC Bassi,MED-RAB-VAC,Anti-Rabies Vaccine (Cell Culture),56,2026-08-24,2026-08-28,2026-08-28,DELIVERED,SIMULATED
DEL-16F4D8A5,PHC-RJ-JAI-001,PHC Bassi,MED-ASV-VIAL,Anti-Snake Venom Serum (Polyvalent),28,2026-08-24,2026-08-29,2026-08-29,DELIVERED,SIMULATED
DEL-D2FECB54,PHC-RJ-JAI-001,PHC Bassi,MED-INS-REG,Human Insulin (Regular / Soluble),70,2026-08-24,2026-08-31,2026-08-31,DELIVERED,SIMULATED
DEL-3ED0E14D,PHC-RJ-JAI-001,PHC Bassi,MED-OXY-AMP,Oxytocin,98,2026-08-24,2026-08-30,2026-08-30,DELIVERED,SIMULATED
DEL-D2CDBE8D,PHC-RJ-JAI-002,PHC Chaksu,MED-OXY-AMP,Oxytocin,84,2026-08-24,2026-08-29,2026-08-29,DELIVERED,SIMULATED
DEL-36954A54,PHC-RJ-JAI-002,PHC Chaksu,MED-IFA-TAB,Iron & Folic Acid (IFA),490,2026-08-24,2026-08-29,2026-08-29,DELIVERED,SIMULATED
DEL-9260CCDD,PHC-RJ-JAI-003,PHC Amer,MED-PCM-500,Paracetamol,1008,2026-08-24,2026-08-29,2026-08-29,DELIVERED,SIMULATED
DEL-5CCB542F,PHC-RJ-JAI-003,PHC Amer,MED-AMX-500,Amoxicillin,490,2026-08-24,2026-08-28,2026-08-28,DELIVERED,SIMULATED
DEL-C60CC7C9,PHC-RJ-JAI-003,PHC Amer,MED-ART-60,Artesunate,56,2026-08-24,2026-08-29,2026-08-29,DELIVERED,SIMULATED
DEL-47D551DF,DH-RJ-JAI-001,Kanwatia District Hospital Jaipur,MED-INS-REG,Human Insulin (Regular / Soluble),1218,2026-08-24,2026-08-28,2026-08-28,DELIVERED,SIMULATED
DEL-3AE8BCB7,DH-RJ-JAI-001,Kanwatia District Hospital Jaipur,MED-MET-500,Metformin Hydrochloride,7644,2026-08-24,2026-08-31,2026-08-31,DELIVERED,SIMULATED
DEL-90465192,PHC-MH-PUN-001,PHC Mulshi,MED-ORS-SFT,Oral Rehydration Salts (WHO Formula),490,2026-08-24,2026-08-28,2026-08-28,DELIVERED,SIMULATED
DEL-9513D5D8,PHC-MH-PUN-001,PHC Mulshi,MED-AZI-500,Azithromycin,182,2026-08-24,2026-08-31,2026-08-31,DELIVERED,SIMULATED
DEL-1C20B149,PHC-MH-PUN-001,PHC Mulshi,MED-INS-REG,Human Insulin (Regular / Soluble),56,2026-08-24,2026-08-31,2026-08-31,DELIVERED,SIMULATED
DEL-8ADCD1DD,PHC-MH-PUN-001,PHC Mulshi,MED-MGS-50,Magnesium Sulfate,28,2026-08-24,2026-08-29,2026-08-29,DELIVERED,SIMULATED
DEL-89C4FB40,PHC-MH-PUN-001,PHC Mulshi,MED-IVF-D5500,Dextrose 5% in Water,112,2026-08-24,2026-08-31,2026-08-31,DELIVERED,SIMULATED
DEL-77B09A92,PHC-MH-PUN-001,PHC Mulshi,MED-ALB-400,Albendazole,112,2026-08-24,2026-08-28,2026-08-28,DELIVERED,SIMULATED
DEL-596744DD,PHC-MH-PUN-002,PHC Haveli,MED-PCM-SYR,Paracetamol Paediatric Syrup,490,2026-08-24,2026-08-29,2026-08-29,DELIVERED,SIMULATED
DEL-FD65329D,PHC-MH-PUN-002,PHC Haveli,MED-AMX-500,Amoxicillin,588,2026-08-24,2026-08-31,2026-08-31,DELIVERED,SIMULATED
DEL-E3D18707,PHC-MH-PUN-002,PHC Haveli,MED-INS-REG,Human Insulin (Regular / Soluble),98,2026-08-24,2026-08-30,2026-08-30,DELIVERED,SIMULATED
DEL-3CBE3B2C,PHC-MH-PUN-002,PHC Haveli,MED-IFA-TAB,Iron & Folic Acid (IFA),756,2026-08-24,2026-08-31,2026-08-31,DELIVERED,SIMULATED
DEL-C2BD14F9,PHC-MH-PUN-003,PHC Khed,MED-INS-REG,Human Insulin (Regular / Soluble),70,2026-08-24,2026-08-28,2026-08-28,DELIVERED,SIMULATED
DEL-5491C546,PHC-MH-PUN-003,PHC Khed,MED-ALB-400,Albendazole,154,2026-08-24,2026-08-28,2026-08-28,DELIVERED,SIMULATED
DEL-C65C7259,PHC-MH-PUN-003,PHC Khed,MED-IFA-TAB,Iron & Folic Acid (IFA),560,2026-08-24,2026-08-28,2026-08-28,DELIVERED,SIMULATED
DEL-05605B8B,DH-MH-PUN-001,Aundh District Hospital Pune,MED-AZI-500,Azithromycin,4480,2026-08-24,2026-08-31,2026-08-31,DELIVERED,SIMULATED
DEL-A2D59DAD,PHC-KA-BEN-001,PHC Yelahanka,MED-PCM-500,Paracetamol,1316,2026-08-24,2026-08-28,2026-08-28,DELIVERED,SIMULATED
DEL-A8B75D73,PHC-KA-BEN-001,PHC Yelahanka,MED-CTX-1G,Ceftriaxone,168,2026-08-24,2026-08-31,2026-08-31,DELIVERED,SIMULATED
DEL-0263B13D,PHC-KA-BEN-001,PHC Yelahanka,MED-MET-500,Metformin Hydrochloride,728,2026-08-24,2026-08-29,2026-08-29,DELIVERED,SIMULATED
DEL-8BD4B42D,PHC-KA-BEN-001,PHC Yelahanka,MED-MGS-50,Magnesium Sulfate,70,2026-08-24,2026-08-29,2026-08-29,DELIVERED,SIMULATED
DEL-D27C5F3C,PHC-KA-BEN-001,PHC Yelahanka,MED-IVF-D5500,Dextrose 5% in Water,224,2026-08-24,2026-08-31,2026-08-31,DELIVERED,SIMULATED
DEL-357533F9,PHC-KA-BEN-002,PHC Anekal,MED-PCM-SYR,Paracetamol Paediatric Syrup,392,2026-08-24,2026-08-30,2026-08-30,DELIVERED,SIMULATED
DEL-A3D492D1,PHC-KA-BEN-002,PHC Anekal,MED-AZI-500,Azithromycin,266,2026-08-24,2026-08-31,2026-08-31,DELIVERED,SIMULATED
DEL-75AEBBEA,PHC-KA-BEN-002,PHC Anekal,MED-RAB-VAC,Anti-Rabies Vaccine (Cell Culture),70,2026-08-24,2026-08-30,2026-08-30,DELIVERED,SIMULATED
DEL-B79FB7F2,PHC-KA-BEN-002,PHC Anekal,MED-MET-500,Metformin Hydrochloride,560,2026-08-24,2026-08-29,2026-08-29,DELIVERED,SIMULATED
DEL-1E19CDF7,PHC-KA-BEN-002,PHC Anekal,MED-IVF-RL500,Ringer's Lactate (Compound Sodium Lactate),266,2026-08-24,2026-08-28,2026-08-28,DELIVERED,SIMULATED
DEL-D4B2CD66,PHC-KA-BEN-002,PHC Anekal,MED-IVF-D5500,Dextrose 5% in Water,168,2026-08-24,2026-08-30,2026-08-30,DELIVERED,SIMULATED
DEL-B8327055,PHC-KA-BEN-003,PHC Kengeri,MED-MGS-50,Magnesium Sulfate,56,2026-08-24,2026-08-29,2026-08-29,DELIVERED,SIMULATED
DEL-F8FC380D,DH-KA-BEN-001,KC General District Hospital Malleshwaram,MED-ASV-VIAL,Anti-Snake Venom Serum (Polyvalent),518,2026-08-24,2026-08-28,2026-08-28,DELIVERED,SIMULATED
DEL-613B2F64,DH-KA-BEN-001,KC General District Hospital Malleshwaram,MED-INS-REG,Human Insulin (Regular / Soluble),1764,2026-08-24,2026-08-31,2026-08-31,DELIVERED,SIMULATED
DEL-CC0CAD77,DH-KA-BEN-001,KC General District Hospital Malleshwaram,MED-MET-500,Metformin Hydrochloride,11046,2026-08-24,2026-08-28,2026-08-28,DELIVERED,SIMULATED
DEL-90806A9E,DH-KA-BEN-001,KC General District Hospital Malleshwaram,MED-IVF-RL500,Ringer's Lactate (Compound Sodium Lactate),5306,2026-08-24,2026-08-28,2026-08-28,DELIVERED,SIMULATED
DEL-13F96F13,DH-KA-BEN-001,KC General District Hospital Malleshwaram,MED-IFA-TAB,Iron & Folic Acid (IFA),12376,2026-08-24,2026-08-31,2026-08-31,DELIVERED,SIMULATED
DEL-FA0EBD21,PHC-BR-PAT-001,PHC Bakhtiyarpur,MED-ALB-400,Albendazole,140,2026-08-25,2026-08-30,2026-08-30,DELIVERED,SIMULATED
DEL-A8E1EEB0,PHC-BR-PAT-003,PHC Bihta,MED-ZNC-20,Zinc Sulfate Dispersible,308,2026-08-25,2026-08-31,2026-08-31,DELIVERED,SIMULATED
DEL-4E18B8D1,PHC-BR-PAT-003,PHC Bihta,MED-IFA-TAB,Iron & Folic Acid (IFA),546,2026-08-25,2026-08-29,2026-08-29,DELIVERED,SIMULATED
DEL-0357CC51,PHC-BR-PAT-004,PHC Fatuha,MED-PCM-500,Paracetamol,714,2026-08-25,2026-08-31,2026-08-31,DELIVERED,SIMULATED
DEL-F2D5B500,PHC-BR-PAT-004,PHC Fatuha,MED-RAB-VAC,Anti-Rabies Vaccine (Cell Culture),56,2026-08-25,2026-08-31,2026-08-31,DELIVERED,SIMULATED
DEL-E67602A1,PHC-BR-PAT-005,PHC Mokama,MED-ZNC-20,Zinc Sulfate Dispersible,294,2026-08-25,2026-08-30,2026-08-30,DELIVERED,SIMULATED
DEL-15886842,PHC-BR-PAT-005,PHC Mokama,MED-AZI-500,Azithromycin,224,2026-08-25,2026-09-01,,IN_TRANSIT,SIMULATED
DEL-A72CA361,CHC-BR-PAT-001,CHC Phulwari Sharif,MED-AMC-625,Amoxicillin + Clavulanic Acid,784,2026-08-25,2026-08-31,2026-08-31,DELIVERED,SIMULATED
DEL-B3B0C162,CHC-BR-PAT-001,CHC Phulwari Sharif,MED-AZI-500,Azithromycin,672,2026-08-25,2026-08-30,2026-08-30,DELIVERED,SIMULATED
DEL-126A5A1E,CHC-BR-PAT-001,CHC Phulwari Sharif,MED-MGS-50,Magnesium Sulfate,140,2026-08-25,2026-08-29,2026-08-29,DELIVERED,SIMULATED
DEL-6FD49651,CHC-BR-PAT-001,CHC Phulwari Sharif,MED-IVF-RL500,Ringer's Lactate (Compound Sodium Lactate),672,2026-08-25,2026-08-29,2026-08-29,DELIVERED,SIMULATED
DEL-9363884E,CHC-BR-PAT-001,CHC Phulwari Sharif,MED-ALB-400,Albendazole,448,2026-08-25,2026-09-01,,IN_TRANSIT,SIMULATED
DEL-F7386655,DH-BR-PAT-001,District Hospital Gardanibagh,MED-RAB-VAC,Anti-Rabies Vaccine (Cell Culture),714,2026-08-25,2026-09-01,,IN_TRANSIT,SIMULATED
DEL-A0887783,DH-BR-PAT-001,District Hospital Gardanibagh,MED-ALB-400,Albendazole,1624,2026-08-25,2026-08-31,2026-08-31,DELIVERED,SIMULATED
DEL-9C67C78C,DH-BR-PAT-001,District Hospital Gardanibagh,MED-IFA-TAB,Iron & Folic Acid (IFA),5712,2026-08-25,2026-08-29,2026-08-29,DELIVERED,SIMULATED
DEL-90C26703,PHC-BR-GAY-003,PHC Tekari,MED-IVF-RL500,Ringer's Lactate (Compound Sodium Lactate),154,2026-08-25,2026-08-30,2026-08-30,DELIVERED,SIMULATED
DEL-2B65E3F4,PHC-UP-VAR-003,PHC Sevapuri,MED-ZNC-20,Zinc Sulfate Dispersible,266,2026-08-25,2026-08-31,2026-08-31,DELIVERED,SIMULATED
DEL-DE5F31F9,PHC-UP-VAR-003,PHC Sevapuri,MED-ASV-VIAL,Anti-Snake Venom Serum (Polyvalent),28,2026-08-25,2026-08-29,2026-08-29,DELIVERED,SIMULATED
DEL-3D072E1D,PHC-UP-VAR-004,PHC Kashi Vidyapeeth,MED-AZI-500,Azithromycin,308,2026-08-25,2026-08-30,2026-08-30,DELIVERED,SIMULATED
DEL-8FD879E9,DH-UP-VAR-001,Pandit Deen Dayal Upadhyay District Hospital,MED-OXY-AMP,Oxytocin,1610,2026-08-25,2026-09-01,,IN_TRANSIT,SIMULATED
DEL-303321FB,PHC-UP-LUK-003,PHC Mohanlalganj,MED-IFA-TAB,Iron & Folic Acid (IFA),588,2026-08-25,2026-08-30,2026-08-30,DELIVERED,SIMULATED
DEL-CCD3E032,PHC-RJ-JAI-002,PHC Chaksu,MED-ASV-VIAL,Anti-Snake Venom Serum (Polyvalent),28,2026-08-25,2026-08-31,2026-08-31,DELIVERED,SIMULATED
DEL-43BA446D,PHC-RJ-JAI-002,PHC Chaksu,MED-MET-500,Metformin Hydrochloride,434,2026-08-25,2026-08-31,2026-08-31,DELIVERED,SIMULATED
DEL-FDBD306C,DH-RJ-JAI-001,Kanwatia District Hospital Jaipur,MED-OXY-AMP,Oxytocin,1526,2026-08-25,2026-08-29,2026-08-29,DELIVERED,SIMULATED
DEL-9E3507A7,PHC-MH-PUN-001,PHC Mulshi,MED-PCM-SYR,Paracetamol Paediatric Syrup,266,2026-08-25,2026-09-01,,IN_TRANSIT,SIMULATED
DEL-FBBD47C8,PHC-MH-PUN-002,PHC Haveli,MED-ORS-SFT,Oral Rehydration Salts (WHO Formula),868,2026-08-25,2026-09-01,,IN_TRANSIT,SIMULATED
DEL-7828D424,PHC-MH-PUN-002,PHC Haveli,MED-MGS-50,Magnesium Sulfate,56,2026-08-25,2026-08-31,2026-08-31,DELIVERED,SIMULATED
DEL-04FB8D18,PHC-KA-BEN-002,PHC Anekal,MED-IVF-NS500,Normal Saline (0.9% Sodium Chloride),336,2026-08-25,2026-09-01,,IN_TRANSIT,SIMULATED
DEL-B2FECCE1,PHC-BR-PAT-001,PHC Bakhtiyarpur,MED-ASV-VIAL,Anti-Snake Venom Serum (Polyvalent),28,2026-08-26,2026-09-01,,IN_TRANSIT,SIMULATED
DEL-8ECF5BD3,PHC-BR-GAY-001,PHC Bodh Gaya,MED-MET-500,Metformin Hydrochloride,448,2026-08-26,2026-08-30,2026-08-30,DELIVERED,SIMULATED
DEL-DA106F72,PHC-UP-LUK-002,PHC Malihabad,MED-INS-REG,Human Insulin (Regular / Soluble),70,2026-08-26,2026-09-02,,IN_TRANSIT,SIMULATED
DEL-E00560BC,DH-UP-LUK-001,Balrampur District Hospital Lucknow,MED-MET-500,Metformin Hydrochloride,10206,2026-08-26,2026-08-31,2026-08-31,DELIVERED,SIMULATED
DEL-651944B0,PHC-MH-PUN-003,PHC Khed,MED-MGS-50,Magnesium Sulfate,42,2026-08-26,2026-09-02,,IN_TRANSIT,SIMULATED
DEL-3307514F,DH-MH-PUN-001,Aundh District Hospital Pune,MED-AMX-500,Amoxicillin,8232,2026-08-26,2026-09-01,,IN_TRANSIT,SIMULATED
DEL-DD9BA549,PHC-BR-PAT-001,PHC Bakhtiyarpur,MED-PCM-500,Paracetamol,784,2026-08-27,2026-08-31,2026-08-31,DELIVERED,SIMULATED
DEL-6FD1D4BE,PHC-BR-PAT-003,PHC Bihta,MED-ASV-VIAL,Anti-Snake Venom Serum (Polyvalent),28,2026-08-27,2026-09-01,,IN_TRANSIT,SIMULATED
DEL-61A13322,PHC-BR-GAY-001,PHC Bodh Gaya,MED-CTX-1G,Ceftriaxone,98,2026-08-27,2026-09-01,,IN_TRANSIT,SIMULATED
DEL-A4FFF0DF,PHC-BR-GAY-001,PHC Bodh Gaya,MED-OXY-AMP,Oxytocin,84,2026-08-27,2026-09-01,,IN_TRANSIT,SIMULATED
DEL-CEB48F15,PHC-BR-GAY-002,PHC Sherghati,MED-RAB-VAC,Anti-Rabies Vaccine (Cell Culture),42,2026-08-27,2026-09-01,,IN_TRANSIT,SIMULATED
DEL-25A92434,PHC-BR-GAY-002,PHC Sherghati,MED-ART-60,Artesunate,42,2026-08-27,2026-08-31,2026-08-31,DELIVERED,SIMULATED
DEL-938ABCCC,PHC-BR-GAY-003,PHC Tekari,MED-MGS-50,Magnesium Sulfate,28,2026-08-27,2026-09-02,,IN_TRANSIT,SIMULATED
DEL-ADDFC8CD,PHC-UP-VAR-001,PHC Cholapur,MED-ART-60,Artesunate,56,2026-08-27,2026-09-01,,IN_TRANSIT,SIMULATED
DEL-7E8F1FE8,PHC-UP-VAR-002,PHC Pindra,MED-ART-60,Artesunate,56,2026-08-27,2026-09-03,,IN_TRANSIT,SIMULATED
DEL-8FCEE9A2,PHC-UP-VAR-003,PHC Sevapuri,MED-ART-60,Artesunate,42,2026-08-27,2026-09-03,,IN_TRANSIT,SIMULATED
DEL-FA73E22B,PHC-UP-VAR-003,PHC Sevapuri,MED-ALB-400,Albendazole,126,2026-08-27,2026-09-01,,IN_TRANSIT,SIMULATED
DEL-4FCE8D11,PHC-UP-VAR-004,PHC Kashi Vidyapeeth,MED-CTX-1G,Ceftriaxone,154,2026-08-27,2026-08-31,2026-08-31,DELIVERED,SIMULATED
DEL-F34B00DC,PHC-UP-VAR-004,PHC Kashi Vidyapeeth,MED-INS-REG,Human Insulin (Regular / Soluble),98,2026-08-27,2026-08-31,2026-08-31,DELIVERED,SIMULATED
DEL-13511DA6,PHC-UP-VAR-004,PHC Kashi Vidyapeeth,MED-MGS-50,Magnesium Sulfate,56,2026-08-27,2026-09-01,,IN_TRANSIT,SIMULATED
DEL-9128D1BD,CHC-UP-VAR-001,CHC Misirpur,MED-PCM-SYR,Paracetamol Paediatric Syrup,1050,2026-08-27,2026-09-03,,IN_TRANSIT,SIMULATED
DEL-98DD6922,PHC-UP-LUK-002,PHC Malihabad,MED-MGS-50,Magnesium Sulfate,42,2026-08-27,2026-09-03,,IN_TRANSIT,SIMULATED
DEL-FAF88EE6,PHC-UP-LUK-002,PHC Malihabad,MED-ART-60,Artesunate,56,2026-08-27,2026-09-02,,IN_TRANSIT,SIMULATED
DEL-526CF937,PHC-UP-LUK-002,PHC Malihabad,MED-ALB-400,Albendazole,154,2026-08-27,2026-09-03,,IN_TRANSIT,SIMULATED
DEL-33CE31F5,PHC-UP-LUK-003,PHC Mohanlalganj,MED-OXY-AMP,Oxytocin,98,2026-08-27,2026-08-31,2026-08-31,DELIVERED,SIMULATED
DEL-8534235B,PHC-UP-LUK-003,PHC Mohanlalganj,MED-MGS-50,Magnesium Sulfate,42,2026-08-27,2026-09-02,,IN_TRANSIT,SIMULATED
DEL-2870F199,PHC-MH-PUN-001,PHC Mulshi,MED-CTX-1G,Ceftriaxone,84,2026-08-27,2026-09-01,,IN_TRANSIT,SIMULATED
DEL-B1537C89,PHC-BR-PAT-002,PHC Danapur,MED-CTX-1G,Ceftriaxone,140,2026-08-28,2026-09-02,,IN_TRANSIT,SIMULATED
DEL-E5BEB12C,PHC-BR-GAY-002,PHC Sherghati,MED-MET-500,Metformin Hydrochloride,378,2026-08-28,2026-09-02,,IN_TRANSIT,SIMULATED
DEL-0C3FB25A,PHC-BR-GAY-002,PHC Sherghati,MED-OXY-AMP,Oxytocin,70,2026-08-28,2026-09-04,,IN_TRANSIT,SIMULATED
DEL-C650AB44,DH-BR-GAY-001,Jay Prakash Narayan District Hospital Gaya,MED-ART-60,Artesunate,812,2026-08-28,2026-09-03,,IN_TRANSIT,SIMULATED
DEL-0DC24D3A,PHC-UP-VAR-001,PHC Cholapur,MED-PCM-500,Paracetamol,868,2026-08-28,2026-09-02,,IN_TRANSIT,SIMULATED
DEL-C71E9A29,PHC-UP-VAR-002,PHC Pindra,MED-IFA-TAB,Iron & Folic Acid (IFA),602,2026-08-28,2026-09-04,,IN_TRANSIT,SIMULATED
DEL-D7792558,PHC-UP-VAR-004,PHC Kashi Vidyapeeth,MED-ZNC-20,Zinc Sulfate Dispersible,420,2026-08-28,2026-09-01,,IN_TRANSIT,SIMULATED
DEL-AE71B253,PHC-UP-VAR-004,PHC Kashi Vidyapeeth,MED-IFA-TAB,Iron & Folic Acid (IFA),742,2026-08-28,2026-09-01,,IN_TRANSIT,SIMULATED
DEL-749C1E06,PHC-UP-LUK-003,PHC Mohanlalganj,MED-IVF-NS500,Normal Saline (0.9% Sodium Chloride),308,2026-08-28,2026-09-03,,IN_TRANSIT,SIMULATED
DEL-FC644A95,PHC-UP-LUK-003,PHC Mohanlalganj,MED-ART-60,Artesunate,56,2026-08-28,2026-09-04,,IN_TRANSIT,SIMULATED
DEL-3393F0FC,PHC-RJ-JAI-001,PHC Bassi,MED-CTX-1G,Ceftriaxone,112,2026-08-28,2026-09-03,,IN_TRANSIT,SIMULATED
DEL-C4911905,PHC-RJ-JAI-002,PHC Chaksu,MED-PCM-SYR,Paracetamol Paediatric Syrup,308,2026-08-28,2026-09-04,,IN_TRANSIT,SIMULATED
DEL-2CFB8151,PHC-RJ-JAI-002,PHC Chaksu,MED-AMC-625,Amoxicillin + Clavulanic Acid,238,2026-08-28,2026-09-02,,IN_TRANSIT,SIMULATED
DEL-51AA1D46,PHC-RJ-JAI-002,PHC Chaksu,MED-IVF-D5500,Dextrose 5% in Water,140,2026-08-28,2026-09-01,,IN_TRANSIT,SIMULATED
DEL-002E90C4,PHC-RJ-JAI-003,PHC Amer,MED-IVF-NS500,Normal Saline (0.9% Sodium Chloride),336,2026-08-28,2026-09-04,,IN_TRANSIT,SIMULATED
DEL-F5C359D6,PHC-RJ-JAI-003,PHC Amer,MED-IVF-RL500,Ringer's Lactate (Compound Sodium Lactate),266,2026-08-28,2026-09-03,,IN_TRANSIT,SIMULATED
DEL-0F7FEED8,DH-RJ-JAI-001,Kanwatia District Hospital Jaipur,MED-IVF-RL500,Ringer's Lactate (Compound Sodium Lactate),3668,2026-08-28,2026-09-03,,IN_TRANSIT,SIMULATED
DEL-DEE06A99,PHC-MH-PUN-001,PHC Mulshi,MED-IVF-RL500,Ringer's Lactate (Compound Sodium Lactate),182,2026-08-28,2026-09-04,,IN_TRANSIT,SIMULATED
DEL-F4555E42,PHC-MH-PUN-002,PHC Haveli,MED-CTX-1G,Ceftriaxone,154,2026-08-28,2026-09-03,,IN_TRANSIT,SIMULATED
DEL-BF4586F6,PHC-MH-PUN-002,PHC Haveli,MED-RAB-VAC,Anti-Rabies Vaccine (Cell Culture),84,2026-08-28,2026-09-01,,IN_TRANSIT,SIMULATED
DEL-090DBB83,PHC-MH-PUN-002,PHC Haveli,MED-IVF-NS500,Normal Saline (0.9% Sodium Chloride),406,2026-08-28,2026-09-04,,IN_TRANSIT,SIMULATED
DEL-037F5D04,PHC-MH-PUN-003,PHC Khed,MED-ZNC-20,Zinc Sulfate Dispersible,322,2026-08-28,2026-09-01,,IN_TRANSIT,SIMULATED
DEL-BD46BC63,PHC-MH-PUN-003,PHC Khed,MED-OXY-AMP,Oxytocin,98,2026-08-28,2026-09-04,,IN_TRANSIT,SIMULATED
DEL-2D14421F,DH-MH-PUN-001,Aundh District Hospital Pune,MED-OXY-AMP,Oxytocin,1862,2026-08-28,2026-09-03,,IN_TRANSIT,SIMULATED
DEL-20332EFE,PHC-KA-BEN-001,PHC Yelahanka,MED-PCM-SYR,Paracetamol Paediatric Syrup,518,2026-08-28,2026-09-04,,IN_TRANSIT,SIMULATED
DEL-6B437A3B,PHC-KA-BEN-001,PHC Yelahanka,MED-OXY-AMP,Oxytocin,140,2026-08-28,2026-09-02,,IN_TRANSIT,SIMULATED
DEL-76A107A1,PHC-KA-BEN-001,PHC Yelahanka,MED-IVF-RL500,Ringer's Lactate (Compound Sodium Lactate),350,2026-08-28,2026-09-04,,IN_TRANSIT,SIMULATED
DEL-FB7A61E7,PHC-KA-BEN-001,PHC Yelahanka,MED-ART-60,Artesunate,84,2026-08-28,2026-09-01,,IN_TRANSIT,SIMULATED
DEL-9F62C384,PHC-KA-BEN-001,PHC Yelahanka,MED-IFA-TAB,Iron & Folic Acid (IFA),812,2026-08-28,2026-09-03,,IN_TRANSIT,SIMULATED
DEL-9A5C0314,PHC-KA-BEN-003,PHC Kengeri,MED-RAB-VAC,Anti-Rabies Vaccine (Cell Culture),84,2026-08-28,2026-09-04,,IN_TRANSIT,SIMULATED
DEL-6A99DACA,DH-KA-BEN-001,KC General District Hospital Malleshwaram,MED-OXY-AMP,Oxytocin,2198,2026-08-28,2026-09-01,,IN_TRANSIT,SIMULATED
DEL-90BBC0F7,PHC-BR-PAT-005,PHC Mokama,MED-IVF-NS500,Normal Saline (0.9% Sodium Chloride),280,2026-08-29,2026-09-02,,IN_TRANSIT,SIMULATED
DEL-2B43CE26,CHC-BR-PAT-001,CHC Phulwari Sharif,MED-CTX-1G,Ceftriaxone,336,2026-08-29,2026-09-02,,IN_TRANSIT,SIMULATED
DEL-17FD99CF,DH-BR-PAT-001,District Hospital Gardanibagh,MED-PCM-500,Paracetamol,9184,2026-08-29,2026-09-02,,IN_TRANSIT,SIMULATED
DEL-F4340F42,PHC-BR-GAY-001,PHC Bodh Gaya,MED-INS-REG,Human Insulin (Regular / Soluble),70,2026-08-29,2026-09-05,,IN_TRANSIT,SIMULATED
DEL-4D5266D4,PHC-BR-GAY-001,PHC Bodh Gaya,MED-IVF-RL500,Ringer's Lactate (Compound Sodium Lactate),210,2026-08-29,2026-09-05,,IN_TRANSIT,SIMULATED
DEL-0CCC2BE5,PHC-BR-GAY-002,PHC Sherghati,MED-PCM-500,Paracetamol,686,2026-08-29,2026-09-04,,IN_TRANSIT,SIMULATED
DEL-28CB309B,PHC-BR-GAY-002,PHC Sherghati,MED-AMC-625,Amoxicillin + Clavulanic Acid,210,2026-08-29,2026-09-03,,IN_TRANSIT,SIMULATED
DEL-2D2841E6,PHC-BR-GAY-002,PHC Sherghati,MED-IVF-NS500,Normal Saline (0.9% Sodium Chloride),224,2026-08-29,2026-09-03,,IN_TRANSIT,SIMULATED
DEL-40BB45C3,PHC-BR-GAY-002,PHC Sherghati,MED-ALB-400,Albendazole,112,2026-08-29,2026-09-05,,IN_TRANSIT,SIMULATED
DEL-64BFE9EA,PHC-BR-GAY-003,PHC Tekari,MED-PCM-SYR,Paracetamol Paediatric Syrup,238,2026-08-29,2026-09-05,,IN_TRANSIT,SIMULATED
DEL-FD29DF5C,PHC-BR-GAY-003,PHC Tekari,MED-IFA-TAB,Iron & Folic Acid (IFA),364,2026-08-29,2026-09-03,,IN_TRANSIT,SIMULATED
DEL-119C0F1B,DH-BR-GAY-001,Jay Prakash Narayan District Hospital Gaya,MED-PCM-500,Paracetamol,12236,2026-08-29,2026-09-02,,IN_TRANSIT,SIMULATED
DEL-8123F123,DH-BR-GAY-001,Jay Prakash Narayan District Hospital Gaya,MED-PCM-SYR,Paracetamol Paediatric Syrup,4886,2026-08-29,2026-09-03,,IN_TRANSIT,SIMULATED
DEL-B487E615,DH-BR-GAY-001,Jay Prakash Narayan District Hospital Gaya,MED-IVF-NS500,Normal Saline (0.9% Sodium Chloride),4074,2026-08-29,2026-09-05,,IN_TRANSIT,SIMULATED
DEL-E5614DA0,DH-BR-GAY-001,Jay Prakash Narayan District Hospital Gaya,MED-IVF-RL500,Ringer's Lactate (Compound Sodium Lactate),3262,2026-08-29,2026-09-05,,IN_TRANSIT,SIMULATED
DEL-89D451AC,PHC-UP-VAR-001,PHC Cholapur,MED-CTX-1G,Ceftriaxone,112,2026-08-29,2026-09-03,,IN_TRANSIT,SIMULATED
DEL-16385AB1,PHC-UP-VAR-001,PHC Cholapur,MED-IVF-D5500,Dextrose 5% in Water,154,2026-08-29,2026-09-03,,IN_TRANSIT,SIMULATED
DEL-42356BBB,PHC-UP-VAR-002,PHC Pindra,MED-AZI-500,Azithromycin,252,2026-08-29,2026-09-05,,IN_TRANSIT,SIMULATED
DEL-FA0CD2D9,PHC-UP-VAR-002,PHC Pindra,MED-IVF-NS500,Normal Saline (0.9% Sodium Chloride),322,2026-08-29,2026-09-05,,IN_TRANSIT,SIMULATED
DEL-DB771666,PHC-UP-VAR-003,PHC Sevapuri,MED-IVF-RL500,Ringer's Lactate (Compound Sodium Lactate),196,2026-08-29,2026-09-03,,IN_TRANSIT,SIMULATED
DEL-8612D591,PHC-UP-VAR-004,PHC Kashi Vidyapeeth,MED-PCM-500,Paracetamol,1190,2026-08-29,2026-09-03,,IN_TRANSIT,SIMULATED
DEL-4001967F,PHC-UP-VAR-004,PHC Kashi Vidyapeeth,MED-RAB-VAC,Anti-Rabies Vaccine (Cell Culture),84,2026-08-29,2026-09-05,,IN_TRANSIT,SIMULATED
DEL-4FFBCCEC,PHC-UP-VAR-004,PHC Kashi Vidyapeeth,MED-ASV-VIAL,Anti-Snake Venom Serum (Polyvalent),28,2026-08-29,2026-09-03,,IN_TRANSIT,SIMULATED
DEL-94F148A7,PHC-UP-VAR-004,PHC Kashi Vidyapeeth,MED-MET-500,Metformin Hydrochloride,658,2026-08-29,2026-09-02,,IN_TRANSIT,SIMULATED
DEL-C7791A7C,PHC-UP-VAR-004,PHC Kashi Vidyapeeth,MED-ART-60,Artesunate,70,2026-08-29,2026-09-02,,IN_TRANSIT,SIMULATED
DEL-AE2609E3,CHC-UP-VAR-001,CHC Misirpur,MED-IFA-TAB,Iron & Folic Acid (IFA),1638,2026-08-29,2026-09-05,,IN_TRANSIT,SIMULATED
DEL-0A49B443,DH-UP-VAR-001,Pandit Deen Dayal Upadhyay District Hospital,MED-AMC-625,Amoxicillin + Clavulanic Acid,4522,2026-08-29,2026-09-04,,IN_TRANSIT,SIMULATED
DEL-5A225211,DH-UP-VAR-001,Pandit Deen Dayal Upadhyay District Hospital,MED-CTX-1G,Ceftriaxone,1932,2026-08-29,2026-09-04,,IN_TRANSIT,SIMULATED
DEL-3EC53C03,DH-UP-VAR-001,Pandit Deen Dayal Upadhyay District Hospital,MED-INS-REG,Human Insulin (Regular / Soluble),1288,2026-08-29,2026-09-04,,IN_TRANSIT,SIMULATED
DEL-D2490D7C,DH-UP-VAR-001,Pandit Deen Dayal Upadhyay District Hospital,MED-IVF-NS500,Normal Saline (0.9% Sodium Chloride),4844,2026-08-29,2026-09-05,,IN_TRANSIT,SIMULATED
DEL-B17885FD,DH-UP-VAR-001,Pandit Deen Dayal Upadhyay District Hospital,MED-IVF-RL500,Ringer's Lactate (Compound Sodium Lactate),3878,2026-08-29,2026-09-05,,IN_TRANSIT,SIMULATED
DEL-6ED6739D,DH-UP-VAR-001,Pandit Deen Dayal Upadhyay District Hospital,MED-ART-60,Artesunate,966,2026-08-29,2026-09-05,,IN_TRANSIT,SIMULATED
DEL-75727EE1,PHC-UP-LUK-001,PHC Bakshi Ka Talab,MED-PCM-500,Paracetamol,1092,2026-08-29,2026-09-05,,IN_TRANSIT,SIMULATED
DEL-443550AC,PHC-UP-LUK-001,PHC Bakshi Ka Talab,MED-CTX-1G,Ceftriaxone,140,2026-08-29,2026-09-05,,IN_TRANSIT,SIMULATED
DEL-78D7D457,PHC-UP-LUK-001,PHC Bakshi Ka Talab,MED-IVF-NS500,Normal Saline (0.9% Sodium Chloride),364,2026-08-29,2026-09-03,,IN_TRANSIT,SIMULATED
DEL-4967871A,PHC-UP-LUK-002,PHC Malihabad,MED-CTX-1G,Ceftriaxone,112,2026-08-29,2026-09-03,,IN_TRANSIT,SIMULATED
DEL-F9912BE6,PHC-UP-LUK-002,PHC Malihabad,MED-IVF-NS500,Normal Saline (0.9% Sodium Chloride),294,2026-08-29,2026-09-05,,IN_TRANSIT,SIMULATED
DEL-2ADFEC8E,PHC-UP-LUK-003,PHC Mohanlalganj,MED-ALB-400,Albendazole,168,2026-08-29,2026-09-05,,IN_TRANSIT,SIMULATED
DEL-30B5F935,DH-UP-LUK-001,Balrampur District Hospital Lucknow,MED-ORS-SFT,Oral Rehydration Salts (WHO Formula),13062,2026-08-29,2026-09-05,,IN_TRANSIT,SIMULATED
DEL-75D375A5,DH-UP-LUK-001,Balrampur District Hospital Lucknow,MED-INS-REG,Human Insulin (Regular / Soluble),1624,2026-08-29,2026-09-04,,IN_TRANSIT,SIMULATED
DEL-64FF4C3E,DH-UP-LUK-001,Balrampur District Hospital Lucknow,MED-IVF-RL500,Ringer's Lactate (Compound Sodium Lactate),4886,2026-08-29,2026-09-05,,IN_TRANSIT,SIMULATED
DEL-9F04025F,PHC-RJ-JAI-001,PHC Bassi,MED-IVF-RL500,Ringer's Lactate (Compound Sodium Lactate),224,2026-08-29,2026-09-02,,IN_TRANSIT,SIMULATED
DEL-47E9F807,PHC-RJ-JAI-002,PHC Chaksu,MED-ORS-SFT,Oral Rehydration Salts (WHO Formula),560,2026-08-29,2026-09-04,,IN_TRANSIT,SIMULATED
DEL-4BDA5910,PHC-RJ-JAI-003,PHC Amer,MED-ORS-SFT,Oral Rehydration Salts (WHO Formula),714,2026-08-29,2026-09-02,,IN_TRANSIT,SIMULATED
DEL-ECDBBA1D,DH-RJ-JAI-001,Kanwatia District Hospital Jaipur,MED-ZNC-20,Zinc Sulfate Dispersible,4886,2026-08-29,2026-09-04,,IN_TRANSIT,SIMULATED
DEL-CF42D07F,PHC-MH-PUN-002,PHC Haveli,MED-AMC-625,Amoxicillin + Clavulanic Acid,378,2026-08-29,2026-09-05,,IN_TRANSIT,SIMULATED
DEL-66364C19,PHC-MH-PUN-003,PHC Khed,MED-PCM-500,Paracetamol,910,2026-08-29,2026-09-03,,IN_TRANSIT,SIMULATED
DEL-52AE03E5,PHC-MH-PUN-003,PHC Khed,MED-CTX-1G,Ceftriaxone,112,2026-08-29,2026-09-04,,IN_TRANSIT,SIMULATED
DEL-302EAC75,PHC-MH-PUN-003,PHC Khed,MED-RAB-VAC,Anti-Rabies Vaccine (Cell Culture),70,2026-08-29,2026-09-05,,IN_TRANSIT,SIMULATED
DEL-F2870B91,DH-MH-PUN-001,Aundh District Hospital Pune,MED-ORS-SFT,Oral Rehydration Salts (WHO Formula),11970,2026-08-29,2026-09-05,,IN_TRANSIT,SIMULATED
DEL-588D4053,DH-MH-PUN-001,Aundh District Hospital Pune,MED-IVF-RL500,Ringer's Lactate (Compound Sodium Lactate),4480,2026-08-29,2026-09-05,,IN_TRANSIT,SIMULATED
DEL-E6C9BB37,PHC-KA-BEN-001,PHC Yelahanka,MED-ORS-SFT,Oral Rehydration Salts (WHO Formula),938,2026-08-29,2026-09-05,,IN_TRANSIT,SIMULATED
DEL-417E2354,PHC-KA-BEN-001,PHC Yelahanka,MED-RAB-VAC,Anti-Rabies Vaccine (Cell Culture),98,2026-08-29,2026-09-04,,IN_TRANSIT,SIMULATED
DEL-08061108,PHC-KA-BEN-001,PHC Yelahanka,MED-ALB-400,Albendazole,224,2026-08-29,2026-09-03,,IN_TRANSIT,SIMULATED
DEL-B6127F4C,PHC-KA-BEN-002,PHC Anekal,MED-AMC-625,Amoxicillin + Clavulanic Acid,308,2026-08-29,2026-09-02,,IN_TRANSIT,SIMULATED
DEL-7EBA26AA,PHC-KA-BEN-002,PHC Anekal,MED-ORS-SFT,Oral Rehydration Salts (WHO Formula),714,2026-08-29,2026-09-02,,IN_TRANSIT,SIMULATED
DEL-111BC29C,PHC-KA-BEN-002,PHC Anekal,MED-OXY-AMP,Oxytocin,112,2026-08-29,2026-09-05,,IN_TRANSIT,SIMULATED
DEL-B5A0B97B,PHC-KA-BEN-003,PHC Kengeri,MED-IVF-D5500,Dextrose 5% in Water,196,2026-08-29,2026-09-05,,IN_TRANSIT,SIMULATED
DEL-5299F4AD,PHC-KA-BEN-003,PHC Kengeri,MED-ART-60,Artesunate,70,2026-08-29,2026-09-05,,IN_TRANSIT,SIMULATED
DEL-31058219,DH-KA-BEN-001,KC General District Hospital Malleshwaram,MED-PCM-SYR,Paracetamol Paediatric Syrup,7952,2026-08-29,2026-09-05,,IN_TRANSIT,SIMULATED
DEL-5C5D7F3A,DH-KA-BEN-001,KC General District Hospital Malleshwaram,MED-ORS-SFT,Oral Rehydration Salts (WHO Formula),14140,2026-08-29,2026-09-05,,IN_TRANSIT,SIMULATED
DEL-AE50FBE1,DH-KA-BEN-001,KC General District Hospital Malleshwaram,MED-ART-60,Artesunate,1316,2026-08-29,2026-09-02,,IN_TRANSIT,SIMULATED
DEL-472F16C3,PHC-BR-PAT-002,PHC Danapur,MED-ART-60,Artesunate,70,2026-08-30,2026-09-03,,IN_TRANSIT,SIMULATED
DEL-7B4D369E,PHC-BR-PAT-003,PHC Bihta,MED-PCM-500,Paracetamol,868,2026-08-30,2026-09-04,,IN_TRANSIT,SIMULATED
DEL-05D4BBF8,PHC-BR-PAT-004,PHC Fatuha,MED-AMX-500,Amoxicillin,350,2026-08-30,2026-09-06,,IN_TRANSIT,SIMULATED
DEL-804A77D1,PHC-BR-PAT-005,PHC Mokama,MED-AMC-625,Amoxicillin + Clavulanic Acid,252,2026-08-30,2026-09-03,,IN_TRANSIT,SIMULATED
DEL-0C3DC0F9,DH-BR-PAT-001,District Hospital Gardanibagh,MED-ORS-SFT,Oral Rehydration Salts (WHO Formula),6524,2026-08-30,2026-09-04,,IN_TRANSIT,SIMULATED
DEL-56EE8D85,PHC-BR-GAY-002,PHC Sherghati,MED-ASV-VIAL,Anti-Snake Venom Serum (Polyvalent),28,2026-08-30,2026-09-04,,IN_TRANSIT,SIMULATED
DEL-E8B32FA8,PHC-BR-GAY-003,PHC Tekari,MED-AMC-625,Amoxicillin + Clavulanic Acid,182,2026-08-30,2026-09-03,,IN_TRANSIT,SIMULATED
DEL-CB500A29,PHC-UP-VAR-001,PHC Cholapur,MED-IVF-RL500,Ringer's Lactate (Compound Sodium Lactate),224,2026-08-30,2026-09-04,,IN_TRANSIT,SIMULATED
DEL-707A9B19,PHC-UP-VAR-003,PHC Sevapuri,MED-PCM-500,Paracetamol,756,2026-08-30,2026-09-06,,IN_TRANSIT,SIMULATED
DEL-4416E093,PHC-UP-VAR-003,PHC Sevapuri,MED-AMC-625,Amoxicillin + Clavulanic Acid,224,2026-08-30,2026-09-03,,IN_TRANSIT,SIMULATED
DEL-20281882,PHC-UP-VAR-004,PHC Kashi Vidyapeeth,MED-ALB-400,Albendazole,210,2026-08-30,2026-09-03,,IN_TRANSIT,SIMULATED
DEL-5A8A0187,CHC-UP-VAR-001,CHC Misirpur,MED-PCM-500,Paracetamol,2632,2026-08-30,2026-09-06,,IN_TRANSIT,SIMULATED
DEL-E51E7D07,CHC-UP-VAR-001,CHC Misirpur,MED-ASV-VIAL,Anti-Snake Venom Serum (Polyvalent),70,2026-08-30,2026-09-05,,IN_TRANSIT,SIMULATED
DEL-CC8E8589,DH-UP-VAR-001,Pandit Deen Dayal Upadhyay District Hospital,MED-RAB-VAC,Anti-Rabies Vaccine (Cell Culture),1120,2026-08-30,2026-09-03,,IN_TRANSIT,SIMULATED
DEL-B5DBEED0,PHC-UP-LUK-001,PHC Bakshi Ka Talab,MED-AMC-625,Amoxicillin + Clavulanic Acid,336,2026-08-30,2026-09-04,,IN_TRANSIT,SIMULATED
DEL-769BD630,DH-UP-LUK-001,Balrampur District Hospital Lucknow,MED-AMC-625,Amoxicillin + Clavulanic Acid,5712,2026-08-30,2026-09-06,,IN_TRANSIT,SIMULATED
DEL-A91C2B1B,PHC-RJ-JAI-001,PHC Bassi,MED-MET-500,Metformin Hydrochloride,490,2026-08-30,2026-09-06,,IN_TRANSIT,SIMULATED
DEL-82EC5590,PHC-RJ-JAI-001,PHC Bassi,MED-ART-60,Artesunate,56,2026-08-30,2026-09-04,,IN_TRANSIT,SIMULATED
DEL-540AC1FF,DH-RJ-JAI-001,Kanwatia District Hospital Jaipur,MED-AMC-625,Amoxicillin + Clavulanic Acid,4284,2026-08-30,2026-09-03,,IN_TRANSIT,SIMULATED
DEL-DAC0BC5F,DH-RJ-JAI-001,Kanwatia District Hospital Jaipur,MED-MGS-50,Magnesium Sulfate,756,2026-08-30,2026-09-04,,IN_TRANSIT,SIMULATED
DEL-B4A5CDDA,PHC-MH-PUN-001,PHC Mulshi,MED-PCM-500,Paracetamol,686,2026-08-30,2026-09-04,,IN_TRANSIT,SIMULATED
DEL-493D036E,PHC-MH-PUN-002,PHC Haveli,MED-AZI-500,Azithromycin,322,2026-08-30,2026-09-04,,IN_TRANSIT,SIMULATED
DEL-A263E9E2,PHC-MH-PUN-003,PHC Khed,MED-PCM-SYR,Paracetamol Paediatric Syrup,364,2026-08-30,2026-09-06,,IN_TRANSIT,SIMULATED
DEL-44FE2408,DH-MH-PUN-001,Aundh District Hospital Pune,MED-ASV-VIAL,Anti-Snake Venom Serum (Polyvalent),448,2026-08-30,2026-09-05,,IN_TRANSIT,SIMULATED
DEL-601A6C2F,PHC-KA-BEN-002,PHC Anekal,MED-ASV-VIAL,Anti-Snake Venom Serum (Polyvalent),28,2026-08-30,2026-09-03,,IN_TRANSIT,SIMULATED
DEL-0AACB516,DH-KA-BEN-001,KC General District Hospital Malleshwaram,MED-IVF-NS500,Normal Saline (0.9% Sodium Chloride),6622,2026-08-30,2026-09-04,,IN_TRANSIT,SIMULATED
DEL-94CE6B60,PHC-BR-PAT-001,PHC Bakhtiyarpur,MED-PCM-SYR,Paracetamol Paediatric Syrup,308,2026-08-31,2026-09-04,,IN_TRANSIT,SIMULATED
DEL-4BE8DAF2,PHC-BR-PAT-002,PHC Danapur,MED-IVF-NS500,Normal Saline (0.9% Sodium Chloride),378,2026-08-31,2026-09-06,,IN_TRANSIT,SIMULATED
DEL-7EE39332,PHC-BR-PAT-003,PHC Bihta,MED-CTX-1G,Ceftriaxone,112,2026-08-31,2026-09-05,,IN_TRANSIT,SIMULATED
DEL-E9213DE5,PHC-BR-PAT-003,PHC Bihta,MED-IVF-NS500,Normal Saline (0.9% Sodium Chloride),294,2026-08-31,2026-09-06,,IN_TRANSIT,SIMULATED
DEL-1578B4C1,PHC-BR-PAT-004,PHC Fatuha,MED-ART-60,Artesunate,42,2026-08-31,2026-09-06,,IN_TRANSIT,SIMULATED
DEL-AE98AB24,PHC-BR-PAT-005,PHC Mokama,MED-PCM-500,Paracetamol,840,2026-08-31,2026-09-06,,IN_TRANSIT,SIMULATED
DEL-E7E3B389,PHC-BR-PAT-005,PHC Mokama,MED-PCM-SYR,Paracetamol Paediatric Syrup,336,2026-08-31,2026-09-04,,IN_TRANSIT,SIMULATED
DEL-DE767F4C,PHC-BR-PAT-005,PHC Mokama,MED-AMX-500,Amoxicillin,406,2026-08-31,2026-09-04,,IN_TRANSIT,SIMULATED
DEL-CEB1A889,PHC-BR-PAT-005,PHC Mokama,MED-ORS-SFT,Oral Rehydration Salts (WHO Formula),602,2026-08-31,2026-09-07,,IN_TRANSIT,SIMULATED
DEL-F73ECA38,PHC-BR-PAT-005,PHC Mokama,MED-MET-500,Metformin Hydrochloride,462,2026-08-31,2026-09-07,,IN_TRANSIT,SIMULATED
DEL-9DFE3AA7,PHC-BR-PAT-005,PHC Mokama,MED-IFA-TAB,Iron & Folic Acid (IFA),518,2026-08-31,2026-09-06,,IN_TRANSIT,SIMULATED
DEL-A08A835D,CHC-BR-PAT-001,CHC Phulwari Sharif,MED-PCM-500,Paracetamol,2534,2026-08-31,2026-09-06,,IN_TRANSIT,SIMULATED
DEL-1C713383,CHC-BR-PAT-001,CHC Phulwari Sharif,MED-PCM-SYR,Paracetamol Paediatric Syrup,1008,2026-08-31,2026-09-05,,IN_TRANSIT,SIMULATED
DEL-B64BD6F1,CHC-BR-PAT-001,CHC Phulwari Sharif,MED-AMX-500,Amoxicillin,1232,2026-08-31,2026-09-04,,IN_TRANSIT,SIMULATED
DEL-5A8083E6,CHC-BR-PAT-001,CHC Phulwari Sharif,MED-ORS-SFT,Oral Rehydration Salts (WHO Formula),1792,2026-08-31,2026-09-04,,IN_TRANSIT,SIMULATED
DEL-6B7BE37A,DH-BR-PAT-001,District Hospital Gardanibagh,MED-INS-REG,Human Insulin (Regular / Soluble),812,2026-08-31,2026-09-07,,IN_TRANSIT,SIMULATED
DEL-0EA86BA1,DH-BR-PAT-001,District Hospital Gardanibagh,MED-IVF-NS500,Normal Saline (0.9% Sodium Chloride),3052,2026-08-31,2026-09-04,,IN_TRANSIT,SIMULATED
DEL-1C152B4A,PHC-BR-GAY-001,PHC Bodh Gaya,MED-AMX-500,Amoxicillin,392,2026-08-31,2026-09-06,,IN_TRANSIT,SIMULATED
DEL-327EC5F8,PHC-BR-GAY-001,PHC Bodh Gaya,MED-AMC-625,Amoxicillin + Clavulanic Acid,252,2026-08-31,2026-09-07,,IN_TRANSIT,SIMULATED
DEL-DCB7B40D,PHC-BR-GAY-002,PHC Sherghati,MED-ORS-SFT,Oral Rehydration Salts (WHO Formula),490,2026-08-31,2026-09-04,,IN_TRANSIT,SIMULATED
DEL-83BC26D7,PHC-BR-GAY-002,PHC Sherghati,MED-ZNC-20,Zinc Sulfate Dispersible,238,2026-08-31,2026-09-05,,IN_TRANSIT,SIMULATED
DEL-88963888,PHC-BR-GAY-003,PHC Tekari,MED-PCM-500,Paracetamol,588,2026-08-31,2026-09-05,,IN_TRANSIT,SIMULATED
DEL-E61B28A9,PHC-BR-GAY-003,PHC Tekari,MED-AZI-500,Azithromycin,154,2026-08-31,2026-09-04,,IN_TRANSIT,SIMULATED
DEL-B2D51963,PHC-BR-GAY-003,PHC Tekari,MED-MET-500,Metformin Hydrochloride,322,2026-08-31,2026-09-06,,IN_TRANSIT,SIMULATED
DEL-373CD8C2,DH-BR-GAY-001,Jay Prakash Narayan District Hospital Gaya,MED-AMX-500,Amoxicillin,5978,2026-08-31,2026-09-05,,IN_TRANSIT,SIMULATED
DEL-5F9D7BC2,DH-BR-GAY-001,Jay Prakash Narayan District Hospital Gaya,MED-ASV-VIAL,Anti-Snake Venom Serum (Polyvalent),322,2026-08-31,2026-09-06,,IN_TRANSIT,SIMULATED
DEL-6C6466DF,DH-BR-GAY-001,Jay Prakash Narayan District Hospital Gaya,MED-MET-500,Metformin Hydrochloride,6804,2026-08-31,2026-09-07,,IN_TRANSIT,SIMULATED
DEL-5DBF16C2,PHC-UP-VAR-001,PHC Cholapur,MED-OXY-AMP,Oxytocin,98,2026-08-31,2026-09-05,,IN_TRANSIT,SIMULATED
DEL-F1EB31D2,PHC-UP-VAR-002,PHC Pindra,MED-AMC-625,Amoxicillin + Clavulanic Acid,294,2026-08-31,2026-09-07,,IN_TRANSIT,SIMULATED
DEL-721F7571,PHC-UP-VAR-002,PHC Pindra,MED-IVF-RL500,Ringer's Lactate (Compound Sodium Lactate),252,2026-08-31,2026-09-07,,IN_TRANSIT,SIMULATED
DEL-1BF12BEE,PHC-UP-VAR-003,PHC Sevapuri,MED-PCM-SYR,Paracetamol Paediatric Syrup,294,2026-08-31,2026-09-04,,IN_TRANSIT,SIMULATED
DEL-7231AF37,PHC-UP-VAR-003,PHC Sevapuri,MED-ORS-SFT,Oral Rehydration Salts (WHO Formula),532,2026-08-31,2026-09-07,,IN_TRANSIT,SIMULATED
DEL-120DEF14,PHC-UP-VAR-003,PHC Sevapuri,MED-CTX-1G,Ceftriaxone,98,2026-08-31,2026-09-05,,IN_TRANSIT,SIMULATED
DEL-B053CBBA,PHC-UP-VAR-003,PHC Sevapuri,MED-OXY-AMP,Oxytocin,84,2026-08-31,2026-09-05,,IN_TRANSIT,SIMULATED
DEL-D36F6E8C,PHC-UP-VAR-003,PHC Sevapuri,MED-MGS-50,Magnesium Sulfate,42,2026-08-31,2026-09-07,,IN_TRANSIT,SIMULATED
DEL-ED0ADB32,PHC-UP-VAR-003,PHC Sevapuri,MED-IVF-D5500,Dextrose 5% in Water,126,2026-08-31,2026-09-07,,IN_TRANSIT,SIMULATED
DEL-EBD60055,PHC-UP-VAR-004,PHC Kashi Vidyapeeth,MED-IVF-NS500,Normal Saline (0.9% Sodium Chloride),392,2026-08-31,2026-09-07,,IN_TRANSIT,SIMULATED
DEL-F0801753,CHC-UP-VAR-001,CHC Misirpur,MED-CTX-1G,Ceftriaxone,350,2026-08-31,2026-09-05,,IN_TRANSIT,SIMULATED
DEL-82C0B693,CHC-UP-VAR-001,CHC Misirpur,MED-MGS-50,Magnesium Sulfate,140,2026-08-31,2026-09-05,,IN_TRANSIT,SIMULATED
DEL-BAE9BF37,CHC-UP-VAR-001,CHC Misirpur,MED-IVF-NS500,Normal Saline (0.9% Sodium Chloride),868,2026-08-31,2026-09-07,,IN_TRANSIT,SIMULATED
DEL-888B6B84,CHC-UP-VAR-001,CHC Misirpur,MED-IVF-RL500,Ringer's Lactate (Compound Sodium Lactate),700,2026-08-31,2026-09-05,,IN_TRANSIT,SIMULATED
DEL-7B80A780,DH-UP-VAR-001,Pandit Deen Dayal Upadhyay District Hospital,MED-PCM-500,Paracetamol,14532,2026-08-31,2026-09-04,,IN_TRANSIT,SIMULATED
DEL-6FDFB832,DH-UP-VAR-001,Pandit Deen Dayal Upadhyay District Hospital,MED-PCM-SYR,Paracetamol Paediatric Syrup,5810,2026-08-31,2026-09-04,,IN_TRANSIT,SIMULATED
DEL-B6D85DB2,DH-UP-VAR-001,Pandit Deen Dayal Upadhyay District Hospital,MED-AMX-500,Amoxicillin,7098,2026-08-31,2026-09-05,,IN_TRANSIT,SIMULATED
DEL-676A548D,DH-UP-VAR-001,Pandit Deen Dayal Upadhyay District Hospital,MED-ZNC-20,Zinc Sulfate Dispersible,5166,2026-08-31,2026-09-05,,IN_TRANSIT,SIMULATED
DEL-DF95002D,DH-UP-VAR-001,Pandit Deen Dayal Upadhyay District Hospital,MED-ASV-VIAL,Anti-Snake Venom Serum (Polyvalent),378,2026-08-31,2026-09-04,,IN_TRANSIT,SIMULATED
DEL-C850C673,PHC-UP-LUK-001,PHC Bakshi Ka Talab,MED-ZNC-20,Zinc Sulfate Dispersible,392,2026-08-31,2026-09-05,,IN_TRANSIT,SIMULATED
DEL-82ABEF9D,PHC-UP-LUK-001,PHC Bakshi Ka Talab,MED-AZI-500,Azithromycin,294,2026-08-31,2026-09-07,,IN_TRANSIT,SIMULATED
DEL-5D0029A0,PHC-UP-LUK-001,PHC Bakshi Ka Talab,MED-INS-REG,Human Insulin (Regular / Soluble),98,2026-08-31,2026-09-05,,IN_TRANSIT,SIMULATED
DEL-709CB7F2,PHC-UP-LUK-001,PHC Bakshi Ka Talab,MED-OXY-AMP,Oxytocin,112,2026-08-31,2026-09-04,,IN_TRANSIT,SIMULATED
DEL-819DC773,PHC-UP-LUK-001,PHC Bakshi Ka Talab,MED-IVF-D5500,Dextrose 5% in Water,196,2026-08-31,2026-09-05,,IN_TRANSIT,SIMULATED
DEL-406F7D7F,PHC-UP-LUK-002,PHC Malihabad,MED-PCM-500,Paracetamol,910,2026-08-31,2026-09-05,,IN_TRANSIT,SIMULATED
DEL-67B93076,PHC-UP-LUK-002,PHC Malihabad,MED-RAB-VAC,Anti-Rabies Vaccine (Cell Culture),70,2026-08-31,2026-09-06,,IN_TRANSIT,SIMULATED
DEL-02DD0536,PHC-UP-LUK-002,PHC Malihabad,MED-MET-500,Metformin Hydrochloride,504,2026-08-31,2026-09-05,,IN_TRANSIT,SIMULATED
DEL-7EA899A2,PHC-UP-LUK-002,PHC Malihabad,MED-IVF-RL500,Ringer's Lactate (Compound Sodium Lactate),238,2026-08-31,2026-09-05,,IN_TRANSIT,SIMULATED
DEL-6FD6AEBD,PHC-UP-LUK-002,PHC Malihabad,MED-IFA-TAB,Iron & Folic Acid (IFA),560,2026-08-31,2026-09-04,,IN_TRANSIT,SIMULATED
DEL-1E17EEB3,PHC-UP-LUK-003,PHC Mohanlalganj,MED-PCM-500,Paracetamol,938,2026-08-31,2026-09-04,,IN_TRANSIT,SIMULATED
DEL-875323DD,PHC-UP-LUK-003,PHC Mohanlalganj,MED-AZI-500,Azithromycin,252,2026-08-31,2026-09-05,,IN_TRANSIT,SIMULATED
DEL-6B0B84C6,PHC-UP-LUK-003,PHC Mohanlalganj,MED-INS-REG,Human Insulin (Regular / Soluble),84,2026-08-31,2026-09-07,,IN_TRANSIT,SIMULATED
DEL-58432008,PHC-UP-LUK-003,PHC Mohanlalganj,MED-MET-500,Metformin Hydrochloride,518,2026-08-31,2026-09-04,,IN_TRANSIT,SIMULATED
DEL-04050CCE,DH-UP-LUK-001,Balrampur District Hospital Lucknow,MED-ALB-400,Albendazole,3262,2026-08-31,2026-09-06,,IN_TRANSIT,SIMULATED
DEL-F1D245DD,DH-UP-LUK-001,Balrampur District Hospital Lucknow,MED-IFA-TAB,Iron & Folic Acid (IFA),11424,2026-08-31,2026-09-05,,IN_TRANSIT,SIMULATED
DEL-28869C10,PHC-RJ-JAI-001,PHC Bassi,MED-IVF-NS500,Normal Saline (0.9% Sodium Chloride),294,2026-08-31,2026-09-07,,IN_TRANSIT,SIMULATED
DEL-F7071D95,PHC-RJ-JAI-001,PHC Bassi,MED-IFA-TAB,Iron & Folic Acid (IFA),546,2026-08-31,2026-09-04,,IN_TRANSIT,SIMULATED
DEL-57D30392,PHC-RJ-JAI-002,PHC Chaksu,MED-AZI-500,Azithromycin,210,2026-08-31,2026-09-06,,IN_TRANSIT,SIMULATED
DEL-6E23C064,PHC-RJ-JAI-002,PHC Chaksu,MED-IVF-RL500,Ringer's Lactate (Compound Sodium Lactate),210,2026-08-31,2026-09-06,,IN_TRANSIT,SIMULATED
DEL-0984397C,DH-RJ-JAI-001,Kanwatia District Hospital Jaipur,MED-PCM-SYR,Paracetamol Paediatric Syrup,5502,2026-08-31,2026-09-04,,IN_TRANSIT,SIMULATED
DEL-C6FF5829,DH-RJ-JAI-001,Kanwatia District Hospital Jaipur,MED-ORS-SFT,Oral Rehydration Salts (WHO Formula),9786,2026-08-31,2026-09-05,,IN_TRANSIT,SIMULATED
DEL-995F3AA5,DH-RJ-JAI-001,Kanwatia District Hospital Jaipur,MED-CTX-1G,Ceftriaxone,1834,2026-08-31,2026-09-04,,IN_TRANSIT,SIMULATED
DEL-BF22279D,DH-RJ-JAI-001,Kanwatia District Hospital Jaipur,MED-ASV-VIAL,Anti-Snake Venom Serum (Polyvalent),364,2026-08-31,2026-09-05,,IN_TRANSIT,SIMULATED
DEL-28B01EC8,PHC-MH-PUN-002,PHC Haveli,MED-PCM-500,Paracetamol,1218,2026-08-31,2026-09-04,,IN_TRANSIT,SIMULATED
DEL-1B617DEE,PHC-MH-PUN-002,PHC Haveli,MED-ZNC-20,Zinc Sulfate Dispersible,434,2026-08-31,2026-09-04,,IN_TRANSIT,SIMULATED
DEL-892C8882,PHC-MH-PUN-002,PHC Haveli,MED-IVF-RL500,Ringer's Lactate (Compound Sodium Lactate),322,2026-08-31,2026-09-05,,IN_TRANSIT,SIMULATED
DEL-4D0A1F3A,PHC-MH-PUN-003,PHC Khed,MED-AMC-625,Amoxicillin + Clavulanic Acid,280,2026-08-31,2026-09-05,,IN_TRANSIT,SIMULATED
DEL-0E95A19C,PHC-MH-PUN-003,PHC Khed,MED-AZI-500,Azithromycin,238,2026-08-31,2026-09-07,,IN_TRANSIT,SIMULATED
DEL-87AF5EB0,PHC-MH-PUN-003,PHC Khed,MED-MET-500,Metformin Hydrochloride,504,2026-08-31,2026-09-06,,IN_TRANSIT,SIMULATED
DEL-09DC58A6,PHC-MH-PUN-003,PHC Khed,MED-IVF-NS500,Normal Saline (0.9% Sodium Chloride),294,2026-08-31,2026-09-07,,IN_TRANSIT,SIMULATED
DEL-93ABF261,PHC-MH-PUN-003,PHC Khed,MED-IVF-D5500,Dextrose 5% in Water,154,2026-08-31,2026-09-07,,IN_TRANSIT,SIMULATED
DEL-775A6962,DH-MH-PUN-001,Aundh District Hospital Pune,MED-ZNC-20,Zinc Sulfate Dispersible,5978,2026-08-31,2026-09-07,,IN_TRANSIT,SIMULATED
DEL-EB2EA4B2,DH-MH-PUN-001,Aundh District Hospital Pune,MED-CTX-1G,Ceftriaxone,2240,2026-08-31,2026-09-05,,IN_TRANSIT,SIMULATED
DEL-28AC8E1B,DH-MH-PUN-001,Aundh District Hospital Pune,MED-INS-REG,Human Insulin (Regular / Soluble),1484,2026-08-31,2026-09-06,,IN_TRANSIT,SIMULATED
DEL-E7DB2C61,DH-MH-PUN-001,Aundh District Hospital Pune,MED-MGS-50,Magnesium Sulfate,924,2026-08-31,2026-09-05,,IN_TRANSIT,SIMULATED
DEL-5D5FA7FE,DH-MH-PUN-001,Aundh District Hospital Pune,MED-IVF-D5500,Dextrose 5% in Water,2982,2026-08-31,2026-09-04,,IN_TRANSIT,SIMULATED
DEL-180985A7,DH-MH-PUN-001,Aundh District Hospital Pune,MED-IFA-TAB,Iron & Folic Acid (IFA),10472,2026-08-31,2026-09-04,,IN_TRANSIT,SIMULATED
DEL-68F32A1A,PHC-KA-BEN-001,PHC Yelahanka,MED-AMX-500,Amoxicillin,644,2026-08-31,2026-09-04,,IN_TRANSIT,SIMULATED
DEL-04F10F4E,PHC-KA-BEN-002,PHC Anekal,MED-IFA-TAB,Iron & Folic Acid (IFA),616,2026-08-31,2026-09-06,,IN_TRANSIT,SIMULATED
DEL-7467317B,PHC-KA-BEN-003,PHC Kengeri,MED-AMX-500,Amoxicillin,560,2026-08-31,2026-09-05,,IN_TRANSIT,SIMULATED
DEL-31AAD34F,PHC-KA-BEN-003,PHC Kengeri,MED-ZNC-20,Zinc Sulfate Dispersible,406,2026-08-31,2026-09-05,,IN_TRANSIT,SIMULATED
DEL-EAA0EAE5,PHC-KA-BEN-003,PHC Kengeri,MED-IVF-NS500,Normal Saline (0.9% Sodium Chloride),378,2026-08-31,2026-09-05,,IN_TRANSIT,SIMULATED
DEL-9E5DE8A8,DH-KA-BEN-001,KC General District Hospital Malleshwaram,MED-PCM-500,Paracetamol,19894,2026-08-31,2026-09-06,,IN_TRANSIT,SIMULATED
DEL-881733C1,DH-KA-BEN-001,KC General District Hospital Malleshwaram,MED-AMX-500,Amoxicillin,9716,2026-08-31,2026-09-04,,IN_TRANSIT,SIMULATED
DEL-A374166C,DH-KA-BEN-001,KC General District Hospital Malleshwaram,MED-AZI-500,Azithromycin,5306,2026-08-31,2026-09-05,,IN_TRANSIT,SIMULATED
DEL-7DC3531E,DH-KA-BEN-001,KC General District Hospital Malleshwaram,MED-IVF-D5500,Dextrose 5% in Water,3528,2026-08-31,2026-09-07,,IN_TRANSIT,SIMULATED
DEL-2DF8E11E,DH-KA-BEN-001,KC General District Hospital Malleshwaram,MED-ALB-400,Albendazole,3528,2026-08-31,2026-09-04,,IN_TRANSIT,SIMULATED
