phc_id,facility_name,state_name,district_name,district_code,record_date,timestamp,patient_footfall,opd_patients,ipd_patients,fever_syndromic_cases,beds_total,beds_occupied,beds_available,bed_occupancy_rate_pct,doctors_scheduled,doctors_present,nurses_scheduled,nurses_present,doctor_shortage_flag,nurse_shortage_flag,emergency_status,data_source
PHC-BR-PAT-001,PHC Bakhtiyarpur,Bihar,Patna,BR-PATNA,2026-06-02,2026-06-02T20:00:00,136,121,15,16,6,6,0,100.0,2,2,4,4,False,False,BED_OVERFLOW,SIMULATED
PHC-BR-PAT-002,PHC Danapur,Bihar,Patna,BR-PATNA,2026-06-02,2026-06-02T20:00:00,188,170,18,25,10,10,0,100.0,3,3,6,6,False,False,BED_OVERFLOW,SIMULATED
PHC-BR-PAT-003,PHC Bihta,Bihar,Patna,BR-PATNA,2026-06-02,2026-06-02T20:00:00,147,130,17,23,8,8,0,100.0,2,2,5,5,False,False,BED_OVERFLOW,SIMULATED
PHC-BR-PAT-004,PHC Fatuha,Bihar,Patna,BR-PATNA,2026-06-02,2026-06-02T20:00:00,113,102,11,18,6,6,0,100.0,2,2,4,4,False,False,BED_OVERFLOW,SIMULATED
PHC-BR-PAT-005,PHC Mokama,Bihar,Patna,BR-PATNA,2026-06-02,2026-06-02T20:00:00,136,121,15,13,8,8,0,100.0,2,2,4,4,False,False,BED_OVERFLOW,SIMULATED
CHC-BR-PAT-001,CHC Phulwari Sharif,Bihar,Patna,BR-PATNA,2026-06-02,2026-06-02T20:00:00,381,328,53,45,30,30,0,100.0,6,6,12,11,False,False,BED_OVERFLOW,SIMULATED
DH-BR-PAT-001,District Hospital Gardanibagh,Bihar,Patna,BR-PATNA,2026-06-02,2026-06-02T20:00:00,1080,943,137,126,150,150,0,100.0,24,23,45,44,False,False,BED_OVERFLOW,SIMULATED
PHC-BR-GAY-001,PHC Bodh Gaya,Bihar,Gaya,BR-GAYA,2026-06-02,2026-06-02T20:00:00,127,110,17,12,8,8,0,100.0,2,2,4,4,False,False,BED_OVERFLOW,SIMULATED
PHC-BR-GAY-002,PHC Sherghati,Bihar,Gaya,BR-GAYA,2026-06-02,2026-06-02T20:00:00,115,99,16,10,6,6,0,100.0,2,2,4,4,False,False,BED_OVERFLOW,SIMULATED
PHC-BR-GAY-003,PHC Tekari,Bihar,Gaya,BR-GAYA,2026-06-02,2026-06-02T20:00:00,91,83,8,12,6,6,0,100.0,2,2,3,3,False,False,BED_OVERFLOW,SIMULATED
DH-BR-GAY-001,Jay Prakash Narayan District Hospital Gaya,Bihar,Gaya,BR-GAYA,2026-06-02,2026-06-02T20:00:00,1583,1387,196,246,200,200,0,100.0,30,28,60,60,False,False,BED_OVERFLOW,SIMULATED
PHC-UP-VAR-001,PHC Cholapur,Uttar Pradesh,Varanasi,UP-VARANASI,2026-06-02,2026-06-02T20:00:00,150,135,15,24,6,6,0,100.0,2,2,4,4,False,False,BED_OVERFLOW,SIMULATED
PHC-UP-VAR-002,PHC Pindra,Uttar Pradesh,Varanasi,UP-VARANASI,2026-06-02,2026-06-02T20:00:00,185,168,17,30,8,8,0,100.0,3,3,5,5,False,False,BED_OVERFLOW,SIMULATED
PHC-UP-VAR-003,PHC Sevapuri,Uttar Pradesh,Varanasi,UP-VARANASI,2026-06-02,2026-06-02T20:00:00,127,113,14,23,6,6,0,100.0,2,2,4,4,False,False,BED_OVERFLOW,SIMULATED
PHC-UP-VAR-004,PHC Kashi Vidyapeeth,Uttar Pradesh,Varanasi,UP-VARANASI,2026-06-02,2026-06-02T20:00:00,206,180,26,45,10,10,0,100.0,3,3,6,6,False,False,BED_OVERFLOW,SIMULATED
CHC-UP-VAR-001,CHC Misirpur,Uttar Pradesh,Varanasi,UP-VARANASI,2026-06-02,2026-06-02T20:00:00,387,343,44,53,30,30,0,100.0,7,6,14,13,False,False,BED_OVERFLOW,SIMULATED
DH-UP-VAR-001,Pandit Deen Dayal Upadhyay District Hospital,Uttar Pradesh,Varanasi,UP-VARANASI,2026-06-02,2026-06-02T20:00:00,1728,1528,200,258,250,250,0,100.0,38,34,75,73,False,False,BED_OVERFLOW,SIMULATED
PHC-UP-LUK-001,PHC Bakshi Ka Talab,Uttar Pradesh,Lucknow,UP-LUCKNOW,2026-06-02,2026-06-02T20:00:00,182,156,26,16,10,10,0,100.0,3,3,6,6,False,False,BED_OVERFLOW,SIMULATED
PHC-UP-LUK-002,PHC Malihabad,Uttar Pradesh,Lucknow,UP-LUCKNOW,2026-06-02,2026-06-02T20:00:00,174,158,16,34,8,8,0,100.0,2,2,5,5,False,False,BED_OVERFLOW,SIMULATED
PHC-UP-LUK-003,PHC Mohanlalganj,Uttar Pradesh,Lucknow,UP-LUCKNOW,2026-06-02,2026-06-02T20:00:00,171,147,24,26,8,8,0,100.0,2,2,5,5,False,False,BED_OVERFLOW,SIMULATED
DH-UP-LUK-001,Balrampur District Hospital Lucknow,Uttar Pradesh,Lucknow,UP-LUCKNOW,2026-06-02,2026-06-02T20:00:00,2581,2227,354,302,350,350,0,100.0,50,43,110,109,False,False,BED_OVERFLOW,SIMULATED
PHC-RJ-JAI-001,PHC Bassi,Rajasthan,Jaipur,RJ-JAIPUR,2026-06-02,2026-06-02T20:00:00,148,131,17,12,8,8,0,100.0,2,2,5,5,False,False,BED_OVERFLOW,SIMULATED
PHC-RJ-JAI-002,PHC Chaksu,Rajasthan,Jaipur,RJ-JAIPUR,2026-06-02,2026-06-02T20:00:00,127,111,16,10,6,6,0,100.0,2,2,4,4,False,False,BED_OVERFLOW,SIMULATED
PHC-RJ-JAI-003,PHC Amer,Rajasthan,Jaipur,RJ-JAIPUR,2026-06-02,2026-06-02T20:00:00,172,149,23,36,10,10,0,100.0,3,3,6,6,False,False,BED_OVERFLOW,SIMULATED
DH-RJ-JAI-001,Kanwatia District Hospital Jaipur,Rajasthan,Jaipur,RJ-JAIPUR,2026-06-02,2026-06-02T20:00:00,1655,1452,203,295,200,200,0,100.0,32,29,68,63,False,False,BED_OVERFLOW,SIMULATED
PHC-MH-PUN-001,PHC Mulshi,Maharashtra,Pune,MH-PUNE,2026-06-02,2026-06-02T20:00:00,104,92,12,10,8,8,0,100.0,2,2,5,5,False,False,BED_OVERFLOW,SIMULATED
PHC-MH-PUN-002,PHC Haveli,Maharashtra,Pune,MH-PUNE,2026-06-02,2026-06-02T20:00:00,214,185,29,19,10,10,0,100.0,3,3,6,6,False,False,BED_OVERFLOW,SIMULATED
PHC-MH-PUN-003,PHC Khed,Maharashtra,Pune,MH-PUNE,2026-06-02,2026-06-02T20:00:00,144,130,14,16,8,8,0,100.0,2,2,5,5,False,False,BED_OVERFLOW,SIMULATED
DH-MH-PUN-001,Aundh District Hospital Pune,Maharashtra,Pune,MH-PUNE,2026-06-02,2026-06-02T20:00:00,2210,1977,233,380,300,300,0,100.0,42,38,90,84,False,False,BED_OVERFLOW,SIMULATED
PHC-KA-BEN-001,PHC Yelahanka,Karnataka,Bengaluru Urban,KA-BENGALURU-U,2026-06-02,2026-06-02T20:00:00,243,213,30,45,10,10,0,100.0,3,3,7,7,False,False,BED_OVERFLOW,SIMULATED
PHC-KA-BEN-002,PHC Anekal,Karnataka,Bengaluru Urban,KA-BENGALURU-U,2026-06-02,2026-06-02T20:00:00,152,139,13,17,8,8,0,100.0,2,2,5,5,False,False,BED_OVERFLOW,SIMULATED
PHC-KA-BEN-003,PHC Kengeri,Karnataka,Bengaluru Urban,KA-BENGALURU-U,2026-06-02,2026-06-02T20:00:00,210,184,26,30,10,10,0,100.0,3,3,6,6,False,False,BED_OVERFLOW,SIMULATED
DH-KA-BEN-001,KC General District Hospital Malleshwaram,Karnataka,Bengaluru Urban,KA-BENGALURU-U,2026-06-02,2026-06-02T20:00:00,2437,2211,226,417,350,350,0,100.0,48,48,105,92,False,False,BED_OVERFLOW,SIMULATED
PHC-BR-PAT-001,PHC Bakhtiyarpur,Bihar,Patna,BR-PATNA,2026-06-03,2026-06-03T20:00:00,138,126,12,17,6,6,0,100.0,2,2,4,4,False,False,BED_OVERFLOW,SIMULATED
PHC-BR-PAT-002,PHC Danapur,Bihar,Patna,BR-PATNA,2026-06-03,2026-06-03T20:00:00,191,174,17,15,10,10,0,100.0,3,3,6,6,False,False,BED_OVERFLOW,SIMULATED
PHC-BR-PAT-003,PHC Bihta,Bihar,Patna,BR-PATNA,2026-06-03,2026-06-03T20:00:00,153,132,21,28,8,8,0,100.0,2,2,5,5,False,False,BED_OVERFLOW,SIMULATED
PHC-BR-PAT-004,PHC Fatuha,Bihar,Patna,BR-PATNA,2026-06-03,2026-06-03T20:00:00,126,108,18,15,6,6,0,100.0,2,2,4,4,False,False,BED_OVERFLOW,SIMULATED
PHC-BR-PAT-005,PHC Mokama,Bihar,Patna,BR-PATNA,2026-06-03,2026-06-03T20:00:00,142,127,15,29,8,8,0,100.0,2,2,4,4,False,False,BED_OVERFLOW,SIMULATED
CHC-BR-PAT-001,CHC Phulwari Sharif,Bihar,Patna,BR-PATNA,2026-06-03,2026-06-03T20:00:00,374,326,48,65,30,30,0,100.0,6,6,12,11,False,False,BED_OVERFLOW,SIMULATED
DH-BR-PAT-001,District Hospital Gardanibagh,Bihar,Patna,BR-PATNA,2026-06-03,2026-06-03T20:00:00,1227,1127,100,228,150,150,0,100.0,24,20,45,40,False,False,BED_OVERFLOW,SIMULATED
PHC-BR-GAY-001,PHC Bodh Gaya,Bihar,Gaya,BR-GAYA,2026-06-03,2026-06-03T20:00:00,138,121,17,11,8,8,0,100.0,2,2,4,4,False,False,BED_OVERFLOW,SIMULATED
PHC-BR-GAY-002,PHC Sherghati,Bihar,Gaya,BR-GAYA,2026-06-03,2026-06-03T20:00:00,106,93,13,12,6,6,0,100.0,2,2,4,4,False,False,BED_OVERFLOW,SIMULATED
PHC-BR-GAY-003,PHC Tekari,Bihar,Gaya,BR-GAYA,2026-06-03,2026-06-03T20:00:00,98,85,13,16,6,6,0,100.0,2,2,3,3,False,False,BED_OVERFLOW,SIMULATED
DH-BR-GAY-001,Jay Prakash Narayan District Hospital Gaya,Bihar,Gaya,BR-GAYA,2026-06-03,2026-06-03T20:00:00,1655,1481,174,186,200,200,0,100.0,30,27,60,58,False,False,BED_OVERFLOW,SIMULATED
PHC-UP-VAR-001,PHC Cholapur,Uttar Pradesh,Varanasi,UP-VARANASI,2026-06-03,2026-06-03T20:00:00,160,146,14,23,6,6,0,100.0,2,2,4,4,False,False,BED_OVERFLOW,SIMULATED
PHC-UP-VAR-002,PHC Pindra,Uttar Pradesh,Varanasi,UP-VARANASI,2026-06-03,2026-06-03T20:00:00,154,141,13,33,8,8,0,100.0,3,3,5,5,False,False,BED_OVERFLOW,SIMULATED
PHC-UP-VAR-003,PHC Sevapuri,Uttar Pradesh,Varanasi,UP-VARANASI,2026-06-03,2026-06-03T20:00:00,122,108,14,14,6,6,0,100.0,2,2,4,4,False,False,BED_OVERFLOW,SIMULATED
PHC-UP-VAR-004,PHC Kashi Vidyapeeth,Uttar Pradesh,Varanasi,UP-VARANASI,2026-06-03,2026-06-03T20:00:00,213,188,25,27,10,10,0,100.0,3,3,6,6,False,False,BED_OVERFLOW,SIMULATED
CHC-UP-VAR-001,CHC Misirpur,Uttar Pradesh,Varanasi,UP-VARANASI,2026-06-03,2026-06-03T20:00:00,413,375,38,55,30,30,0,100.0,7,7,14,14,False,False,BED_OVERFLOW,SIMULATED
DH-UP-VAR-001,Pandit Deen Dayal Upadhyay District Hospital,Uttar Pradesh,Varanasi,UP-VARANASI,2026-06-03,2026-06-03T20:00:00,1714,1574,140,355,250,250,0,100.0,38,37,75,74,False,False,BED_OVERFLOW,SIMULATED
PHC-UP-LUK-001,PHC Bakshi Ka Talab,Uttar Pradesh,Lucknow,UP-LUCKNOW,2026-06-03,2026-06-03T20:00:00,179,162,17,20,10,10,0,100.0,3,3,6,6,False,False,BED_OVERFLOW,SIMULATED
PHC-UP-LUK-002,PHC Malihabad,Uttar Pradesh,Lucknow,UP-LUCKNOW,2026-06-03,2026-06-03T20:00:00,159,139,20,29,8,8,0,100.0,2,2,5,5,False,False,BED_OVERFLOW,SIMULATED
PHC-UP-LUK-003,PHC Mohanlalganj,Uttar Pradesh,Lucknow,UP-LUCKNOW,2026-06-03,2026-06-03T20:00:00,167,144,23,28,8,8,0,100.0,2,2,5,5,False,False,BED_OVERFLOW,SIMULATED
DH-UP-LUK-001,Balrampur District Hospital Lucknow,Uttar Pradesh,Lucknow,UP-LUCKNOW,2026-06-03,2026-06-03T20:00:00,2375,2094,281,233,350,350,0,100.0,50,44,110,101,False,False,BED_OVERFLOW,SIMULATED
PHC-RJ-JAI-001,PHC Bassi,Rajasthan,Jaipur,RJ-JAIPUR,2026-06-03,2026-06-03T20:00:00,147,128,19,27,8,8,0,100.0,2,2,5,5,False,False,BED_OVERFLOW,SIMULATED
PHC-RJ-JAI-002,PHC Chaksu,Rajasthan,Jaipur,RJ-JAIPUR,2026-06-03,2026-06-03T20:00:00,141,123,18,14,6,6,0,100.0,2,2,4,4,False,False,BED_OVERFLOW,SIMULATED
PHC-RJ-JAI-003,PHC Amer,Rajasthan,Jaipur,RJ-JAIPUR,2026-06-03,2026-06-03T20:00:00,153,134,19,30,10,10,0,100.0,3,3,6,6,False,False,BED_OVERFLOW,SIMULATED
DH-RJ-JAI-001,Kanwatia District Hospital Jaipur,Rajasthan,Jaipur,RJ-JAIPUR,2026-06-03,2026-06-03T20:00:00,1787,1617,170,199,200,200,0,100.0,32,30,68,62,False,False,BED_OVERFLOW,SIMULATED
PHC-MH-PUN-001,PHC Mulshi,Maharashtra,Pune,MH-PUNE,2026-06-03,2026-06-03T20:00:00,111,101,10,17,8,8,0,100.0,2,2,5,5,False,False,BED_OVERFLOW,SIMULATED
PHC-MH-PUN-002,PHC Haveli,Maharashtra,Pune,MH-PUNE,2026-06-03,2026-06-03T20:00:00,228,197,31,30,10,10,0,100.0,3,3,6,6,False,False,BED_OVERFLOW,SIMULATED
PHC-MH-PUN-003,PHC Khed,Maharashtra,Pune,MH-PUNE,2026-06-03,2026-06-03T20:00:00,160,143,17,21,8,8,0,100.0,2,2,5,5,False,False,BED_OVERFLOW,SIMULATED
DH-MH-PUN-001,Aundh District Hospital Pune,Maharashtra,Pune,MH-PUNE,2026-06-03,2026-06-03T20:00:00,2095,1920,175,263,300,300,0,100.0,42,40,90,86,False,False,BED_OVERFLOW,SIMULATED
PHC-KA-BEN-001,PHC Yelahanka,Karnataka,Bengaluru Urban,KA-BENGALURU-U,2026-06-03,2026-06-03T20:00:00,221,196,25,39,10,10,0,100.0,3,3,7,6,False,False,BED_OVERFLOW,SIMULATED
PHC-KA-BEN-002,PHC Anekal,Karnataka,Bengaluru Urban,KA-BENGALURU-U,2026-06-03,2026-06-03T20:00:00,175,150,25,38,8,8,0,100.0,2,2,5,5,False,False,BED_OVERFLOW,SIMULATED
PHC-KA-BEN-003,PHC Kengeri,Karnataka,Bengaluru Urban,KA-BENGALURU-U,2026-06-03,2026-06-03T20:00:00,208,183,25,27,10,10,0,100.0,3,3,6,6,False,False,BED_OVERFLOW,SIMULATED
DH-KA-BEN-001,KC General District Hospital Malleshwaram,Karnataka,Bengaluru Urban,KA-BENGALURU-U,2026-06-03,2026-06-03T20:00:00,2475,2215,260,449,350,350,0,100.0,48,45,105,103,False,False,BED_OVERFLOW,SIMULATED
PHC-BR-PAT-001,PHC Bakhtiyarpur,Bihar,Patna,BR-PATNA,2026-06-04,2026-06-04T20:00:00,144,129,15,30,6,6,0,100.0,2,2,4,4,False,False,BED_OVERFLOW,SIMULATED
PHC-BR-PAT-002,PHC Danapur,Bihar,Patna,BR-PATNA,2026-06-04,2026-06-04T20:00:00,210,186,24,23,10,10,0,100.0,3,3,6,6,False,False,BED_OVERFLOW,SIMULATED
PHC-BR-PAT-003,PHC Bihta,Bihar,Patna,BR-PATNA,2026-06-04,2026-06-04T20:00:00,148,135,13,25,8,8,0,100.0,2,2,5,5,False,False,BED_OVERFLOW,SIMULATED
PHC-BR-PAT-004,PHC Fatuha,Bihar,Patna,BR-PATNA,2026-06-04,2026-06-04T20:00:00,123,112,11,24,6,6,0,100.0,2,2,4,4,False,False,BED_OVERFLOW,SIMULATED
PHC-BR-PAT-005,PHC Mokama,Bihar,Patna,BR-PATNA,2026-06-04,2026-06-04T20:00:00,155,142,13,13,8,8,0,100.0,2,2,4,4,False,False,BED_OVERFLOW,SIMULATED
CHC-BR-PAT-001,CHC Phulwari Sharif,Bihar,Patna,BR-PATNA,2026-06-04,2026-06-04T20:00:00,433,377,56,84,30,30,0,100.0,6,6,12,12,False,False,BED_OVERFLOW,SIMULATED
DH-BR-PAT-001,District Hospital Gardanibagh,Bihar,Patna,BR-PATNA,2026-06-04,2026-06-04T20:00:00,1108,968,140,208,150,150,0,100.0,24,23,45,41,False,False,BED_OVERFLOW,SIMULATED
PHC-BR-GAY-001,PHC Bodh Gaya,Bihar,Gaya,BR-GAYA,2026-06-04,2026-06-04T20:00:00,138,126,12,30,8,8,0,100.0,2,2,4,4,False,False,BED_OVERFLOW,SIMULATED
PHC-BR-GAY-002,PHC Sherghati,Bihar,Gaya,BR-GAYA,2026-06-04,2026-06-04T20:00:00,116,105,11,11,6,6,0,100.0,2,2,4,4,False,False,BED_OVERFLOW,SIMULATED
PHC-BR-GAY-003,PHC Tekari,Bihar,Gaya,BR-GAYA,2026-06-04,2026-06-04T20:00:00,101,86,15,11,6,6,0,100.0,2,2,3,3,False,False,BED_OVERFLOW,SIMULATED
DH-BR-GAY-001,Jay Prakash Narayan District Hospital Gaya,Bihar,Gaya,BR-GAYA,2026-06-04,2026-06-04T20:00:00,1601,1382,219,228,200,200,0,100.0,30,28,60,56,False,False,BED_OVERFLOW,SIMULATED
PHC-UP-VAR-001,PHC Cholapur,Uttar Pradesh,Varanasi,UP-VARANASI,2026-06-04,2026-06-04T20:00:00,143,124,19,23,6,6,0,100.0,2,2,4,4,False,False,BED_OVERFLOW,SIMULATED
PHC-UP-VAR-002,PHC Pindra,Uttar Pradesh,Varanasi,UP-VARANASI,2026-06-04,2026-06-04T20:00:00,186,163,23,31,8,8,0,100.0,3,3,5,5,False,False,BED_OVERFLOW,SIMULATED
PHC-UP-VAR-003,PHC Sevapuri,Uttar Pradesh,Varanasi,UP-VARANASI,2026-06-04,2026-06-04T20:00:00,137,121,16,13,6,6,0,100.0,2,2,4,4,False,False,BED_OVERFLOW,SIMULATED
PHC-UP-VAR-004,PHC Kashi Vidyapeeth,Uttar Pradesh,Varanasi,UP-VARANASI,2026-06-04,2026-06-04T20:00:00,208,182,26,20,10,10,0,100.0,3,3,6,6,False,False,BED_OVERFLOW,SIMULATED
CHC-UP-VAR-001,CHC Misirpur,Uttar Pradesh,Varanasi,UP-VARANASI,2026-06-04,2026-06-04T20:00:00,401,361,40,53,30,30,0,100.0,7,7,14,13,False,False,BED_OVERFLOW,SIMULATED
DH-UP-VAR-001,Pandit Deen Dayal Upadhyay District Hospital,Uttar Pradesh,Varanasi,UP-VARANASI,2026-06-04,2026-06-04T20:00:00,1915,1696,219,365,250,250,0,100.0,38,36,75,74,False,False,BED_OVERFLOW,SIMULATED
PHC-UP-LUK-001,PHC Bakshi Ka Talab,Uttar Pradesh,Lucknow,UP-LUCKNOW,2026-06-04,2026-06-04T20:00:00,200,178,22,40,10,10,0,100.0,3,3,6,6,False,False,BED_OVERFLOW,SIMULATED
PHC-UP-LUK-002,PHC Malihabad,Uttar Pradesh,Lucknow,UP-LUCKNOW,2026-06-04,2026-06-04T20:00:00,153,139,14,20,8,8,0,100.0,2,2,5,5,False,False,BED_OVERFLOW,SIMULATED
PHC-UP-LUK-003,PHC Mohanlalganj,Uttar Pradesh,Lucknow,UP-LUCKNOW,2026-06-04,2026-06-04T20:00:00,146,127,19,31,8,8,0,100.0,2,2,5,5,False,False,BED_OVERFLOW,SIMULATED
DH-UP-LUK-001,Balrampur District Hospital Lucknow,Uttar Pradesh,Lucknow,UP-LUCKNOW,2026-06-04,2026-06-04T20:00:00,2353,2035,318,330,350,350,0,100.0,50,44,110,96,False,False,BED_OVERFLOW,SIMULATED
PHC-RJ-JAI-001,PHC Bassi,Rajasthan,Jaipur,RJ-JAIPUR,2026-06-04,2026-06-04T20:00:00,162,139,23,34,8,8,0,100.0,2,2,5,5,False,False,BED_OVERFLOW,SIMULATED
PHC-RJ-JAI-002,PHC Chaksu,Rajasthan,Jaipur,RJ-JAIPUR,2026-06-04,2026-06-04T20:00:00,141,128,13,29,6,6,0,100.0,2,2,4,4,False,False,BED_OVERFLOW,SIMULATED
PHC-RJ-JAI-003,PHC Amer,Rajasthan,Jaipur,RJ-JAIPUR,2026-06-04,2026-06-04T20:00:00,167,146,21,20,10,10,0,100.0,3,3,6,6,False,False,BED_OVERFLOW,SIMULATED
DH-RJ-JAI-001,Kanwatia District Hospital Jaipur,Rajasthan,Jaipur,RJ-JAIPUR,2026-06-04,2026-06-04T20:00:00,1794,1594,200,356,200,200,0,100.0,32,30,68,59,False,False,BED_OVERFLOW,SIMULATED
PHC-MH-PUN-001,PHC Mulshi,Maharashtra,Pune,MH-PUNE,2026-06-04,2026-06-04T20:00:00,133,116,17,14,8,8,0,100.0,2,2,5,5,False,False,BED_OVERFLOW,SIMULATED
PHC-MH-PUN-002,PHC Haveli,Maharashtra,Pune,MH-PUNE,2026-06-04,2026-06-04T20:00:00,203,182,21,35,10,10,0,100.0,3,3,6,6,False,False,BED_OVERFLOW,SIMULATED
PHC-MH-PUN-003,PHC Khed,Maharashtra,Pune,MH-PUNE,2026-06-04,2026-06-04T20:00:00,149,134,15,12,8,8,0,100.0,2,2,5,5,False,False,BED_OVERFLOW,SIMULATED
DH-MH-PUN-001,Aundh District Hospital Pune,Maharashtra,Pune,MH-PUNE,2026-06-04,2026-06-04T20:00:00,2121,1868,253,223,300,300,0,100.0,42,40,90,78,False,False,BED_OVERFLOW,SIMULATED
PHC-KA-BEN-001,PHC Yelahanka,Karnataka,Bengaluru Urban,KA-BENGALURU-U,2026-06-04,2026-06-04T20:00:00,239,216,23,51,10,10,0,100.0,3,3,7,7,False,False,BED_OVERFLOW,SIMULATED
PHC-KA-BEN-002,PHC Anekal,Karnataka,Bengaluru Urban,KA-BENGALURU-U,2026-06-04,2026-06-04T20:00:00,168,149,19,17,8,8,0,100.0,2,2,5,5,False,False,BED_OVERFLOW,SIMULATED
PHC-KA-BEN-003,PHC Kengeri,Karnataka,Bengaluru Urban,KA-BENGALURU-U,2026-06-04,2026-06-04T20:00:00,192,171,21,39,10,10,0,100.0,3,3,6,6,False,False,BED_OVERFLOW,SIMULATED
DH-KA-BEN-001,KC General District Hospital Malleshwaram,Karnataka,Bengaluru Urban,KA-BENGALURU-U,2026-06-04,2026-06-04T20:00:00,2549,2204,345,362,350,350,0,100.0,48,45,105,96,False,False,BED_OVERFLOW,SIMULATED
PHC-BR-PAT-001,PHC Bakhtiyarpur,Bihar,Patna,BR-PATNA,2026-06-05,2026-06-05T20:00:00,112,97,15,16,6,6,0,100.0,2,2,4,4,False,False,BED_OVERFLOW,SIMULATED
PHC-BR-PAT-002,PHC Danapur,Bihar,Patna,BR-PATNA,2026-06-05,2026-06-05T20:00:00,169,151,18,25,10,10,0,100.0,3,3,6,6,False,False,BED_OVERFLOW,SIMULATED
PHC-BR-PAT-003,PHC Bihta,Bihar,Patna,BR-PATNA,2026-06-05,2026-06-05T20:00:00,135,116,19,14,8,8,0,100.0,2,2,5,5,False,False,BED_OVERFLOW,SIMULATED
PHC-BR-PAT-004,PHC Fatuha,Bihar,Patna,BR-PATNA,2026-06-05,2026-06-05T20:00:00,107,93,14,10,6,6,0,100.0,2,2,4,4,False,False,BED_OVERFLOW,SIMULATED
PHC-BR-PAT-005,PHC Mokama,Bihar,Patna,BR-PATNA,2026-06-05,2026-06-05T20:00:00,133,118,15,14,8,8,0,100.0,2,2,4,4,False,False,BED_OVERFLOW,SIMULATED
CHC-BR-PAT-001,CHC Phulwari Sharif,Bihar,Patna,BR-PATNA,2026-06-05,2026-06-05T20:00:00,280,247,33,51,30,30,0,100.0,6,6,12,11,False,False,BED_OVERFLOW,SIMULATED
DH-BR-PAT-001,District Hospital Gardanibagh,Bihar,Patna,BR-PATNA,2026-06-05,2026-06-05T20:00:00,1025,900,125,143,150,150,0,100.0,24,23,45,41,False,False,BED_OVERFLOW,SIMULATED
PHC-BR-GAY-001,PHC Bodh Gaya,Bihar,Gaya,BR-GAYA,2026-06-05,2026-06-05T20:00:00,130,114,16,27,8,8,0,100.0,2,2,4,4,False,False,BED_OVERFLOW,SIMULATED
PHC-BR-GAY-002,PHC Sherghati,Bihar,Gaya,BR-GAYA,2026-06-05,2026-06-05T20:00:00,93,83,10,12,6,6,0,100.0,2,2,4,4,False,False,BED_OVERFLOW,SIMULATED
PHC-BR-GAY-003,PHC Tekari,Bihar,Gaya,BR-GAYA,2026-06-05,2026-06-05T20:00:00,85,75,10,7,6,6,0,100.0,2,2,3,3,False,False,BED_OVERFLOW,SIMULATED
DH-BR-GAY-001,Jay Prakash Narayan District Hospital Gaya,Bihar,Gaya,BR-GAYA,2026-06-05,2026-06-05T20:00:00,1442,1307,135,130,200,200,0,100.0,30,28,60,53,False,False,BED_OVERFLOW,SIMULATED
PHC-UP-VAR-001,PHC Cholapur,Uttar Pradesh,Varanasi,UP-VARANASI,2026-06-05,2026-06-05T20:00:00,126,114,12,16,6,6,0,100.0,2,2,4,4,False,False,BED_OVERFLOW,SIMULATED
PHC-UP-VAR-002,PHC Pindra,Uttar Pradesh,Varanasi,UP-VARANASI,2026-06-05,2026-06-05T20:00:00,142,122,20,16,8,8,0,100.0,3,3,5,5,False,False,BED_OVERFLOW,SIMULATED
PHC-UP-VAR-003,PHC Sevapuri,Uttar Pradesh,Varanasi,UP-VARANASI,2026-06-05,2026-06-05T20:00:00,115,99,16,24,6,6,0,100.0,2,2,4,4,False,False,BED_OVERFLOW,SIMULATED
PHC-UP-VAR-004,PHC Kashi Vidyapeeth,Uttar Pradesh,Varanasi,UP-VARANASI,2026-06-05,2026-06-05T20:00:00,180,161,19,31,10,10,0,100.0,3,3,6,6,False,False,BED_OVERFLOW,SIMULATED
CHC-UP-VAR-001,CHC Misirpur,Uttar Pradesh,Varanasi,UP-VARANASI,2026-06-05,2026-06-05T20:00:00,334,293,41,72,30,30,0,100.0,7,7,14,13,False,False,BED_OVERFLOW,SIMULATED
DH-UP-VAR-001,Pandit Deen Dayal Upadhyay District Hospital,Uttar Pradesh,Varanasi,UP-VARANASI,2026-06-05,2026-06-05T20:00:00,1604,1440,164,307,250,250,0,100.0,38,34,75,65,False,False,BED_OVERFLOW,SIMULATED
PHC-UP-LUK-001,PHC Bakshi Ka Talab,Uttar Pradesh,Lucknow,UP-LUCKNOW,2026-06-05,2026-06-05T20:00:00,160,142,18,13,10,10,0,100.0,3,3,6,6,False,False,BED_OVERFLOW,SIMULATED
PHC-UP-LUK-002,PHC Malihabad,Uttar Pradesh,Lucknow,UP-LUCKNOW,2026-06-05,2026-06-05T20:00:00,135,124,11,12,8,8,0,100.0,2,2,5,5,False,False,BED_OVERFLOW,SIMULATED
PHC-UP-LUK-003,PHC Mohanlalganj,Uttar Pradesh,Lucknow,UP-LUCKNOW,2026-06-05,2026-06-05T20:00:00,127,116,11,23,8,8,0,100.0,2,2,5,5,False,False,BED_OVERFLOW,SIMULATED
DH-UP-LUK-001,Balrampur District Hospital Lucknow,Uttar Pradesh,Lucknow,UP-LUCKNOW,2026-06-05,2026-06-05T20:00:00,2034,1772,262,335,350,350,0,100.0,50,50,110,101,False,False,BED_OVERFLOW,SIMULATED
PHC-RJ-JAI-001,PHC Bassi,Rajasthan,Jaipur,RJ-JAIPUR,2026-06-05,2026-06-05T20:00:00,130,118,12,25,8,8,0,100.0,2,2,5,5,False,False,BED_OVERFLOW,SIMULATED
PHC-RJ-JAI-002,PHC Chaksu,Rajasthan,Jaipur,RJ-JAIPUR,2026-06-05,2026-06-05T20:00:00,106,91,15,18,6,6,0,100.0,2,2,4,4,False,False,BED_OVERFLOW,SIMULATED
PHC-RJ-JAI-003,PHC Amer,Rajasthan,Jaipur,RJ-JAIPUR,2026-06-05,2026-06-05T20:00:00,139,122,17,28,10,10,0,100.0,3,3,6,6,False,False,BED_OVERFLOW,SIMULATED
DH-RJ-JAI-001,Kanwatia District Hospital Jaipur,Rajasthan,Jaipur,RJ-JAIPUR,2026-06-05,2026-06-05T20:00:00,1605,1385,220,270,200,200,0,100.0,32,28,68,64,False,False,BED_OVERFLOW,SIMULATED
PHC-MH-PUN-001,PHC Mulshi,Maharashtra,Pune,MH-PUNE,2026-06-05,2026-06-05T20:00:00,97,85,12,11,8,8,0,100.0,2,2,5,5,False,False,BED_OVERFLOW,SIMULATED
PHC-MH-PUN-002,PHC Haveli,Maharashtra,Pune,MH-PUNE,2026-06-05,2026-06-05T20:00:00,170,147,23,15,10,10,0,100.0,3,3,6,6,False,False,BED_OVERFLOW,SIMULATED
PHC-MH-PUN-003,PHC Khed,Maharashtra,Pune,MH-PUNE,2026-06-05,2026-06-05T20:00:00,130,116,14,22,8,8,0,100.0,2,2,5,5,False,False,BED_OVERFLOW,SIMULATED
DH-MH-PUN-001,Aundh District Hospital Pune,Maharashtra,Pune,MH-PUNE,2026-06-05,2026-06-05T20:00:00,1692,1511,181,287,300,300,0,100.0,42,35,90,86,False,False,BED_OVERFLOW,SIMULATED
PHC-KA-BEN-001,PHC Yelahanka,Karnataka,Bengaluru Urban,KA-BENGALURU-U,2026-06-05,2026-06-05T20:00:00,202,185,17,44,10,10,0,100.0,3,3,7,7,False,False,BED_OVERFLOW,SIMULATED
PHC-KA-BEN-002,PHC Anekal,Karnataka,Bengaluru Urban,KA-BENGALURU-U,2026-06-05,2026-06-05T20:00:00,161,143,18,13,8,8,0,100.0,2,2,5,5,False,False,BED_OVERFLOW,SIMULATED
PHC-KA-BEN-003,PHC Kengeri,Karnataka,Bengaluru Urban,KA-BENGALURU-U,2026-06-05,2026-06-05T20:00:00,183,165,18,19,10,10,0,100.0,3,3,6,6,False,False,BED_OVERFLOW,SIMULATED
DH-KA-BEN-001,KC General District Hospital Malleshwaram,Karnataka,Bengaluru Urban,KA-BENGALURU-U,2026-06-05,2026-06-05T20:00:00,2364,2144,220,357,350,350,0,100.0,48,46,105,98,False,False,BED_OVERFLOW,SIMULATED
PHC-BR-PAT-001,PHC Bakhtiyarpur,Bihar,Patna,BR-PATNA,2026-06-06,2026-06-06T20:00:00,114,102,12,23,6,6,0,100.0,2,2,4,4,False,False,BED_OVERFLOW,SIMULATED
PHC-BR-PAT-002,PHC Danapur,Bihar,Patna,BR-PATNA,2026-06-06,2026-06-06T20:00:00,157,136,21,27,10,10,0,100.0,3,3,6,6,False,False,BED_OVERFLOW,SIMULATED
PHC-BR-PAT-003,PHC Bihta,Bihar,Patna,BR-PATNA,2026-06-06,2026-06-06T20:00:00,144,124,20,18,8,8,0,100.0,2,2,5,5,False,False,BED_OVERFLOW,SIMULATED
PHC-BR-PAT-004,PHC Fatuha,Bihar,Patna,BR-PATNA,2026-06-06,2026-06-06T20:00:00,104,94,10,19,6,6,0,100.0,2,2,4,4,False,False,BED_OVERFLOW,SIMULATED
PHC-BR-PAT-005,PHC Mokama,Bihar,Patna,BR-PATNA,2026-06-06,2026-06-06T20:00:00,119,107,12,24,8,8,0,100.0,2,2,4,4,False,False,BED_OVERFLOW,SIMULATED
CHC-BR-PAT-001,CHC Phulwari Sharif,Bihar,Patna,BR-PATNA,2026-06-06,2026-06-06T20:00:00,311,275,36,58,30,30,0,100.0,6,6,12,11,False,False,BED_OVERFLOW,SIMULATED
DH-BR-PAT-001,District Hospital Gardanibagh,Bihar,Patna,BR-PATNA,2026-06-06,2026-06-06T20:00:00,983,854,129,106,150,150,0,100.0,24,24,45,39,False,False,BED_OVERFLOW,SIMULATED
PHC-BR-GAY-001,PHC Bodh Gaya,Bihar,Gaya,BR-GAYA,2026-06-06,2026-06-06T20:00:00,129,114,15,17,8,8,0,100.0,2,2,4,4,False,False,BED_OVERFLOW,SIMULATED
PHC-BR-GAY-002,PHC Sherghati,Bihar,Gaya,BR-GAYA,2026-06-06,2026-06-06T20:00:00,108,93,15,9,6,6,0,100.0,2,2,4,4,False,False,BED_OVERFLOW,SIMULATED
PHC-BR-GAY-003,PHC Tekari,Bihar,Gaya,BR-GAYA,2026-06-06,2026-06-06T20:00:00,84,76,8,7,6,6,0,100.0,2,2,3,3,False,False,BED_OVERFLOW,SIMULATED
DH-BR-GAY-001,Jay Prakash Narayan District Hospital Gaya,Bihar,Gaya,BR-GAYA,2026-06-06,2026-06-06T20:00:00,1393,1275,118,192,200,200,0,100.0,30,27,60,55,False,False,BED_OVERFLOW,SIMULATED
PHC-UP-VAR-001,PHC Cholapur,Uttar Pradesh,Varanasi,UP-VARANASI,2026-06-06,2026-06-06T20:00:00,144,124,20,16,6,6,0,100.0,2,2,4,4,False,False,BED_OVERFLOW,SIMULATED
PHC-UP-VAR-002,PHC Pindra,Uttar Pradesh,Varanasi,UP-VARANASI,2026-06-06,2026-06-06T20:00:00,127,111,16,12,8,8,0,100.0,3,3,5,5,False,False,BED_OVERFLOW,SIMULATED
PHC-UP-VAR-003,PHC Sevapuri,Uttar Pradesh,Varanasi,UP-VARANASI,2026-06-06,2026-06-06T20:00:00,97,88,9,18,6,6,0,100.0,2,2,4,4,False,False,BED_OVERFLOW,SIMULATED
PHC-UP-VAR-004,PHC Kashi Vidyapeeth,Uttar Pradesh,Varanasi,UP-VARANASI,2026-06-06,2026-06-06T20:00:00,194,167,27,21,10,10,0,100.0,3,3,6,6,False,False,BED_OVERFLOW,SIMULATED
CHC-UP-VAR-001,CHC Misirpur,Uttar Pradesh,Varanasi,UP-VARANASI,2026-06-06,2026-06-06T20:00:00,362,320,42,68,30,30,0,100.0,7,6,14,13,False,False,BED_OVERFLOW,SIMULATED
DH-UP-VAR-001,Pandit Deen Dayal Upadhyay District Hospital,Uttar Pradesh,Varanasi,UP-VARANASI,2026-06-06,2026-06-06T20:00:00,1628,1462,166,272,250,250,0,100.0,38,37,75,70,False,False,BED_OVERFLOW,SIMULATED
PHC-UP-LUK-001,PHC Bakshi Ka Talab,Uttar Pradesh,Lucknow,UP-LUCKNOW,2026-06-06,2026-06-06T20:00:00,158,140,18,26,10,10,0,100.0,3,3,6,6,False,False,BED_OVERFLOW,SIMULATED
PHC-UP-LUK-002,PHC Malihabad,Uttar Pradesh,Lucknow,UP-LUCKNOW,2026-06-06,2026-06-06T20:00:00,141,121,20,18,8,8,0,100.0,2,2,5,5,False,False,BED_OVERFLOW,SIMULATED
PHC-UP-LUK-003,PHC Mohanlalganj,Uttar Pradesh,Lucknow,UP-LUCKNOW,2026-06-06,2026-06-06T20:00:00,144,128,16,18,8,8,0,100.0,2,2,5,5,False,False,BED_OVERFLOW,SIMULATED
DH-UP-LUK-001,Balrampur District Hospital Lucknow,Uttar Pradesh,Lucknow,UP-LUCKNOW,2026-06-06,2026-06-06T20:00:00,2276,2026,250,188,350,350,0,100.0,50,41,110,100,False,False,BED_OVERFLOW,SIMULATED
PHC-RJ-JAI-001,PHC Bassi,Rajasthan,Jaipur,RJ-JAIPUR,2026-06-06,2026-06-06T20:00:00,141,124,17,26,8,8,0,100.0,2,2,5,5,False,False,BED_OVERFLOW,SIMULATED
PHC-RJ-JAI-002,PHC Chaksu,Rajasthan,Jaipur,RJ-JAIPUR,2026-06-06,2026-06-06T20:00:00,106,95,11,10,6,6,0,100.0,2,2,4,4,False,False,BED_OVERFLOW,SIMULATED
PHC-RJ-JAI-003,PHC Amer,Rajasthan,Jaipur,RJ-JAIPUR,2026-06-06,2026-06-06T20:00:00,149,131,18,18,10,10,0,100.0,3,3,6,6,False,False,BED_OVERFLOW,SIMULATED
DH-RJ-JAI-001,Kanwatia District Hospital Jaipur,Rajasthan,Jaipur,RJ-JAIPUR,2026-06-06,2026-06-06T20:00:00,1607,1476,131,236,200,200,0,100.0,32,27,68,66,False,False,BED_OVERFLOW,SIMULATED
PHC-MH-PUN-001,PHC Mulshi,Maharashtra,Pune,MH-PUNE,2026-06-06,2026-06-06T20:00:00,96,87,9,8,8,8,0,100.0,2,2,5,5,False,False,BED_OVERFLOW,SIMULATED
PHC-MH-PUN-002,PHC Haveli,Maharashtra,Pune,MH-PUNE,2026-06-06,2026-06-06T20:00:00,192,168,24,23,10,10,0,100.0,3,3,6,6,False,False,BED_OVERFLOW,SIMULATED
PHC-MH-PUN-003,PHC Khed,Maharashtra,Pune,MH-PUNE,2026-06-06,2026-06-06T20:00:00,148,127,21,25,8,8,0,100.0,2,2,5,5,False,False,BED_OVERFLOW,SIMULATED
DH-MH-PUN-001,Aundh District Hospital Pune,Maharashtra,Pune,MH-PUNE,2026-06-06,2026-06-06T20:00:00,1708,1536,172,201,300,300,0,100.0,42,38,90,82,False,False,BED_OVERFLOW,SIMULATED
PHC-KA-BEN-001,PHC Yelahanka,Karnataka,Bengaluru Urban,KA-BENGALURU-U,2026-06-06,2026-06-06T20:00:00,208,184,24,44,10,10,0,100.0,3,3,7,7,False,False,BED_OVERFLOW,SIMULATED
PHC-KA-BEN-002,PHC Anekal,Karnataka,Bengaluru Urban,KA-BENGALURU-U,2026-06-06,2026-06-06T20:00:00,150,132,18,28,8,8,0,100.0,2,2,5,5,False,False,BED_OVERFLOW,SIMULATED
PHC-KA-BEN-003,PHC Kengeri,Karnataka,Bengaluru Urban,KA-BENGALURU-U,2026-06-06,2026-06-06T20:00:00,175,155,20,38,10,10,0,100.0,3,3,6,6,False,False,BED_OVERFLOW,SIMULATED
DH-KA-BEN-001,KC General District Hospital Malleshwaram,Karnataka,Bengaluru Urban,KA-BENGALURU-U,2026-06-06,2026-06-06T20:00:00,2259,1987,272,274,350,350,0,100.0,48,46,105,92,False,False,BED_OVERFLOW,SIMULATED
PHC-BR-PAT-001,PHC Bakhtiyarpur,Bihar,Patna,BR-PATNA,2026-06-07,2026-06-07T20:00:00,45,39,6,6,6,6,0,100.0,2,2,4,3,False,False,BED_OVERFLOW,SIMULATED
PHC-BR-PAT-002,PHC Danapur,Bihar,Patna,BR-PATNA,2026-06-07,2026-06-07T20:00:00,77,68,9,13,10,10,0,100.0,3,2,6,5,False,False,BED_OVERFLOW,SIMULATED
PHC-BR-PAT-003,PHC Bihta,Bihar,Patna,BR-PATNA,2026-06-07,2026-06-07T20:00:00,54,47,7,8,8,8,0,100.0,2,2,5,4,False,False,BED_OVERFLOW,SIMULATED
PHC-BR-PAT-004,PHC Fatuha,Bihar,Patna,BR-PATNA,2026-06-07,2026-06-07T20:00:00,40,36,4,6,6,6,0,100.0,2,2,4,3,False,False,BED_OVERFLOW,SIMULATED
PHC-BR-PAT-005,PHC Mokama,Bihar,Patna,BR-PATNA,2026-06-07,2026-06-07T20:00:00,52,46,6,6,8,8,0,100.0,2,2,4,3,False,False,BED_OVERFLOW,SIMULATED
CHC-BR-PAT-001,CHC Phulwari Sharif,Bihar,Patna,BR-PATNA,2026-06-07,2026-06-07T20:00:00,135,119,16,17,30,30,0,100.0,6,4,12,8,False,True,BED_OVERFLOW,SIMULATED
DH-BR-PAT-001,District Hospital Gardanibagh,Bihar,Patna,BR-PATNA,2026-06-07,2026-06-07T20:00:00,439,387,52,54,150,116,34,77.33,24,17,45,28,False,True,NORMAL,SIMULATED
PHC-BR-GAY-001,PHC Bodh Gaya,Bihar,Gaya,BR-GAYA,2026-06-07,2026-06-07T20:00:00,50,43,7,7,8,8,0,100.0,2,2,4,4,False,False,BED_OVERFLOW,SIMULATED
PHC-BR-GAY-002,PHC Sherghati,Bihar,Gaya,BR-GAYA,2026-06-07,2026-06-07T20:00:00,45,40,5,4,6,6,0,100.0,2,2,4,4,False,False,BED_OVERFLOW,SIMULATED
PHC-BR-GAY-003,PHC Tekari,Bihar,Gaya,BR-GAYA,2026-06-07,2026-06-07T20:00:00,37,32,5,3,6,6,0,100.0,2,2,3,3,False,False,BED_OVERFLOW,SIMULATED
DH-BR-GAY-001,Jay Prakash Narayan District Hospital Gaya,Bihar,Gaya,BR-GAYA,2026-06-07,2026-06-07T20:00:00,568,522,46,109,200,125,75,62.5,30,21,60,45,False,False,NORMAL,SIMULATED
PHC-UP-VAR-001,PHC Cholapur,Uttar Pradesh,Varanasi,UP-VARANASI,2026-06-07,2026-06-07T20:00:00,53,47,6,8,6,6,0,100.0,2,2,4,3,False,False,BED_OVERFLOW,SIMULATED
PHC-UP-VAR-002,PHC Pindra,Uttar Pradesh,Varanasi,UP-VARANASI,2026-06-07,2026-06-07T20:00:00,69,62,7,12,8,8,0,100.0,3,2,5,4,False,False,BED_OVERFLOW,SIMULATED
PHC-UP-VAR-003,PHC Sevapuri,Uttar Pradesh,Varanasi,UP-VARANASI,2026-06-07,2026-06-07T20:00:00,46,42,4,8,6,6,0,100.0,2,2,4,3,False,False,BED_OVERFLOW,SIMULATED
PHC-UP-VAR-004,PHC Kashi Vidyapeeth,Uttar Pradesh,Varanasi,UP-VARANASI,2026-06-07,2026-06-07T20:00:00,74,66,8,10,10,10,0,100.0,3,2,6,5,False,False,BED_OVERFLOW,SIMULATED
CHC-UP-VAR-001,CHC Misirpur,Uttar Pradesh,Varanasi,UP-VARANASI,2026-06-07,2026-06-07T20:00:00,141,121,20,19,30,30,0,100.0,7,5,14,10,False,False,BED_OVERFLOW,SIMULATED
DH-UP-VAR-001,Pandit Deen Dayal Upadhyay District Hospital,Uttar Pradesh,Varanasi,UP-VARANASI,2026-06-07,2026-06-07T20:00:00,607,536,71,97,250,151,99,60.4,38,22,75,47,False,True,NORMAL,SIMULATED
PHC-UP-LUK-001,PHC Bakshi Ka Talab,Uttar Pradesh,Lucknow,UP-LUCKNOW,2026-06-07,2026-06-07T20:00:00,68,60,8,10,10,10,0,100.0,3,2,6,5,False,False,BED_OVERFLOW,SIMULATED
PHC-UP-LUK-002,PHC Malihabad,Uttar Pradesh,Lucknow,UP-LUCKNOW,2026-06-07,2026-06-07T20:00:00,52,46,6,9,8,8,0,100.0,2,2,5,4,False,False,BED_OVERFLOW,SIMULATED
PHC-UP-LUK-003,PHC Mohanlalganj,Uttar Pradesh,Lucknow,UP-LUCKNOW,2026-06-07,2026-06-07T20:00:00,57,51,6,8,8,8,0,100.0,2,2,5,4,False,False,BED_OVERFLOW,SIMULATED
DH-UP-LUK-001,Balrampur District Hospital Lucknow,Uttar Pradesh,Lucknow,UP-LUCKNOW,2026-06-07,2026-06-07T20:00:00,876,765,111,186,350,267,83,76.29,50,28,110,68,False,True,NORMAL,SIMULATED
PHC-RJ-JAI-001,PHC Bassi,Rajasthan,Jaipur,RJ-JAIPUR,2026-06-07,2026-06-07T20:00:00,59,51,8,12,8,8,0,100.0,2,2,5,4,False,False,BED_OVERFLOW,SIMULATED
PHC-RJ-JAI-002,PHC Chaksu,Rajasthan,Jaipur,RJ-JAIPUR,2026-06-07,2026-06-07T20:00:00,50,43,7,8,6,6,0,100.0,2,2,4,3,False,False,BED_OVERFLOW,SIMULATED
PHC-RJ-JAI-003,PHC Amer,Rajasthan,Jaipur,RJ-JAIPUR,2026-06-07,2026-06-07T20:00:00,61,54,7,12,10,10,0,100.0,3,3,6,4,False,True,BED_OVERFLOW,SIMULATED
DH-RJ-JAI-001,Kanwatia District Hospital Jaipur,Rajasthan,Jaipur,RJ-JAIPUR,2026-06-07,2026-06-07T20:00:00,686,625,61,62,200,166,34,83.0,32,21,68,45,False,True,NORMAL,SIMULATED
PHC-MH-PUN-001,PHC Mulshi,Maharashtra,Pune,MH-PUNE,2026-06-07,2026-06-07T20:00:00,38,33,5,6,8,8,0,100.0,2,2,5,4,False,False,BED_OVERFLOW,SIMULATED
PHC-MH-PUN-002,PHC Haveli,Maharashtra,Pune,MH-PUNE,2026-06-07,2026-06-07T20:00:00,70,62,8,11,10,10,0,100.0,3,2,6,5,False,False,BED_OVERFLOW,SIMULATED
PHC-MH-PUN-003,PHC Khed,Maharashtra,Pune,MH-PUNE,2026-06-07,2026-06-07T20:00:00,53,46,7,7,8,8,0,100.0,2,2,5,4,False,False,BED_OVERFLOW,SIMULATED
DH-MH-PUN-001,Aundh District Hospital Pune,Maharashtra,Pune,MH-PUNE,2026-06-07,2026-06-07T20:00:00,787,698,89,100,300,190,110,63.33,42,29,90,60,False,True,NORMAL,SIMULATED
PHC-KA-BEN-001,PHC Yelahanka,Karnataka,Bengaluru Urban,KA-BENGALURU-U,2026-06-07,2026-06-07T20:00:00,80,73,7,10,10,10,0,100.0,3,2,7,5,False,False,BED_OVERFLOW,SIMULATED
PHC-KA-BEN-002,PHC Anekal,Karnataka,Bengaluru Urban,KA-BENGALURU-U,2026-06-07,2026-06-07T20:00:00,58,50,8,6,8,8,0,100.0,2,2,5,4,False,False,BED_OVERFLOW,SIMULATED
PHC-KA-BEN-003,PHC Kengeri,Karnataka,Bengaluru Urban,KA-BENGALURU-U,2026-06-07,2026-06-07T20:00:00,71,61,10,15,10,10,0,100.0,3,2,6,5,False,False,BED_OVERFLOW,SIMULATED
DH-KA-BEN-001,KC General District Hospital Malleshwaram,Karnataka,Bengaluru Urban,KA-BENGALURU-U,2026-06-07,2026-06-07T20:00:00,938,857,81,181,350,219,131,62.57,48,31,105,67,False,True,NORMAL,SIMULATED
PHC-BR-PAT-001,PHC Bakhtiyarpur,Bihar,Patna,BR-PATNA,2026-06-08,2026-06-08T20:00:00,164,142,22,35,6,6,0,100.0,2,2,4,4,False,False,BED_OVERFLOW,SIMULATED
PHC-BR-PAT-002,PHC Danapur,Bihar,Patna,BR-PATNA,2026-06-08,2026-06-08T20:00:00,241,208,33,32,10,10,0,100.0,3,3,6,6,False,False,BED_OVERFLOW,SIMULATED
PHC-BR-PAT-003,PHC Bihta,Bihar,Patna,BR-PATNA,2026-06-08,2026-06-08T20:00:00,194,167,27,23,8,8,0,100.0,2,2,5,5,False,False,BED_OVERFLOW,SIMULATED
PHC-BR-PAT-004,PHC Fatuha,Bihar,Patna,BR-PATNA,2026-06-08,2026-06-08T20:00:00,165,144,21,13,6,6,0,100.0,2,2,4,4,False,False,BED_OVERFLOW,SIMULATED
PHC-BR-PAT-005,PHC Mokama,Bihar,Patna,BR-PATNA,2026-06-08,2026-06-08T20:00:00,178,156,22,24,8,8,0,100.0,2,2,4,4,False,False,BED_OVERFLOW,SIMULATED
CHC-BR-PAT-001,CHC Phulwari Sharif,Bihar,Patna,BR-PATNA,2026-06-08,2026-06-08T20:00:00,471,415,56,56,30,30,0,100.0,6,6,12,12,False,False,BED_OVERFLOW,SIMULATED
DH-BR-PAT-001,District Hospital Gardanibagh,Bihar,Patna,BR-PATNA,2026-06-08,2026-06-08T20:00:00,1411,1283,128,235,150,150,0,100.0,24,20,45,39,False,False,BED_OVERFLOW,SIMULATED
PHC-BR-GAY-001,PHC Bodh Gaya,Bihar,Gaya,BR-GAYA,2026-06-08,2026-06-08T20:00:00,161,142,19,35,8,8,0,100.0,2,2,4,4,False,False,BED_OVERFLOW,SIMULATED
PHC-BR-GAY-002,PHC Sherghati,Bihar,Gaya,BR-GAYA,2026-06-08,2026-06-08T20:00:00,145,129,16,19,6,6,0,100.0,2,2,4,4,False,False,BED_OVERFLOW,SIMULATED
PHC-BR-GAY-003,PHC Tekari,Bihar,Gaya,BR-GAYA,2026-06-08,2026-06-08T20:00:00,117,106,11,17,6,6,0,100.0,2,2,3,3,False,False,BED_OVERFLOW,SIMULATED
DH-BR-GAY-001,Jay Prakash Narayan District Hospital Gaya,Bihar,Gaya,BR-GAYA,2026-06-08,2026-06-08T20:00:00,1894,1647,247,414,200,200,0,100.0,30,26,60,55,False,False,BED_OVERFLOW,SIMULATED
PHC-UP-VAR-001,PHC Cholapur,Uttar Pradesh,Varanasi,UP-VARANASI,2026-06-08,2026-06-08T20:00:00,198,180,18,30,6,6,0,100.0,2,2,4,4,False,False,BED_OVERFLOW,SIMULATED
PHC-UP-VAR-002,PHC Pindra,Uttar Pradesh,Varanasi,UP-VARANASI,2026-06-08,2026-06-08T20:00:00,203,179,24,35,8,8,0,100.0,3,3,5,5,False,False,BED_OVERFLOW,SIMULATED
PHC-UP-VAR-003,PHC Sevapuri,Uttar Pradesh,Varanasi,UP-VARANASI,2026-06-08,2026-06-08T20:00:00,142,128,14,25,6,6,0,100.0,2,2,4,4,False,False,BED_OVERFLOW,SIMULATED
PHC-UP-VAR-004,PHC Kashi Vidyapeeth,Uttar Pradesh,Varanasi,UP-VARANASI,2026-06-08,2026-06-08T20:00:00,278,252,26,52,10,10,0,100.0,3,3,6,6,False,False,BED_OVERFLOW,SIMULATED
CHC-UP-VAR-001,CHC Misirpur,Uttar Pradesh,Varanasi,UP-VARANASI,2026-06-08,2026-06-08T20:00:00,515,459,56,93,30,30,0,100.0,7,7,14,14,False,False,BED_OVERFLOW,SIMULATED
DH-UP-VAR-001,Pandit Deen Dayal Upadhyay District Hospital,Uttar Pradesh,Varanasi,UP-VARANASI,2026-06-08,2026-06-08T20:00:00,2464,2154,310,394,250,250,0,100.0,38,32,75,69,False,False,BED_OVERFLOW,SIMULATED
PHC-UP-LUK-001,PHC Bakshi Ka Talab,Uttar Pradesh,Lucknow,UP-LUCKNOW,2026-06-08,2026-06-08T20:00:00,226,200,26,31,10,10,0,100.0,3,3,6,6,False,False,BED_OVERFLOW,SIMULATED
PHC-UP-LUK-002,PHC Malihabad,Uttar Pradesh,Lucknow,UP-LUCKNOW,2026-06-08,2026-06-08T20:00:00,201,178,23,39,8,8,0,100.0,2,2,5,5,False,False,BED_OVERFLOW,SIMULATED
PHC-UP-LUK-003,PHC Mohanlalganj,Uttar Pradesh,Lucknow,UP-LUCKNOW,2026-06-08,2026-06-08T20:00:00,210,187,23,46,8,8,0,100.0,2,2,5,5,False,False,BED_OVERFLOW,SIMULATED
DH-UP-LUK-001,Balrampur District Hospital Lucknow,Uttar Pradesh,Lucknow,UP-LUCKNOW,2026-06-08,2026-06-08T20:00:00,2860,2538,322,442,350,350,0,100.0,50,47,110,108,False,False,BED_OVERFLOW,SIMULATED
PHC-RJ-JAI-001,PHC Bassi,Rajasthan,Jaipur,RJ-JAIPUR,2026-06-08,2026-06-08T20:00:00,207,186,21,39,8,8,0,100.0,2,2,5,5,False,False,BED_OVERFLOW,SIMULATED
PHC-RJ-JAI-002,PHC Chaksu,Rajasthan,Jaipur,RJ-JAIPUR,2026-06-08,2026-06-08T20:00:00,166,145,21,20,6,6,0,100.0,2,2,4,4,False,False,BED_OVERFLOW,SIMULATED
PHC-RJ-JAI-003,PHC Amer,Rajasthan,Jaipur,RJ-JAIPUR,2026-06-08,2026-06-08T20:00:00,221,199,22,39,10,10,0,100.0,3,3,6,6,False,False,BED_OVERFLOW,SIMULATED
DH-RJ-JAI-001,Kanwatia District Hospital Jaipur,Rajasthan,Jaipur,RJ-JAIPUR,2026-06-08,2026-06-08T20:00:00,2145,1964,181,388,200,200,0,100.0,32,30,68,64,False,False,BED_OVERFLOW,SIMULATED
PHC-MH-PUN-001,PHC Mulshi,Maharashtra,Pune,MH-PUNE,2026-06-08,2026-06-08T20:00:00,144,131,13,19,8,8,0,100.0,2,2,5,5,False,False,BED_OVERFLOW,SIMULATED
PHC-MH-PUN-002,PHC Haveli,Maharashtra,Pune,MH-PUNE,2026-06-08,2026-06-08T20:00:00,276,238,38,58,10,10,0,100.0,3,3,6,6,False,False,BED_OVERFLOW,SIMULATED
PHC-MH-PUN-003,PHC Khed,Maharashtra,Pune,MH-PUNE,2026-06-08,2026-06-08T20:00:00,160,144,16,17,8,8,0,100.0,2,2,5,5,False,False,BED_OVERFLOW,SIMULATED
DH-MH-PUN-001,Aundh District Hospital Pune,Maharashtra,Pune,MH-PUNE,2026-06-08,2026-06-08T20:00:00,2737,2398,339,260,300,300,0,100.0,42,36,90,78,False,False,BED_OVERFLOW,SIMULATED
PHC-KA-BEN-001,PHC Yelahanka,Karnataka,Bengaluru Urban,KA-BENGALURU-U,2026-06-08,2026-06-08T20:00:00,283,258,25,31,10,10,0,100.0,3,3,7,7,False,False,BED_OVERFLOW,SIMULATED
PHC-KA-BEN-002,PHC Anekal,Karnataka,Bengaluru Urban,KA-BENGALURU-U,2026-06-08,2026-06-08T20:00:00,191,169,22,33,8,8,0,100.0,2,2,5,5,False,False,BED_OVERFLOW,SIMULATED
PHC-KA-BEN-003,PHC Kengeri,Karnataka,Bengaluru Urban,KA-BENGALURU-U,2026-06-08,2026-06-08T20:00:00,247,214,33,42,10,10,0,100.0,3,3,6,6,False,False,BED_OVERFLOW,SIMULATED
DH-KA-BEN-001,KC General District Hospital Malleshwaram,Karnataka,Bengaluru Urban,KA-BENGALURU-U,2026-06-08,2026-06-08T20:00:00,3375,3055,320,405,350,350,0,100.0,48,39,105,102,False,False,BED_OVERFLOW,SIMULATED
PHC-BR-PAT-001,PHC Bakhtiyarpur,Bihar,Patna,BR-PATNA,2026-06-09,2026-06-09T20:00:00,157,141,16,17,6,6,0,100.0,2,2,4,4,False,False,BED_OVERFLOW,SIMULATED
PHC-BR-PAT-002,PHC Danapur,Bihar,Patna,BR-PATNA,2026-06-09,2026-06-09T20:00:00,182,166,16,19,10,10,0,100.0,3,3,6,6,False,False,BED_OVERFLOW,SIMULATED
PHC-BR-PAT-003,PHC Bihta,Bihar,Patna,BR-PATNA,2026-06-09,2026-06-09T20:00:00,152,135,17,32,8,8,0,100.0,2,2,5,5,False,False,BED_OVERFLOW,SIMULATED
PHC-BR-PAT-004,PHC Fatuha,Bihar,Patna,BR-PATNA,2026-06-09,2026-06-09T20:00:00,116,99,17,18,6,6,0,100.0,2,2,4,4,False,False,BED_OVERFLOW,SIMULATED
PHC-BR-PAT-005,PHC Mokama,Bihar,Patna,BR-PATNA,2026-06-09,2026-06-09T20:00:00,152,138,14,15,8,8,0,100.0,2,2,4,4,False,False,BED_OVERFLOW,SIMULATED
CHC-BR-PAT-001,CHC Phulwari Sharif,Bihar,Patna,BR-PATNA,2026-06-09,2026-06-09T20:00:00,378,332,46,68,30,30,0,100.0,6,6,12,11,False,False,BED_OVERFLOW,SIMULATED
DH-BR-PAT-001,District Hospital Gardanibagh,Bihar,Patna,BR-PATNA,2026-06-09,2026-06-09T20:00:00,1190,1079,111,189,150,150,0,100.0,24,21,45,45,False,False,BED_OVERFLOW,SIMULATED
PHC-BR-GAY-001,PHC Bodh Gaya,Bihar,Gaya,BR-GAYA,2026-06-09,2026-06-09T20:00:00,149,135,14,22,8,8,0,100.0,2,2,4,4,False,False,BED_OVERFLOW,SIMULATED
PHC-BR-GAY-002,PHC Sherghati,Bihar,Gaya,BR-GAYA,2026-06-09,2026-06-09T20:00:00,123,106,17,15,6,6,0,100.0,2,2,4,4,False,False,BED_OVERFLOW,SIMULATED
PHC-BR-GAY-003,PHC Tekari,Bihar,Gaya,BR-GAYA,2026-06-09,2026-06-09T20:00:00,107,96,11,22,6,6,0,100.0,2,2,3,3,False,False,BED_OVERFLOW,SIMULATED
DH-BR-GAY-001,Jay Prakash Narayan District Hospital Gaya,Bihar,Gaya,BR-GAYA,2026-06-09,2026-06-09T20:00:00,1675,1506,169,296,200,200,0,100.0,30,25,60,54,False,False,BED_OVERFLOW,SIMULATED
PHC-UP-VAR-001,PHC Cholapur,Uttar Pradesh,Varanasi,UP-VARANASI,2026-06-09,2026-06-09T20:00:00,154,136,18,23,6,6,0,100.0,2,2,4,4,False,False,BED_OVERFLOW,SIMULATED
PHC-UP-VAR-002,PHC Pindra,Uttar Pradesh,Varanasi,UP-VARANASI,2026-06-09,2026-06-09T20:00:00,170,152,18,35,8,8,0,100.0,3,3,5,5,False,False,BED_OVERFLOW,SIMULATED
PHC-UP-VAR-003,PHC Sevapuri,Uttar Pradesh,Varanasi,UP-VARANASI,2026-06-09,2026-06-09T20:00:00,136,118,18,25,6,6,0,100.0,2,2,4,4,False,False,BED_OVERFLOW,SIMULATED
PHC-UP-VAR-004,PHC Kashi Vidyapeeth,Uttar Pradesh,Varanasi,UP-VARANASI,2026-06-09,2026-06-09T20:00:00,209,185,24,32,10,10,0,100.0,3,3,6,6,False,False,BED_OVERFLOW,SIMULATED
CHC-UP-VAR-001,CHC Misirpur,Uttar Pradesh,Varanasi,UP-VARANASI,2026-06-09,2026-06-09T20:00:00,386,344,42,59,30,30,0,100.0,7,7,14,13,False,False,BED_OVERFLOW,SIMULATED
DH-UP-VAR-001,Pandit Deen Dayal Upadhyay District Hospital,Uttar Pradesh,Varanasi,UP-VARANASI,2026-06-09,2026-06-09T20:00:00,1896,1724,172,391,250,250,0,100.0,38,35,75,66,False,False,BED_OVERFLOW,SIMULATED
PHC-UP-LUK-001,PHC Bakshi Ka Talab,Uttar Pradesh,Lucknow,UP-LUCKNOW,2026-06-09,2026-06-09T20:00:00,179,163,16,25,10,10,0,100.0,3,3,6,6,False,False,BED_OVERFLOW,SIMULATED
PHC-UP-LUK-002,PHC Malihabad,Uttar Pradesh,Lucknow,UP-LUCKNOW,2026-06-09,2026-06-09T20:00:00,167,152,15,23,8,8,0,100.0,2,2,5,5,False,False,BED_OVERFLOW,SIMULATED
PHC-UP-LUK-003,PHC Mohanlalganj,Uttar Pradesh,Lucknow,UP-LUCKNOW,2026-06-09,2026-06-09T20:00:00,154,137,17,26,8,8,0,100.0,2,2,5,5,False,False,BED_OVERFLOW,SIMULATED
DH-UP-LUK-001,Balrampur District Hospital Lucknow,Uttar Pradesh,Lucknow,UP-LUCKNOW,2026-06-09,2026-06-09T20:00:00,2732,2471,261,439,350,350,0,100.0,50,44,110,95,False,False,BED_OVERFLOW,SIMULATED
PHC-RJ-JAI-001,PHC Bassi,Rajasthan,Jaipur,RJ-JAIPUR,2026-06-09,2026-06-09T20:00:00,139,127,12,12,8,8,0,100.0,2,2,5,5,False,False,BED_OVERFLOW,SIMULATED
PHC-RJ-JAI-002,PHC Chaksu,Rajasthan,Jaipur,RJ-JAIPUR,2026-06-09,2026-06-09T20:00:00,138,125,13,29,6,6,0,100.0,2,2,4,4,False,False,BED_OVERFLOW,SIMULATED
PHC-RJ-JAI-003,PHC Amer,Rajasthan,Jaipur,RJ-JAIPUR,2026-06-09,2026-06-09T20:00:00,167,147,20,33,10,10,0,100.0,3,3,6,6,False,False,BED_OVERFLOW,SIMULATED
DH-RJ-JAI-001,Kanwatia District Hospital Jaipur,Rajasthan,Jaipur,RJ-JAIPUR,2026-06-09,2026-06-09T20:00:00,1869,1681,188,290,200,200,0,100.0,32,28,68,60,False,False,BED_OVERFLOW,SIMULATED
PHC-MH-PUN-001,PHC Mulshi,Maharashtra,Pune,MH-PUNE,2026-06-09,2026-06-09T20:00:00,139,123,16,25,8,8,0,100.0,2,2,5,5,False,False,BED_OVERFLOW,SIMULATED
PHC-MH-PUN-002,PHC Haveli,Maharashtra,Pune,MH-PUNE,2026-06-09,2026-06-09T20:00:00,222,199,23,34,10,10,0,100.0,3,3,6,6,False,False,BED_OVERFLOW,SIMULATED
PHC-MH-PUN-003,PHC Khed,Maharashtra,Pune,MH-PUNE,2026-06-09,2026-06-09T20:00:00,153,133,20,16,8,8,0,100.0,2,2,5,5,False,False,BED_OVERFLOW,SIMULATED
DH-MH-PUN-001,Aundh District Hospital Pune,Maharashtra,Pune,MH-PUNE,2026-06-09,2026-06-09T20:00:00,2160,1943,217,358,300,300,0,100.0,42,42,90,80,False,False,BED_OVERFLOW,SIMULATED
PHC-KA-BEN-001,PHC Yelahanka,Karnataka,Bengaluru Urban,KA-BENGALURU-U,2026-06-09,2026-06-09T20:00:00,229,197,32,37,10,10,0,100.0,3,3,7,7,False,False,BED_OVERFLOW,SIMULATED
PHC-KA-BEN-002,PHC Anekal,Karnataka,Bengaluru Urban,KA-BENGALURU-U,2026-06-09,2026-06-09T20:00:00,179,161,18,24,8,8,0,100.0,2,2,5,5,False,False,BED_OVERFLOW,SIMULATED
PHC-KA-BEN-003,PHC Kengeri,Karnataka,Bengaluru Urban,KA-BENGALURU-U,2026-06-09,2026-06-09T20:00:00,204,176,28,30,10,10,0,100.0,3,3,6,6,False,False,BED_OVERFLOW,SIMULATED
DH-KA-BEN-001,KC General District Hospital Malleshwaram,Karnataka,Bengaluru Urban,KA-BENGALURU-U,2026-06-09,2026-06-09T20:00:00,2467,2207,260,464,350,350,0,100.0,48,41,105,104,False,False,BED_OVERFLOW,SIMULATED
PHC-BR-PAT-001,PHC Bakhtiyarpur,Bihar,Patna,BR-PATNA,2026-06-10,2026-06-10T20:00:00,134,123,11,20,6,6,0,100.0,2,2,4,4,False,False,BED_OVERFLOW,SIMULATED
PHC-BR-PAT-002,PHC Danapur,Bihar,Patna,BR-PATNA,2026-06-10,2026-06-10T20:00:00,206,184,22,28,10,10,0,100.0,3,3,6,6,False,False,BED_OVERFLOW,SIMULATED
PHC-BR-PAT-003,PHC Bihta,Bihar,Patna,BR-PATNA,2026-06-10,2026-06-10T20:00:00,147,132,15,20,8,8,0,100.0,2,2,5,5,False,False,BED_OVERFLOW,SIMULATED
PHC-BR-PAT-004,PHC Fatuha,Bihar,Patna,BR-PATNA,2026-06-10,2026-06-10T20:00:00,123,112,11,15,6,6,0,100.0,2,2,4,4,False,False,BED_OVERFLOW,SIMULATED
PHC-BR-PAT-005,PHC Mokama,Bihar,Patna,BR-PATNA,2026-06-10,2026-06-10T20:00:00,141,126,15,30,8,8,0,100.0,2,2,4,4,False,False,BED_OVERFLOW,SIMULATED
CHC-BR-PAT-001,CHC Phulwari Sharif,Bihar,Patna,BR-PATNA,2026-06-10,2026-06-10T20:00:00,406,357,49,36,30,30,0,100.0,6,6,12,12,False,False,BED_OVERFLOW,SIMULATED
DH-BR-PAT-001,District Hospital Gardanibagh,Bihar,Patna,BR-PATNA,2026-06-10,2026-06-10T20:00:00,1365,1241,124,119,150,150,0,100.0,24,23,45,39,False,False,BED_OVERFLOW,SIMULATED
PHC-BR-GAY-001,PHC Bodh Gaya,Bihar,Gaya,BR-GAYA,2026-06-10,2026-06-10T20:00:00,127,112,15,25,8,8,0,100.0,2,2,4,4,False,False,BED_OVERFLOW,SIMULATED
PHC-BR-GAY-002,PHC Sherghati,Bihar,Gaya,BR-GAYA,2026-06-10,2026-06-10T20:00:00,127,116,11,27,6,6,0,100.0,2,2,4,4,False,False,BED_OVERFLOW,SIMULATED
PHC-BR-GAY-003,PHC Tekari,Bihar,Gaya,BR-GAYA,2026-06-10,2026-06-10T20:00:00,103,94,9,16,6,6,0,100.0,2,2,3,3,False,False,BED_OVERFLOW,SIMULATED
DH-BR-GAY-001,Jay Prakash Narayan District Hospital Gaya,Bihar,Gaya,BR-GAYA,2026-06-10,2026-06-10T20:00:00,1564,1378,186,182,200,200,0,100.0,30,27,60,52,False,False,BED_OVERFLOW,SIMULATED
PHC-UP-VAR-001,PHC Cholapur,Uttar Pradesh,Varanasi,UP-VARANASI,2026-06-10,2026-06-10T20:00:00,141,129,12,20,6,6,0,100.0,2,2,4,4,False,False,BED_OVERFLOW,SIMULATED
PHC-UP-VAR-002,PHC Pindra,Uttar Pradesh,Varanasi,UP-VARANASI,2026-06-10,2026-06-10T20:00:00,202,174,28,40,8,8,0,100.0,3,3,5,5,False,False,BED_OVERFLOW,SIMULATED
PHC-UP-VAR-003,PHC Sevapuri,Uttar Pradesh,Varanasi,UP-VARANASI,2026-06-10,2026-06-10T20:00:00,133,115,18,16,6,6,0,100.0,2,2,4,4,False,False,BED_OVERFLOW,SIMULATED
PHC-UP-VAR-004,PHC Kashi Vidyapeeth,Uttar Pradesh,Varanasi,UP-VARANASI,2026-06-10,2026-06-10T20:00:00,193,168,25,37,10,10,0,100.0,3,3,6,6,False,False,BED_OVERFLOW,SIMULATED
CHC-UP-VAR-001,CHC Misirpur,Uttar Pradesh,Varanasi,UP-VARANASI,2026-06-10,2026-06-10T20:00:00,385,335,50,69,30,30,0,100.0,7,7,14,14,False,False,BED_OVERFLOW,SIMULATED
DH-UP-VAR-001,Pandit Deen Dayal Upadhyay District Hospital,Uttar Pradesh,Varanasi,UP-VARANASI,2026-06-10,2026-06-10T20:00:00,1608,1433,175,317,250,250,0,100.0,38,37,75,65,False,False,BED_OVERFLOW,SIMULATED
PHC-UP-LUK-001,PHC Bakshi Ka Talab,Uttar Pradesh,Lucknow,UP-LUCKNOW,2026-06-10,2026-06-10T20:00:00,163,140,23,16,10,10,0,100.0,3,3,6,6,False,False,BED_OVERFLOW,SIMULATED
PHC-UP-LUK-002,PHC Malihabad,Uttar Pradesh,Lucknow,UP-LUCKNOW,2026-06-10,2026-06-10T20:00:00,165,146,19,21,8,8,0,100.0,2,2,5,5,False,False,BED_OVERFLOW,SIMULATED
PHC-UP-LUK-003,PHC Mohanlalganj,Uttar Pradesh,Lucknow,UP-LUCKNOW,2026-06-10,2026-06-10T20:00:00,149,134,15,12,8,8,0,100.0,2,2,5,5,False,False,BED_OVERFLOW,SIMULATED
DH-UP-LUK-001,Balrampur District Hospital Lucknow,Uttar Pradesh,Lucknow,UP-LUCKNOW,2026-06-10,2026-06-10T20:00:00,2569,2320,249,398,350,350,0,100.0,50,46,110,106,False,False,BED_OVERFLOW,SIMULATED
PHC-RJ-JAI-001,PHC Bassi,Rajasthan,Jaipur,RJ-JAIPUR,2026-06-10,2026-06-10T20:00:00,148,134,14,30,8,8,0,100.0,2,2,5,5,False,False,BED_OVERFLOW,SIMULATED
PHC-RJ-JAI-002,PHC Chaksu,Rajasthan,Jaipur,RJ-JAIPUR,2026-06-10,2026-06-10T20:00:00,134,121,13,15,6,6,0,100.0,2,2,4,4,False,False,BED_OVERFLOW,SIMULATED
PHC-RJ-JAI-003,PHC Amer,Rajasthan,Jaipur,RJ-JAIPUR,2026-06-10,2026-06-10T20:00:00,160,143,17,34,10,10,0,100.0,3,3,6,6,False,False,BED_OVERFLOW,SIMULATED
DH-RJ-JAI-001,Kanwatia District Hospital Jaipur,Rajasthan,Jaipur,RJ-JAIPUR,2026-06-10,2026-06-10T20:00:00,1637,1472,165,327,200,200,0,100.0,32,27,68,62,False,False,BED_OVERFLOW,SIMULATED
PHC-MH-PUN-001,PHC Mulshi,Maharashtra,Pune,MH-PUNE,2026-06-10,2026-06-10T20:00:00,117,101,16,9,8,8,0,100.0,2,2,5,5,False,False,BED_OVERFLOW,SIMULATED
PHC-MH-PUN-002,PHC Haveli,Maharashtra,Pune,MH-PUNE,2026-06-10,2026-06-10T20:00:00,223,203,20,46,10,10,0,100.0,3,3,6,6,False,False,BED_OVERFLOW,SIMULATED
PHC-MH-PUN-003,PHC Khed,Maharashtra,Pune,MH-PUNE,2026-06-10,2026-06-10T20:00:00,147,126,21,13,8,8,0,100.0,2,2,5,5,False,False,BED_OVERFLOW,SIMULATED
DH-MH-PUN-001,Aundh District Hospital Pune,Maharashtra,Pune,MH-PUNE,2026-06-10,2026-06-10T20:00:00,2420,2107,313,481,300,300,0,100.0,42,36,90,79,False,False,BED_OVERFLOW,SIMULATED
PHC-KA-BEN-001,PHC Yelahanka,Karnataka,Bengaluru Urban,KA-BENGALURU-U,2026-06-10,2026-06-10T20:00:00,218,198,20,42,10,10,0,100.0,3,3,7,7,False,False,BED_OVERFLOW,SIMULATED
PHC-KA-BEN-002,PHC Anekal,Karnataka,Bengaluru Urban,KA-BENGALURU-U,2026-06-10,2026-06-10T20:00:00,179,160,19,35,8,8,0,100.0,2,2,5,5,False,False,BED_OVERFLOW,SIMULATED
PHC-KA-BEN-003,PHC Kengeri,Karnataka,Bengaluru Urban,KA-BENGALURU-U,2026-06-10,2026-06-10T20:00:00,201,182,19,35,10,10,0,100.0,3,3,6,6,False,False,BED_OVERFLOW,SIMULATED
DH-KA-BEN-001,KC General District Hospital Malleshwaram,Karnataka,Bengaluru Urban,KA-BENGALURU-U,2026-06-10,2026-06-10T20:00:00,2574,2281,293,508,350,350,0,100.0,48,46,105,105,False,False,BED_OVERFLOW,SIMULATED
PHC-BR-PAT-001,PHC Bakhtiyarpur,Bihar,Patna,BR-PATNA,2026-06-11,2026-06-11T20:00:00,138,123,15,26,6,6,0,100.0,2,2,4,4,False,False,BED_OVERFLOW,SIMULATED
PHC-BR-PAT-002,PHC Danapur,Bihar,Patna,BR-PATNA,2026-06-11,2026-06-11T20:00:00,186,164,22,32,10,10,0,100.0,3,3,6,6,False,False,BED_OVERFLOW,SIMULATED
PHC-BR-PAT-003,PHC Bihta,Bihar,Patna,BR-PATNA,2026-06-11,2026-06-11T20:00:00,155,140,15,27,8,8,0,100.0,2,2,5,5,False,False,BED_OVERFLOW,SIMULATED
PHC-BR-PAT-004,PHC Fatuha,Bihar,Patna,BR-PATNA,2026-06-11,2026-06-11T20:00:00,125,110,15,11,6,6,0,100.0,2,2,4,4,False,False,BED_OVERFLOW,SIMULATED
PHC-BR-PAT-005,PHC Mokama,Bihar,Patna,BR-PATNA,2026-06-11,2026-06-11T20:00:00,148,128,20,13,8,8,0,100.0,2,2,4,4,False,False,BED_OVERFLOW,SIMULATED
CHC-BR-PAT-001,CHC Phulwari Sharif,Bihar,Patna,BR-PATNA,2026-06-11,2026-06-11T20:00:00,383,331,52,60,30,30,0,100.0,6,6,12,12,False,False,BED_OVERFLOW,SIMULATED
DH-BR-PAT-001,District Hospital Gardanibagh,Bihar,Patna,BR-PATNA,2026-06-11,2026-06-11T20:00:00,1241,1098,143,234,150,150,0,100.0,24,22,45,45,False,False,BED_OVERFLOW,SIMULATED
PHC-BR-GAY-001,PHC Bodh Gaya,Bihar,Gaya,BR-GAYA,2026-06-11,2026-06-11T20:00:00,147,131,16,15,8,8,0,100.0,2,2,4,4,False,False,BED_OVERFLOW,SIMULATED
PHC-BR-GAY-002,PHC Sherghati,Bihar,Gaya,BR-GAYA,2026-06-11,2026-06-11T20:00:00,131,113,18,13,6,6,0,100.0,2,2,4,4,False,False,BED_OVERFLOW,SIMULATED
PHC-BR-GAY-003,PHC Tekari,Bihar,Gaya,BR-GAYA,2026-06-11,2026-06-11T20:00:00,99,86,13,11,6,6,0,100.0,2,2,3,3,False,False,BED_OVERFLOW,SIMULATED
DH-BR-GAY-001,Jay Prakash Narayan District Hospital Gaya,Bihar,Gaya,BR-GAYA,2026-06-11,2026-06-11T20:00:00,1545,1329,216,209,200,200,0,100.0,30,27,60,59,False,False,BED_OVERFLOW,SIMULATED
PHC-UP-VAR-001,PHC Cholapur,Uttar Pradesh,Varanasi,UP-VARANASI,2026-06-11,2026-06-11T20:00:00,159,139,20,30,6,6,0,100.0,2,2,4,4,False,False,BED_OVERFLOW,SIMULATED
PHC-UP-VAR-002,PHC Pindra,Uttar Pradesh,Varanasi,UP-VARANASI,2026-06-11,2026-06-11T20:00:00,184,163,21,19,8,8,0,100.0,3,3,5,5,False,False,BED_OVERFLOW,SIMULATED
PHC-UP-VAR-003,PHC Sevapuri,Uttar Pradesh,Varanasi,UP-VARANASI,2026-06-11,2026-06-11T20:00:00,144,132,12,27,6,6,0,100.0,2,2,4,4,False,False,BED_OVERFLOW,SIMULATED
PHC-UP-VAR-004,PHC Kashi Vidyapeeth,Uttar Pradesh,Varanasi,UP-VARANASI,2026-06-11,2026-06-11T20:00:00,215,196,19,23,10,10,0,100.0,3,3,6,6,False,False,BED_OVERFLOW,SIMULATED
CHC-UP-VAR-001,CHC Misirpur,Uttar Pradesh,Varanasi,UP-VARANASI,2026-06-11,2026-06-11T20:00:00,411,376,35,44,30,30,0,100.0,7,7,14,13,False,False,BED_OVERFLOW,SIMULATED
DH-UP-VAR-001,Pandit Deen Dayal Upadhyay District Hospital,Uttar Pradesh,Varanasi,UP-VARANASI,2026-06-11,2026-06-11T20:00:00,1834,1670,164,350,250,250,0,100.0,38,32,75,68,False,False,BED_OVERFLOW,SIMULATED
PHC-UP-LUK-001,PHC Bakshi Ka Talab,Uttar Pradesh,Lucknow,UP-LUCKNOW,2026-06-11,2026-06-11T20:00:00,171,149,22,17,10,10,0,100.0,3,3,6,6,False,False,BED_OVERFLOW,SIMULATED
PHC-UP-LUK-002,PHC Malihabad,Uttar Pradesh,Lucknow,UP-LUCKNOW,2026-06-11,2026-06-11T20:00:00,160,143,17,25,8,8,0,100.0,2,2,5,5,False,False,BED_OVERFLOW,SIMULATED
PHC-UP-LUK-003,PHC Mohanlalganj,Uttar Pradesh,Lucknow,UP-LUCKNOW,2026-06-11,2026-06-11T20:00:00,169,149,20,14,8,8,0,100.0,2,2,5,5,False,False,BED_OVERFLOW,SIMULATED
DH-UP-LUK-001,Balrampur District Hospital Lucknow,Uttar Pradesh,Lucknow,UP-LUCKNOW,2026-06-11,2026-06-11T20:00:00,2604,2256,348,298,350,350,0,100.0,50,42,110,104,False,False,BED_OVERFLOW,SIMULATED
PHC-RJ-JAI-001,PHC Bassi,Rajasthan,Jaipur,RJ-JAIPUR,2026-06-11,2026-06-11T20:00:00,148,128,20,13,8,8,0,100.0,2,2,5,5,False,False,BED_OVERFLOW,SIMULATED
PHC-RJ-JAI-002,PHC Chaksu,Rajasthan,Jaipur,RJ-JAIPUR,2026-06-11,2026-06-11T20:00:00,131,116,15,17,6,6,0,100.0,2,2,4,4,False,False,BED_OVERFLOW,SIMULATED
PHC-RJ-JAI-003,PHC Amer,Rajasthan,Jaipur,RJ-JAIPUR,2026-06-11,2026-06-11T20:00:00,182,160,22,15,10,10,0,100.0,3,3,6,6,False,False,BED_OVERFLOW,SIMULATED
DH-RJ-JAI-001,Kanwatia District Hospital Jaipur,Rajasthan,Jaipur,RJ-JAIPUR,2026-06-11,2026-06-11T20:00:00,1746,1513,233,369,200,200,0,100.0,32,28,68,63,False,False,BED_OVERFLOW,SIMULATED
PHC-MH-PUN-001,PHC Mulshi,Maharashtra,Pune,MH-PUNE,2026-06-11,2026-06-11T20:00:00,123,109,14,15,8,8,0,100.0,2,2,5,5,False,False,BED_OVERFLOW,SIMULATED
PHC-MH-PUN-002,PHC Haveli,Maharashtra,Pune,MH-PUNE,2026-06-11,2026-06-11T20:00:00,211,191,20,20,10,10,0,100.0,3,3,6,6,False,False,BED_OVERFLOW,SIMULATED
PHC-MH-PUN-003,PHC Khed,Maharashtra,Pune,MH-PUNE,2026-06-11,2026-06-11T20:00:00,151,138,13,27,8,8,0,100.0,2,2,5,5,False,False,BED_OVERFLOW,SIMULATED
DH-MH-PUN-001,Aundh District Hospital Pune,Maharashtra,Pune,MH-PUNE,2026-06-11,2026-06-11T20:00:00,2107,1912,195,354,300,300,0,100.0,42,40,90,82,False,False,BED_OVERFLOW,SIMULATED
PHC-KA-BEN-001,PHC Yelahanka,Karnataka,Bengaluru Urban,KA-BENGALURU-U,2026-06-11,2026-06-11T20:00:00,233,210,23,47,10,10,0,100.0,3,3,7,6,False,False,BED_OVERFLOW,SIMULATED
PHC-KA-BEN-002,PHC Anekal,Karnataka,Bengaluru Urban,KA-BENGALURU-U,2026-06-11,2026-06-11T20:00:00,168,146,22,31,8,8,0,100.0,2,2,5,5,False,False,BED_OVERFLOW,SIMULATED
PHC-KA-BEN-003,PHC Kengeri,Karnataka,Bengaluru Urban,KA-BENGALURU-U,2026-06-11,2026-06-11T20:00:00,196,178,18,20,10,10,0,100.0,3,3,6,6,False,False,BED_OVERFLOW,SIMULATED
DH-KA-BEN-001,KC General District Hospital Malleshwaram,Karnataka,Bengaluru Urban,KA-BENGALURU-U,2026-06-11,2026-06-11T20:00:00,2444,2179,265,414,350,350,0,100.0,48,45,105,99,False,False,BED_OVERFLOW,SIMULATED
PHC-BR-PAT-001,PHC Bakhtiyarpur,Bihar,Patna,BR-PATNA,2026-06-12,2026-06-12T20:00:00,113,99,14,16,6,6,0,100.0,2,2,4,4,False,False,BED_OVERFLOW,SIMULATED
PHC-BR-PAT-002,PHC Danapur,Bihar,Patna,BR-PATNA,2026-06-12,2026-06-12T20:00:00,183,159,24,17,10,10,0,100.0,3,3,6,6,False,False,BED_OVERFLOW,SIMULATED
PHC-BR-PAT-003,PHC Bihta,Bihar,Patna,BR-PATNA,2026-06-12,2026-06-12T20:00:00,148,132,16,20,8,8,0,100.0,2,2,5,5,False,False,BED_OVERFLOW,SIMULATED
PHC-BR-PAT-004,PHC Fatuha,Bihar,Patna,BR-PATNA,2026-06-12,2026-06-12T20:00:00,116,105,11,19,6,6,0,100.0,2,2,4,4,False,False,BED_OVERFLOW,SIMULATED
PHC-BR-PAT-005,PHC Mokama,Bihar,Patna,BR-PATNA,2026-06-12,2026-06-12T20:00:00,125,113,12,26,8,8,0,100.0,2,2,4,4,False,False,BED_OVERFLOW,SIMULATED
CHC-BR-PAT-001,CHC Phulwari Sharif,Bihar,Patna,BR-PATNA,2026-06-12,2026-06-12T20:00:00,356,321,35,50,30,30,0,100.0,6,6,12,12,False,False,BED_OVERFLOW,SIMULATED
DH-BR-PAT-001,District Hospital Gardanibagh,Bihar,Patna,BR-PATNA,2026-06-12,2026-06-12T20:00:00,1009,881,128,85,150,150,0,100.0,24,21,45,44,False,False,BED_OVERFLOW,SIMULATED
PHC-BR-GAY-001,PHC Bodh Gaya,Bihar,Gaya,BR-GAYA,2026-06-12,2026-06-12T20:00:00,138,123,15,25,8,8,0,100.0,2,2,4,4,False,False,BED_OVERFLOW,SIMULATED
PHC-BR-GAY-002,PHC Sherghati,Bihar,Gaya,BR-GAYA,2026-06-12,2026-06-12T20:00:00,98,88,10,13,6,6,0,100.0,2,2,4,4,False,False,BED_OVERFLOW,SIMULATED
PHC-BR-GAY-003,PHC Tekari,Bihar,Gaya,BR-GAYA,2026-06-12,2026-06-12T20:00:00,93,83,10,10,6,6,0,100.0,2,2,3,3,False,False,BED_OVERFLOW,SIMULATED
DH-BR-GAY-001,Jay Prakash Narayan District Hospital Gaya,Bihar,Gaya,BR-GAYA,2026-06-12,2026-06-12T20:00:00,1103,977,126,241,200,200,0,100.0,30,26,60,59,False,False,BED_OVERFLOW,SIMULATED
PHC-UP-VAR-001,PHC Cholapur,Uttar Pradesh,Varanasi,UP-VARANASI,2026-06-12,2026-06-12T20:00:00,132,118,14,17,6,6,0,100.0,2,2,4,4,False,False,BED_OVERFLOW,SIMULATED
PHC-UP-VAR-002,PHC Pindra,Uttar Pradesh,Varanasi,UP-VARANASI,2026-06-12,2026-06-12T20:00:00,153,132,21,16,8,8,0,100.0,3,3,5,5,False,False,BED_OVERFLOW,SIMULATED
PHC-UP-VAR-003,PHC Sevapuri,Uttar Pradesh,Varanasi,UP-VARANASI,2026-06-12,2026-06-12T20:00:00,108,96,12,11,6,6,0,100.0,2,2,4,4,False,False,BED_OVERFLOW,SIMULATED
PHC-UP-VAR-004,PHC Kashi Vidyapeeth,Uttar Pradesh,Varanasi,UP-VARANASI,2026-06-12,2026-06-12T20:00:00,180,165,15,27,10,10,0,100.0,3,3,6,6,False,False,BED_OVERFLOW,SIMULATED
CHC-UP-VAR-001,CHC Misirpur,Uttar Pradesh,Varanasi,UP-VARANASI,2026-06-12,2026-06-12T20:00:00,332,300,32,45,30,30,0,100.0,7,6,14,14,False,False,BED_OVERFLOW,SIMULATED
DH-UP-VAR-001,Pandit Deen Dayal Upadhyay District Hospital,Uttar Pradesh,Varanasi,UP-VARANASI,2026-06-12,2026-06-12T20:00:00,1709,1541,168,168,250,250,0,100.0,38,33,75,67,False,False,BED_OVERFLOW,SIMULATED
PHC-UP-LUK-001,PHC Bakshi Ka Talab,Uttar Pradesh,Lucknow,UP-LUCKNOW,2026-06-12,2026-06-12T20:00:00,176,156,20,28,10,10,0,100.0,3,3,6,6,False,False,BED_OVERFLOW,SIMULATED
PHC-UP-LUK-002,PHC Malihabad,Uttar Pradesh,Lucknow,UP-LUCKNOW,2026-06-12,2026-06-12T20:00:00,129,114,15,23,8,8,0,100.0,2,2,5,5,False,False,BED_OVERFLOW,SIMULATED
PHC-UP-LUK-003,PHC Mohanlalganj,Uttar Pradesh,Lucknow,UP-LUCKNOW,2026-06-12,2026-06-12T20:00:00,138,121,17,11,8,8,0,100.0,2,2,5,5,False,False,BED_OVERFLOW,SIMULATED
DH-UP-LUK-001,Balrampur District Hospital Lucknow,Uttar Pradesh,Lucknow,UP-LUCKNOW,2026-06-12,2026-06-12T20:00:00,1939,1720,219,335,350,350,0,100.0,50,41,110,103,False,False,BED_OVERFLOW,SIMULATED
PHC-RJ-JAI-001,PHC Bassi,Rajasthan,Jaipur,RJ-JAIPUR,2026-06-12,2026-06-12T20:00:00,133,116,17,18,8,8,0,100.0,2,2,5,5,False,False,BED_OVERFLOW,SIMULATED
PHC-RJ-JAI-002,PHC Chaksu,Rajasthan,Jaipur,RJ-JAIPUR,2026-06-12,2026-06-12T20:00:00,109,97,12,10,6,6,0,100.0,2,2,4,4,False,False,BED_OVERFLOW,SIMULATED
PHC-RJ-JAI-003,PHC Amer,Rajasthan,Jaipur,RJ-JAIPUR,2026-06-12,2026-06-12T20:00:00,155,140,15,13,10,10,0,100.0,3,3,6,6,False,False,BED_OVERFLOW,SIMULATED
DH-RJ-JAI-001,Kanwatia District Hospital Jaipur,Rajasthan,Jaipur,RJ-JAIPUR,2026-06-12,2026-06-12T20:00:00,1497,1370,127,152,200,200,0,100.0,32,32,68,63,False,False,BED_OVERFLOW,SIMULATED
PHC-MH-PUN-001,PHC Mulshi,Maharashtra,Pune,MH-PUNE,2026-06-12,2026-06-12T20:00:00,97,88,9,11,8,8,0,100.0,2,2,5,5,False,False,BED_OVERFLOW,SIMULATED
PHC-MH-PUN-002,PHC Haveli,Maharashtra,Pune,MH-PUNE,2026-06-12,2026-06-12T20:00:00,160,141,19,14,10,10,0,100.0,3,3,6,6,False,False,BED_OVERFLOW,SIMULATED
PHC-MH-PUN-003,PHC Khed,Maharashtra,Pune,MH-PUNE,2026-06-12,2026-06-12T20:00:00,155,139,16,28,8,8,0,100.0,2,2,5,5,False,False,BED_OVERFLOW,SIMULATED
DH-MH-PUN-001,Aundh District Hospital Pune,Maharashtra,Pune,MH-PUNE,2026-06-12,2026-06-12T20:00:00,1612,1395,217,177,300,300,0,100.0,42,39,90,84,False,False,BED_OVERFLOW,SIMULATED
PHC-KA-BEN-001,PHC Yelahanka,Karnataka,Bengaluru Urban,KA-BENGALURU-U,2026-06-12,2026-06-12T20:00:00,195,172,23,15,10,10,0,100.0,3,3,7,7,False,False,BED_OVERFLOW,SIMULATED
PHC-KA-BEN-002,PHC Anekal,Karnataka,Bengaluru Urban,KA-BENGALURU-U,2026-06-12,2026-06-12T20:00:00,138,119,19,18,8,8,0,100.0,2,2,5,5,False,False,BED_OVERFLOW,SIMULATED
PHC-KA-BEN-003,PHC Kengeri,Karnataka,Bengaluru Urban,KA-BENGALURU-U,2026-06-12,2026-06-12T20:00:00,182,158,24,34,10,10,0,100.0,3,3,6,6,False,False,BED_OVERFLOW,SIMULATED
DH-KA-BEN-001,KC General District Hospital Malleshwaram,Karnataka,Bengaluru Urban,KA-BENGALURU-U,2026-06-12,2026-06-12T20:00:00,2287,2050,237,235,350,350,0,100.0,48,41,105,102,False,False,BED_OVERFLOW,SIMULATED
PHC-BR-PAT-001,PHC Bakhtiyarpur,Bihar,Patna,BR-PATNA,2026-06-13,2026-06-13T20:00:00,113,103,10,18,6,6,0,100.0,2,2,4,4,False,False,BED_OVERFLOW,SIMULATED
PHC-BR-PAT-002,PHC Danapur,Bihar,Patna,BR-PATNA,2026-06-13,2026-06-13T20:00:00,181,162,19,24,10,10,0,100.0,3,3,6,6,False,False,BED_OVERFLOW,SIMULATED
PHC-BR-PAT-003,PHC Bihta,Bihar,Patna,BR-PATNA,2026-06-13,2026-06-13T20:00:00,138,124,14,15,8,8,0,100.0,2,2,5,5,False,False,BED_OVERFLOW,SIMULATED
PHC-BR-PAT-004,PHC Fatuha,Bihar,Patna,BR-PATNA,2026-06-13,2026-06-13T20:00:00,106,96,10,18,6,6,0,100.0,2,2,4,4,False,False,BED_OVERFLOW,SIMULATED
PHC-BR-PAT-005,PHC Mokama,Bihar,Patna,BR-PATNA,2026-06-13,2026-06-13T20:00:00,128,116,12,24,8,8,0,100.0,2,2,4,4,False,False,BED_OVERFLOW,SIMULATED
CHC-BR-PAT-001,CHC Phulwari Sharif,Bihar,Patna,BR-PATNA,2026-06-13,2026-06-13T20:00:00,341,304,37,73,30,30,0,100.0,6,6,12,11,False,False,BED_OVERFLOW,SIMULATED
DH-BR-PAT-001,District Hospital Gardanibagh,Bihar,Patna,BR-PATNA,2026-06-13,2026-06-13T20:00:00,1116,1010,106,238,150,150,0,100.0,24,20,45,39,False,False,BED_OVERFLOW,SIMULATED
PHC-BR-GAY-001,PHC Bodh Gaya,Bihar,Gaya,BR-GAYA,2026-06-13,2026-06-13T20:00:00,130,113,17,27,8,8,0,100.0,2,2,4,4,False,False,BED_OVERFLOW,SIMULATED
PHC-BR-GAY-002,PHC Sherghati,Bihar,Gaya,BR-GAYA,2026-06-13,2026-06-13T20:00:00,99,89,10,18,6,6,0,100.0,2,2,4,4,False,False,BED_OVERFLOW,SIMULATED
PHC-BR-GAY-003,PHC Tekari,Bihar,Gaya,BR-GAYA,2026-06-13,2026-06-13T20:00:00,91,79,12,11,6,6,0,100.0,2,2,3,3,False,False,BED_OVERFLOW,SIMULATED
DH-BR-GAY-001,Jay Prakash Narayan District Hospital Gaya,Bihar,Gaya,BR-GAYA,2026-06-13,2026-06-13T20:00:00,1351,1193,158,228,200,200,0,100.0,30,29,60,52,False,False,BED_OVERFLOW,SIMULATED
PHC-UP-VAR-001,PHC Cholapur,Uttar Pradesh,Varanasi,UP-VARANASI,2026-06-13,2026-06-13T20:00:00,125,112,13,22,6,6,0,100.0,2,2,4,4,False,False,BED_OVERFLOW,SIMULATED
PHC-UP-VAR-002,PHC Pindra,Uttar Pradesh,Varanasi,UP-VARANASI,2026-06-13,2026-06-13T20:00:00,144,127,17,20,8,8,0,100.0,3,3,5,5,False,False,BED_OVERFLOW,SIMULATED
PHC-UP-VAR-003,PHC Sevapuri,Uttar Pradesh,Varanasi,UP-VARANASI,2026-06-13,2026-06-13T20:00:00,123,106,17,22,6,6,0,100.0,2,2,4,4,False,False,BED_OVERFLOW,SIMULATED
PHC-UP-VAR-004,PHC Kashi Vidyapeeth,Uttar Pradesh,Varanasi,UP-VARANASI,2026-06-13,2026-06-13T20:00:00,176,155,21,32,10,10,0,100.0,3,3,6,6,False,False,BED_OVERFLOW,SIMULATED
CHC-UP-VAR-001,CHC Misirpur,Uttar Pradesh,Varanasi,UP-VARANASI,2026-06-13,2026-06-13T20:00:00,378,343,35,44,30,30,0,100.0,7,7,14,14,False,False,BED_OVERFLOW,SIMULATED
DH-UP-VAR-001,Pandit Deen Dayal Upadhyay District Hospital,Uttar Pradesh,Varanasi,UP-VARANASI,2026-06-13,2026-06-13T20:00:00,1593,1377,216,228,250,250,0,100.0,38,35,75,71,False,False,BED_OVERFLOW,SIMULATED
PHC-UP-LUK-001,PHC Bakshi Ka Talab,Uttar Pradesh,Lucknow,UP-LUCKNOW,2026-06-13,2026-06-13T20:00:00,157,138,19,18,10,10,0,100.0,3,3,6,6,False,False,BED_OVERFLOW,SIMULATED
PHC-UP-LUK-002,PHC Malihabad,Uttar Pradesh,Lucknow,UP-LUCKNOW,2026-06-13,2026-06-13T20:00:00,134,121,13,10,8,8,0,100.0,2,2,5,5,False,False,BED_OVERFLOW,SIMULATED
PHC-UP-LUK-003,PHC Mohanlalganj,Uttar Pradesh,Lucknow,UP-LUCKNOW,2026-06-13,2026-06-13T20:00:00,127,112,15,12,8,8,0,100.0,2,2,5,5,False,False,BED_OVERFLOW,SIMULATED
DH-UP-LUK-001,Balrampur District Hospital Lucknow,Uttar Pradesh,Lucknow,UP-LUCKNOW,2026-06-13,2026-06-13T20:00:00,2176,1900,276,249,350,350,0,100.0,50,44,110,108,False,False,BED_OVERFLOW,SIMULATED
PHC-RJ-JAI-001,PHC Bassi,Rajasthan,Jaipur,RJ-JAIPUR,2026-06-13,2026-06-13T20:00:00,126,109,17,21,8,8,0,100.0,2,2,5,5,False,False,BED_OVERFLOW,SIMULATED
PHC-RJ-JAI-002,PHC Chaksu,Rajasthan,Jaipur,RJ-JAIPUR,2026-06-13,2026-06-13T20:00:00,120,103,17,16,6,6,0,100.0,2,2,4,4,False,False,BED_OVERFLOW,SIMULATED
PHC-RJ-JAI-003,PHC Amer,Rajasthan,Jaipur,RJ-JAIPUR,2026-06-13,2026-06-13T20:00:00,152,133,19,23,10,10,0,100.0,3,3,6,6,False,False,BED_OVERFLOW,SIMULATED
DH-RJ-JAI-001,Kanwatia District Hospital Jaipur,Rajasthan,Jaipur,RJ-JAIPUR,2026-06-13,2026-06-13T20:00:00,1457,1317,140,166,200,200,0,100.0,32,32,68,68,False,False,BED_OVERFLOW,SIMULATED
PHC-MH-PUN-001,PHC Mulshi,Maharashtra,Pune,MH-PUNE,2026-06-13,2026-06-13T20:00:00,106,96,10,19,8,8,0,100.0,2,2,5,5,False,False,BED_OVERFLOW,SIMULATED
PHC-MH-PUN-002,PHC Haveli,Maharashtra,Pune,MH-PUNE,2026-06-13,2026-06-13T20:00:00,184,168,16,15,10,10,0,100.0,3,3,6,6,False,False,BED_OVERFLOW,SIMULATED
PHC-MH-PUN-003,PHC Khed,Maharashtra,Pune,MH-PUNE,2026-06-13,2026-06-13T20:00:00,143,123,20,18,8,8,0,100.0,2,2,5,5,False,False,BED_OVERFLOW,SIMULATED
DH-MH-PUN-001,Aundh District Hospital Pune,Maharashtra,Pune,MH-PUNE,2026-06-13,2026-06-13T20:00:00,1961,1722,239,213,300,300,0,100.0,42,38,90,90,False,False,BED_OVERFLOW,SIMULATED
PHC-KA-BEN-001,PHC Yelahanka,Karnataka,Bengaluru Urban,KA-BENGALURU-U,2026-06-13,2026-06-13T20:00:00,175,160,15,17,10,10,0,100.0,3,3,7,7,False,False,BED_OVERFLOW,SIMULATED
PHC-KA-BEN-002,PHC Anekal,Karnataka,Bengaluru Urban,KA-BENGALURU-U,2026-06-13,2026-06-13T20:00:00,143,130,13,19,8,8,0,100.0,2,2,5,5,False,False,BED_OVERFLOW,SIMULATED
PHC-KA-BEN-003,PHC Kengeri,Karnataka,Bengaluru Urban,KA-BENGALURU-U,2026-06-13,2026-06-13T20:00:00,164,146,18,27,10,10,0,100.0,3,3,6,6,False,False,BED_OVERFLOW,SIMULATED
DH-KA-BEN-001,KC General District Hospital Malleshwaram,Karnataka,Bengaluru Urban,KA-BENGALURU-U,2026-06-13,2026-06-13T20:00:00,2369,2131,238,232,350,350,0,100.0,48,47,105,104,False,False,BED_OVERFLOW,SIMULATED
PHC-BR-PAT-001,PHC Bakhtiyarpur,Bihar,Patna,BR-PATNA,2026-06-14,2026-06-14T20:00:00,49,43,6,9,6,6,0,100.0,2,2,4,3,False,False,BED_OVERFLOW,SIMULATED
PHC-BR-PAT-002,PHC Danapur,Bihar,Patna,BR-PATNA,2026-06-14,2026-06-14T20:00:00,66,60,6,6,10,10,0,100.0,3,2,6,4,False,True,BED_OVERFLOW,SIMULATED
PHC-BR-PAT-003,PHC Bihta,Bihar,Patna,BR-PATNA,2026-06-14,2026-06-14T20:00:00,54,47,7,6,8,8,0,100.0,2,2,5,4,False,False,BED_OVERFLOW,SIMULATED
PHC-BR-PAT-004,PHC Fatuha,Bihar,Patna,BR-PATNA,2026-06-14,2026-06-14T20:00:00,47,41,6,6,6,6,0,100.0,2,2,4,4,False,False,BED_OVERFLOW,SIMULATED
PHC-BR-PAT-005,PHC Mokama,Bihar,Patna,BR-PATNA,2026-06-14,2026-06-14T20:00:00,55,50,5,9,8,8,0,100.0,2,2,4,3,False,False,BED_OVERFLOW,SIMULATED
CHC-BR-PAT-001,CHC Phulwari Sharif,Bihar,Patna,BR-PATNA,2026-06-14,2026-06-14T20:00:00,149,128,21,17,30,30,0,100.0,6,4,12,9,False,False,BED_OVERFLOW,SIMULATED
DH-BR-PAT-001,District Hospital Gardanibagh,Bihar,Patna,BR-PATNA,2026-06-14,2026-06-14T20:00:00,430,376,54,94,150,111,39,74.0,24,14,45,32,False,False,NORMAL,SIMULATED
PHC-BR-GAY-001,PHC Bodh Gaya,Bihar,Gaya,BR-GAYA,2026-06-14,2026-06-14T20:00:00,49,42,7,4,8,8,0,100.0,2,2,4,3,False,False,BED_OVERFLOW,SIMULATED
PHC-BR-GAY-002,PHC Sherghati,Bihar,Gaya,BR-GAYA,2026-06-14,2026-06-14T20:00:00,49,44,5,5,6,6,0,100.0,2,2,4,3,False,False,BED_OVERFLOW,SIMULATED
PHC-BR-GAY-003,PHC Tekari,Bihar,Gaya,BR-GAYA,2026-06-14,2026-06-14T20:00:00,37,33,4,4,6,6,0,100.0,2,2,3,2,False,True,BED_OVERFLOW,SIMULATED
DH-BR-GAY-001,Jay Prakash Narayan District Hospital Gaya,Bihar,Gaya,BR-GAYA,2026-06-14,2026-06-14T20:00:00,570,521,49,80,200,104,96,52.0,30,21,60,46,False,False,NORMAL,SIMULATED
PHC-UP-VAR-001,PHC Cholapur,Uttar Pradesh,Varanasi,UP-VARANASI,2026-06-14,2026-06-14T20:00:00,60,52,8,5,6,6,0,100.0,2,2,4,3,False,False,BED_OVERFLOW,SIMULATED
PHC-UP-VAR-002,PHC Pindra,Uttar Pradesh,Varanasi,UP-VARANASI,2026-06-14,2026-06-14T20:00:00,64,58,6,8,8,8,0,100.0,3,2,5,4,False,False,BED_OVERFLOW,SIMULATED
PHC-UP-VAR-003,PHC Sevapuri,Uttar Pradesh,Varanasi,UP-VARANASI,2026-06-14,2026-06-14T20:00:00,47,41,6,4,6,6,0,100.0,2,2,4,3,False,False,BED_OVERFLOW,SIMULATED
PHC-UP-VAR-004,PHC Kashi Vidyapeeth,Uttar Pradesh,Varanasi,UP-VARANASI,2026-06-14,2026-06-14T20:00:00,74,66,8,11,10,10,0,100.0,3,2,6,4,False,True,BED_OVERFLOW,SIMULATED
CHC-UP-VAR-001,CHC Misirpur,Uttar Pradesh,Varanasi,UP-VARANASI,2026-06-14,2026-06-14T20:00:00,144,127,17,19,30,30,0,100.0,7,5,14,10,False,False,BED_OVERFLOW,SIMULATED
DH-UP-VAR-001,Pandit Deen Dayal Upadhyay District Hospital,Uttar Pradesh,Varanasi,UP-VARANASI,2026-06-14,2026-06-14T20:00:00,714,656,58,111,250,119,131,47.6,38,22,75,56,False,False,NORMAL,SIMULATED
PHC-UP-LUK-001,PHC Bakshi Ka Talab,Uttar Pradesh,Lucknow,UP-LUCKNOW,2026-06-14,2026-06-14T20:00:00,75,66,9,11,10,10,0,100.0,3,2,6,5,False,False,BED_OVERFLOW,SIMULATED
PHC-UP-LUK-002,PHC Malihabad,Uttar Pradesh,Lucknow,UP-LUCKNOW,2026-06-14,2026-06-14T20:00:00,58,50,8,7,8,8,0,100.0,2,2,5,4,False,False,BED_OVERFLOW,SIMULATED
PHC-UP-LUK-003,PHC Mohanlalganj,Uttar Pradesh,Lucknow,UP-LUCKNOW,2026-06-14,2026-06-14T20:00:00,62,56,6,9,8,8,0,100.0,2,2,5,4,False,False,BED_OVERFLOW,SIMULATED
DH-UP-LUK-001,Balrampur District Hospital Lucknow,Uttar Pradesh,Lucknow,UP-LUCKNOW,2026-06-14,2026-06-14T20:00:00,884,768,116,101,350,256,94,73.14,50,31,110,84,False,False,NORMAL,SIMULATED
PHC-RJ-JAI-001,PHC Bassi,Rajasthan,Jaipur,RJ-JAIPUR,2026-06-14,2026-06-14T20:00:00,57,51,6,10,8,8,0,100.0,2,2,5,4,False,False,BED_OVERFLOW,SIMULATED
PHC-RJ-JAI-002,PHC Chaksu,Rajasthan,Jaipur,RJ-JAIPUR,2026-06-14,2026-06-14T20:00:00,54,47,7,11,6,6,0,100.0,2,2,4,3,False,False,BED_OVERFLOW,SIMULATED
PHC-RJ-JAI-003,PHC Amer,Rajasthan,Jaipur,RJ-JAIPUR,2026-06-14,2026-06-14T20:00:00,69,60,9,12,10,10,0,100.0,3,2,6,5,False,False,BED_OVERFLOW,SIMULATED
DH-RJ-JAI-001,Kanwatia District Hospital Jaipur,Rajasthan,Jaipur,RJ-JAIPUR,2026-06-14,2026-06-14T20:00:00,669,613,56,106,200,136,64,68.0,32,18,68,55,False,False,NORMAL,SIMULATED
PHC-MH-PUN-001,PHC Mulshi,Maharashtra,Pune,MH-PUNE,2026-06-14,2026-06-14T20:00:00,46,41,5,6,8,8,0,100.0,2,2,5,4,False,False,BED_OVERFLOW,SIMULATED
PHC-MH-PUN-002,PHC Haveli,Maharashtra,Pune,MH-PUNE,2026-06-14,2026-06-14T20:00:00,76,66,10,8,10,10,0,100.0,3,2,6,5,False,False,BED_OVERFLOW,SIMULATED
PHC-MH-PUN-003,PHC Khed,Maharashtra,Pune,MH-PUNE,2026-06-14,2026-06-14T20:00:00,57,49,8,5,8,8,0,100.0,2,2,5,4,False,False,BED_OVERFLOW,SIMULATED
DH-MH-PUN-001,Aundh District Hospital Pune,Maharashtra,Pune,MH-PUNE,2026-06-14,2026-06-14T20:00:00,780,685,95,64,300,233,67,77.67,42,29,90,68,False,False,NORMAL,SIMULATED
PHC-KA-BEN-001,PHC Yelahanka,Karnataka,Bengaluru Urban,KA-BENGALURU-U,2026-06-14,2026-06-14T20:00:00,88,80,8,17,10,10,0,100.0,3,2,7,6,False,False,BED_OVERFLOW,SIMULATED
PHC-KA-BEN-002,PHC Anekal,Karnataka,Bengaluru Urban,KA-BENGALURU-U,2026-06-14,2026-06-14T20:00:00,63,55,8,5,8,8,0,100.0,2,2,5,4,False,False,BED_OVERFLOW,SIMULATED
PHC-KA-BEN-003,PHC Kengeri,Karnataka,Bengaluru Urban,KA-BENGALURU-U,2026-06-14,2026-06-14T20:00:00,76,69,7,14,10,10,0,100.0,3,2,6,4,False,True,BED_OVERFLOW,SIMULATED
DH-KA-BEN-001,KC General District Hospital Malleshwaram,Karnataka,Bengaluru Urban,KA-BENGALURU-U,2026-06-14,2026-06-14T20:00:00,1032,947,85,182,350,230,120,65.71,48,32,105,68,False,True,NORMAL,SIMULATED
PHC-BR-PAT-001,PHC Bakhtiyarpur,Bihar,Patna,BR-PATNA,2026-06-15,2026-06-15T20:00:00,188,168,20,19,6,6,0,100.0,2,2,4,4,False,False,BED_OVERFLOW,SIMULATED
PHC-BR-PAT-002,PHC Danapur,Bihar,Patna,BR-PATNA,2026-06-15,2026-06-15T20:00:00,253,228,25,53,10,10,0,100.0,3,3,6,6,False,False,BED_OVERFLOW,SIMULATED
PHC-BR-PAT-003,PHC Bihta,Bihar,Patna,BR-PATNA,2026-06-15,2026-06-15T20:00:00,183,159,24,22,8,8,0,100.0,2,2,5,5,False,False,BED_OVERFLOW,SIMULATED
PHC-BR-PAT-004,PHC Fatuha,Bihar,Patna,BR-PATNA,2026-06-15,2026-06-15T20:00:00,146,126,20,26,6,6,0,100.0,2,2,4,4,False,False,BED_OVERFLOW,SIMULATED
PHC-BR-PAT-005,PHC Mokama,Bihar,Patna,BR-PATNA,2026-06-15,2026-06-15T20:00:00,204,186,18,18,8,8,0,100.0,2,2,4,4,False,False,BED_OVERFLOW,SIMULATED
CHC-BR-PAT-001,CHC Phulwari Sharif,Bihar,Patna,BR-PATNA,2026-06-15,2026-06-15T20:00:00,493,431,62,56,30,30,0,100.0,6,6,12,11,False,False,BED_OVERFLOW,SIMULATED
DH-BR-PAT-001,District Hospital Gardanibagh,Bihar,Patna,BR-PATNA,2026-06-15,2026-06-15T20:00:00,1473,1271,202,208,150,150,0,100.0,24,20,45,42,False,False,BED_OVERFLOW,SIMULATED
PHC-BR-GAY-001,PHC Bodh Gaya,Bihar,Gaya,BR-GAYA,2026-06-15,2026-06-15T20:00:00,186,169,17,24,8,8,0,100.0,2,2,4,4,False,False,BED_OVERFLOW,SIMULATED
PHC-BR-GAY-002,PHC Sherghati,Bihar,Gaya,BR-GAYA,2026-06-15,2026-06-15T20:00:00,150,133,17,28,6,6,0,100.0,2,2,4,4,False,False,BED_OVERFLOW,SIMULATED
PHC-BR-GAY-003,PHC Tekari,Bihar,Gaya,BR-GAYA,2026-06-15,2026-06-15T20:00:00,113,97,16,11,6,6,0,100.0,2,2,3,3,False,False,BED_OVERFLOW,SIMULATED
DH-BR-GAY-001,Jay Prakash Narayan District Hospital Gaya,Bihar,Gaya,BR-GAYA,2026-06-15,2026-06-15T20:00:00,1979,1808,171,184,200,200,0,100.0,30,28,60,56,False,False,BED_OVERFLOW,SIMULATED
PHC-UP-VAR-001,PHC Cholapur,Uttar Pradesh,Varanasi,UP-VARANASI,2026-06-15,2026-06-15T20:00:00,206,182,24,35,6,6,0,100.0,2,2,4,4,False,False,BED_OVERFLOW,SIMULATED
PHC-UP-VAR-002,PHC Pindra,Uttar Pradesh,Varanasi,UP-VARANASI,2026-06-15,2026-06-15T20:00:00,238,209,29,51,8,8,0,100.0,3,3,5,5,False,False,BED_OVERFLOW,SIMULATED
PHC-UP-VAR-003,PHC Sevapuri,Uttar Pradesh,Varanasi,UP-VARANASI,2026-06-15,2026-06-15T20:00:00,160,142,18,27,6,6,0,100.0,2,2,4,4,False,False,BED_OVERFLOW,SIMULATED
PHC-UP-VAR-004,PHC Kashi Vidyapeeth,Uttar Pradesh,Varanasi,UP-VARANASI,2026-06-15,2026-06-15T20:00:00,239,213,26,35,10,10,0,100.0,3,3,6,6,False,False,BED_OVERFLOW,SIMULATED
CHC-UP-VAR-001,CHC Misirpur,Uttar Pradesh,Varanasi,UP-VARANASI,2026-06-15,2026-06-15T20:00:00,468,425,43,78,30,30,0,100.0,7,6,14,13,False,False,BED_OVERFLOW,SIMULATED
DH-UP-VAR-001,Pandit Deen Dayal Upadhyay District Hospital,Uttar Pradesh,Varanasi,UP-VARANASI,2026-06-15,2026-06-15T20:00:00,2387,2144,243,517,250,250,0,100.0,38,32,75,73,False,False,BED_OVERFLOW,SIMULATED
PHC-UP-LUK-001,PHC Bakshi Ka Talab,Uttar Pradesh,Lucknow,UP-LUCKNOW,2026-06-15,2026-06-15T20:00:00,241,214,27,49,10,10,0,100.0,3,3,6,6,False,False,BED_OVERFLOW,SIMULATED
PHC-UP-LUK-002,PHC Malihabad,Uttar Pradesh,Lucknow,UP-LUCKNOW,2026-06-15,2026-06-15T20:00:00,225,198,27,30,8,8,0,100.0,2,2,5,5,False,False,BED_OVERFLOW,SIMULATED
PHC-UP-LUK-003,PHC Mohanlalganj,Uttar Pradesh,Lucknow,UP-LUCKNOW,2026-06-15,2026-06-15T20:00:00,206,187,19,32,8,8,0,100.0,2,2,5,5,False,False,BED_OVERFLOW,SIMULATED
DH-UP-LUK-001,Balrampur District Hospital Lucknow,Uttar Pradesh,Lucknow,UP-LUCKNOW,2026-06-15,2026-06-15T20:00:00,3415,3073,342,659,350,350,0,100.0,50,48,110,98,False,False,BED_OVERFLOW,SIMULATED
PHC-RJ-JAI-001,PHC Bassi,Rajasthan,Jaipur,RJ-JAIPUR,2026-06-15,2026-06-15T20:00:00,195,168,27,26,8,8,0,100.0,2,2,5,5,False,False,BED_OVERFLOW,SIMULATED
PHC-RJ-JAI-002,PHC Chaksu,Rajasthan,Jaipur,RJ-JAIPUR,2026-06-15,2026-06-15T20:00:00,192,175,17,30,6,6,0,100.0,2,2,4,4,False,False,BED_OVERFLOW,SIMULATED
PHC-RJ-JAI-003,PHC Amer,Rajasthan,Jaipur,RJ-JAIPUR,2026-06-15,2026-06-15T20:00:00,219,194,25,45,10,10,0,100.0,3,3,6,6,False,False,BED_OVERFLOW,SIMULATED
DH-RJ-JAI-001,Kanwatia District Hospital Jaipur,Rajasthan,Jaipur,RJ-JAIPUR,2026-06-15,2026-06-15T20:00:00,2249,1957,292,489,200,200,0,100.0,32,31,68,60,False,False,BED_OVERFLOW,SIMULATED
PHC-MH-PUN-001,PHC Mulshi,Maharashtra,Pune,MH-PUNE,2026-06-15,2026-06-15T20:00:00,162,140,22,28,8,8,0,100.0,2,2,5,5,False,False,BED_OVERFLOW,SIMULATED
PHC-MH-PUN-002,PHC Haveli,Maharashtra,Pune,MH-PUNE,2026-06-15,2026-06-15T20:00:00,308,270,38,55,10,10,0,100.0,3,3,6,6,False,False,BED_OVERFLOW,SIMULATED
PHC-MH-PUN-003,PHC Khed,Maharashtra,Pune,MH-PUNE,2026-06-15,2026-06-15T20:00:00,184,164,20,36,8,8,0,100.0,2,2,5,5,False,False,BED_OVERFLOW,SIMULATED
DH-MH-PUN-001,Aundh District Hospital Pune,Maharashtra,Pune,MH-PUNE,2026-06-15,2026-06-15T20:00:00,2785,2413,372,281,300,300,0,100.0,42,39,90,90,False,False,BED_OVERFLOW,SIMULATED
PHC-KA-BEN-001,PHC Yelahanka,Karnataka,Bengaluru Urban,KA-BENGALURU-U,2026-06-15,2026-06-15T20:00:00,314,280,34,29,10,10,0,100.0,3,3,7,7,False,False,BED_OVERFLOW,SIMULATED
PHC-KA-BEN-002,PHC Anekal,Karnataka,Bengaluru Urban,KA-BENGALURU-U,2026-06-15,2026-06-15T20:00:00,222,194,28,38,8,8,0,100.0,2,2,5,5,False,False,BED_OVERFLOW,SIMULATED
PHC-KA-BEN-003,PHC Kengeri,Karnataka,Bengaluru Urban,KA-BENGALURU-U,2026-06-15,2026-06-15T20:00:00,259,229,30,43,10,10,0,100.0,3,3,6,6,False,False,BED_OVERFLOW,SIMULATED
DH-KA-BEN-001,KC General District Hospital Malleshwaram,Karnataka,Bengaluru Urban,KA-BENGALURU-U,2026-06-15,2026-06-15T20:00:00,3024,2725,299,262,350,350,0,100.0,48,41,105,96,False,False,BED_OVERFLOW,SIMULATED
PHC-BR-PAT-001,PHC Bakhtiyarpur,Bihar,Patna,BR-PATNA,2026-06-16,2026-06-16T20:00:00,145,127,18,27,6,6,0,100.0,2,2,4,4,False,False,BED_OVERFLOW,SIMULATED
PHC-BR-PAT-002,PHC Danapur,Bihar,Patna,BR-PATNA,2026-06-16,2026-06-16T20:00:00,202,185,17,22,10,10,0,100.0,3,3,6,6,False,False,BED_OVERFLOW,SIMULATED
PHC-BR-PAT-003,PHC Bihta,Bihar,Patna,BR-PATNA,2026-06-16,2026-06-16T20:00:00,163,147,16,26,8,8,0,100.0,2,2,5,5,False,False,BED_OVERFLOW,SIMULATED
PHC-BR-PAT-004,PHC Fatuha,Bihar,Patna,BR-PATNA,2026-06-16,2026-06-16T20:00:00,127,112,15,18,6,6,0,100.0,2,2,4,4,False,False,BED_OVERFLOW,SIMULATED
PHC-BR-PAT-005,PHC Mokama,Bihar,Patna,BR-PATNA,2026-06-16,2026-06-16T20:00:00,153,132,21,27,8,8,0,100.0,2,2,4,4,False,False,BED_OVERFLOW,SIMULATED
CHC-BR-PAT-001,CHC Phulwari Sharif,Bihar,Patna,BR-PATNA,2026-06-16,2026-06-16T20:00:00,417,363,54,81,30,30,0,100.0,6,6,12,12,False,False,BED_OVERFLOW,SIMULATED
DH-BR-PAT-001,District Hospital Gardanibagh,Bihar,Patna,BR-PATNA,2026-06-16,2026-06-16T20:00:00,1253,1130,123,148,150,150,0,100.0,24,22,45,43,False,False,BED_OVERFLOW,SIMULATED
PHC-BR-GAY-001,PHC Bodh Gaya,Bihar,Gaya,BR-GAYA,2026-06-16,2026-06-16T20:00:00,152,134,18,24,8,8,0,100.0,2,2,4,4,False,False,BED_OVERFLOW,SIMULATED
PHC-BR-GAY-002,PHC Sherghati,Bihar,Gaya,BR-GAYA,2026-06-16,2026-06-16T20:00:00,124,109,15,12,6,6,0,100.0,2,2,4,4,False,False,BED_OVERFLOW,SIMULATED
PHC-BR-GAY-003,PHC Tekari,Bihar,Gaya,BR-GAYA,2026-06-16,2026-06-16T20:00:00,112,98,14,15,6,6,0,100.0,2,2,3,3,False,False,BED_OVERFLOW,SIMULATED
DH-BR-GAY-001,Jay Prakash Narayan District Hospital Gaya,Bihar,Gaya,BR-GAYA,2026-06-16,2026-06-16T20:00:00,1551,1394,157,271,200,200,0,100.0,30,27,60,52,False,False,BED_OVERFLOW,SIMULATED
PHC-UP-VAR-001,PHC Cholapur,Uttar Pradesh,Varanasi,UP-VARANASI,2026-06-16,2026-06-16T20:00:00,150,136,14,28,6,6,0,100.0,2,2,4,4,False,False,BED_OVERFLOW,SIMULATED
PHC-UP-VAR-002,PHC Pindra,Uttar Pradesh,Varanasi,UP-VARANASI,2026-06-16,2026-06-16T20:00:00,177,154,23,29,8,8,0,100.0,3,3,5,5,False,False,BED_OVERFLOW,SIMULATED
PHC-UP-VAR-003,PHC Sevapuri,Uttar Pradesh,Varanasi,UP-VARANASI,2026-06-16,2026-06-16T20:00:00,130,113,17,26,6,6,0,100.0,2,2,4,4,False,False,BED_OVERFLOW,SIMULATED
PHC-UP-VAR-004,PHC Kashi Vidyapeeth,Uttar Pradesh,Varanasi,UP-VARANASI,2026-06-16,2026-06-16T20:00:00,188,165,23,28,10,10,0,100.0,3,3,6,6,False,False,BED_OVERFLOW,SIMULATED
CHC-UP-VAR-001,CHC Misirpur,Uttar Pradesh,Varanasi,UP-VARANASI,2026-06-16,2026-06-16T20:00:00,421,387,34,90,30,30,0,100.0,7,7,14,14,False,False,BED_OVERFLOW,SIMULATED
DH-UP-VAR-001,Pandit Deen Dayal Upadhyay District Hospital,Uttar Pradesh,Varanasi,UP-VARANASI,2026-06-16,2026-06-16T20:00:00,1996,1752,244,189,250,250,0,100.0,38,38,75,71,False,False,BED_OVERFLOW,SIMULATED
PHC-UP-LUK-001,PHC Bakshi Ka Talab,Uttar Pradesh,Lucknow,UP-LUCKNOW,2026-06-16,2026-06-16T20:00:00,179,163,16,20,10,10,0,100.0,3,3,6,6,False,False,BED_OVERFLOW,SIMULATED
PHC-UP-LUK-002,PHC Malihabad,Uttar Pradesh,Lucknow,UP-LUCKNOW,2026-06-16,2026-06-16T20:00:00,181,157,24,33,8,8,0,100.0,2,2,5,5,False,False,BED_OVERFLOW,SIMULATED
PHC-UP-LUK-003,PHC Mohanlalganj,Uttar Pradesh,Lucknow,UP-LUCKNOW,2026-06-16,2026-06-16T20:00:00,170,152,18,29,8,8,0,100.0,2,2,5,5,False,False,BED_OVERFLOW,SIMULATED
DH-UP-LUK-001,Balrampur District Hospital Lucknow,Uttar Pradesh,Lucknow,UP-LUCKNOW,2026-06-16,2026-06-16T20:00:00,2533,2237,296,215,350,350,0,100.0,50,46,110,97,False,False,BED_OVERFLOW,SIMULATED
PHC-RJ-JAI-001,PHC Bassi,Rajasthan,Jaipur,RJ-JAIPUR,2026-06-16,2026-06-16T20:00:00,149,134,15,16,8,8,0,100.0,2,2,5,5,False,False,BED_OVERFLOW,SIMULATED
PHC-RJ-JAI-002,PHC Chaksu,Rajasthan,Jaipur,RJ-JAIPUR,2026-06-16,2026-06-16T20:00:00,119,108,11,24,6,6,0,100.0,2,2,4,4,False,False,BED_OVERFLOW,SIMULATED
PHC-RJ-JAI-003,PHC Amer,Rajasthan,Jaipur,RJ-JAIPUR,2026-06-16,2026-06-16T20:00:00,211,184,27,40,10,10,0,100.0,3,3,6,6,False,False,BED_OVERFLOW,SIMULATED
DH-RJ-JAI-001,Kanwatia District Hospital Jaipur,Rajasthan,Jaipur,RJ-JAIPUR,2026-06-16,2026-06-16T20:00:00,1989,1752,237,366,200,200,0,100.0,32,31,68,62,False,False,BED_OVERFLOW,SIMULATED
PHC-MH-PUN-001,PHC Mulshi,Maharashtra,Pune,MH-PUNE,2026-06-16,2026-06-16T20:00:00,124,110,14,17,8,8,0,100.0,2,2,5,5,False,False,BED_OVERFLOW,SIMULATED
PHC-MH-PUN-002,PHC Haveli,Maharashtra,Pune,MH-PUNE,2026-06-16,2026-06-16T20:00:00,230,205,25,38,10,10,0,100.0,3,3,6,6,False,False,BED_OVERFLOW,SIMULATED
PHC-MH-PUN-003,PHC Khed,Maharashtra,Pune,MH-PUNE,2026-06-16,2026-06-16T20:00:00,168,151,17,25,8,8,0,100.0,2,2,5,5,False,False,BED_OVERFLOW,SIMULATED
DH-MH-PUN-001,Aundh District Hospital Pune,Maharashtra,Pune,MH-PUNE,2026-06-16,2026-06-16T20:00:00,2095,1844,251,457,300,300,0,100.0,42,42,90,79,False,False,BED_OVERFLOW,SIMULATED
PHC-KA-BEN-001,PHC Yelahanka,Karnataka,Bengaluru Urban,KA-BENGALURU-U,2026-06-16,2026-06-16T20:00:00,228,202,26,38,10,10,0,100.0,3,3,7,6,False,False,BED_OVERFLOW,SIMULATED
PHC-KA-BEN-002,PHC Anekal,Karnataka,Bengaluru Urban,KA-BENGALURU-U,2026-06-16,2026-06-16T20:00:00,200,174,26,37,8,8,0,100.0,2,2,5,5,False,False,BED_OVERFLOW,SIMULATED
PHC-KA-BEN-003,PHC Kengeri,Karnataka,Bengaluru Urban,KA-BENGALURU-U,2026-06-16,2026-06-16T20:00:00,197,178,19,19,10,10,0,100.0,3,3,6,6,False,False,BED_OVERFLOW,SIMULATED
DH-KA-BEN-001,KC General District Hospital Malleshwaram,Karnataka,Bengaluru Urban,KA-BENGALURU-U,2026-06-16,2026-06-16T20:00:00,2656,2360,296,214,350,350,0,100.0,48,46,105,105,False,False,BED_OVERFLOW,SIMULATED
PHC-BR-PAT-001,PHC Bakhtiyarpur,Bihar,Patna,BR-PATNA,2026-06-17,2026-06-17T20:00:00,133,114,19,10,6,6,0,100.0,2,2,4,4,False,False,BED_OVERFLOW,SIMULATED
PHC-BR-PAT-002,PHC Danapur,Bihar,Patna,BR-PATNA,2026-06-17,2026-06-17T20:00:00,218,189,29,29,10,10,0,100.0,3,3,6,6,False,False,BED_OVERFLOW,SIMULATED
PHC-BR-PAT-003,PHC Bihta,Bihar,Patna,BR-PATNA,2026-06-17,2026-06-17T20:00:00,154,141,13,22,8,8,0,100.0,2,2,5,5,False,False,BED_OVERFLOW,SIMULATED
PHC-BR-PAT-004,PHC Fatuha,Bihar,Patna,BR-PATNA,2026-06-17,2026-06-17T20:00:00,126,115,11,18,6,6,0,100.0,2,2,4,4,False,False,BED_OVERFLOW,SIMULATED
PHC-BR-PAT-005,PHC Mokama,Bihar,Patna,BR-PATNA,2026-06-17,2026-06-17T20:00:00,156,134,22,17,8,8,0,100.0,2,2,4,4,False,False,BED_OVERFLOW,SIMULATED
CHC-BR-PAT-001,CHC Phulwari Sharif,Bihar,Patna,BR-PATNA,2026-06-17,2026-06-17T20:00:00,432,381,51,73,30,30,0,100.0,6,6,12,11,False,False,BED_OVERFLOW,SIMULATED
DH-BR-PAT-001,District Hospital Gardanibagh,Bihar,Patna,BR-PATNA,2026-06-17,2026-06-17T20:00:00,1231,1106,125,101,150,150,0,100.0,24,22,45,41,False,False,BED_OVERFLOW,SIMULATED
PHC-BR-GAY-001,PHC Bodh Gaya,Bihar,Gaya,BR-GAYA,2026-06-17,2026-06-17T20:00:00,147,131,16,21,8,8,0,100.0,2,2,4,4,False,False,BED_OVERFLOW,SIMULATED
PHC-BR-GAY-002,PHC Sherghati,Bihar,Gaya,BR-GAYA,2026-06-17,2026-06-17T20:00:00,123,110,13,21,6,6,0,100.0,2,2,4,4,False,False,BED_OVERFLOW,SIMULATED
PHC-BR-GAY-003,PHC Tekari,Bihar,Gaya,BR-GAYA,2026-06-17,2026-06-17T20:00:00,101,89,12,16,6,6,0,100.0,2,2,3,3,False,False,BED_OVERFLOW,SIMULATED
DH-BR-GAY-001,Jay Prakash Narayan District Hospital Gaya,Bihar,Gaya,BR-GAYA,2026-06-17,2026-06-17T20:00:00,1446,1296,150,273,200,200,0,100.0,30,30,60,55,False,False,BED_OVERFLOW,SIMULATED
PHC-UP-VAR-001,PHC Cholapur,Uttar Pradesh,Varanasi,UP-VARANASI,2026-06-17,2026-06-17T20:00:00,170,150,20,17,6,6,0,100.0,2,2,4,4,False,False,BED_OVERFLOW,SIMULATED
PHC-UP-VAR-002,PHC Pindra,Uttar Pradesh,Varanasi,UP-VARANASI,2026-06-17,2026-06-17T20:00:00,178,156,22,14,8,8,0,100.0,3,3,5,5,False,False,BED_OVERFLOW,SIMULATED
PHC-UP-VAR-003,PHC Sevapuri,Uttar Pradesh,Varanasi,UP-VARANASI,2026-06-17,2026-06-17T20:00:00,136,122,14,13,6,6,0,100.0,2,2,4,4,False,False,BED_OVERFLOW,SIMULATED
PHC-UP-VAR-004,PHC Kashi Vidyapeeth,Uttar Pradesh,Varanasi,UP-VARANASI,2026-06-17,2026-06-17T20:00:00,208,186,22,29,10,10,0,100.0,3,3,6,6,False,False,BED_OVERFLOW,SIMULATED
CHC-UP-VAR-001,CHC Misirpur,Uttar Pradesh,Varanasi,UP-VARANASI,2026-06-17,2026-06-17T20:00:00,440,399,41,89,30,30,0,100.0,7,7,14,14,False,False,BED_OVERFLOW,SIMULATED
DH-UP-VAR-001,Pandit Deen Dayal Upadhyay District Hospital,Uttar Pradesh,Varanasi,UP-VARANASI,2026-06-17,2026-06-17T20:00:00,1971,1745,226,189,250,250,0,100.0,38,38,75,64,False,False,BED_OVERFLOW,SIMULATED
PHC-UP-LUK-001,PHC Bakshi Ka Talab,Uttar Pradesh,Lucknow,UP-LUCKNOW,2026-06-17,2026-06-17T20:00:00,171,148,23,29,10,10,0,100.0,3,3,6,6,False,False,BED_OVERFLOW,SIMULATED
PHC-UP-LUK-002,PHC Malihabad,Uttar Pradesh,Lucknow,UP-LUCKNOW,2026-06-17,2026-06-17T20:00:00,177,155,22,32,8,8,0,100.0,2,2,5,5,False,False,BED_OVERFLOW,SIMULATED
PHC-UP-LUK-003,PHC Mohanlalganj,Uttar Pradesh,Lucknow,UP-LUCKNOW,2026-06-17,2026-06-17T20:00:00,178,163,15,21,8,8,0,100.0,2,2,5,5,False,False,BED_OVERFLOW,SIMULATED
DH-UP-LUK-001,Balrampur District Hospital Lucknow,Uttar Pradesh,Lucknow,UP-LUCKNOW,2026-06-17,2026-06-17T20:00:00,2391,2072,319,424,350,350,0,100.0,50,50,110,97,False,False,BED_OVERFLOW,SIMULATED
PHC-RJ-JAI-001,PHC Bassi,Rajasthan,Jaipur,RJ-JAIPUR,2026-06-17,2026-06-17T20:00:00,151,133,18,24,8,8,0,100.0,2,2,5,5,False,False,BED_OVERFLOW,SIMULATED
PHC-RJ-JAI-002,PHC Chaksu,Rajasthan,Jaipur,RJ-JAIPUR,2026-06-17,2026-06-17T20:00:00,130,115,15,19,6,6,0,100.0,2,2,4,4,False,False,BED_OVERFLOW,SIMULATED
PHC-RJ-JAI-003,PHC Amer,Rajasthan,Jaipur,RJ-JAIPUR,2026-06-17,2026-06-17T20:00:00,166,149,17,13,10,10,0,100.0,3,3,6,6,False,False,BED_OVERFLOW,SIMULATED
DH-RJ-JAI-001,Kanwatia District Hospital Jaipur,Rajasthan,Jaipur,RJ-JAIPUR,2026-06-17,2026-06-17T20:00:00,1789,1643,146,310,200,200,0,100.0,32,29,68,65,False,False,BED_OVERFLOW,SIMULATED
PHC-MH-PUN-001,PHC Mulshi,Maharashtra,Pune,MH-PUNE,2026-06-17,2026-06-17T20:00:00,136,120,16,24,8,8,0,100.0,2,2,5,5,False,False,BED_OVERFLOW,SIMULATED
PHC-MH-PUN-002,PHC Haveli,Maharashtra,Pune,MH-PUNE,2026-06-17,2026-06-17T20:00:00,206,178,28,40,10,10,0,100.0,3,3,6,6,False,False,BED_OVERFLOW,SIMULATED
PHC-MH-PUN-003,PHC Khed,Maharashtra,Pune,MH-PUNE,2026-06-17,2026-06-17T20:00:00,156,142,14,23,8,8,0,100.0,2,2,5,5,False,False,BED_OVERFLOW,SIMULATED
DH-MH-PUN-001,Aundh District Hospital Pune,Maharashtra,Pune,MH-PUNE,2026-06-17,2026-06-17T20:00:00,2309,2030,279,291,300,300,0,100.0,42,38,90,84,False,False,BED_OVERFLOW,SIMULATED
PHC-KA-BEN-001,PHC Yelahanka,Karnataka,Bengaluru Urban,KA-BENGALURU-U,2026-06-17,2026-06-17T20:00:00,252,222,30,28,10,10,0,100.0,3,3,7,7,False,False,BED_OVERFLOW,SIMULATED
PHC-KA-BEN-002,PHC Anekal,Karnataka,Bengaluru Urban,KA-BENGALURU-U,2026-06-17,2026-06-17T20:00:00,198,180,18,28,8,8,0,100.0,2,2,5,5,False,False,BED_OVERFLOW,SIMULATED
PHC-KA-BEN-003,PHC Kengeri,Karnataka,Bengaluru Urban,KA-BENGALURU-U,2026-06-17,2026-06-17T20:00:00,227,202,25,18,10,10,0,100.0,3,3,6,6,False,False,BED_OVERFLOW,SIMULATED
DH-KA-BEN-001,KC General District Hospital Malleshwaram,Karnataka,Bengaluru Urban,KA-BENGALURU-U,2026-06-17,2026-06-17T20:00:00,2716,2385,331,410,350,350,0,100.0,48,45,105,105,False,False,BED_OVERFLOW,SIMULATED
PHC-BR-PAT-001,PHC Bakhtiyarpur,Bihar,Patna,BR-PATNA,2026-06-18,2026-06-18T20:00:00,116,105,11,22,6,6,0,100.0,2,2,4,4,False,False,BED_OVERFLOW,SIMULATED
PHC-BR-PAT-002,PHC Danapur,Bihar,Patna,BR-PATNA,2026-06-18,2026-06-18T20:00:00,187,168,19,17,10,10,0,100.0,3,3,6,6,False,False,BED_OVERFLOW,SIMULATED
PHC-BR-PAT-003,PHC Bihta,Bihar,Patna,BR-PATNA,2026-06-18,2026-06-18T20:00:00,143,127,16,18,8,8,0,100.0,2,2,5,5,False,False,BED_OVERFLOW,SIMULATED
PHC-BR-PAT-004,PHC Fatuha,Bihar,Patna,BR-PATNA,2026-06-18,2026-06-18T20:00:00,127,111,16,13,6,6,0,100.0,2,2,4,4,False,False,BED_OVERFLOW,SIMULATED
PHC-BR-PAT-005,PHC Mokama,Bihar,Patna,BR-PATNA,2026-06-18,2026-06-18T20:00:00,142,128,14,13,8,8,0,100.0,2,2,4,4,False,False,BED_OVERFLOW,SIMULATED
CHC-BR-PAT-001,CHC Phulwari Sharif,Bihar,Patna,BR-PATNA,2026-06-18,2026-06-18T20:00:00,382,346,36,54,30,30,0,100.0,6,6,12,11,False,False,BED_OVERFLOW,SIMULATED
DH-BR-PAT-001,District Hospital Gardanibagh,Bihar,Patna,BR-PATNA,2026-06-18,2026-06-18T20:00:00,1262,1125,137,109,150,150,0,100.0,24,24,45,42,False,False,BED_OVERFLOW,SIMULATED
PHC-BR-GAY-001,PHC Bodh Gaya,Bihar,Gaya,BR-GAYA,2026-06-18,2026-06-18T20:00:00,149,132,17,31,8,8,0,100.0,2,2,4,4,False,False,BED_OVERFLOW,SIMULATED
PHC-BR-GAY-002,PHC Sherghati,Bihar,Gaya,BR-GAYA,2026-06-18,2026-06-18T20:00:00,104,90,14,13,6,6,0,100.0,2,2,4,4,False,False,BED_OVERFLOW,SIMULATED
PHC-BR-GAY-003,PHC Tekari,Bihar,Gaya,BR-GAYA,2026-06-18,2026-06-18T20:00:00,107,94,13,23,6,6,0,100.0,2,2,3,3,False,False,BED_OVERFLOW,SIMULATED
DH-BR-GAY-001,Jay Prakash Narayan District Hospital Gaya,Bihar,Gaya,BR-GAYA,2026-06-18,2026-06-18T20:00:00,1603,1471,132,229,200,200,0,100.0,30,27,60,58,False,False,BED_OVERFLOW,SIMULATED
PHC-UP-VAR-001,PHC Cholapur,Uttar Pradesh,Varanasi,UP-VARANASI,2026-06-18,2026-06-18T20:00:00,151,136,15,18,6,6,0,100.0,2,2,4,4,False,False,BED_OVERFLOW,SIMULATED
PHC-UP-VAR-002,PHC Pindra,Uttar Pradesh,Varanasi,UP-VARANASI,2026-06-18,2026-06-18T20:00:00,174,151,23,31,8,8,0,100.0,3,3,5,5,False,False,BED_OVERFLOW,SIMULATED
PHC-UP-VAR-003,PHC Sevapuri,Uttar Pradesh,Varanasi,UP-VARANASI,2026-06-18,2026-06-18T20:00:00,131,118,13,28,6,6,0,100.0,2,2,4,4,False,False,BED_OVERFLOW,SIMULATED
PHC-UP-VAR-004,PHC Kashi Vidyapeeth,Uttar Pradesh,Varanasi,UP-VARANASI,2026-06-18,2026-06-18T20:00:00,197,176,21,31,10,10,0,100.0,3,3,6,6,False,False,BED_OVERFLOW,SIMULATED
CHC-UP-VAR-001,CHC Misirpur,Uttar Pradesh,Varanasi,UP-VARANASI,2026-06-18,2026-06-18T20:00:00,386,352,34,59,30,30,0,100.0,7,7,14,12,False,False,BED_OVERFLOW,SIMULATED
DH-UP-VAR-001,Pandit Deen Dayal Upadhyay District Hospital,Uttar Pradesh,Varanasi,UP-VARANASI,2026-06-18,2026-06-18T20:00:00,1805,1563,242,240,250,250,0,100.0,38,31,75,67,False,False,BED_OVERFLOW,SIMULATED
PHC-UP-LUK-001,PHC Bakshi Ka Talab,Uttar Pradesh,Lucknow,UP-LUCKNOW,2026-06-18,2026-06-18T20:00:00,205,185,20,44,10,10,0,100.0,3,3,6,6,False,False,BED_OVERFLOW,SIMULATED
PHC-UP-LUK-002,PHC Malihabad,Uttar Pradesh,Lucknow,UP-LUCKNOW,2026-06-18,2026-06-18T20:00:00,161,146,15,17,8,8,0,100.0,2,2,5,5,False,False,BED_OVERFLOW,SIMULATED
PHC-UP-LUK-003,PHC Mohanlalganj,Uttar Pradesh,Lucknow,UP-LUCKNOW,2026-06-18,2026-06-18T20:00:00,158,140,18,30,8,8,0,100.0,2,2,5,5,False,False,BED_OVERFLOW,SIMULATED
DH-UP-LUK-001,Balrampur District Hospital Lucknow,Uttar Pradesh,Lucknow,UP-LUCKNOW,2026-06-18,2026-06-18T20:00:00,2624,2317,307,561,350,350,0,100.0,50,44,110,103,False,False,BED_OVERFLOW,SIMULATED
PHC-RJ-JAI-001,PHC Bassi,Rajasthan,Jaipur,RJ-JAIPUR,2026-06-18,2026-06-18T20:00:00,149,134,15,16,8,8,0,100.0,2,2,5,5,False,False,BED_OVERFLOW,SIMULATED
PHC-RJ-JAI-002,PHC Chaksu,Rajasthan,Jaipur,RJ-JAIPUR,2026-06-18,2026-06-18T20:00:00,152,132,20,25,6,6,0,100.0,2,2,4,4,False,False,BED_OVERFLOW,SIMULATED
PHC-RJ-JAI-003,PHC Amer,Rajasthan,Jaipur,RJ-JAIPUR,2026-06-18,2026-06-18T20:00:00,178,161,17,38,10,10,0,100.0,3,3,6,6,False,False,BED_OVERFLOW,SIMULATED
DH-RJ-JAI-001,Kanwatia District Hospital Jaipur,Rajasthan,Jaipur,RJ-JAIPUR,2026-06-18,2026-06-18T20:00:00,2094,1824,270,218,200,200,0,100.0,32,29,68,63,False,False,BED_OVERFLOW,SIMULATED
PHC-MH-PUN-001,PHC Mulshi,Maharashtra,Pune,MH-PUNE,2026-06-18,2026-06-18T20:00:00,117,101,16,18,8,8,0,100.0,2,2,5,5,False,False,BED_OVERFLOW,SIMULATED
PHC-MH-PUN-002,PHC Haveli,Maharashtra,Pune,MH-PUNE,2026-06-18,2026-06-18T20:00:00,234,201,33,49,10,10,0,100.0,3,3,6,6,False,False,BED_OVERFLOW,SIMULATED
PHC-MH-PUN-003,PHC Khed,Maharashtra,Pune,MH-PUNE,2026-06-18,2026-06-18T20:00:00,157,139,18,33,8,8,0,100.0,2,2,5,5,False,False,BED_OVERFLOW,SIMULATED
DH-MH-PUN-001,Aundh District Hospital Pune,Maharashtra,Pune,MH-PUNE,2026-06-18,2026-06-18T20:00:00,2248,1980,268,457,300,300,0,100.0,42,37,90,81,False,False,BED_OVERFLOW,SIMULATED
PHC-KA-BEN-001,PHC Yelahanka,Karnataka,Bengaluru Urban,KA-BENGALURU-U,2026-06-18,2026-06-18T20:00:00,220,190,30,28,10,10,0,100.0,3,3,7,7,False,False,BED_OVERFLOW,SIMULATED
PHC-KA-BEN-002,PHC Anekal,Karnataka,Bengaluru Urban,KA-BENGALURU-U,2026-06-18,2026-06-18T20:00:00,172,150,22,14,8,8,0,100.0,2,2,5,5,False,False,BED_OVERFLOW,SIMULATED
PHC-KA-BEN-003,PHC Kengeri,Karnataka,Bengaluru Urban,KA-BENGALURU-U,2026-06-18,2026-06-18T20:00:00,211,186,25,32,10,10,0,100.0,3,3,6,6,False,False,BED_OVERFLOW,SIMULATED
DH-KA-BEN-001,KC General District Hospital Malleshwaram,Karnataka,Bengaluru Urban,KA-BENGALURU-U,2026-06-18,2026-06-18T20:00:00,2665,2351,314,512,350,350,0,100.0,48,39,105,104,False,False,BED_OVERFLOW,SIMULATED
PHC-BR-PAT-001,PHC Bakhtiyarpur,Bihar,Patna,BR-PATNA,2026-06-19,2026-06-19T20:00:00,117,104,13,24,6,6,0,100.0,2,2,4,4,False,False,BED_OVERFLOW,SIMULATED
PHC-BR-PAT-002,PHC Danapur,Bihar,Patna,BR-PATNA,2026-06-19,2026-06-19T20:00:00,170,146,24,15,10,10,0,100.0,3,3,6,6,False,False,BED_OVERFLOW,SIMULATED
PHC-BR-PAT-003,PHC Bihta,Bihar,Patna,BR-PATNA,2026-06-19,2026-06-19T20:00:00,146,131,15,30,8,8,0,100.0,2,2,5,5,False,False,BED_OVERFLOW,SIMULATED
PHC-BR-PAT-004,PHC Fatuha,Bihar,Patna,BR-PATNA,2026-06-19,2026-06-19T20:00:00,112,96,16,10,6,6,0,100.0,2,2,4,4,False,False,BED_OVERFLOW,SIMULATED
PHC-BR-PAT-005,PHC Mokama,Bihar,Patna,BR-PATNA,2026-06-19,2026-06-19T20:00:00,122,110,12,25,8,8,0,100.0,2,2,4,4,False,False,BED_OVERFLOW,SIMULATED
CHC-BR-PAT-001,CHC Phulwari Sharif,Bihar,Patna,BR-PATNA,2026-06-19,2026-06-19T20:00:00,339,297,42,45,30,30,0,100.0,6,5,12,12,False,False,BED_OVERFLOW,SIMULATED
DH-BR-PAT-001,District Hospital Gardanibagh,Bihar,Patna,BR-PATNA,2026-06-19,2026-06-19T20:00:00,939,811,128,173,150,150,0,100.0,24,24,45,41,False,False,BED_OVERFLOW,SIMULATED
PHC-BR-GAY-001,PHC Bodh Gaya,Bihar,Gaya,BR-GAYA,2026-06-19,2026-06-19T20:00:00,122,109,13,14,8,8,0,100.0,2,2,4,4,False,False,BED_OVERFLOW,SIMULATED
PHC-BR-GAY-002,PHC Sherghati,Bihar,Gaya,BR-GAYA,2026-06-19,2026-06-19T20:00:00,99,85,14,10,6,6,0,100.0,2,2,4,4,False,False,BED_OVERFLOW,SIMULATED
PHC-BR-GAY-003,PHC Tekari,Bihar,Gaya,BR-GAYA,2026-06-19,2026-06-19T20:00:00,94,86,8,9,6,6,0,100.0,2,2,3,3,False,False,BED_OVERFLOW,SIMULATED
DH-BR-GAY-001,Jay Prakash Narayan District Hospital Gaya,Bihar,Gaya,BR-GAYA,2026-06-19,2026-06-19T20:00:00,1282,1176,106,104,200,200,0,100.0,30,25,60,52,False,False,BED_OVERFLOW,SIMULATED
PHC-UP-VAR-001,PHC Cholapur,Uttar Pradesh,Varanasi,UP-VARANASI,2026-06-19,2026-06-19T20:00:00,131,116,15,27,6,6,0,100.0,2,2,4,4,False,False,BED_OVERFLOW,SIMULATED
PHC-UP-VAR-002,PHC Pindra,Uttar Pradesh,Varanasi,UP-VARANASI,2026-06-19,2026-06-19T20:00:00,150,130,20,31,8,8,0,100.0,3,3,5,5,False,False,BED_OVERFLOW,SIMULATED
PHC-UP-VAR-003,PHC Sevapuri,Uttar Pradesh,Varanasi,UP-VARANASI,2026-06-19,2026-06-19T20:00:00,115,103,12,13,6,6,0,100.0,2,2,4,4,False,False,BED_OVERFLOW,SIMULATED
PHC-UP-VAR-004,PHC Kashi Vidyapeeth,Uttar Pradesh,Varanasi,UP-VARANASI,2026-06-19,2026-06-19T20:00:00,190,164,26,35,10,10,0,100.0,3,3,6,6,False,False,BED_OVERFLOW,SIMULATED
CHC-UP-VAR-001,CHC Misirpur,Uttar Pradesh,Varanasi,UP-VARANASI,2026-06-19,2026-06-19T20:00:00,383,331,52,69,30,30,0,100.0,7,7,14,13,False,False,BED_OVERFLOW,SIMULATED
DH-UP-VAR-001,Pandit Deen Dayal Upadhyay District Hospital,Uttar Pradesh,Varanasi,UP-VARANASI,2026-06-19,2026-06-19T20:00:00,1717,1486,231,286,250,250,0,100.0,38,33,75,69,False,False,BED_OVERFLOW,SIMULATED
PHC-UP-LUK-001,PHC Bakshi Ka Talab,Uttar Pradesh,Lucknow,UP-LUCKNOW,2026-06-19,2026-06-19T20:00:00,161,146,15,34,10,10,0,100.0,3,3,6,6,False,False,BED_OVERFLOW,SIMULATED
PHC-UP-LUK-002,PHC Malihabad,Uttar Pradesh,Lucknow,UP-LUCKNOW,2026-06-19,2026-06-19T20:00:00,142,128,14,24,8,8,0,100.0,2,2,5,5,False,False,BED_OVERFLOW,SIMULATED
PHC-UP-LUK-003,PHC Mohanlalganj,Uttar Pradesh,Lucknow,UP-LUCKNOW,2026-06-19,2026-06-19T20:00:00,146,128,18,21,8,8,0,100.0,2,2,5,5,False,False,BED_OVERFLOW,SIMULATED
DH-UP-LUK-001,Balrampur District Hospital Lucknow,Uttar Pradesh,Lucknow,UP-LUCKNOW,2026-06-19,2026-06-19T20:00:00,2320,2085,235,212,350,350,0,100.0,50,49,110,109,False,False,BED_OVERFLOW,SIMULATED
PHC-RJ-JAI-001,PHC Bassi,Rajasthan,Jaipur,RJ-JAIPUR,2026-06-19,2026-06-19T20:00:00,144,130,14,29,8,8,0,100.0,2,2,5,5,False,False,BED_OVERFLOW,SIMULATED
PHC-RJ-JAI-002,PHC Chaksu,Rajasthan,Jaipur,RJ-JAIPUR,2026-06-19,2026-06-19T20:00:00,128,114,14,24,6,6,0,100.0,2,2,4,4,False,False,BED_OVERFLOW,SIMULATED
PHC-RJ-JAI-003,PHC Amer,Rajasthan,Jaipur,RJ-JAIPUR,2026-06-19,2026-06-19T20:00:00,142,125,17,29,10,10,0,100.0,3,3,6,6,False,False,BED_OVERFLOW,SIMULATED
DH-RJ-JAI-001,Kanwatia District Hospital Jaipur,Rajasthan,Jaipur,RJ-JAIPUR,2026-06-19,2026-06-19T20:00:00,1638,1444,194,133,200,200,0,100.0,32,32,68,68,False,False,BED_OVERFLOW,SIMULATED
PHC-MH-PUN-001,PHC Mulshi,Maharashtra,Pune,MH-PUNE,2026-06-19,2026-06-19T20:00:00,111,98,13,11,8,8,0,100.0,2,2,5,5,False,False,BED_OVERFLOW,SIMULATED
PHC-MH-PUN-002,PHC Haveli,Maharashtra,Pune,MH-PUNE,2026-06-19,2026-06-19T20:00:00,162,148,14,13,10,10,0,100.0,3,3,6,6,False,False,BED_OVERFLOW,SIMULATED
PHC-MH-PUN-003,PHC Khed,Maharashtra,Pune,MH-PUNE,2026-06-19,2026-06-19T20:00:00,135,121,14,20,8,8,0,100.0,2,2,5,5,False,False,BED_OVERFLOW,SIMULATED
DH-MH-PUN-001,Aundh District Hospital Pune,Maharashtra,Pune,MH-PUNE,2026-06-19,2026-06-19T20:00:00,2010,1846,164,251,300,300,0,100.0,42,38,90,88,False,False,BED_OVERFLOW,SIMULATED
PHC-KA-BEN-001,PHC Yelahanka,Karnataka,Bengaluru Urban,KA-BENGALURU-U,2026-06-19,2026-06-19T20:00:00,220,194,26,29,10,10,0,100.0,3,3,7,7,False,False,BED_OVERFLOW,SIMULATED
PHC-KA-BEN-002,PHC Anekal,Karnataka,Bengaluru Urban,KA-BENGALURU-U,2026-06-19,2026-06-19T20:00:00,149,136,13,16,8,8,0,100.0,2,2,5,5,False,False,BED_OVERFLOW,SIMULATED
PHC-KA-BEN-003,PHC Kengeri,Karnataka,Bengaluru Urban,KA-BENGALURU-U,2026-06-19,2026-06-19T20:00:00,163,145,18,16,10,10,0,100.0,3,3,6,6,False,False,BED_OVERFLOW,SIMULATED
DH-KA-BEN-001,KC General District Hospital Malleshwaram,Karnataka,Bengaluru Urban,KA-BENGALURU-U,2026-06-19,2026-06-19T20:00:00,2211,1921,290,225,350,350,0,100.0,48,47,105,100,False,False,BED_OVERFLOW,SIMULATED
PHC-BR-PAT-001,PHC Bakhtiyarpur,Bihar,Patna,BR-PATNA,2026-06-20,2026-06-20T20:00:00,125,110,15,15,6,6,0,100.0,2,2,4,4,False,False,BED_OVERFLOW,SIMULATED
PHC-BR-PAT-002,PHC Danapur,Bihar,Patna,BR-PATNA,2026-06-20,2026-06-20T20:00:00,170,152,18,29,10,10,0,100.0,3,3,6,6,False,False,BED_OVERFLOW,SIMULATED
PHC-BR-PAT-003,PHC Bihta,Bihar,Patna,BR-PATNA,2026-06-20,2026-06-20T20:00:00,141,126,15,12,8,8,0,100.0,2,2,5,5,False,False,BED_OVERFLOW,SIMULATED
PHC-BR-PAT-004,PHC Fatuha,Bihar,Patna,BR-PATNA,2026-06-20,2026-06-20T20:00:00,114,99,15,24,6,6,0,100.0,2,2,4,4,False,False,BED_OVERFLOW,SIMULATED
PHC-BR-PAT-005,PHC Mokama,Bihar,Patna,BR-PATNA,2026-06-20,2026-06-20T20:00:00,123,112,11,13,8,8,0,100.0,2,2,4,4,False,False,BED_OVERFLOW,SIMULATED
CHC-BR-PAT-001,CHC Phulwari Sharif,Bihar,Patna,BR-PATNA,2026-06-20,2026-06-20T20:00:00,319,278,41,43,30,30,0,100.0,6,6,12,12,False,False,BED_OVERFLOW,SIMULATED
DH-BR-PAT-001,District Hospital Gardanibagh,Bihar,Patna,BR-PATNA,2026-06-20,2026-06-20T20:00:00,1137,989,148,200,150,150,0,100.0,24,23,45,39,False,False,BED_OVERFLOW,SIMULATED
PHC-BR-GAY-001,PHC Bodh Gaya,Bihar,Gaya,BR-GAYA,2026-06-20,2026-06-20T20:00:00,127,112,15,12,8,8,0,100.0,2,2,4,4,False,False,BED_OVERFLOW,SIMULATED
PHC-BR-GAY-002,PHC Sherghati,Bihar,Gaya,BR-GAYA,2026-06-20,2026-06-20T20:00:00,106,96,10,17,6,6,0,100.0,2,2,4,4,False,False,BED_OVERFLOW,SIMULATED
PHC-BR-GAY-003,PHC Tekari,Bihar,Gaya,BR-GAYA,2026-06-20,2026-06-20T20:00:00,91,83,8,14,6,6,0,100.0,2,2,3,3,False,False,BED_OVERFLOW,SIMULATED
DH-BR-GAY-001,Jay Prakash Narayan District Hospital Gaya,Bihar,Gaya,BR-GAYA,2026-06-20,2026-06-20T20:00:00,1334,1176,158,114,200,200,0,100.0,30,26,60,59,False,False,BED_OVERFLOW,SIMULATED
PHC-UP-VAR-001,PHC Cholapur,Uttar Pradesh,Varanasi,UP-VARANASI,2026-06-20,2026-06-20T20:00:00,144,126,18,27,6,6,0,100.0,2,2,4,4,False,False,BED_OVERFLOW,SIMULATED
PHC-UP-VAR-002,PHC Pindra,Uttar Pradesh,Varanasi,UP-VARANASI,2026-06-20,2026-06-20T20:00:00,159,138,21,23,8,8,0,100.0,3,3,5,5,False,False,BED_OVERFLOW,SIMULATED
PHC-UP-VAR-003,PHC Sevapuri,Uttar Pradesh,Varanasi,UP-VARANASI,2026-06-20,2026-06-20T20:00:00,111,96,15,19,6,6,0,100.0,2,2,4,4,False,False,BED_OVERFLOW,SIMULATED
PHC-UP-VAR-004,PHC Kashi Vidyapeeth,Uttar Pradesh,Varanasi,UP-VARANASI,2026-06-20,2026-06-20T20:00:00,183,157,26,31,10,10,0,100.0,3,3,6,6,False,False,BED_OVERFLOW,SIMULATED
CHC-UP-VAR-001,CHC Misirpur,Uttar Pradesh,Varanasi,UP-VARANASI,2026-06-20,2026-06-20T20:00:00,377,327,50,64,30,30,0,100.0,7,7,14,13,False,False,BED_OVERFLOW,SIMULATED
DH-UP-VAR-001,Pandit Deen Dayal Upadhyay District Hospital,Uttar Pradesh,Varanasi,UP-VARANASI,2026-06-20,2026-06-20T20:00:00,1818,1623,195,287,250,250,0,100.0,38,35,75,70,False,False,BED_OVERFLOW,SIMULATED
PHC-UP-LUK-001,PHC Bakshi Ka Talab,Uttar Pradesh,Lucknow,UP-LUCKNOW,2026-06-20,2026-06-20T20:00:00,164,145,19,29,10,10,0,100.0,3,3,6,6,False,False,BED_OVERFLOW,SIMULATED
PHC-UP-LUK-002,PHC Malihabad,Uttar Pradesh,Lucknow,UP-LUCKNOW,2026-06-20,2026-06-20T20:00:00,135,117,18,29,8,8,0,100.0,2,2,5,5,False,False,BED_OVERFLOW,SIMULATED
PHC-UP-LUK-003,PHC Mohanlalganj,Uttar Pradesh,Lucknow,UP-LUCKNOW,2026-06-20,2026-06-20T20:00:00,147,127,20,17,8,8,0,100.0,2,2,5,5,False,False,BED_OVERFLOW,SIMULATED
DH-UP-LUK-001,Balrampur District Hospital Lucknow,Uttar Pradesh,Lucknow,UP-LUCKNOW,2026-06-20,2026-06-20T20:00:00,2071,1896,175,281,350,350,0,100.0,50,43,110,110,False,False,BED_OVERFLOW,SIMULATED
PHC-RJ-JAI-001,PHC Bassi,Rajasthan,Jaipur,RJ-JAIPUR,2026-06-20,2026-06-20T20:00:00,140,128,12,27,8,8,0,100.0,2,2,5,5,False,False,BED_OVERFLOW,SIMULATED
PHC-RJ-JAI-002,PHC Chaksu,Rajasthan,Jaipur,RJ-JAIPUR,2026-06-20,2026-06-20T20:00:00,129,111,18,21,6,6,0,100.0,2,2,4,4,False,False,BED_OVERFLOW,SIMULATED
PHC-RJ-JAI-003,PHC Amer,Rajasthan,Jaipur,RJ-JAIPUR,2026-06-20,2026-06-20T20:00:00,164,144,20,28,10,10,0,100.0,3,3,6,6,False,False,BED_OVERFLOW,SIMULATED
DH-RJ-JAI-001,Kanwatia District Hospital Jaipur,Rajasthan,Jaipur,RJ-JAIPUR,2026-06-20,2026-06-20T20:00:00,1636,1446,190,284,200,200,0,100.0,32,27,68,58,False,False,BED_OVERFLOW,SIMULATED
PHC-MH-PUN-001,PHC Mulshi,Maharashtra,Pune,MH-PUNE,2026-06-20,2026-06-20T20:00:00,99,90,9,15,8,8,0,100.0,2,2,5,5,False,False,BED_OVERFLOW,SIMULATED
PHC-MH-PUN-002,PHC Haveli,Maharashtra,Pune,MH-PUNE,2026-06-20,2026-06-20T20:00:00,189,173,16,22,10,10,0,100.0,3,3,6,6,False,False,BED_OVERFLOW,SIMULATED
PHC-MH-PUN-003,PHC Khed,Maharashtra,Pune,MH-PUNE,2026-06-20,2026-06-20T20:00:00,137,122,15,15,8,8,0,100.0,2,2,5,5,False,False,BED_OVERFLOW,SIMULATED
DH-MH-PUN-001,Aundh District Hospital Pune,Maharashtra,Pune,MH-PUNE,2026-06-20,2026-06-20T20:00:00,1993,1749,244,423,300,300,0,100.0,42,42,90,89,False,False,BED_OVERFLOW,SIMULATED
PHC-KA-BEN-001,PHC Yelahanka,Karnataka,Bengaluru Urban,KA-BENGALURU-U,2026-06-20,2026-06-20T20:00:00,196,177,19,36,10,10,0,100.0,3,3,7,7,False,False,BED_OVERFLOW,SIMULATED
PHC-KA-BEN-002,PHC Anekal,Karnataka,Bengaluru Urban,KA-BENGALURU-U,2026-06-20,2026-06-20T20:00:00,160,138,22,14,8,8,0,100.0,2,2,5,5,False,False,BED_OVERFLOW,SIMULATED
PHC-KA-BEN-003,PHC Kengeri,Karnataka,Bengaluru Urban,KA-BENGALURU-U,2026-06-20,2026-06-20T20:00:00,154,134,20,19,10,10,0,100.0,3,3,6,6,False,False,BED_OVERFLOW,SIMULATED
DH-KA-BEN-001,KC General District Hospital Malleshwaram,Karnataka,Bengaluru Urban,KA-BENGALURU-U,2026-06-20,2026-06-20T20:00:00,2340,2129,211,268,350,350,0,100.0,48,45,105,103,False,False,BED_OVERFLOW,SIMULATED
PHC-BR-PAT-001,PHC Bakhtiyarpur,Bihar,Patna,BR-PATNA,2026-06-21,2026-06-21T20:00:00,46,41,5,4,6,6,0,100.0,2,2,4,3,False,False,BED_OVERFLOW,SIMULATED
PHC-BR-PAT-002,PHC Danapur,Bihar,Patna,BR-PATNA,2026-06-21,2026-06-21T20:00:00,78,71,7,13,10,10,0,100.0,3,2,6,4,False,True,BED_OVERFLOW,SIMULATED
PHC-BR-PAT-003,PHC Bihta,Bihar,Patna,BR-PATNA,2026-06-21,2026-06-21T20:00:00,62,56,6,12,8,8,0,100.0,2,2,5,4,False,False,BED_OVERFLOW,SIMULATED
PHC-BR-PAT-004,PHC Fatuha,Bihar,Patna,BR-PATNA,2026-06-21,2026-06-21T20:00:00,43,38,5,4,6,6,0,100.0,2,2,4,3,False,False,BED_OVERFLOW,SIMULATED
PHC-BR-PAT-005,PHC Mokama,Bihar,Patna,BR-PATNA,2026-06-21,2026-06-21T20:00:00,56,50,6,9,8,8,0,100.0,2,2,4,3,False,False,BED_OVERFLOW,SIMULATED
CHC-BR-PAT-001,CHC Phulwari Sharif,Bihar,Patna,BR-PATNA,2026-06-21,2026-06-21T20:00:00,156,137,19,19,30,30,0,100.0,6,5,12,9,False,False,BED_OVERFLOW,SIMULATED
DH-BR-PAT-001,District Hospital Gardanibagh,Bihar,Patna,BR-PATNA,2026-06-21,2026-06-21T20:00:00,467,415,52,101,150,140,10,93.33,24,14,45,29,False,True,NORMAL,SIMULATED
PHC-BR-GAY-001,PHC Bodh Gaya,Bihar,Gaya,BR-GAYA,2026-06-21,2026-06-21T20:00:00,56,50,6,4,8,8,0,100.0,2,2,4,3,False,False,BED_OVERFLOW,SIMULATED
PHC-BR-GAY-002,PHC Sherghati,Bihar,Gaya,BR-GAYA,2026-06-21,2026-06-21T20:00:00,49,43,6,6,6,6,0,100.0,2,2,4,4,False,False,BED_OVERFLOW,SIMULATED
PHC-BR-GAY-003,PHC Tekari,Bihar,Gaya,BR-GAYA,2026-06-21,2026-06-21T20:00:00,38,33,5,3,6,6,0,100.0,2,2,3,2,False,True,BED_OVERFLOW,SIMULATED
DH-BR-GAY-001,Jay Prakash Narayan District Hospital Gaya,Bihar,Gaya,BR-GAYA,2026-06-21,2026-06-21T20:00:00,580,511,69,116,200,150,50,75.0,30,17,60,40,False,True,NORMAL,SIMULATED
PHC-UP-VAR-001,PHC Cholapur,Uttar Pradesh,Varanasi,UP-VARANASI,2026-06-21,2026-06-21T20:00:00,56,49,7,8,6,6,0,100.0,2,2,4,3,False,False,BED_OVERFLOW,SIMULATED
PHC-UP-VAR-002,PHC Pindra,Uttar Pradesh,Varanasi,UP-VARANASI,2026-06-21,2026-06-21T20:00:00,65,59,6,7,8,8,0,100.0,3,2,5,4,False,False,BED_OVERFLOW,SIMULATED
PHC-UP-VAR-003,PHC Sevapuri,Uttar Pradesh,Varanasi,UP-VARANASI,2026-06-21,2026-06-21T20:00:00,53,48,5,9,6,6,0,100.0,2,2,4,4,False,False,BED_OVERFLOW,SIMULATED
PHC-UP-VAR-004,PHC Kashi Vidyapeeth,Uttar Pradesh,Varanasi,UP-VARANASI,2026-06-21,2026-06-21T20:00:00,79,71,8,14,10,10,0,100.0,3,2,6,5,False,False,BED_OVERFLOW,SIMULATED
CHC-UP-VAR-001,CHC Misirpur,Uttar Pradesh,Varanasi,UP-VARANASI,2026-06-21,2026-06-21T20:00:00,164,150,14,32,30,30,0,100.0,7,5,14,11,False,False,BED_OVERFLOW,SIMULATED
DH-UP-VAR-001,Pandit Deen Dayal Upadhyay District Hospital,Uttar Pradesh,Varanasi,UP-VARANASI,2026-06-21,2026-06-21T20:00:00,732,640,92,146,250,190,60,76.0,38,20,75,48,False,True,NORMAL,SIMULATED
PHC-UP-LUK-001,PHC Bakshi Ka Talab,Uttar Pradesh,Lucknow,UP-LUCKNOW,2026-06-21,2026-06-21T20:00:00,69,62,7,10,10,10,0,100.0,3,2,6,5,False,False,BED_OVERFLOW,SIMULATED
PHC-UP-LUK-002,PHC Malihabad,Uttar Pradesh,Lucknow,UP-LUCKNOW,2026-06-21,2026-06-21T20:00:00,64,56,8,10,8,8,0,100.0,2,2,5,4,False,False,BED_OVERFLOW,SIMULATED
PHC-UP-LUK-003,PHC Mohanlalganj,Uttar Pradesh,Lucknow,UP-LUCKNOW,2026-06-21,2026-06-21T20:00:00,64,55,9,12,8,8,0,100.0,2,2,5,4,False,False,BED_OVERFLOW,SIMULATED
DH-UP-LUK-001,Balrampur District Hospital Lucknow,Uttar Pradesh,Lucknow,UP-LUCKNOW,2026-06-21,2026-06-21T20:00:00,919,826,93,95,350,241,109,68.86,50,29,110,81,False,False,NORMAL,SIMULATED
PHC-RJ-JAI-001,PHC Bassi,Rajasthan,Jaipur,RJ-JAIPUR,2026-06-21,2026-06-21T20:00:00,56,49,7,10,8,8,0,100.0,2,2,5,4,False,False,BED_OVERFLOW,SIMULATED
PHC-RJ-JAI-002,PHC Chaksu,Rajasthan,Jaipur,RJ-JAIPUR,2026-06-21,2026-06-21T20:00:00,46,41,5,7,6,6,0,100.0,2,2,4,3,False,False,BED_OVERFLOW,SIMULATED
PHC-RJ-JAI-003,PHC Amer,Rajasthan,Jaipur,RJ-JAIPUR,2026-06-21,2026-06-21T20:00:00,67,61,6,6,10,10,0,100.0,3,2,6,4,False,True,BED_OVERFLOW,SIMULATED
DH-RJ-JAI-001,Kanwatia District Hospital Jaipur,Rajasthan,Jaipur,RJ-JAIPUR,2026-06-21,2026-06-21T20:00:00,675,592,83,79,200,200,0,100.0,32,18,68,47,False,True,BED_OVERFLOW,SIMULATED
PHC-MH-PUN-001,PHC Mulshi,Maharashtra,Pune,MH-PUNE,2026-06-21,2026-06-21T20:00:00,50,45,5,6,8,8,0,100.0,2,2,5,4,False,False,BED_OVERFLOW,SIMULATED
PHC-MH-PUN-002,PHC Haveli,Maharashtra,Pune,MH-PUNE,2026-06-21,2026-06-21T20:00:00,78,67,11,6,10,10,0,100.0,3,2,6,5,False,False,BED_OVERFLOW,SIMULATED
PHC-MH-PUN-003,PHC Khed,Maharashtra,Pune,MH-PUNE,2026-06-21,2026-06-21T20:00:00,63,56,7,5,8,8,0,100.0,2,2,5,4,False,False,BED_OVERFLOW,SIMULATED
DH-MH-PUN-001,Aundh District Hospital Pune,Maharashtra,Pune,MH-PUNE,2026-06-21,2026-06-21T20:00:00,780,672,108,105,300,279,21,93.0,42,22,90,59,False,True,NORMAL,SIMULATED
PHC-KA-BEN-001,PHC Yelahanka,Karnataka,Bengaluru Urban,KA-BENGALURU-U,2026-06-21,2026-06-21T20:00:00,85,73,12,14,10,10,0,100.0,3,2,7,5,False,False,BED_OVERFLOW,SIMULATED
PHC-KA-BEN-002,PHC Anekal,Karnataka,Bengaluru Urban,KA-BENGALURU-U,2026-06-21,2026-06-21T20:00:00,69,61,8,6,8,8,0,100.0,2,2,5,4,False,False,BED_OVERFLOW,SIMULATED
PHC-KA-BEN-003,PHC Kengeri,Karnataka,Bengaluru Urban,KA-BENGALURU-U,2026-06-21,2026-06-21T20:00:00,78,68,10,16,10,10,0,100.0,3,2,6,5,False,False,BED_OVERFLOW,SIMULATED
DH-KA-BEN-001,KC General District Hospital Malleshwaram,Karnataka,Bengaluru Urban,KA-BENGALURU-U,2026-06-21,2026-06-21T20:00:00,999,915,84,156,350,179,171,51.14,48,34,105,75,False,False,NORMAL,SIMULATED
PHC-BR-PAT-001,PHC Bakhtiyarpur,Bihar,Patna,BR-PATNA,2026-06-22,2026-06-22T20:00:00,194,172,22,32,6,6,0,100.0,2,2,4,4,False,False,BED_OVERFLOW,SIMULATED
PHC-BR-PAT-002,PHC Danapur,Bihar,Patna,BR-PATNA,2026-06-22,2026-06-22T20:00:00,246,223,23,34,10,10,0,100.0,3,3,6,6,False,False,BED_OVERFLOW,SIMULATED
PHC-BR-PAT-003,PHC Bihta,Bihar,Patna,BR-PATNA,2026-06-22,2026-06-22T20:00:00,202,173,29,39,8,8,0,100.0,2,2,5,5,False,False,BED_OVERFLOW,SIMULATED
PHC-BR-PAT-004,PHC Fatuha,Bihar,Patna,BR-PATNA,2026-06-22,2026-06-22T20:00:00,183,157,26,38,6,6,0,100.0,2,2,4,4,False,False,BED_OVERFLOW,SIMULATED
PHC-BR-PAT-005,PHC Mokama,Bihar,Patna,BR-PATNA,2026-06-22,2026-06-22T20:00:00,185,167,18,30,8,8,0,100.0,2,2,4,4,False,False,BED_OVERFLOW,SIMULATED
CHC-BR-PAT-001,CHC Phulwari Sharif,Bihar,Patna,BR-PATNA,2026-06-22,2026-06-22T20:00:00,501,442,59,51,30,30,0,100.0,6,6,12,11,False,False,BED_OVERFLOW,SIMULATED
DH-BR-PAT-001,District Hospital Gardanibagh,Bihar,Patna,BR-PATNA,2026-06-22,2026-06-22T20:00:00,1573,1377,196,218,150,150,0,100.0,24,23,45,45,False,False,BED_OVERFLOW,SIMULATED
PHC-BR-GAY-001,PHC Bodh Gaya,Bihar,Gaya,BR-GAYA,2026-06-22,2026-06-22T20:00:00,173,151,22,31,8,8,0,100.0,2,2,4,4,False,False,BED_OVERFLOW,SIMULATED
PHC-BR-GAY-002,PHC Sherghati,Bihar,Gaya,BR-GAYA,2026-06-22,2026-06-22T20:00:00,166,144,22,15,6,6,0,100.0,2,2,4,4,False,False,BED_OVERFLOW,SIMULATED
PHC-BR-GAY-003,PHC Tekari,Bihar,Gaya,BR-GAYA,2026-06-22,2026-06-22T20:00:00,129,112,17,10,6,6,0,100.0,2,2,3,3,False,False,BED_OVERFLOW,SIMULATED
DH-BR-GAY-001,Jay Prakash Narayan District Hospital Gaya,Bihar,Gaya,BR-GAYA,2026-06-22,2026-06-22T20:00:00,2070,1813,257,372,200,200,0,100.0,30,26,60,53,False,False,BED_OVERFLOW,SIMULATED
PHC-UP-VAR-001,PHC Cholapur,Uttar Pradesh,Varanasi,UP-VARANASI,2026-06-22,2026-06-22T20:00:00,199,174,25,38,6,6,0,100.0,2,2,4,4,False,False,BED_OVERFLOW,SIMULATED
PHC-UP-VAR-002,PHC Pindra,Uttar Pradesh,Varanasi,UP-VARANASI,2026-06-22,2026-06-22T20:00:00,221,191,30,40,8,8,0,100.0,3,3,5,5,False,False,BED_OVERFLOW,SIMULATED
PHC-UP-VAR-003,PHC Sevapuri,Uttar Pradesh,Varanasi,UP-VARANASI,2026-06-22,2026-06-22T20:00:00,163,141,22,33,6,6,0,100.0,2,2,4,4,False,False,BED_OVERFLOW,SIMULATED
PHC-UP-VAR-004,PHC Kashi Vidyapeeth,Uttar Pradesh,Varanasi,UP-VARANASI,2026-06-22,2026-06-22T20:00:00,284,257,27,40,10,10,0,100.0,3,3,6,6,False,False,BED_OVERFLOW,SIMULATED
CHC-UP-VAR-001,CHC Misirpur,Uttar Pradesh,Varanasi,UP-VARANASI,2026-06-22,2026-06-22T20:00:00,499,444,55,108,30,30,0,100.0,7,7,14,13,False,False,BED_OVERFLOW,SIMULATED
DH-UP-VAR-001,Pandit Deen Dayal Upadhyay District Hospital,Uttar Pradesh,Varanasi,UP-VARANASI,2026-06-22,2026-06-22T20:00:00,2495,2169,326,453,250,250,0,100.0,38,35,75,66,False,False,BED_OVERFLOW,SIMULATED
PHC-UP-LUK-001,PHC Bakshi Ka Talab,Uttar Pradesh,Lucknow,UP-LUCKNOW,2026-06-22,2026-06-22T20:00:00,247,217,30,21,10,10,0,100.0,3,3,6,6,False,False,BED_OVERFLOW,SIMULATED
PHC-UP-LUK-002,PHC Malihabad,Uttar Pradesh,Lucknow,UP-LUCKNOW,2026-06-22,2026-06-22T20:00:00,222,193,29,26,8,8,0,100.0,2,2,5,5,False,False,BED_OVERFLOW,SIMULATED
PHC-UP-LUK-003,PHC Mohanlalganj,Uttar Pradesh,Lucknow,UP-LUCKNOW,2026-06-22,2026-06-22T20:00:00,218,195,23,38,8,8,0,100.0,2,2,5,5,False,False,BED_OVERFLOW,SIMULATED
DH-UP-LUK-001,Balrampur District Hospital Lucknow,Uttar Pradesh,Lucknow,UP-LUCKNOW,2026-06-22,2026-06-22T20:00:00,2828,2516,312,497,350,350,0,100.0,50,50,110,107,False,False,BED_OVERFLOW,SIMULATED
PHC-RJ-JAI-001,PHC Bassi,Rajasthan,Jaipur,RJ-JAIPUR,2026-06-22,2026-06-22T20:00:00,193,166,27,25,8,8,0,100.0,2,2,5,5,False,False,BED_OVERFLOW,SIMULATED
PHC-RJ-JAI-002,PHC Chaksu,Rajasthan,Jaipur,RJ-JAIPUR,2026-06-22,2026-06-22T20:00:00,200,177,23,24,6,6,0,100.0,2,2,4,4,False,False,BED_OVERFLOW,SIMULATED
PHC-RJ-JAI-003,PHC Amer,Rajasthan,Jaipur,RJ-JAIPUR,2026-06-22,2026-06-22T20:00:00,235,211,24,30,10,10,0,100.0,3,3,6,6,False,False,BED_OVERFLOW,SIMULATED
DH-RJ-JAI-001,Kanwatia District Hospital Jaipur,Rajasthan,Jaipur,RJ-JAIPUR,2026-06-22,2026-06-22T20:00:00,2165,1934,231,337,200,200,0,100.0,32,30,68,64,False,False,BED_OVERFLOW,SIMULATED
PHC-MH-PUN-001,PHC Mulshi,Maharashtra,Pune,MH-PUNE,2026-06-22,2026-06-22T20:00:00,161,145,16,19,8,8,0,100.0,2,2,5,5,False,False,BED_OVERFLOW,SIMULATED
PHC-MH-PUN-002,PHC Haveli,Maharashtra,Pune,MH-PUNE,2026-06-22,2026-06-22T20:00:00,288,248,40,29,10,10,0,100.0,3,3,6,6,False,False,BED_OVERFLOW,SIMULATED
PHC-MH-PUN-003,PHC Khed,Maharashtra,Pune,MH-PUNE,2026-06-22,2026-06-22T20:00:00,199,179,20,40,8,8,0,100.0,2,2,5,5,False,False,BED_OVERFLOW,SIMULATED
DH-MH-PUN-001,Aundh District Hospital Pune,Maharashtra,Pune,MH-PUNE,2026-06-22,2026-06-22T20:00:00,2893,2613,280,498,300,300,0,100.0,42,37,90,84,False,False,BED_OVERFLOW,SIMULATED
PHC-KA-BEN-001,PHC Yelahanka,Karnataka,Bengaluru Urban,KA-BENGALURU-U,2026-06-22,2026-06-22T20:00:00,300,269,31,37,10,10,0,100.0,3,3,7,7,False,False,BED_OVERFLOW,SIMULATED
PHC-KA-BEN-002,PHC Anekal,Karnataka,Bengaluru Urban,KA-BENGALURU-U,2026-06-22,2026-06-22T20:00:00,237,204,33,50,8,8,0,100.0,2,2,5,5,False,False,BED_OVERFLOW,SIMULATED
PHC-KA-BEN-003,PHC Kengeri,Karnataka,Bengaluru Urban,KA-BENGALURU-U,2026-06-22,2026-06-22T20:00:00,263,229,34,22,10,10,0,100.0,3,3,6,6,False,False,BED_OVERFLOW,SIMULATED
DH-KA-BEN-001,KC General District Hospital Malleshwaram,Karnataka,Bengaluru Urban,KA-BENGALURU-U,2026-06-22,2026-06-22T20:00:00,3569,3202,367,580,350,350,0,100.0,48,41,105,101,False,False,BED_OVERFLOW,SIMULATED
PHC-BR-PAT-001,PHC Bakhtiyarpur,Bihar,Patna,BR-PATNA,2026-06-23,2026-06-23T20:00:00,151,135,16,31,6,6,0,100.0,2,2,4,4,False,False,BED_OVERFLOW,SIMULATED
PHC-BR-PAT-002,PHC Danapur,Bihar,Patna,BR-PATNA,2026-06-23,2026-06-23T20:00:00,201,177,24,37,10,10,0,100.0,3,3,6,6,False,False,BED_OVERFLOW,SIMULATED
PHC-BR-PAT-003,PHC Bihta,Bihar,Patna,BR-PATNA,2026-06-23,2026-06-23T20:00:00,144,124,20,23,8,8,0,100.0,2,2,5,5,False,False,BED_OVERFLOW,SIMULATED
PHC-BR-PAT-004,PHC Fatuha,Bihar,Patna,BR-PATNA,2026-06-23,2026-06-23T20:00:00,127,109,18,13,6,6,0,100.0,2,2,4,4,False,False,BED_OVERFLOW,SIMULATED
PHC-BR-PAT-005,PHC Mokama,Bihar,Patna,BR-PATNA,2026-06-23,2026-06-23T20:00:00,153,135,18,16,8,8,0,100.0,2,2,4,4,False,False,BED_OVERFLOW,SIMULATED
CHC-BR-PAT-001,CHC Phulwari Sharif,Bihar,Patna,BR-PATNA,2026-06-23,2026-06-23T20:00:00,415,370,45,65,30,30,0,100.0,6,6,12,12,False,False,BED_OVERFLOW,SIMULATED
DH-BR-PAT-001,District Hospital Gardanibagh,Bihar,Patna,BR-PATNA,2026-06-23,2026-06-23T20:00:00,1169,1052,117,208,150,150,0,100.0,24,20,45,44,False,False,BED_OVERFLOW,SIMULATED
PHC-BR-GAY-001,PHC Bodh Gaya,Bihar,Gaya,BR-GAYA,2026-06-23,2026-06-23T20:00:00,146,130,16,21,8,8,0,100.0,2,2,4,4,False,False,BED_OVERFLOW,SIMULATED
PHC-BR-GAY-002,PHC Sherghati,Bihar,Gaya,BR-GAYA,2026-06-23,2026-06-23T20:00:00,134,122,12,27,6,6,0,100.0,2,2,4,4,False,False,BED_OVERFLOW,SIMULATED
PHC-BR-GAY-003,PHC Tekari,Bihar,Gaya,BR-GAYA,2026-06-23,2026-06-23T20:00:00,112,99,13,18,6,6,0,100.0,2,2,3,3,False,False,BED_OVERFLOW,SIMULATED
DH-BR-GAY-001,Jay Prakash Narayan District Hospital Gaya,Bihar,Gaya,BR-GAYA,2026-06-23,2026-06-23T20:00:00,1615,1441,174,214,200,200,0,100.0,30,29,60,55,False,False,BED_OVERFLOW,SIMULATED
PHC-UP-VAR-001,PHC Cholapur,Uttar Pradesh,Varanasi,UP-VARANASI,2026-06-23,2026-06-23T20:00:00,167,148,19,22,6,6,0,100.0,2,2,4,4,False,False,BED_OVERFLOW,SIMULATED
PHC-UP-VAR-002,PHC Pindra,Uttar Pradesh,Varanasi,UP-VARANASI,2026-06-23,2026-06-23T20:00:00,171,157,14,20,8,8,0,100.0,3,3,5,5,False,False,BED_OVERFLOW,SIMULATED
PHC-UP-VAR-003,PHC Sevapuri,Uttar Pradesh,Varanasi,UP-VARANASI,2026-06-23,2026-06-23T20:00:00,142,122,20,27,6,6,0,100.0,2,2,4,4,False,False,BED_OVERFLOW,SIMULATED
PHC-UP-VAR-004,PHC Kashi Vidyapeeth,Uttar Pradesh,Varanasi,UP-VARANASI,2026-06-23,2026-06-23T20:00:00,223,193,30,32,10,10,0,100.0,3,3,6,6,False,False,BED_OVERFLOW,SIMULATED
CHC-UP-VAR-001,CHC Misirpur,Uttar Pradesh,Varanasi,UP-VARANASI,2026-06-23,2026-06-23T20:00:00,442,386,56,51,30,30,0,100.0,7,7,14,14,False,False,BED_OVERFLOW,SIMULATED
DH-UP-VAR-001,Pandit Deen Dayal Upadhyay District Hospital,Uttar Pradesh,Varanasi,UP-VARANASI,2026-06-23,2026-06-23T20:00:00,1912,1669,243,173,250,250,0,100.0,38,35,75,70,False,False,BED_OVERFLOW,SIMULATED
PHC-UP-LUK-001,PHC Bakshi Ka Talab,Uttar Pradesh,Lucknow,UP-LUCKNOW,2026-06-23,2026-06-23T20:00:00,197,180,17,35,10,10,0,100.0,3,3,6,6,False,False,BED_OVERFLOW,SIMULATED
PHC-UP-LUK-002,PHC Malihabad,Uttar Pradesh,Lucknow,UP-LUCKNOW,2026-06-23,2026-06-23T20:00:00,154,133,21,13,8,8,0,100.0,2,2,5,5,False,False,BED_OVERFLOW,SIMULATED
PHC-UP-LUK-003,PHC Mohanlalganj,Uttar Pradesh,Lucknow,UP-LUCKNOW,2026-06-23,2026-06-23T20:00:00,180,159,21,36,8,8,0,100.0,2,2,5,5,False,False,BED_OVERFLOW,SIMULATED
DH-UP-LUK-001,Balrampur District Hospital Lucknow,Uttar Pradesh,Lucknow,UP-LUCKNOW,2026-06-23,2026-06-23T20:00:00,2452,2197,255,200,350,350,0,100.0,50,44,110,99,False,False,BED_OVERFLOW,SIMULATED
PHC-RJ-JAI-001,PHC Bassi,Rajasthan,Jaipur,RJ-JAIPUR,2026-06-23,2026-06-23T20:00:00,158,136,22,24,8,8,0,100.0,2,2,5,5,False,False,BED_OVERFLOW,SIMULATED
PHC-RJ-JAI-002,PHC Chaksu,Rajasthan,Jaipur,RJ-JAIPUR,2026-06-23,2026-06-23T20:00:00,152,131,21,27,6,6,0,100.0,2,2,4,4,False,False,BED_OVERFLOW,SIMULATED
PHC-RJ-JAI-003,PHC Amer,Rajasthan,Jaipur,RJ-JAIPUR,2026-06-23,2026-06-23T20:00:00,185,164,21,20,10,10,0,100.0,3,3,6,6,False,False,BED_OVERFLOW,SIMULATED
DH-RJ-JAI-001,Kanwatia District Hospital Jaipur,Rajasthan,Jaipur,RJ-JAIPUR,2026-06-23,2026-06-23T20:00:00,1638,1416,222,262,200,200,0,100.0,32,29,68,59,False,False,BED_OVERFLOW,SIMULATED
PHC-MH-PUN-001,PHC Mulshi,Maharashtra,Pune,MH-PUNE,2026-06-23,2026-06-23T20:00:00,113,100,13,21,8,8,0,100.0,2,2,5,5,False,False,BED_OVERFLOW,SIMULATED
PHC-MH-PUN-002,PHC Haveli,Maharashtra,Pune,MH-PUNE,2026-06-23,2026-06-23T20:00:00,207,184,23,35,10,10,0,100.0,3,3,6,6,False,False,BED_OVERFLOW,SIMULATED
PHC-MH-PUN-003,PHC Khed,Maharashtra,Pune,MH-PUNE,2026-06-23,2026-06-23T20:00:00,157,137,20,14,8,8,0,100.0,2,2,5,5,False,False,BED_OVERFLOW,SIMULATED
DH-MH-PUN-001,Aundh District Hospital Pune,Maharashtra,Pune,MH-PUNE,2026-06-23,2026-06-23T20:00:00,2149,1862,287,296,300,300,0,100.0,42,36,90,82,False,False,BED_OVERFLOW,SIMULATED
PHC-KA-BEN-001,PHC Yelahanka,Karnataka,Bengaluru Urban,KA-BENGALURU-U,2026-06-23,2026-06-23T20:00:00,189,169,20,35,10,10,0,100.0,3,3,7,7,False,False,BED_OVERFLOW,SIMULATED
PHC-KA-BEN-002,PHC Anekal,Karnataka,Bengaluru Urban,KA-BENGALURU-U,2026-06-23,2026-06-23T20:00:00,174,158,16,29,8,8,0,100.0,2,2,5,5,False,False,BED_OVERFLOW,SIMULATED
PHC-KA-BEN-003,PHC Kengeri,Karnataka,Bengaluru Urban,KA-BENGALURU-U,2026-06-23,2026-06-23T20:00:00,218,196,22,22,10,10,0,100.0,3,3,6,6,False,False,BED_OVERFLOW,SIMULATED
DH-KA-BEN-001,KC General District Hospital Malleshwaram,Karnataka,Bengaluru Urban,KA-BENGALURU-U,2026-06-23,2026-06-23T20:00:00,2691,2353,338,449,350,350,0,100.0,48,47,105,94,False,False,BED_OVERFLOW,SIMULATED
PHC-BR-PAT-001,PHC Bakhtiyarpur,Bihar,Patna,BR-PATNA,2026-06-24,2026-06-24T20:00:00,148,130,18,28,6,6,0,100.0,2,2,4,4,False,False,BED_OVERFLOW,SIMULATED
PHC-BR-PAT-002,PHC Danapur,Bihar,Patna,BR-PATNA,2026-06-24,2026-06-24T20:00:00,226,204,22,24,10,10,0,100.0,3,3,6,6,False,False,BED_OVERFLOW,SIMULATED
PHC-BR-PAT-003,PHC Bihta,Bihar,Patna,BR-PATNA,2026-06-24,2026-06-24T20:00:00,178,159,19,38,8,8,0,100.0,2,2,5,5,False,False,BED_OVERFLOW,SIMULATED
PHC-BR-PAT-004,PHC Fatuha,Bihar,Patna,BR-PATNA,2026-06-24,2026-06-24T20:00:00,129,117,12,19,6,6,0,100.0,2,2,4,4,False,False,BED_OVERFLOW,SIMULATED
PHC-BR-PAT-005,PHC Mokama,Bihar,Patna,BR-PATNA,2026-06-24,2026-06-24T20:00:00,150,135,15,17,8,8,0,100.0,2,2,4,4,False,False,BED_OVERFLOW,SIMULATED
CHC-BR-PAT-001,CHC Phulwari Sharif,Bihar,Patna,BR-PATNA,2026-06-24,2026-06-24T20:00:00,384,345,39,66,30,30,0,100.0,6,6,12,11,False,False,BED_OVERFLOW,SIMULATED
DH-BR-PAT-001,District Hospital Gardanibagh,Bihar,Patna,BR-PATNA,2026-06-24,2026-06-24T20:00:00,1265,1110,155,257,150,150,0,100.0,24,24,45,42,False,False,BED_OVERFLOW,SIMULATED
PHC-BR-GAY-001,PHC Bodh Gaya,Bihar,Gaya,BR-GAYA,2026-06-24,2026-06-24T20:00:00,147,132,15,30,8,8,0,100.0,2,2,4,4,False,False,BED_OVERFLOW,SIMULATED
PHC-BR-GAY-002,PHC Sherghati,Bihar,Gaya,BR-GAYA,2026-06-24,2026-06-24T20:00:00,121,105,16,26,6,6,0,100.0,2,2,4,4,False,False,BED_OVERFLOW,SIMULATED
PHC-BR-GAY-003,PHC Tekari,Bihar,Gaya,BR-GAYA,2026-06-24,2026-06-24T20:00:00,105,96,9,12,6,6,0,100.0,2,2,3,3,False,False,BED_OVERFLOW,SIMULATED
DH-BR-GAY-001,Jay Prakash Narayan District Hospital Gaya,Bihar,Gaya,BR-GAYA,2026-06-24,2026-06-24T20:00:00,1665,1500,165,216,200,200,0,100.0,30,30,60,60,False,False,BED_OVERFLOW,SIMULATED
PHC-UP-VAR-001,PHC Cholapur,Uttar Pradesh,Varanasi,UP-VARANASI,2026-06-24,2026-06-24T20:00:00,170,149,21,15,6,6,0,100.0,2,2,4,4,False,False,BED_OVERFLOW,SIMULATED
PHC-UP-VAR-002,PHC Pindra,Uttar Pradesh,Varanasi,UP-VARANASI,2026-06-24,2026-06-24T20:00:00,191,175,16,40,8,8,0,100.0,3,3,5,5,False,False,BED_OVERFLOW,SIMULATED
PHC-UP-VAR-003,PHC Sevapuri,Uttar Pradesh,Varanasi,UP-VARANASI,2026-06-24,2026-06-24T20:00:00,140,123,17,13,6,6,0,100.0,2,2,4,4,False,False,BED_OVERFLOW,SIMULATED
PHC-UP-VAR-004,PHC Kashi Vidyapeeth,Uttar Pradesh,Varanasi,UP-VARANASI,2026-06-24,2026-06-24T20:00:00,210,191,19,36,10,10,0,100.0,3,3,6,6,False,False,BED_OVERFLOW,SIMULATED
CHC-UP-VAR-001,CHC Misirpur,Uttar Pradesh,Varanasi,UP-VARANASI,2026-06-24,2026-06-24T20:00:00,419,368,51,69,30,30,0,100.0,7,6,14,14,False,False,BED_OVERFLOW,SIMULATED
DH-UP-VAR-001,Pandit Deen Dayal Upadhyay District Hospital,Uttar Pradesh,Varanasi,UP-VARANASI,2026-06-24,2026-06-24T20:00:00,1995,1785,210,350,250,250,0,100.0,38,32,75,72,False,False,BED_OVERFLOW,SIMULATED
PHC-UP-LUK-001,PHC Bakshi Ka Talab,Uttar Pradesh,Lucknow,UP-LUCKNOW,2026-06-24,2026-06-24T20:00:00,220,201,19,45,10,10,0,100.0,3,3,6,6,False,False,BED_OVERFLOW,SIMULATED
PHC-UP-LUK-002,PHC Malihabad,Uttar Pradesh,Lucknow,UP-LUCKNOW,2026-06-24,2026-06-24T20:00:00,166,149,17,26,8,8,0,100.0,2,2,5,5,False,False,BED_OVERFLOW,SIMULATED
PHC-UP-LUK-003,PHC Mohanlalganj,Uttar Pradesh,Lucknow,UP-LUCKNOW,2026-06-24,2026-06-24T20:00:00,174,157,17,18,8,8,0,100.0,2,2,5,5,False,False,BED_OVERFLOW,SIMULATED
DH-UP-LUK-001,Balrampur District Hospital Lucknow,Uttar Pradesh,Lucknow,UP-LUCKNOW,2026-06-24,2026-06-24T20:00:00,2608,2292,316,563,350,350,0,100.0,50,44,110,106,False,False,BED_OVERFLOW,SIMULATED
PHC-RJ-JAI-001,PHC Bassi,Rajasthan,Jaipur,RJ-JAIPUR,2026-06-24,2026-06-24T20:00:00,165,150,15,27,8,8,0,100.0,2,2,5,5,False,False,BED_OVERFLOW,SIMULATED
PHC-RJ-JAI-002,PHC Chaksu,Rajasthan,Jaipur,RJ-JAIPUR,2026-06-24,2026-06-24T20:00:00,134,116,18,11,6,6,0,100.0,2,2,4,4,False,False,BED_OVERFLOW,SIMULATED
PHC-RJ-JAI-003,PHC Amer,Rajasthan,Jaipur,RJ-JAIPUR,2026-06-24,2026-06-24T20:00:00,179,160,19,29,10,10,0,100.0,3,3,6,6,False,False,BED_OVERFLOW,SIMULATED
DH-RJ-JAI-001,Kanwatia District Hospital Jaipur,Rajasthan,Jaipur,RJ-JAIPUR,2026-06-24,2026-06-24T20:00:00,1999,1812,187,197,200,200,0,100.0,32,29,68,65,False,False,BED_OVERFLOW,SIMULATED
PHC-MH-PUN-001,PHC Mulshi,Maharashtra,Pune,MH-PUNE,2026-06-24,2026-06-24T20:00:00,125,108,17,16,8,8,0,100.0,2,2,5,5,False,False,BED_OVERFLOW,SIMULATED
PHC-MH-PUN-002,PHC Haveli,Maharashtra,Pune,MH-PUNE,2026-06-24,2026-06-24T20:00:00,194,171,23,41,10,10,0,100.0,3,3,6,6,False,False,BED_OVERFLOW,SIMULATED
PHC-MH-PUN-003,PHC Khed,Maharashtra,Pune,MH-PUNE,2026-06-24,2026-06-24T20:00:00,164,147,17,17,8,8,0,100.0,2,2,5,5,False,False,BED_OVERFLOW,SIMULATED
DH-MH-PUN-001,Aundh District Hospital Pune,Maharashtra,Pune,MH-PUNE,2026-06-24,2026-06-24T20:00:00,2238,1983,255,372,300,300,0,100.0,42,41,90,89,False,False,BED_OVERFLOW,SIMULATED
PHC-KA-BEN-001,PHC Yelahanka,Karnataka,Bengaluru Urban,KA-BENGALURU-U,2026-06-24,2026-06-24T20:00:00,248,219,29,46,10,10,0,100.0,3,3,7,7,False,False,BED_OVERFLOW,SIMULATED
PHC-KA-BEN-002,PHC Anekal,Karnataka,Bengaluru Urban,KA-BENGALURU-U,2026-06-24,2026-06-24T20:00:00,182,160,22,38,8,8,0,100.0,2,2,5,5,False,False,BED_OVERFLOW,SIMULATED
PHC-KA-BEN-003,PHC Kengeri,Karnataka,Bengaluru Urban,KA-BENGALURU-U,2026-06-24,2026-06-24T20:00:00,204,184,20,17,10,10,0,100.0,3,3,6,6,False,False,BED_OVERFLOW,SIMULATED
DH-KA-BEN-001,KC General District Hospital Malleshwaram,Karnataka,Bengaluru Urban,KA-BENGALURU-U,2026-06-24,2026-06-24T20:00:00,2617,2388,229,299,350,350,0,100.0,48,48,105,90,False,False,BED_OVERFLOW,SIMULATED
PHC-BR-PAT-001,PHC Bakhtiyarpur,Bihar,Patna,BR-PATNA,2026-06-25,2026-06-25T20:00:00,134,118,16,25,6,6,0,100.0,2,2,4,4,False,False,BED_OVERFLOW,SIMULATED
PHC-BR-PAT-002,PHC Danapur,Bihar,Patna,BR-PATNA,2026-06-25,2026-06-25T20:00:00,191,174,17,35,10,10,0,100.0,3,3,6,6,False,False,BED_OVERFLOW,SIMULATED
PHC-BR-PAT-003,PHC Bihta,Bihar,Patna,BR-PATNA,2026-06-25,2026-06-25T20:00:00,158,144,14,27,8,8,0,100.0,2,2,5,5,False,False,BED_OVERFLOW,SIMULATED
PHC-BR-PAT-004,PHC Fatuha,Bihar,Patna,BR-PATNA,2026-06-25,2026-06-25T20:00:00,126,109,17,18,6,6,0,100.0,2,2,4,4,False,False,BED_OVERFLOW,SIMULATED
PHC-BR-PAT-005,PHC Mokama,Bihar,Patna,BR-PATNA,2026-06-25,2026-06-25T20:00:00,154,137,17,20,8,8,0,100.0,2,2,4,4,False,False,BED_OVERFLOW,SIMULATED
CHC-BR-PAT-001,CHC Phulwari Sharif,Bihar,Patna,BR-PATNA,2026-06-25,2026-06-25T20:00:00,408,372,36,83,30,30,0,100.0,6,5,12,11,False,False,BED_OVERFLOW,SIMULATED
DH-BR-PAT-001,District Hospital Gardanibagh,Bihar,Patna,BR-PATNA,2026-06-25,2026-06-25T20:00:00,1275,1146,129,228,150,150,0,100.0,24,23,45,39,False,False,BED_OVERFLOW,SIMULATED
PHC-BR-GAY-001,PHC Bodh Gaya,Bihar,Gaya,BR-GAYA,2026-06-25,2026-06-25T20:00:00,152,137,15,25,8,8,0,100.0,2,2,4,4,False,False,BED_OVERFLOW,SIMULATED
PHC-BR-GAY-002,PHC Sherghati,Bihar,Gaya,BR-GAYA,2026-06-25,2026-06-25T20:00:00,134,123,11,22,6,6,0,100.0,2,2,4,4,False,False,BED_OVERFLOW,SIMULATED
PHC-BR-GAY-003,PHC Tekari,Bihar,Gaya,BR-GAYA,2026-06-25,2026-06-25T20:00:00,120,104,16,15,6,6,0,100.0,2,2,3,3,False,False,BED_OVERFLOW,SIMULATED
DH-BR-GAY-001,Jay Prakash Narayan District Hospital Gaya,Bihar,Gaya,BR-GAYA,2026-06-25,2026-06-25T20:00:00,1563,1357,206,293,200,200,0,100.0,30,26,60,58,False,False,BED_OVERFLOW,SIMULATED
PHC-UP-VAR-001,PHC Cholapur,Uttar Pradesh,Varanasi,UP-VARANASI,2026-06-25,2026-06-25T20:00:00,152,139,13,18,6,6,0,100.0,2,2,4,4,False,False,BED_OVERFLOW,SIMULATED
PHC-UP-VAR-002,PHC Pindra,Uttar Pradesh,Varanasi,UP-VARANASI,2026-06-25,2026-06-25T20:00:00,164,141,23,30,8,8,0,100.0,3,3,5,5,False,False,BED_OVERFLOW,SIMULATED
PHC-UP-VAR-003,PHC Sevapuri,Uttar Pradesh,Varanasi,UP-VARANASI,2026-06-25,2026-06-25T20:00:00,150,136,14,24,6,6,0,100.0,2,2,4,4,False,False,BED_OVERFLOW,SIMULATED
PHC-UP-VAR-004,PHC Kashi Vidyapeeth,Uttar Pradesh,Varanasi,UP-VARANASI,2026-06-25,2026-06-25T20:00:00,219,194,25,31,10,10,0,100.0,3,3,6,6,False,False,BED_OVERFLOW,SIMULATED
CHC-UP-VAR-001,CHC Misirpur,Uttar Pradesh,Varanasi,UP-VARANASI,2026-06-25,2026-06-25T20:00:00,399,349,50,67,30,30,0,100.0,7,6,14,13,False,False,BED_OVERFLOW,SIMULATED
DH-UP-VAR-001,Pandit Deen Dayal Upadhyay District Hospital,Uttar Pradesh,Varanasi,UP-VARANASI,2026-06-25,2026-06-25T20:00:00,1941,1675,266,250,250,250,0,100.0,38,31,75,71,False,False,BED_OVERFLOW,SIMULATED
PHC-UP-LUK-001,PHC Bakshi Ka Talab,Uttar Pradesh,Lucknow,UP-LUCKNOW,2026-06-25,2026-06-25T20:00:00,201,180,21,25,10,10,0,100.0,3,3,6,6,False,False,BED_OVERFLOW,SIMULATED
PHC-UP-LUK-002,PHC Malihabad,Uttar Pradesh,Lucknow,UP-LUCKNOW,2026-06-25,2026-06-25T20:00:00,167,145,22,20,8,8,0,100.0,2,2,5,5,False,False,BED_OVERFLOW,SIMULATED
PHC-UP-LUK-003,PHC Mohanlalganj,Uttar Pradesh,Lucknow,UP-LUCKNOW,2026-06-25,2026-06-25T20:00:00,172,153,19,37,8,8,0,100.0,2,2,5,5,False,False,BED_OVERFLOW,SIMULATED
DH-UP-LUK-001,Balrampur District Hospital Lucknow,Uttar Pradesh,Lucknow,UP-LUCKNOW,2026-06-25,2026-06-25T20:00:00,2665,2414,251,333,350,350,0,100.0,50,49,110,107,False,False,BED_OVERFLOW,SIMULATED
PHC-RJ-JAI-001,PHC Bassi,Rajasthan,Jaipur,RJ-JAIPUR,2026-06-25,2026-06-25T20:00:00,153,139,14,13,8,8,0,100.0,2,2,5,5,False,False,BED_OVERFLOW,SIMULATED
PHC-RJ-JAI-002,PHC Chaksu,Rajasthan,Jaipur,RJ-JAIPUR,2026-06-25,2026-06-25T20:00:00,150,131,19,20,6,6,0,100.0,2,2,4,4,False,False,BED_OVERFLOW,SIMULATED
PHC-RJ-JAI-003,PHC Amer,Rajasthan,Jaipur,RJ-JAIPUR,2026-06-25,2026-06-25T20:00:00,169,151,18,36,10,10,0,100.0,3,3,6,6,False,False,BED_OVERFLOW,SIMULATED
DH-RJ-JAI-001,Kanwatia District Hospital Jaipur,Rajasthan,Jaipur,RJ-JAIPUR,2026-06-25,2026-06-25T20:00:00,1966,1762,204,374,200,200,0,100.0,32,29,68,67,False,False,BED_OVERFLOW,SIMULATED
PHC-MH-PUN-001,PHC Mulshi,Maharashtra,Pune,MH-PUNE,2026-06-25,2026-06-25T20:00:00,121,105,16,19,8,8,0,100.0,2,2,5,5,False,False,BED_OVERFLOW,SIMULATED
PHC-MH-PUN-002,PHC Haveli,Maharashtra,Pune,MH-PUNE,2026-06-25,2026-06-25T20:00:00,211,187,24,38,10,10,0,100.0,3,3,6,6,False,False,BED_OVERFLOW,SIMULATED
PHC-MH-PUN-003,PHC Khed,Maharashtra,Pune,MH-PUNE,2026-06-25,2026-06-25T20:00:00,173,151,22,20,8,8,0,100.0,2,2,5,5,False,False,BED_OVERFLOW,SIMULATED
DH-MH-PUN-001,Aundh District Hospital Pune,Maharashtra,Pune,MH-PUNE,2026-06-25,2026-06-25T20:00:00,2182,1980,202,399,300,300,0,100.0,42,39,90,83,False,False,BED_OVERFLOW,SIMULATED
PHC-KA-BEN-001,PHC Yelahanka,Karnataka,Bengaluru Urban,KA-BENGALURU-U,2026-06-25,2026-06-25T20:00:00,266,229,37,34,10,10,0,100.0,3,3,7,7,False,False,BED_OVERFLOW,SIMULATED
PHC-KA-BEN-002,PHC Anekal,Karnataka,Bengaluru Urban,KA-BENGALURU-U,2026-06-25,2026-06-25T20:00:00,205,184,21,23,8,8,0,100.0,2,2,5,5,False,False,BED_OVERFLOW,SIMULATED
PHC-KA-BEN-003,PHC Kengeri,Karnataka,Bengaluru Urban,KA-BENGALURU-U,2026-06-25,2026-06-25T20:00:00,197,178,19,18,10,10,0,100.0,3,3,6,6,False,False,BED_OVERFLOW,SIMULATED
DH-KA-BEN-001,KC General District Hospital Malleshwaram,Karnataka,Bengaluru Urban,KA-BENGALURU-U,2026-06-25,2026-06-25T20:00:00,2665,2445,220,523,350,350,0,100.0,48,47,105,104,False,False,BED_OVERFLOW,SIMULATED
PHC-BR-PAT-001,PHC Bakhtiyarpur,Bihar,Patna,BR-PATNA,2026-06-26,2026-06-26T20:00:00,133,118,15,19,6,6,0,100.0,2,2,4,4,False,False,BED_OVERFLOW,SIMULATED
PHC-BR-PAT-002,PHC Danapur,Bihar,Patna,BR-PATNA,2026-06-26,2026-06-26T20:00:00,163,144,19,32,10,10,0,100.0,3,3,6,6,False,False,BED_OVERFLOW,SIMULATED
PHC-BR-PAT-003,PHC Bihta,Bihar,Patna,BR-PATNA,2026-06-26,2026-06-26T20:00:00,138,126,12,12,8,8,0,100.0,2,2,5,5,False,False,BED_OVERFLOW,SIMULATED
PHC-BR-PAT-004,PHC Fatuha,Bihar,Patna,BR-PATNA,2026-06-26,2026-06-26T20:00:00,122,108,14,10,6,6,0,100.0,2,2,4,4,False,False,BED_OVERFLOW,SIMULATED
PHC-BR-PAT-005,PHC Mokama,Bihar,Patna,BR-PATNA,2026-06-26,2026-06-26T20:00:00,141,127,14,12,8,8,0,100.0,2,2,4,4,False,False,BED_OVERFLOW,SIMULATED
CHC-BR-PAT-001,CHC Phulwari Sharif,Bihar,Patna,BR-PATNA,2026-06-26,2026-06-26T20:00:00,331,292,39,51,30,30,0,100.0,6,6,12,11,False,False,BED_OVERFLOW,SIMULATED
DH-BR-PAT-001,District Hospital Gardanibagh,Bihar,Patna,BR-PATNA,2026-06-26,2026-06-26T20:00:00,1114,965,149,211,150,150,0,100.0,24,24,45,44,False,False,BED_OVERFLOW,SIMULATED
PHC-BR-GAY-001,PHC Bodh Gaya,Bihar,Gaya,BR-GAYA,2026-06-26,2026-06-26T20:00:00,129,113,16,11,8,8,0,100.0,2,2,4,4,False,False,BED_OVERFLOW,SIMULATED
PHC-BR-GAY-002,PHC Sherghati,Bihar,Gaya,BR-GAYA,2026-06-26,2026-06-26T20:00:00,124,108,16,19,6,6,0,100.0,2,2,4,4,False,False,BED_OVERFLOW,SIMULATED
PHC-BR-GAY-003,PHC Tekari,Bihar,Gaya,BR-GAYA,2026-06-26,2026-06-26T20:00:00,89,77,12,8,6,6,0,100.0,2,2,3,3,False,False,BED_OVERFLOW,SIMULATED
DH-BR-GAY-001,Jay Prakash Narayan District Hospital Gaya,Bihar,Gaya,BR-GAYA,2026-06-26,2026-06-26T20:00:00,1311,1139,172,167,200,200,0,100.0,30,30,60,54,False,False,BED_OVERFLOW,SIMULATED
PHC-UP-VAR-001,PHC Cholapur,Uttar Pradesh,Varanasi,UP-VARANASI,2026-06-26,2026-06-26T20:00:00,131,115,16,24,6,6,0,100.0,2,2,4,4,False,False,BED_OVERFLOW,SIMULATED
PHC-UP-VAR-002,PHC Pindra,Uttar Pradesh,Varanasi,UP-VARANASI,2026-06-26,2026-06-26T20:00:00,156,143,13,16,8,8,0,100.0,3,3,5,5,False,False,BED_OVERFLOW,SIMULATED
PHC-UP-VAR-003,PHC Sevapuri,Uttar Pradesh,Varanasi,UP-VARANASI,2026-06-26,2026-06-26T20:00:00,131,113,18,16,6,6,0,100.0,2,2,4,4,False,False,BED_OVERFLOW,SIMULATED
PHC-UP-VAR-004,PHC Kashi Vidyapeeth,Uttar Pradesh,Varanasi,UP-VARANASI,2026-06-26,2026-06-26T20:00:00,181,159,22,37,10,10,0,100.0,3,3,6,6,False,False,BED_OVERFLOW,SIMULATED
CHC-UP-VAR-001,CHC Misirpur,Uttar Pradesh,Varanasi,UP-VARANASI,2026-06-26,2026-06-26T20:00:00,356,306,50,66,30,30,0,100.0,7,6,14,13,False,False,BED_OVERFLOW,SIMULATED
DH-UP-VAR-001,Pandit Deen Dayal Upadhyay District Hospital,Uttar Pradesh,Varanasi,UP-VARANASI,2026-06-26,2026-06-26T20:00:00,1638,1436,202,253,250,250,0,100.0,38,36,75,67,False,False,BED_OVERFLOW,SIMULATED
PHC-UP-LUK-001,PHC Bakshi Ka Talab,Uttar Pradesh,Lucknow,UP-LUCKNOW,2026-06-26,2026-06-26T20:00:00,161,139,22,15,10,10,0,100.0,3,3,6,6,False,False,BED_OVERFLOW,SIMULATED
PHC-UP-LUK-002,PHC Malihabad,Uttar Pradesh,Lucknow,UP-LUCKNOW,2026-06-26,2026-06-26T20:00:00,141,125,16,22,8,8,0,100.0,2,2,5,5,False,False,BED_OVERFLOW,SIMULATED
PHC-UP-LUK-003,PHC Mohanlalganj,Uttar Pradesh,Lucknow,UP-LUCKNOW,2026-06-26,2026-06-26T20:00:00,153,136,17,15,8,8,0,100.0,2,2,5,5,False,False,BED_OVERFLOW,SIMULATED
DH-UP-LUK-001,Balrampur District Hospital Lucknow,Uttar Pradesh,Lucknow,UP-LUCKNOW,2026-06-26,2026-06-26T20:00:00,2476,2136,340,208,350,350,0,100.0,50,41,110,100,False,False,BED_OVERFLOW,SIMULATED
PHC-RJ-JAI-001,PHC Bassi,Rajasthan,Jaipur,RJ-JAIPUR,2026-06-26,2026-06-26T20:00:00,136,117,19,18,8,8,0,100.0,2,2,5,5,False,False,BED_OVERFLOW,SIMULATED
PHC-RJ-JAI-002,PHC Chaksu,Rajasthan,Jaipur,RJ-JAIPUR,2026-06-26,2026-06-26T20:00:00,126,113,13,17,6,6,0,100.0,2,2,4,4,False,False,BED_OVERFLOW,SIMULATED
PHC-RJ-JAI-003,PHC Amer,Rajasthan,Jaipur,RJ-JAIPUR,2026-06-26,2026-06-26T20:00:00,154,139,15,29,10,10,0,100.0,3,3,6,6,False,False,BED_OVERFLOW,SIMULATED
DH-RJ-JAI-001,Kanwatia District Hospital Jaipur,Rajasthan,Jaipur,RJ-JAIPUR,2026-06-26,2026-06-26T20:00:00,1685,1506,179,156,200,200,0,100.0,32,31,68,59,False,False,BED_OVERFLOW,SIMULATED
PHC-MH-PUN-001,PHC Mulshi,Maharashtra,Pune,MH-PUNE,2026-06-26,2026-06-26T20:00:00,106,93,13,18,8,8,0,100.0,2,2,5,5,False,False,BED_OVERFLOW,SIMULATED
PHC-MH-PUN-002,PHC Haveli,Maharashtra,Pune,MH-PUNE,2026-06-26,2026-06-26T20:00:00,209,181,28,42,10,10,0,100.0,3,3,6,6,False,False,BED_OVERFLOW,SIMULATED
PHC-MH-PUN-003,PHC Khed,Maharashtra,Pune,MH-PUNE,2026-06-26,2026-06-26T20:00:00,145,132,13,18,8,8,0,100.0,2,2,5,5,False,False,BED_OVERFLOW,SIMULATED
DH-MH-PUN-001,Aundh District Hospital Pune,Maharashtra,Pune,MH-PUNE,2026-06-26,2026-06-26T20:00:00,2136,1845,291,204,300,300,0,100.0,42,41,90,81,False,False,BED_OVERFLOW,SIMULATED
PHC-KA-BEN-001,PHC Yelahanka,Karnataka,Bengaluru Urban,KA-BENGALURU-U,2026-06-26,2026-06-26T20:00:00,212,186,26,34,10,10,0,100.0,3,3,7,7,False,False,BED_OVERFLOW,SIMULATED
PHC-KA-BEN-002,PHC Anekal,Karnataka,Bengaluru Urban,KA-BENGALURU-U,2026-06-26,2026-06-26T20:00:00,160,138,22,25,8,8,0,100.0,2,2,5,5,False,False,BED_OVERFLOW,SIMULATED
PHC-KA-BEN-003,PHC Kengeri,Karnataka,Bengaluru Urban,KA-BENGALURU-U,2026-06-26,2026-06-26T20:00:00,169,151,18,19,10,10,0,100.0,3,3,6,6,False,False,BED_OVERFLOW,SIMULATED
DH-KA-BEN-001,KC General District Hospital Malleshwaram,Karnataka,Bengaluru Urban,KA-BENGALURU-U,2026-06-26,2026-06-26T20:00:00,2498,2158,340,272,350,350,0,100.0,48,43,105,105,False,False,BED_OVERFLOW,SIMULATED
PHC-BR-PAT-001,PHC Bakhtiyarpur,Bihar,Patna,BR-PATNA,2026-06-27,2026-06-27T20:00:00,125,111,14,15,6,6,0,100.0,2,2,4,4,False,False,BED_OVERFLOW,SIMULATED
PHC-BR-PAT-002,PHC Danapur,Bihar,Patna,BR-PATNA,2026-06-27,2026-06-27T20:00:00,174,157,17,31,10,10,0,100.0,3,3,6,6,False,False,BED_OVERFLOW,SIMULATED
PHC-BR-PAT-003,PHC Bihta,Bihar,Patna,BR-PATNA,2026-06-27,2026-06-27T20:00:00,147,129,18,13,8,8,0,100.0,2,2,5,5,False,False,BED_OVERFLOW,SIMULATED
PHC-BR-PAT-004,PHC Fatuha,Bihar,Patna,BR-PATNA,2026-06-27,2026-06-27T20:00:00,127,113,14,22,6,6,0,100.0,2,2,4,4,False,False,BED_OVERFLOW,SIMULATED
PHC-BR-PAT-005,PHC Mokama,Bihar,Patna,BR-PATNA,2026-06-27,2026-06-27T20:00:00,135,121,14,11,8,8,0,100.0,2,2,4,4,False,False,BED_OVERFLOW,SIMULATED
CHC-BR-PAT-001,CHC Phulwari Sharif,Bihar,Patna,BR-PATNA,2026-06-27,2026-06-27T20:00:00,362,327,35,70,30,30,0,100.0,6,6,12,12,False,False,BED_OVERFLOW,SIMULATED
DH-BR-PAT-001,District Hospital Gardanibagh,Bihar,Patna,BR-PATNA,2026-06-27,2026-06-27T20:00:00,1134,995,139,188,150,150,0,100.0,24,21,45,45,False,False,BED_OVERFLOW,SIMULATED
PHC-BR-GAY-001,PHC Bodh Gaya,Bihar,Gaya,BR-GAYA,2026-06-27,2026-06-27T20:00:00,118,103,15,22,8,8,0,100.0,2,2,4,4,False,False,BED_OVERFLOW,SIMULATED
PHC-BR-GAY-002,PHC Sherghati,Bihar,Gaya,BR-GAYA,2026-06-27,2026-06-27T20:00:00,103,93,10,21,6,6,0,100.0,2,2,4,4,False,False,BED_OVERFLOW,SIMULATED
PHC-BR-GAY-003,PHC Tekari,Bihar,Gaya,BR-GAYA,2026-06-27,2026-06-27T20:00:00,89,79,10,17,6,6,0,100.0,2,2,3,3,False,False,BED_OVERFLOW,SIMULATED
DH-BR-GAY-001,Jay Prakash Narayan District Hospital Gaya,Bihar,Gaya,BR-GAYA,2026-06-27,2026-06-27T20:00:00,1445,1326,119,115,200,200,0,100.0,30,30,60,52,False,False,BED_OVERFLOW,SIMULATED
PHC-UP-VAR-001,PHC Cholapur,Uttar Pradesh,Varanasi,UP-VARANASI,2026-06-27,2026-06-27T20:00:00,143,125,18,12,6,6,0,100.0,2,2,4,4,False,False,BED_OVERFLOW,SIMULATED
PHC-UP-VAR-002,PHC Pindra,Uttar Pradesh,Varanasi,UP-VARANASI,2026-06-27,2026-06-27T20:00:00,158,142,16,21,8,8,0,100.0,3,3,5,5,False,False,BED_OVERFLOW,SIMULATED
PHC-UP-VAR-003,PHC Sevapuri,Uttar Pradesh,Varanasi,UP-VARANASI,2026-06-27,2026-06-27T20:00:00,111,96,15,17,6,6,0,100.0,2,2,4,4,False,False,BED_OVERFLOW,SIMULATED
PHC-UP-VAR-004,PHC Kashi Vidyapeeth,Uttar Pradesh,Varanasi,UP-VARANASI,2026-06-27,2026-06-27T20:00:00,222,194,28,44,10,10,0,100.0,3,3,6,6,False,False,BED_OVERFLOW,SIMULATED
CHC-UP-VAR-001,CHC Misirpur,Uttar Pradesh,Varanasi,UP-VARANASI,2026-06-27,2026-06-27T20:00:00,388,337,51,79,30,30,0,100.0,7,7,14,13,False,False,BED_OVERFLOW,SIMULATED
DH-UP-VAR-001,Pandit Deen Dayal Upadhyay District Hospital,Uttar Pradesh,Varanasi,UP-VARANASI,2026-06-27,2026-06-27T20:00:00,1565,1358,207,301,250,250,0,100.0,38,38,75,72,False,False,BED_OVERFLOW,SIMULATED
PHC-UP-LUK-001,PHC Bakshi Ka Talab,Uttar Pradesh,Lucknow,UP-LUCKNOW,2026-06-27,2026-06-27T20:00:00,189,173,16,31,10,10,0,100.0,3,3,6,6,False,False,BED_OVERFLOW,SIMULATED
PHC-UP-LUK-002,PHC Malihabad,Uttar Pradesh,Lucknow,UP-LUCKNOW,2026-06-27,2026-06-27T20:00:00,153,135,18,17,8,8,0,100.0,2,2,5,5,False,False,BED_OVERFLOW,SIMULATED
PHC-UP-LUK-003,PHC Mohanlalganj,Uttar Pradesh,Lucknow,UP-LUCKNOW,2026-06-27,2026-06-27T20:00:00,150,135,15,26,8,8,0,100.0,2,2,5,5,False,False,BED_OVERFLOW,SIMULATED
DH-UP-LUK-001,Balrampur District Hospital Lucknow,Uttar Pradesh,Lucknow,UP-LUCKNOW,2026-06-27,2026-06-27T20:00:00,2034,1753,281,173,350,350,0,100.0,50,44,110,104,False,False,BED_OVERFLOW,SIMULATED
PHC-RJ-JAI-001,PHC Bassi,Rajasthan,Jaipur,RJ-JAIPUR,2026-06-27,2026-06-27T20:00:00,143,131,12,13,8,8,0,100.0,2,2,5,5,False,False,BED_OVERFLOW,SIMULATED
PHC-RJ-JAI-002,PHC Chaksu,Rajasthan,Jaipur,RJ-JAIPUR,2026-06-27,2026-06-27T20:00:00,127,114,13,15,6,6,0,100.0,2,2,4,4,False,False,BED_OVERFLOW,SIMULATED
PHC-RJ-JAI-003,PHC Amer,Rajasthan,Jaipur,RJ-JAIPUR,2026-06-27,2026-06-27T20:00:00,160,139,21,26,10,10,0,100.0,3,3,6,6,False,False,BED_OVERFLOW,SIMULATED
DH-RJ-JAI-001,Kanwatia District Hospital Jaipur,Rajasthan,Jaipur,RJ-JAIPUR,2026-06-27,2026-06-27T20:00:00,1611,1437,174,259,200,200,0,100.0,32,32,68,64,False,False,BED_OVERFLOW,SIMULATED
PHC-MH-PUN-001,PHC Mulshi,Maharashtra,Pune,MH-PUNE,2026-06-27,2026-06-27T20:00:00,105,90,15,15,8,8,0,100.0,2,2,5,5,False,False,BED_OVERFLOW,SIMULATED
PHC-MH-PUN-002,PHC Haveli,Maharashtra,Pune,MH-PUNE,2026-06-27,2026-06-27T20:00:00,199,175,24,43,10,10,0,100.0,3,3,6,6,False,False,BED_OVERFLOW,SIMULATED
PHC-MH-PUN-003,PHC Khed,Maharashtra,Pune,MH-PUNE,2026-06-27,2026-06-27T20:00:00,143,128,15,17,8,8,0,100.0,2,2,5,5,False,False,BED_OVERFLOW,SIMULATED
DH-MH-PUN-001,Aundh District Hospital Pune,Maharashtra,Pune,MH-PUNE,2026-06-27,2026-06-27T20:00:00,1985,1775,210,317,300,300,0,100.0,42,37,90,87,False,False,BED_OVERFLOW,SIMULATED
PHC-KA-BEN-001,PHC Yelahanka,Karnataka,Bengaluru Urban,KA-BENGALURU-U,2026-06-27,2026-06-27T20:00:00,217,186,31,32,10,10,0,100.0,3,3,7,7,False,False,BED_OVERFLOW,SIMULATED
PHC-KA-BEN-002,PHC Anekal,Karnataka,Bengaluru Urban,KA-BENGALURU-U,2026-06-27,2026-06-27T20:00:00,164,143,21,27,8,8,0,100.0,2,2,5,5,False,False,BED_OVERFLOW,SIMULATED
PHC-KA-BEN-003,PHC Kengeri,Karnataka,Bengaluru Urban,KA-BENGALURU-U,2026-06-27,2026-06-27T20:00:00,208,186,22,43,10,10,0,100.0,3,3,6,6,False,False,BED_OVERFLOW,SIMULATED
DH-KA-BEN-001,KC General District Hospital Malleshwaram,Karnataka,Bengaluru Urban,KA-BENGALURU-U,2026-06-27,2026-06-27T20:00:00,2460,2141,319,466,350,350,0,100.0,48,41,105,98,False,False,BED_OVERFLOW,SIMULATED
PHC-BR-PAT-001,PHC Bakhtiyarpur,Bihar,Patna,BR-PATNA,2026-06-28,2026-06-28T20:00:00,53,45,8,11,6,6,0,100.0,2,2,4,4,False,False,BED_OVERFLOW,SIMULATED
PHC-BR-PAT-002,PHC Danapur,Bihar,Patna,BR-PATNA,2026-06-28,2026-06-28T20:00:00,74,67,7,13,10,10,0,100.0,3,2,6,5,False,False,BED_OVERFLOW,SIMULATED
PHC-BR-PAT-003,PHC Bihta,Bihar,Patna,BR-PATNA,2026-06-28,2026-06-28T20:00:00,60,54,6,6,8,8,0,100.0,2,2,5,4,False,False,BED_OVERFLOW,SIMULATED
PHC-BR-PAT-004,PHC Fatuha,Bihar,Patna,BR-PATNA,2026-06-28,2026-06-28T20:00:00,43,37,6,8,6,6,0,100.0,2,2,4,3,False,False,BED_OVERFLOW,SIMULATED
PHC-BR-PAT-005,PHC Mokama,Bihar,Patna,BR-PATNA,2026-06-28,2026-06-28T20:00:00,62,55,7,13,8,8,0,100.0,2,2,4,3,False,False,BED_OVERFLOW,SIMULATED
CHC-BR-PAT-001,CHC Phulwari Sharif,Bihar,Patna,BR-PATNA,2026-06-28,2026-06-28T20:00:00,156,137,19,18,30,30,0,100.0,6,4,12,8,False,True,BED_OVERFLOW,SIMULATED
DH-BR-PAT-001,District Hospital Gardanibagh,Bihar,Patna,BR-PATNA,2026-06-28,2026-06-28T20:00:00,530,481,49,70,150,111,39,74.0,24,15,45,36,False,False,NORMAL,SIMULATED
PHC-BR-GAY-001,PHC Bodh Gaya,Bihar,Gaya,BR-GAYA,2026-06-28,2026-06-28T20:00:00,58,50,8,8,8,8,0,100.0,2,2,4,3,False,False,BED_OVERFLOW,SIMULATED
PHC-BR-GAY-002,PHC Sherghati,Bihar,Gaya,BR-GAYA,2026-06-28,2026-06-28T20:00:00,49,44,5,5,6,6,0,100.0,2,2,4,3,False,False,BED_OVERFLOW,SIMULATED
PHC-BR-GAY-003,PHC Tekari,Bihar,Gaya,BR-GAYA,2026-06-28,2026-06-28T20:00:00,41,36,5,5,6,6,0,100.0,2,2,3,3,False,False,BED_OVERFLOW,SIMULATED
DH-BR-GAY-001,Jay Prakash Narayan District Hospital Gaya,Bihar,Gaya,BR-GAYA,2026-06-28,2026-06-28T20:00:00,643,573,70,112,200,192,8,96.0,30,17,60,37,False,True,NORMAL,SIMULATED
PHC-UP-VAR-001,PHC Cholapur,Uttar Pradesh,Varanasi,UP-VARANASI,2026-06-28,2026-06-28T20:00:00,57,49,8,5,6,6,0,100.0,2,2,4,3,False,False,BED_OVERFLOW,SIMULATED
PHC-UP-VAR-002,PHC Pindra,Uttar Pradesh,Varanasi,UP-VARANASI,2026-06-28,2026-06-28T20:00:00,65,57,8,11,8,8,0,100.0,3,2,5,4,False,False,BED_OVERFLOW,SIMULATED
PHC-UP-VAR-003,PHC Sevapuri,Uttar Pradesh,Varanasi,UP-VARANASI,2026-06-28,2026-06-28T20:00:00,51,44,7,8,6,6,0,100.0,2,2,4,3,False,False,BED_OVERFLOW,SIMULATED
PHC-UP-VAR-004,PHC Kashi Vidyapeeth,Uttar Pradesh,Varanasi,UP-VARANASI,2026-06-28,2026-06-28T20:00:00,87,75,12,18,10,10,0,100.0,3,2,6,5,False,False,BED_OVERFLOW,SIMULATED
CHC-UP-VAR-001,CHC Misirpur,Uttar Pradesh,Varanasi,UP-VARANASI,2026-06-28,2026-06-28T20:00:00,146,132,14,24,30,30,0,100.0,7,4,14,9,False,True,BED_OVERFLOW,SIMULATED
DH-UP-VAR-001,Pandit Deen Dayal Upadhyay District Hospital,Uttar Pradesh,Varanasi,UP-VARANASI,2026-06-28,2026-06-28T20:00:00,677,589,88,82,250,221,29,88.4,38,20,75,52,False,True,NORMAL,SIMULATED
PHC-UP-LUK-001,PHC Bakshi Ka Talab,Uttar Pradesh,Lucknow,UP-LUCKNOW,2026-06-28,2026-06-28T20:00:00,65,59,6,12,10,10,0,100.0,3,2,6,5,False,False,BED_OVERFLOW,SIMULATED
PHC-UP-LUK-002,PHC Malihabad,Uttar Pradesh,Lucknow,UP-LUCKNOW,2026-06-28,2026-06-28T20:00:00,64,56,8,12,8,8,0,100.0,2,2,5,4,False,False,BED_OVERFLOW,SIMULATED
PHC-UP-LUK-003,PHC Mohanlalganj,Uttar Pradesh,Lucknow,UP-LUCKNOW,2026-06-28,2026-06-28T20:00:00,66,60,6,7,8,8,0,100.0,2,2,5,4,False,False,BED_OVERFLOW,SIMULATED
DH-UP-LUK-001,Balrampur District Hospital Lucknow,Uttar Pradesh,Lucknow,UP-LUCKNOW,2026-06-28,2026-06-28T20:00:00,932,856,76,100,350,176,174,50.29,50,32,110,69,False,True,NORMAL,SIMULATED
PHC-RJ-JAI-001,PHC Bassi,Rajasthan,Jaipur,RJ-JAIPUR,2026-06-28,2026-06-28T20:00:00,63,56,7,8,8,8,0,100.0,2,2,5,4,False,False,BED_OVERFLOW,SIMULATED
PHC-RJ-JAI-002,PHC Chaksu,Rajasthan,Jaipur,RJ-JAIPUR,2026-06-28,2026-06-28T20:00:00,54,47,7,4,6,6,0,100.0,2,2,4,4,False,False,BED_OVERFLOW,SIMULATED
PHC-RJ-JAI-003,PHC Amer,Rajasthan,Jaipur,RJ-JAIPUR,2026-06-28,2026-06-28T20:00:00,64,55,9,9,10,10,0,100.0,3,2,6,4,False,True,BED_OVERFLOW,SIMULATED
DH-RJ-JAI-001,Kanwatia District Hospital Jaipur,Rajasthan,Jaipur,RJ-JAIPUR,2026-06-28,2026-06-28T20:00:00,644,568,76,65,200,173,27,86.5,32,19,68,41,False,True,NORMAL,SIMULATED
PHC-MH-PUN-001,PHC Mulshi,Maharashtra,Pune,MH-PUNE,2026-06-28,2026-06-28T20:00:00,42,37,5,7,8,8,0,100.0,2,2,5,4,False,False,BED_OVERFLOW,SIMULATED
PHC-MH-PUN-002,PHC Haveli,Maharashtra,Pune,MH-PUNE,2026-06-28,2026-06-28T20:00:00,86,78,8,7,10,10,0,100.0,3,2,6,5,False,False,BED_OVERFLOW,SIMULATED
PHC-MH-PUN-003,PHC Khed,Maharashtra,Pune,MH-PUNE,2026-06-28,2026-06-28T20:00:00,57,51,6,5,8,8,0,100.0,2,2,5,4,False,False,BED_OVERFLOW,SIMULATED
DH-MH-PUN-001,Aundh District Hospital Pune,Maharashtra,Pune,MH-PUNE,2026-06-28,2026-06-28T20:00:00,959,842,117,84,300,300,0,100.0,42,27,90,61,False,True,BED_OVERFLOW,SIMULATED
PHC-KA-BEN-001,PHC Yelahanka,Karnataka,Bengaluru Urban,KA-BENGALURU-U,2026-06-28,2026-06-28T20:00:00,94,85,9,11,10,10,0,100.0,3,2,7,5,False,False,BED_OVERFLOW,SIMULATED
PHC-KA-BEN-002,PHC Anekal,Karnataka,Bengaluru Urban,KA-BENGALURU-U,2026-06-28,2026-06-28T20:00:00,68,59,9,10,8,8,0,100.0,2,2,5,4,False,False,BED_OVERFLOW,SIMULATED
PHC-KA-BEN-003,PHC Kengeri,Karnataka,Bengaluru Urban,KA-BENGALURU-U,2026-06-28,2026-06-28T20:00:00,76,67,9,7,10,10,0,100.0,3,2,6,5,False,False,BED_OVERFLOW,SIMULATED
DH-KA-BEN-001,KC General District Hospital Malleshwaram,Karnataka,Bengaluru Urban,KA-BENGALURU-U,2026-06-28,2026-06-28T20:00:00,948,840,108,100,350,223,127,63.71,48,25,105,84,False,False,NORMAL,SIMULATED
PHC-BR-PAT-001,PHC Bakhtiyarpur,Bihar,Patna,BR-PATNA,2026-06-29,2026-06-29T20:00:00,194,169,25,26,6,6,0,100.0,2,2,4,4,False,False,BED_OVERFLOW,SIMULATED
PHC-BR-PAT-002,PHC Danapur,Bihar,Patna,BR-PATNA,2026-06-29,2026-06-29T20:00:00,249,228,21,48,10,10,0,100.0,3,3,6,6,False,False,BED_OVERFLOW,SIMULATED
PHC-BR-PAT-003,PHC Bihta,Bihar,Patna,BR-PATNA,2026-06-29,2026-06-29T20:00:00,206,181,25,37,8,8,0,100.0,2,2,5,5,False,False,BED_OVERFLOW,SIMULATED
PHC-BR-PAT-004,PHC Fatuha,Bihar,Patna,BR-PATNA,2026-06-29,2026-06-29T20:00:00,159,141,18,33,6,6,0,100.0,2,2,4,4,False,False,BED_OVERFLOW,SIMULATED
PHC-BR-PAT-005,PHC Mokama,Bihar,Patna,BR-PATNA,2026-06-29,2026-06-29T20:00:00,196,171,25,17,8,8,0,100.0,2,2,4,4,False,False,BED_OVERFLOW,SIMULATED
CHC-BR-PAT-001,CHC Phulwari Sharif,Bihar,Patna,BR-PATNA,2026-06-29,2026-06-29T20:00:00,567,518,49,94,30,30,0,100.0,6,6,12,11,False,False,BED_OVERFLOW,SIMULATED
DH-BR-PAT-001,District Hospital Gardanibagh,Bihar,Patna,BR-PATNA,2026-06-29,2026-06-29T20:00:00,1747,1568,179,361,150,150,0,100.0,24,20,45,43,False,False,BED_OVERFLOW,SIMULATED
PHC-BR-GAY-001,PHC Bodh Gaya,Bihar,Gaya,BR-GAYA,2026-06-29,2026-06-29T20:00:00,176,160,16,15,8,8,0,100.0,2,2,4,4,False,False,BED_OVERFLOW,SIMULATED
PHC-BR-GAY-002,PHC Sherghati,Bihar,Gaya,BR-GAYA,2026-06-29,2026-06-29T20:00:00,148,132,16,13,6,6,0,100.0,2,2,4,4,False,False,BED_OVERFLOW,SIMULATED
PHC-BR-GAY-003,PHC Tekari,Bihar,Gaya,BR-GAYA,2026-06-29,2026-06-29T20:00:00,138,124,14,18,6,6,0,100.0,2,2,3,3,False,False,BED_OVERFLOW,SIMULATED
DH-BR-GAY-001,Jay Prakash Narayan District Hospital Gaya,Bihar,Gaya,BR-GAYA,2026-06-29,2026-06-29T20:00:00,2146,1886,260,461,200,200,0,100.0,30,25,60,53,False,False,BED_OVERFLOW,SIMULATED
PHC-UP-VAR-001,PHC Cholapur,Uttar Pradesh,Varanasi,UP-VARANASI,2026-06-29,2026-06-29T20:00:00,202,174,28,23,6,6,0,100.0,2,2,4,4,False,False,BED_OVERFLOW,SIMULATED
PHC-UP-VAR-002,PHC Pindra,Uttar Pradesh,Varanasi,UP-VARANASI,2026-06-29,2026-06-29T20:00:00,206,179,27,23,8,8,0,100.0,3,3,5,5,False,False,BED_OVERFLOW,SIMULATED
PHC-UP-VAR-003,PHC Sevapuri,Uttar Pradesh,Varanasi,UP-VARANASI,2026-06-29,2026-06-29T20:00:00,181,162,19,24,6,6,0,100.0,2,2,4,4,False,False,BED_OVERFLOW,SIMULATED
PHC-UP-VAR-004,PHC Kashi Vidyapeeth,Uttar Pradesh,Varanasi,UP-VARANASI,2026-06-29,2026-06-29T20:00:00,306,263,43,64,10,10,0,100.0,3,3,6,6,False,False,BED_OVERFLOW,SIMULATED
CHC-UP-VAR-001,CHC Misirpur,Uttar Pradesh,Varanasi,UP-VARANASI,2026-06-29,2026-06-29T20:00:00,545,491,54,104,30,30,0,100.0,7,6,14,13,False,False,BED_OVERFLOW,SIMULATED
DH-UP-VAR-001,Pandit Deen Dayal Upadhyay District Hospital,Uttar Pradesh,Varanasi,UP-VARANASI,2026-06-29,2026-06-29T20:00:00,2687,2354,333,384,250,250,0,100.0,38,32,75,72,False,False,BED_OVERFLOW,SIMULATED
PHC-UP-LUK-001,PHC Bakshi Ka Talab,Uttar Pradesh,Lucknow,UP-LUCKNOW,2026-06-29,2026-06-29T20:00:00,262,234,28,47,10,10,0,100.0,3,3,6,6,False,False,BED_OVERFLOW,SIMULATED
PHC-UP-LUK-002,PHC Malihabad,Uttar Pradesh,Lucknow,UP-LUCKNOW,2026-06-29,2026-06-29T20:00:00,183,160,23,25,8,8,0,100.0,2,2,5,5,False,False,BED_OVERFLOW,SIMULATED
PHC-UP-LUK-003,PHC Mohanlalganj,Uttar Pradesh,Lucknow,UP-LUCKNOW,2026-06-29,2026-06-29T20:00:00,221,203,18,36,8,8,0,100.0,2,2,5,5,False,False,BED_OVERFLOW,SIMULATED
DH-UP-LUK-001,Balrampur District Hospital Lucknow,Uttar Pradesh,Lucknow,UP-LUCKNOW,2026-06-29,2026-06-29T20:00:00,2868,2546,322,480,350,350,0,100.0,50,41,110,96,False,False,BED_OVERFLOW,SIMULATED
PHC-RJ-JAI-001,PHC Bassi,Rajasthan,Jaipur,RJ-JAIPUR,2026-06-29,2026-06-29T20:00:00,200,173,27,39,8,8,0,100.0,2,2,5,5,False,False,BED_OVERFLOW,SIMULATED
PHC-RJ-JAI-002,PHC Chaksu,Rajasthan,Jaipur,RJ-JAIPUR,2026-06-29,2026-06-29T20:00:00,193,176,17,16,6,6,0,100.0,2,2,4,4,False,False,BED_OVERFLOW,SIMULATED
PHC-RJ-JAI-003,PHC Amer,Rajasthan,Jaipur,RJ-JAIPUR,2026-06-29,2026-06-29T20:00:00,223,200,23,45,10,10,0,100.0,3,3,6,6,False,False,BED_OVERFLOW,SIMULATED
DH-RJ-JAI-001,Kanwatia District Hospital Jaipur,Rajasthan,Jaipur,RJ-JAIPUR,2026-06-29,2026-06-29T20:00:00,2344,2091,253,239,200,200,0,100.0,32,29,68,59,False,False,BED_OVERFLOW,SIMULATED
PHC-MH-PUN-001,PHC Mulshi,Maharashtra,Pune,MH-PUNE,2026-06-29,2026-06-29T20:00:00,156,136,20,22,8,8,0,100.0,2,2,5,5,False,False,BED_OVERFLOW,SIMULATED
PHC-MH-PUN-002,PHC Haveli,Maharashtra,Pune,MH-PUNE,2026-06-29,2026-06-29T20:00:00,279,254,25,31,10,10,0,100.0,3,3,6,6,False,False,BED_OVERFLOW,SIMULATED
PHC-MH-PUN-003,PHC Khed,Maharashtra,Pune,MH-PUNE,2026-06-29,2026-06-29T20:00:00,204,180,24,22,8,8,0,100.0,2,2,5,5,False,False,BED_OVERFLOW,SIMULATED
DH-MH-PUN-001,Aundh District Hospital Pune,Maharashtra,Pune,MH-PUNE,2026-06-29,2026-06-29T20:00:00,2818,2432,386,397,300,300,0,100.0,42,39,90,79,False,False,BED_OVERFLOW,SIMULATED
PHC-KA-BEN-001,PHC Yelahanka,Karnataka,Bengaluru Urban,KA-BENGALURU-U,2026-06-29,2026-06-29T20:00:00,332,292,40,47,10,10,0,100.0,3,3,7,7,False,False,BED_OVERFLOW,SIMULATED
PHC-KA-BEN-002,PHC Anekal,Karnataka,Bengaluru Urban,KA-BENGALURU-U,2026-06-29,2026-06-29T20:00:00,218,191,27,18,8,8,0,100.0,2,2,5,5,False,False,BED_OVERFLOW,SIMULATED
PHC-KA-BEN-003,PHC Kengeri,Karnataka,Bengaluru Urban,KA-BENGALURU-U,2026-06-29,2026-06-29T20:00:00,287,254,33,39,10,10,0,100.0,3,3,6,6,False,False,BED_OVERFLOW,SIMULATED
DH-KA-BEN-001,KC General District Hospital Malleshwaram,Karnataka,Bengaluru Urban,KA-BENGALURU-U,2026-06-29,2026-06-29T20:00:00,3668,3188,480,701,350,350,0,100.0,48,48,105,99,False,False,BED_OVERFLOW,SIMULATED
PHC-BR-PAT-001,PHC Bakhtiyarpur,Bihar,Patna,BR-PATNA,2026-06-30,2026-06-30T20:00:00,147,131,16,16,6,6,0,100.0,2,2,4,4,False,False,BED_OVERFLOW,SIMULATED
PHC-BR-PAT-002,PHC Danapur,Bihar,Patna,BR-PATNA,2026-06-30,2026-06-30T20:00:00,213,185,28,31,10,10,0,100.0,3,3,6,6,False,False,BED_OVERFLOW,SIMULATED
PHC-BR-PAT-003,PHC Bihta,Bihar,Patna,BR-PATNA,2026-06-30,2026-06-30T20:00:00,159,145,14,18,8,8,0,100.0,2,2,5,5,False,False,BED_OVERFLOW,SIMULATED
PHC-BR-PAT-004,PHC Fatuha,Bihar,Patna,BR-PATNA,2026-06-30,2026-06-30T20:00:00,143,131,12,29,6,6,0,100.0,2,2,4,4,False,False,BED_OVERFLOW,SIMULATED
PHC-BR-PAT-005,PHC Mokama,Bihar,Patna,BR-PATNA,2026-06-30,2026-06-30T20:00:00,149,137,12,27,8,8,0,100.0,2,2,4,4,False,False,BED_OVERFLOW,SIMULATED
CHC-BR-PAT-001,CHC Phulwari Sharif,Bihar,Patna,BR-PATNA,2026-06-30,2026-06-30T20:00:00,404,367,37,71,30,30,0,100.0,6,6,12,11,False,False,BED_OVERFLOW,SIMULATED
DH-BR-PAT-001,District Hospital Gardanibagh,Bihar,Patna,BR-PATNA,2026-06-30,2026-06-30T20:00:00,1245,1126,119,220,150,150,0,100.0,24,21,45,41,False,False,BED_OVERFLOW,SIMULATED
PHC-BR-GAY-001,PHC Bodh Gaya,Bihar,Gaya,BR-GAYA,2026-06-30,2026-06-30T20:00:00,151,132,19,33,8,8,0,100.0,2,2,4,4,False,False,BED_OVERFLOW,SIMULATED
PHC-BR-GAY-002,PHC Sherghati,Bihar,Gaya,BR-GAYA,2026-06-30,2026-06-30T20:00:00,132,117,15,21,6,6,0,100.0,2,2,4,4,False,False,BED_OVERFLOW,SIMULATED
PHC-BR-GAY-003,PHC Tekari,Bihar,Gaya,BR-GAYA,2026-06-30,2026-06-30T20:00:00,115,99,16,20,6,6,0,100.0,2,2,3,3,False,False,BED_OVERFLOW,SIMULATED
DH-BR-GAY-001,Jay Prakash Narayan District Hospital Gaya,Bihar,Gaya,BR-GAYA,2026-06-30,2026-06-30T20:00:00,1796,1620,176,144,200,200,0,100.0,30,27,60,58,False,False,BED_OVERFLOW,SIMULATED
PHC-UP-VAR-001,PHC Cholapur,Uttar Pradesh,Varanasi,UP-VARANASI,2026-06-30,2026-06-30T20:00:00,182,162,20,22,6,6,0,100.0,2,2,4,4,False,False,BED_OVERFLOW,SIMULATED
PHC-UP-VAR-002,PHC Pindra,Uttar Pradesh,Varanasi,UP-VARANASI,2026-06-30,2026-06-30T20:00:00,176,157,19,19,8,8,0,100.0,3,3,5,5,False,False,BED_OVERFLOW,SIMULATED
PHC-UP-VAR-003,PHC Sevapuri,Uttar Pradesh,Varanasi,UP-VARANASI,2026-06-30,2026-06-30T20:00:00,147,134,13,22,6,6,0,100.0,2,2,4,4,False,False,BED_OVERFLOW,SIMULATED
PHC-UP-VAR-004,PHC Kashi Vidyapeeth,Uttar Pradesh,Varanasi,UP-VARANASI,2026-06-30,2026-06-30T20:00:00,220,194,26,31,10,10,0,100.0,3,3,6,6,False,False,BED_OVERFLOW,SIMULATED
CHC-UP-VAR-001,CHC Misirpur,Uttar Pradesh,Varanasi,UP-VARANASI,2026-06-30,2026-06-30T20:00:00,439,396,43,69,30,30,0,100.0,7,6,14,13,False,False,BED_OVERFLOW,SIMULATED
DH-UP-VAR-001,Pandit Deen Dayal Upadhyay District Hospital,Uttar Pradesh,Varanasi,UP-VARANASI,2026-06-30,2026-06-30T20:00:00,2003,1787,216,342,250,250,0,100.0,38,37,75,74,False,False,BED_OVERFLOW,SIMULATED
PHC-UP-LUK-001,PHC Bakshi Ka Talab,Uttar Pradesh,Lucknow,UP-LUCKNOW,2026-06-30,2026-06-30T20:00:00,217,195,22,40,10,10,0,100.0,3,3,6,6,False,False,BED_OVERFLOW,SIMULATED
PHC-UP-LUK-002,PHC Malihabad,Uttar Pradesh,Lucknow,UP-LUCKNOW,2026-06-30,2026-06-30T20:00:00,173,154,19,24,8,8,0,100.0,2,2,5,5,False,False,BED_OVERFLOW,SIMULATED
PHC-UP-LUK-003,PHC Mohanlalganj,Uttar Pradesh,Lucknow,UP-LUCKNOW,2026-06-30,2026-06-30T20:00:00,177,157,20,34,8,8,0,100.0,2,2,5,5,False,False,BED_OVERFLOW,SIMULATED
DH-UP-LUK-001,Balrampur District Hospital Lucknow,Uttar Pradesh,Lucknow,UP-LUCKNOW,2026-06-30,2026-06-30T20:00:00,2419,2210,209,346,350,350,0,100.0,50,47,110,105,False,False,BED_OVERFLOW,SIMULATED
PHC-RJ-JAI-001,PHC Bassi,Rajasthan,Jaipur,RJ-JAIPUR,2026-06-30,2026-06-30T20:00:00,159,146,13,32,8,8,0,100.0,2,2,5,5,False,False,BED_OVERFLOW,SIMULATED
PHC-RJ-JAI-002,PHC Chaksu,Rajasthan,Jaipur,RJ-JAIPUR,2026-06-30,2026-06-30T20:00:00,146,128,18,15,6,6,0,100.0,2,2,4,4,False,False,BED_OVERFLOW,SIMULATED
PHC-RJ-JAI-003,PHC Amer,Rajasthan,Jaipur,RJ-JAIPUR,2026-06-30,2026-06-30T20:00:00,175,151,24,17,10,10,0,100.0,3,3,6,6,False,False,BED_OVERFLOW,SIMULATED
DH-RJ-JAI-001,Kanwatia District Hospital Jaipur,Rajasthan,Jaipur,RJ-JAIPUR,2026-06-30,2026-06-30T20:00:00,1956,1684,272,270,200,200,0,100.0,32,32,68,63,False,False,BED_OVERFLOW,SIMULATED
PHC-MH-PUN-001,PHC Mulshi,Maharashtra,Pune,MH-PUNE,2026-06-30,2026-06-30T20:00:00,140,123,17,25,8,8,0,100.0,2,2,5,5,False,False,BED_OVERFLOW,SIMULATED
PHC-MH-PUN-002,PHC Haveli,Maharashtra,Pune,MH-PUNE,2026-06-30,2026-06-30T20:00:00,213,193,20,41,10,10,0,100.0,3,3,6,6,False,False,BED_OVERFLOW,SIMULATED
PHC-MH-PUN-003,PHC Khed,Maharashtra,Pune,MH-PUNE,2026-06-30,2026-06-30T20:00:00,167,150,17,31,8,8,0,100.0,2,2,5,5,False,False,BED_OVERFLOW,SIMULATED
DH-MH-PUN-001,Aundh District Hospital Pune,Maharashtra,Pune,MH-PUNE,2026-06-30,2026-06-30T20:00:00,2468,2203,265,355,300,300,0,100.0,42,42,90,81,False,False,BED_OVERFLOW,SIMULATED
PHC-KA-BEN-001,PHC Yelahanka,Karnataka,Bengaluru Urban,KA-BENGALURU-U,2026-06-30,2026-06-30T20:00:00,232,210,22,25,10,10,0,100.0,3,3,7,7,False,False,BED_OVERFLOW,SIMULATED
PHC-KA-BEN-002,PHC Anekal,Karnataka,Bengaluru Urban,KA-BENGALURU-U,2026-06-30,2026-06-30T20:00:00,197,171,26,23,8,8,0,100.0,2,2,5,5,False,False,BED_OVERFLOW,SIMULATED
PHC-KA-BEN-003,PHC Kengeri,Karnataka,Bengaluru Urban,KA-BENGALURU-U,2026-06-30,2026-06-30T20:00:00,230,205,25,24,10,10,0,100.0,3,3,6,6,False,False,BED_OVERFLOW,SIMULATED
DH-KA-BEN-001,KC General District Hospital Malleshwaram,Karnataka,Bengaluru Urban,KA-BENGALURU-U,2026-06-30,2026-06-30T20:00:00,2989,2713,276,306,350,350,0,100.0,48,48,105,99,False,False,BED_OVERFLOW,SIMULATED
PHC-BR-PAT-001,PHC Bakhtiyarpur,Bihar,Patna,BR-PATNA,2026-07-01,2026-07-01T20:00:00,164,145,19,21,6,6,0,100.0,2,2,4,4,False,False,BED_OVERFLOW,SIMULATED
PHC-BR-PAT-002,PHC Danapur,Bihar,Patna,BR-PATNA,2026-07-01,2026-07-01T20:00:00,219,201,18,22,10,10,0,100.0,3,3,6,6,False,False,BED_OVERFLOW,SIMULATED
PHC-BR-PAT-003,PHC Bihta,Bihar,Patna,BR-PATNA,2026-07-01,2026-07-01T20:00:00,163,141,22,13,8,8,0,100.0,2,2,5,5,False,False,BED_OVERFLOW,SIMULATED
PHC-BR-PAT-004,PHC Fatuha,Bihar,Patna,BR-PATNA,2026-07-01,2026-07-01T20:00:00,139,127,12,14,6,6,0,100.0,2,2,4,4,False,False,BED_OVERFLOW,SIMULATED
PHC-BR-PAT-005,PHC Mokama,Bihar,Patna,BR-PATNA,2026-07-01,2026-07-01T20:00:00,166,149,17,20,8,8,0,100.0,2,2,4,4,False,False,BED_OVERFLOW,SIMULATED
CHC-BR-PAT-001,CHC Phulwari Sharif,Bihar,Patna,BR-PATNA,2026-07-01,2026-07-01T20:00:00,411,377,34,71,30,30,0,100.0,6,6,12,12,False,False,BED_OVERFLOW,SIMULATED
DH-BR-PAT-001,District Hospital Gardanibagh,Bihar,Patna,BR-PATNA,2026-07-01,2026-07-01T20:00:00,1310,1153,157,125,150,150,0,100.0,24,20,45,43,False,False,BED_OVERFLOW,SIMULATED
PHC-BR-GAY-001,PHC Bodh Gaya,Bihar,Gaya,BR-GAYA,2026-07-01,2026-07-01T20:00:00,146,126,20,12,8,8,0,100.0,2,2,4,4,False,False,BED_OVERFLOW,SIMULATED
PHC-BR-GAY-002,PHC Sherghati,Bihar,Gaya,BR-GAYA,2026-07-01,2026-07-01T20:00:00,133,116,17,21,6,6,0,100.0,2,2,4,4,False,False,BED_OVERFLOW,SIMULATED
PHC-BR-GAY-003,PHC Tekari,Bihar,Gaya,BR-GAYA,2026-07-01,2026-07-01T20:00:00,116,105,11,12,6,6,0,100.0,2,2,3,3,False,False,BED_OVERFLOW,SIMULATED
DH-BR-GAY-001,Jay Prakash Narayan District Hospital Gaya,Bihar,Gaya,BR-GAYA,2026-07-01,2026-07-01T20:00:00,1501,1377,124,325,200,200,0,100.0,30,27,60,57,False,False,BED_OVERFLOW,SIMULATED
PHC-UP-VAR-001,PHC Cholapur,Uttar Pradesh,Varanasi,UP-VARANASI,2026-07-01,2026-07-01T20:00:00,180,160,20,15,6,6,0,100.0,2,2,4,4,False,False,BED_OVERFLOW,SIMULATED
PHC-UP-VAR-002,PHC Pindra,Uttar Pradesh,Varanasi,UP-VARANASI,2026-07-01,2026-07-01T20:00:00,195,172,23,26,8,8,0,100.0,3,3,5,5,False,False,BED_OVERFLOW,SIMULATED
PHC-UP-VAR-003,PHC Sevapuri,Uttar Pradesh,Varanasi,UP-VARANASI,2026-07-01,2026-07-01T20:00:00,143,126,17,22,6,6,0,100.0,2,2,4,4,False,False,BED_OVERFLOW,SIMULATED
PHC-UP-VAR-004,PHC Kashi Vidyapeeth,Uttar Pradesh,Varanasi,UP-VARANASI,2026-07-01,2026-07-01T20:00:00,204,180,24,28,10,10,0,100.0,3,3,6,6,False,False,BED_OVERFLOW,SIMULATED
CHC-UP-VAR-001,CHC Misirpur,Uttar Pradesh,Varanasi,UP-VARANASI,2026-07-01,2026-07-01T20:00:00,402,363,39,55,30,30,0,100.0,7,7,14,13,False,False,BED_OVERFLOW,SIMULATED
DH-UP-VAR-001,Pandit Deen Dayal Upadhyay District Hospital,Uttar Pradesh,Varanasi,UP-VARANASI,2026-07-01,2026-07-01T20:00:00,1800,1580,220,393,250,250,0,100.0,38,33,75,75,False,False,BED_OVERFLOW,SIMULATED
PHC-UP-LUK-001,PHC Bakshi Ka Talab,Uttar Pradesh,Lucknow,UP-LUCKNOW,2026-07-01,2026-07-01T20:00:00,214,191,23,28,10,10,0,100.0,3,3,6,6,False,False,BED_OVERFLOW,SIMULATED
PHC-UP-LUK-002,PHC Malihabad,Uttar Pradesh,Lucknow,UP-LUCKNOW,2026-07-01,2026-07-01T20:00:00,172,149,23,24,8,8,0,100.0,2,2,5,5,False,False,BED_OVERFLOW,SIMULATED
PHC-UP-LUK-003,PHC Mohanlalganj,Uttar Pradesh,Lucknow,UP-LUCKNOW,2026-07-01,2026-07-01T20:00:00,190,172,18,22,8,8,0,100.0,2,2,5,5,False,False,BED_OVERFLOW,SIMULATED
DH-UP-LUK-001,Balrampur District Hospital Lucknow,Uttar Pradesh,Lucknow,UP-LUCKNOW,2026-07-01,2026-07-01T20:00:00,2541,2274,267,379,350,350,0,100.0,50,43,110,107,False,False,BED_OVERFLOW,SIMULATED
PHC-RJ-JAI-001,PHC Bassi,Rajasthan,Jaipur,RJ-JAIPUR,2026-07-01,2026-07-01T20:00:00,186,161,25,22,8,8,0,100.0,2,2,5,5,False,False,BED_OVERFLOW,SIMULATED
PHC-RJ-JAI-002,PHC Chaksu,Rajasthan,Jaipur,RJ-JAIPUR,2026-07-01,2026-07-01T20:00:00,150,134,16,18,6,6,0,100.0,2,2,4,4,False,False,BED_OVERFLOW,SIMULATED
PHC-RJ-JAI-003,PHC Amer,Rajasthan,Jaipur,RJ-JAIPUR,2026-07-01,2026-07-01T20:00:00,188,162,26,35,10,10,0,100.0,3,3,6,6,False,False,BED_OVERFLOW,SIMULATED
DH-RJ-JAI-001,Kanwatia District Hospital Jaipur,Rajasthan,Jaipur,RJ-JAIPUR,2026-07-01,2026-07-01T20:00:00,1875,1653,222,276,200,200,0,100.0,32,28,68,65,False,False,BED_OVERFLOW,SIMULATED
PHC-MH-PUN-001,PHC Mulshi,Maharashtra,Pune,MH-PUNE,2026-07-01,2026-07-01T20:00:00,121,111,10,23,8,8,0,100.0,2,2,5,5,False,False,BED_OVERFLOW,SIMULATED
PHC-MH-PUN-002,PHC Haveli,Maharashtra,Pune,MH-PUNE,2026-07-01,2026-07-01T20:00:00,248,217,31,40,10,10,0,100.0,3,3,6,6,False,False,BED_OVERFLOW,SIMULATED
PHC-MH-PUN-003,PHC Khed,Maharashtra,Pune,MH-PUNE,2026-07-01,2026-07-01T20:00:00,169,148,21,14,8,8,0,100.0,2,2,5,5,False,False,BED_OVERFLOW,SIMULATED
DH-MH-PUN-001,Aundh District Hospital Pune,Maharashtra,Pune,MH-PUNE,2026-07-01,2026-07-01T20:00:00,2138,1844,294,258,300,300,0,100.0,42,35,90,80,False,False,BED_OVERFLOW,SIMULATED
PHC-KA-BEN-001,PHC Yelahanka,Karnataka,Bengaluru Urban,KA-BENGALURU-U,2026-07-01,2026-07-01T20:00:00,254,228,26,47,10,10,0,100.0,3,3,7,7,False,False,BED_OVERFLOW,SIMULATED
PHC-KA-BEN-002,PHC Anekal,Karnataka,Bengaluru Urban,KA-BENGALURU-U,2026-07-01,2026-07-01T20:00:00,201,176,25,39,8,8,0,100.0,2,2,5,5,False,False,BED_OVERFLOW,SIMULATED
PHC-KA-BEN-003,PHC Kengeri,Karnataka,Bengaluru Urban,KA-BENGALURU-U,2026-07-01,2026-07-01T20:00:00,216,190,26,33,10,10,0,100.0,3,3,6,6,False,False,BED_OVERFLOW,SIMULATED
DH-KA-BEN-001,KC General District Hospital Malleshwaram,Karnataka,Bengaluru Urban,KA-BENGALURU-U,2026-07-01,2026-07-01T20:00:00,2683,2352,331,507,350,350,0,100.0,48,48,105,92,False,False,BED_OVERFLOW,SIMULATED
PHC-BR-PAT-001,PHC Bakhtiyarpur,Bihar,Patna,BR-PATNA,2026-07-02,2026-07-02T20:00:00,146,127,19,21,6,6,0,100.0,2,2,4,4,False,False,BED_OVERFLOW,SIMULATED
PHC-BR-PAT-002,PHC Danapur,Bihar,Patna,BR-PATNA,2026-07-02,2026-07-02T20:00:00,198,178,20,42,10,10,0,100.0,3,3,6,6,False,False,BED_OVERFLOW,SIMULATED
PHC-BR-PAT-003,PHC Bihta,Bihar,Patna,BR-PATNA,2026-07-02,2026-07-02T20:00:00,164,148,16,22,8,8,0,100.0,2,2,5,5,False,False,BED_OVERFLOW,SIMULATED
PHC-BR-PAT-004,PHC Fatuha,Bihar,Patna,BR-PATNA,2026-07-02,2026-07-02T20:00:00,148,127,21,19,6,6,0,100.0,2,2,4,4,False,False,BED_OVERFLOW,SIMULATED
PHC-BR-PAT-005,PHC Mokama,Bihar,Patna,BR-PATNA,2026-07-02,2026-07-02T20:00:00,177,162,15,27,8,8,0,100.0,2,2,4,4,False,False,BED_OVERFLOW,SIMULATED
CHC-BR-PAT-001,CHC Phulwari Sharif,Bihar,Patna,BR-PATNA,2026-07-02,2026-07-02T20:00:00,351,317,34,33,30,30,0,100.0,6,6,12,12,False,False,BED_OVERFLOW,SIMULATED
DH-BR-PAT-001,District Hospital Gardanibagh,Bihar,Patna,BR-PATNA,2026-07-02,2026-07-02T20:00:00,1259,1105,154,137,150,150,0,100.0,24,22,45,44,False,False,BED_OVERFLOW,SIMULATED
PHC-BR-GAY-001,PHC Bodh Gaya,Bihar,Gaya,BR-GAYA,2026-07-02,2026-07-02T20:00:00,167,144,23,13,8,8,0,100.0,2,2,4,4,False,False,BED_OVERFLOW,SIMULATED
PHC-BR-GAY-002,PHC Sherghati,Bihar,Gaya,BR-GAYA,2026-07-02,2026-07-02T20:00:00,125,107,18,21,6,6,0,100.0,2,2,4,4,False,False,BED_OVERFLOW,SIMULATED
PHC-BR-GAY-003,PHC Tekari,Bihar,Gaya,BR-GAYA,2026-07-02,2026-07-02T20:00:00,103,88,15,12,6,6,0,100.0,2,2,3,3,False,False,BED_OVERFLOW,SIMULATED
DH-BR-GAY-001,Jay Prakash Narayan District Hospital Gaya,Bihar,Gaya,BR-GAYA,2026-07-02,2026-07-02T20:00:00,1973,1768,205,320,200,200,0,100.0,30,29,60,52,False,False,BED_OVERFLOW,SIMULATED
PHC-UP-VAR-001,PHC Cholapur,Uttar Pradesh,Varanasi,UP-VARANASI,2026-07-02,2026-07-02T20:00:00,141,122,19,26,6,6,0,100.0,2,2,4,4,False,False,BED_OVERFLOW,SIMULATED
PHC-UP-VAR-002,PHC Pindra,Uttar Pradesh,Varanasi,UP-VARANASI,2026-07-02,2026-07-02T20:00:00,178,162,16,33,8,8,0,100.0,3,3,5,5,False,False,BED_OVERFLOW,SIMULATED
PHC-UP-VAR-003,PHC Sevapuri,Uttar Pradesh,Varanasi,UP-VARANASI,2026-07-02,2026-07-02T20:00:00,136,123,13,25,6,6,0,100.0,2,2,4,4,False,False,BED_OVERFLOW,SIMULATED
PHC-UP-VAR-004,PHC Kashi Vidyapeeth,Uttar Pradesh,Varanasi,UP-VARANASI,2026-07-02,2026-07-02T20:00:00,230,200,30,42,10,10,0,100.0,3,3,6,6,False,False,BED_OVERFLOW,SIMULATED
CHC-UP-VAR-001,CHC Misirpur,Uttar Pradesh,Varanasi,UP-VARANASI,2026-07-02,2026-07-02T20:00:00,454,415,39,90,30,30,0,100.0,7,7,14,13,False,False,BED_OVERFLOW,SIMULATED
DH-UP-VAR-001,Pandit Deen Dayal Upadhyay District Hospital,Uttar Pradesh,Varanasi,UP-VARANASI,2026-07-02,2026-07-02T20:00:00,2056,1851,205,195,250,250,0,100.0,38,38,75,69,False,False,BED_OVERFLOW,SIMULATED
PHC-UP-LUK-001,PHC Bakshi Ka Talab,Uttar Pradesh,Lucknow,UP-LUCKNOW,2026-07-02,2026-07-02T20:00:00,185,164,21,25,10,10,0,100.0,3,3,6,6,False,False,BED_OVERFLOW,SIMULATED
PHC-UP-LUK-002,PHC Malihabad,Uttar Pradesh,Lucknow,UP-LUCKNOW,2026-07-02,2026-07-02T20:00:00,184,163,21,27,8,8,0,100.0,2,2,5,5,False,False,BED_OVERFLOW,SIMULATED
PHC-UP-LUK-003,PHC Mohanlalganj,Uttar Pradesh,Lucknow,UP-LUCKNOW,2026-07-02,2026-07-02T20:00:00,173,149,24,25,8,8,0,100.0,2,2,5,5,False,False,BED_OVERFLOW,SIMULATED
DH-UP-LUK-001,Balrampur District Hospital Lucknow,Uttar Pradesh,Lucknow,UP-LUCKNOW,2026-07-02,2026-07-02T20:00:00,2407,2169,238,475,350,350,0,100.0,50,45,110,110,False,False,BED_OVERFLOW,SIMULATED
PHC-RJ-JAI-001,PHC Bassi,Rajasthan,Jaipur,RJ-JAIPUR,2026-07-02,2026-07-02T20:00:00,156,138,18,31,8,8,0,100.0,2,2,5,5,False,False,BED_OVERFLOW,SIMULATED
PHC-RJ-JAI-002,PHC Chaksu,Rajasthan,Jaipur,RJ-JAIPUR,2026-07-02,2026-07-02T20:00:00,166,146,20,13,6,6,0,100.0,2,2,4,4,False,False,BED_OVERFLOW,SIMULATED
PHC-RJ-JAI-003,PHC Amer,Rajasthan,Jaipur,RJ-JAIPUR,2026-07-02,2026-07-02T20:00:00,185,164,21,32,10,10,0,100.0,3,3,6,6,False,False,BED_OVERFLOW,SIMULATED
DH-RJ-JAI-001,Kanwatia District Hospital Jaipur,Rajasthan,Jaipur,RJ-JAIPUR,2026-07-02,2026-07-02T20:00:00,1955,1795,160,359,200,200,0,100.0,32,27,68,62,False,False,BED_OVERFLOW,SIMULATED
PHC-MH-PUN-001,PHC Mulshi,Maharashtra,Pune,MH-PUNE,2026-07-02,2026-07-02T20:00:00,134,116,18,14,8,8,0,100.0,2,2,5,5,False,False,BED_OVERFLOW,SIMULATED
PHC-MH-PUN-002,PHC Haveli,Maharashtra,Pune,MH-PUNE,2026-07-02,2026-07-02T20:00:00,229,202,27,34,10,10,0,100.0,3,3,6,6,False,False,BED_OVERFLOW,SIMULATED
PHC-MH-PUN-003,PHC Khed,Maharashtra,Pune,MH-PUNE,2026-07-02,2026-07-02T20:00:00,178,161,17,34,8,8,0,100.0,2,2,5,5,False,False,BED_OVERFLOW,SIMULATED
DH-MH-PUN-001,Aundh District Hospital Pune,Maharashtra,Pune,MH-PUNE,2026-07-02,2026-07-02T20:00:00,2522,2312,210,550,300,300,0,100.0,42,35,90,83,False,False,BED_OVERFLOW,SIMULATED
PHC-KA-BEN-001,PHC Yelahanka,Karnataka,Bengaluru Urban,KA-BENGALURU-U,2026-07-02,2026-07-02T20:00:00,259,224,35,38,10,10,0,100.0,3,3,7,6,False,False,BED_OVERFLOW,SIMULATED
PHC-KA-BEN-002,PHC Anekal,Karnataka,Bengaluru Urban,KA-BENGALURU-U,2026-07-02,2026-07-02T20:00:00,193,174,19,37,8,8,0,100.0,2,2,5,5,False,False,BED_OVERFLOW,SIMULATED
PHC-KA-BEN-003,PHC Kengeri,Karnataka,Bengaluru Urban,KA-BENGALURU-U,2026-07-02,2026-07-02T20:00:00,218,195,23,27,10,10,0,100.0,3,3,6,6,False,False,BED_OVERFLOW,SIMULATED
DH-KA-BEN-001,KC General District Hospital Malleshwaram,Karnataka,Bengaluru Urban,KA-BENGALURU-U,2026-07-02,2026-07-02T20:00:00,2625,2361,264,401,350,350,0,100.0,48,43,105,94,False,False,BED_OVERFLOW,SIMULATED
PHC-BR-PAT-001,PHC Bakhtiyarpur,Bihar,Patna,BR-PATNA,2026-07-03,2026-07-03T20:00:00,131,116,15,19,6,6,0,100.0,2,2,4,4,False,False,BED_OVERFLOW,SIMULATED
PHC-BR-PAT-002,PHC Danapur,Bihar,Patna,BR-PATNA,2026-07-03,2026-07-03T20:00:00,183,157,26,34,10,10,0,100.0,3,3,6,6,False,False,BED_OVERFLOW,SIMULATED
PHC-BR-PAT-003,PHC Bihta,Bihar,Patna,BR-PATNA,2026-07-03,2026-07-03T20:00:00,145,128,17,28,8,8,0,100.0,2,2,5,5,False,False,BED_OVERFLOW,SIMULATED
PHC-BR-PAT-004,PHC Fatuha,Bihar,Patna,BR-PATNA,2026-07-03,2026-07-03T20:00:00,128,115,13,24,6,6,0,100.0,2,2,4,4,False,False,BED_OVERFLOW,SIMULATED
PHC-BR-PAT-005,PHC Mokama,Bihar,Patna,BR-PATNA,2026-07-03,2026-07-03T20:00:00,125,109,16,16,8,8,0,100.0,2,2,4,4,False,False,BED_OVERFLOW,SIMULATED
CHC-BR-PAT-001,CHC Phulwari Sharif,Bihar,Patna,BR-PATNA,2026-07-03,2026-07-03T20:00:00,361,322,39,56,30,30,0,100.0,6,6,12,11,False,False,BED_OVERFLOW,SIMULATED
DH-BR-PAT-001,District Hospital Gardanibagh,Bihar,Patna,BR-PATNA,2026-07-03,2026-07-03T20:00:00,1229,1061,168,143,150,150,0,100.0,24,22,45,43,False,False,BED_OVERFLOW,SIMULATED
PHC-BR-GAY-001,PHC Bodh Gaya,Bihar,Gaya,BR-GAYA,2026-07-03,2026-07-03T20:00:00,135,122,13,16,8,8,0,100.0,2,2,4,4,False,False,BED_OVERFLOW,SIMULATED
PHC-BR-GAY-002,PHC Sherghati,Bihar,Gaya,BR-GAYA,2026-07-03,2026-07-03T20:00:00,106,93,13,20,6,6,0,100.0,2,2,4,4,False,False,BED_OVERFLOW,SIMULATED
PHC-BR-GAY-003,PHC Tekari,Bihar,Gaya,BR-GAYA,2026-07-03,2026-07-03T20:00:00,96,84,12,13,6,6,0,100.0,2,2,3,3,False,False,BED_OVERFLOW,SIMULATED
DH-BR-GAY-001,Jay Prakash Narayan District Hospital Gaya,Bihar,Gaya,BR-GAYA,2026-07-03,2026-07-03T20:00:00,1279,1118,161,144,200,200,0,100.0,30,25,60,58,False,False,BED_OVERFLOW,SIMULATED
PHC-UP-VAR-001,PHC Cholapur,Uttar Pradesh,Varanasi,UP-VARANASI,2026-07-03,2026-07-03T20:00:00,138,125,13,13,6,6,0,100.0,2,2,4,4,False,False,BED_OVERFLOW,SIMULATED
PHC-UP-VAR-002,PHC Pindra,Uttar Pradesh,Varanasi,UP-VARANASI,2026-07-03,2026-07-03T20:00:00,148,133,15,20,8,8,0,100.0,3,3,5,5,False,False,BED_OVERFLOW,SIMULATED
PHC-UP-VAR-003,PHC Sevapuri,Uttar Pradesh,Varanasi,UP-VARANASI,2026-07-03,2026-07-03T20:00:00,122,108,14,10,6,6,0,100.0,2,2,4,4,False,False,BED_OVERFLOW,SIMULATED
PHC-UP-VAR-004,PHC Kashi Vidyapeeth,Uttar Pradesh,Varanasi,UP-VARANASI,2026-07-03,2026-07-03T20:00:00,188,162,26,27,10,10,0,100.0,3,3,6,6,False,False,BED_OVERFLOW,SIMULATED
CHC-UP-VAR-001,CHC Misirpur,Uttar Pradesh,Varanasi,UP-VARANASI,2026-07-03,2026-07-03T20:00:00,390,354,36,67,30,30,0,100.0,7,7,14,14,False,False,BED_OVERFLOW,SIMULATED
DH-UP-VAR-001,Pandit Deen Dayal Upadhyay District Hospital,Uttar Pradesh,Varanasi,UP-VARANASI,2026-07-03,2026-07-03T20:00:00,1941,1692,249,327,250,250,0,100.0,38,31,75,74,False,False,BED_OVERFLOW,SIMULATED
PHC-UP-LUK-001,PHC Bakshi Ka Talab,Uttar Pradesh,Lucknow,UP-LUCKNOW,2026-07-03,2026-07-03T20:00:00,184,160,24,21,10,10,0,100.0,3,3,6,6,False,False,BED_OVERFLOW,SIMULATED
PHC-UP-LUK-002,PHC Malihabad,Uttar Pradesh,Lucknow,UP-LUCKNOW,2026-07-03,2026-07-03T20:00:00,157,140,17,33,8,8,0,100.0,2,2,5,5,False,False,BED_OVERFLOW,SIMULATED
PHC-UP-LUK-003,PHC Mohanlalganj,Uttar Pradesh,Lucknow,UP-LUCKNOW,2026-07-03,2026-07-03T20:00:00,161,141,20,25,8,8,0,100.0,2,2,5,5,False,False,BED_OVERFLOW,SIMULATED
DH-UP-LUK-001,Balrampur District Hospital Lucknow,Uttar Pradesh,Lucknow,UP-LUCKNOW,2026-07-03,2026-07-03T20:00:00,2136,1846,290,417,350,350,0,100.0,50,43,110,105,False,False,BED_OVERFLOW,SIMULATED
PHC-RJ-JAI-001,PHC Bassi,Rajasthan,Jaipur,RJ-JAIPUR,2026-07-03,2026-07-03T20:00:00,155,136,19,21,8,8,0,100.0,2,2,5,5,False,False,BED_OVERFLOW,SIMULATED
PHC-RJ-JAI-002,PHC Chaksu,Rajasthan,Jaipur,RJ-JAIPUR,2026-07-03,2026-07-03T20:00:00,114,101,13,23,6,6,0,100.0,2,2,4,4,False,False,BED_OVERFLOW,SIMULATED
PHC-RJ-JAI-003,PHC Amer,Rajasthan,Jaipur,RJ-JAIPUR,2026-07-03,2026-07-03T20:00:00,162,144,18,27,10,10,0,100.0,3,3,6,6,False,False,BED_OVERFLOW,SIMULATED
DH-RJ-JAI-001,Kanwatia District Hospital Jaipur,Rajasthan,Jaipur,RJ-JAIPUR,2026-07-03,2026-07-03T20:00:00,1735,1558,177,335,200,200,0,100.0,32,32,68,68,False,False,BED_OVERFLOW,SIMULATED
PHC-MH-PUN-001,PHC Mulshi,Maharashtra,Pune,MH-PUNE,2026-07-03,2026-07-03T20:00:00,115,103,12,10,8,8,0,100.0,2,2,5,5,False,False,BED_OVERFLOW,SIMULATED
PHC-MH-PUN-002,PHC Haveli,Maharashtra,Pune,MH-PUNE,2026-07-03,2026-07-03T20:00:00,198,179,19,37,10,10,0,100.0,3,3,6,6,False,False,BED_OVERFLOW,SIMULATED
PHC-MH-PUN-003,PHC Khed,Maharashtra,Pune,MH-PUNE,2026-07-03,2026-07-03T20:00:00,159,145,14,26,8,8,0,100.0,2,2,5,5,False,False,BED_OVERFLOW,SIMULATED
DH-MH-PUN-001,Aundh District Hospital Pune,Maharashtra,Pune,MH-PUNE,2026-07-03,2026-07-03T20:00:00,1960,1704,256,345,300,300,0,100.0,42,36,90,79,False,False,BED_OVERFLOW,SIMULATED
PHC-KA-BEN-001,PHC Yelahanka,Karnataka,Bengaluru Urban,KA-BENGALURU-U,2026-07-03,2026-07-03T20:00:00,203,174,29,38,10,10,0,100.0,3,3,7,7,False,False,BED_OVERFLOW,SIMULATED
PHC-KA-BEN-002,PHC Anekal,Karnataka,Bengaluru Urban,KA-BENGALURU-U,2026-07-03,2026-07-03T20:00:00,158,139,19,32,8,8,0,100.0,2,2,5,5,False,False,BED_OVERFLOW,SIMULATED
PHC-KA-BEN-003,PHC Kengeri,Karnataka,Bengaluru Urban,KA-BENGALURU-U,2026-07-03,2026-07-03T20:00:00,196,177,19,23,10,10,0,100.0,3,3,6,6,False,False,BED_OVERFLOW,SIMULATED
DH-KA-BEN-001,KC General District Hospital Malleshwaram,Karnataka,Bengaluru Urban,KA-BENGALURU-U,2026-07-03,2026-07-03T20:00:00,2417,2183,234,458,350,350,0,100.0,48,48,105,95,False,False,BED_OVERFLOW,SIMULATED
PHC-BR-PAT-001,PHC Bakhtiyarpur,Bihar,Patna,BR-PATNA,2026-07-04,2026-07-04T20:00:00,117,102,15,10,6,6,0,100.0,2,2,4,4,False,False,BED_OVERFLOW,SIMULATED
PHC-BR-PAT-002,PHC Danapur,Bihar,Patna,BR-PATNA,2026-07-04,2026-07-04T20:00:00,184,168,16,24,10,10,0,100.0,3,3,6,6,False,False,BED_OVERFLOW,SIMULATED
PHC-BR-PAT-003,PHC Bihta,Bihar,Patna,BR-PATNA,2026-07-04,2026-07-04T20:00:00,143,127,16,21,8,8,0,100.0,2,2,5,5,False,False,BED_OVERFLOW,SIMULATED
PHC-BR-PAT-004,PHC Fatuha,Bihar,Patna,BR-PATNA,2026-07-04,2026-07-04T20:00:00,110,99,11,16,6,6,0,100.0,2,2,4,4,False,False,BED_OVERFLOW,SIMULATED
PHC-BR-PAT-005,PHC Mokama,Bihar,Patna,BR-PATNA,2026-07-04,2026-07-04T20:00:00,142,128,14,17,8,8,0,100.0,2,2,4,4,False,False,BED_OVERFLOW,SIMULATED
CHC-BR-PAT-001,CHC Phulwari Sharif,Bihar,Patna,BR-PATNA,2026-07-04,2026-07-04T20:00:00,369,333,36,77,30,30,0,100.0,6,5,12,11,False,False,BED_OVERFLOW,SIMULATED
DH-BR-PAT-001,District Hospital Gardanibagh,Bihar,Patna,BR-PATNA,2026-07-04,2026-07-04T20:00:00,1170,1025,145,160,150,150,0,100.0,24,20,45,42,False,False,BED_OVERFLOW,SIMULATED
PHC-BR-GAY-001,PHC Bodh Gaya,Bihar,Gaya,BR-GAYA,2026-07-04,2026-07-04T20:00:00,146,131,15,13,8,8,0,100.0,2,2,4,4,False,False,BED_OVERFLOW,SIMULATED
PHC-BR-GAY-002,PHC Sherghati,Bihar,Gaya,BR-GAYA,2026-07-04,2026-07-04T20:00:00,104,91,13,19,6,6,0,100.0,2,2,4,4,False,False,BED_OVERFLOW,SIMULATED
PHC-BR-GAY-003,PHC Tekari,Bihar,Gaya,BR-GAYA,2026-07-04,2026-07-04T20:00:00,91,79,12,15,6,6,0,100.0,2,2,3,3,False,False,BED_OVERFLOW,SIMULATED
DH-BR-GAY-001,Jay Prakash Narayan District Hospital Gaya,Bihar,Gaya,BR-GAYA,2026-07-04,2026-07-04T20:00:00,1322,1200,122,115,200,200,0,100.0,30,29,60,54,False,False,BED_OVERFLOW,SIMULATED
PHC-UP-VAR-001,PHC Cholapur,Uttar Pradesh,Varanasi,UP-VARANASI,2026-07-04,2026-07-04T20:00:00,137,120,17,23,6,6,0,100.0,2,2,4,4,False,False,BED_OVERFLOW,SIMULATED
PHC-UP-VAR-002,PHC Pindra,Uttar Pradesh,Varanasi,UP-VARANASI,2026-07-04,2026-07-04T20:00:00,169,150,19,19,8,8,0,100.0,3,3,5,5,False,False,BED_OVERFLOW,SIMULATED
PHC-UP-VAR-003,PHC Sevapuri,Uttar Pradesh,Varanasi,UP-VARANASI,2026-07-04,2026-07-04T20:00:00,117,107,10,24,6,6,0,100.0,2,2,4,4,False,False,BED_OVERFLOW,SIMULATED
PHC-UP-VAR-004,PHC Kashi Vidyapeeth,Uttar Pradesh,Varanasi,UP-VARANASI,2026-07-04,2026-07-04T20:00:00,166,145,21,33,10,10,0,100.0,3,3,6,6,False,False,BED_OVERFLOW,SIMULATED
CHC-UP-VAR-001,CHC Misirpur,Uttar Pradesh,Varanasi,UP-VARANASI,2026-07-04,2026-07-04T20:00:00,358,325,33,60,30,30,0,100.0,7,6,14,13,False,False,BED_OVERFLOW,SIMULATED
DH-UP-VAR-001,Pandit Deen Dayal Upadhyay District Hospital,Uttar Pradesh,Varanasi,UP-VARANASI,2026-07-04,2026-07-04T20:00:00,1714,1554,160,255,250,250,0,100.0,38,38,75,68,False,False,BED_OVERFLOW,SIMULATED
PHC-UP-LUK-001,PHC Bakshi Ka Talab,Uttar Pradesh,Lucknow,UP-LUCKNOW,2026-07-04,2026-07-04T20:00:00,206,182,24,42,10,10,0,100.0,3,3,6,6,False,False,BED_OVERFLOW,SIMULATED
PHC-UP-LUK-002,PHC Malihabad,Uttar Pradesh,Lucknow,UP-LUCKNOW,2026-07-04,2026-07-04T20:00:00,144,124,20,20,8,8,0,100.0,2,2,5,5,False,False,BED_OVERFLOW,SIMULATED
PHC-UP-LUK-003,PHC Mohanlalganj,Uttar Pradesh,Lucknow,UP-LUCKNOW,2026-07-04,2026-07-04T20:00:00,172,155,17,32,8,8,0,100.0,2,2,5,5,False,False,BED_OVERFLOW,SIMULATED
DH-UP-LUK-001,Balrampur District Hospital Lucknow,Uttar Pradesh,Lucknow,UP-LUCKNOW,2026-07-04,2026-07-04T20:00:00,2297,2063,234,184,350,350,0,100.0,50,44,110,104,False,False,BED_OVERFLOW,SIMULATED
PHC-RJ-JAI-001,PHC Bassi,Rajasthan,Jaipur,RJ-JAIPUR,2026-07-04,2026-07-04T20:00:00,134,116,18,15,8,8,0,100.0,2,2,5,5,False,False,BED_OVERFLOW,SIMULATED
PHC-RJ-JAI-002,PHC Chaksu,Rajasthan,Jaipur,RJ-JAIPUR,2026-07-04,2026-07-04T20:00:00,121,105,16,19,6,6,0,100.0,2,2,4,4,False,False,BED_OVERFLOW,SIMULATED
PHC-RJ-JAI-003,PHC Amer,Rajasthan,Jaipur,RJ-JAIPUR,2026-07-04,2026-07-04T20:00:00,151,137,14,14,10,10,0,100.0,3,3,6,6,False,False,BED_OVERFLOW,SIMULATED
DH-RJ-JAI-001,Kanwatia District Hospital Jaipur,Rajasthan,Jaipur,RJ-JAIPUR,2026-07-04,2026-07-04T20:00:00,1571,1377,194,144,200,200,0,100.0,32,29,68,62,False,False,BED_OVERFLOW,SIMULATED
PHC-MH-PUN-001,PHC Mulshi,Maharashtra,Pune,MH-PUNE,2026-07-04,2026-07-04T20:00:00,114,103,11,18,8,8,0,100.0,2,2,5,5,False,False,BED_OVERFLOW,SIMULATED
PHC-MH-PUN-002,PHC Haveli,Maharashtra,Pune,MH-PUNE,2026-07-04,2026-07-04T20:00:00,210,188,22,23,10,10,0,100.0,3,3,6,6,False,False,BED_OVERFLOW,SIMULATED
PHC-MH-PUN-003,PHC Khed,Maharashtra,Pune,MH-PUNE,2026-07-04,2026-07-04T20:00:00,143,130,13,12,8,8,0,100.0,2,2,5,5,False,False,BED_OVERFLOW,SIMULATED
DH-MH-PUN-001,Aundh District Hospital Pune,Maharashtra,Pune,MH-PUNE,2026-07-04,2026-07-04T20:00:00,1831,1679,152,190,300,300,0,100.0,42,34,90,84,False,False,BED_OVERFLOW,SIMULATED
PHC-KA-BEN-001,PHC Yelahanka,Karnataka,Bengaluru Urban,KA-BENGALURU-U,2026-07-04,2026-07-04T20:00:00,206,186,20,43,10,10,0,100.0,3,3,7,7,False,False,BED_OVERFLOW,SIMULATED
PHC-KA-BEN-002,PHC Anekal,Karnataka,Bengaluru Urban,KA-BENGALURU-U,2026-07-04,2026-07-04T20:00:00,162,141,21,34,8,8,0,100.0,2,2,5,5,False,False,BED_OVERFLOW,SIMULATED
PHC-KA-BEN-003,PHC Kengeri,Karnataka,Bengaluru Urban,KA-BENGALURU-U,2026-07-04,2026-07-04T20:00:00,177,156,21,24,10,10,0,100.0,3,3,6,6,False,False,BED_OVERFLOW,SIMULATED
DH-KA-BEN-001,KC General District Hospital Malleshwaram,Karnataka,Bengaluru Urban,KA-BENGALURU-U,2026-07-04,2026-07-04T20:00:00,2356,2128,228,250,350,350,0,100.0,48,47,105,90,False,False,BED_OVERFLOW,SIMULATED
PHC-BR-PAT-001,PHC Bakhtiyarpur,Bihar,Patna,BR-PATNA,2026-07-05,2026-07-05T20:00:00,54,49,5,6,6,6,0,100.0,2,2,4,3,False,False,BED_OVERFLOW,SIMULATED
PHC-BR-PAT-002,PHC Danapur,Bihar,Patna,BR-PATNA,2026-07-05,2026-07-05T20:00:00,83,74,9,7,10,10,0,100.0,3,3,6,5,False,False,BED_OVERFLOW,SIMULATED
PHC-BR-PAT-003,PHC Bihta,Bihar,Patna,BR-PATNA,2026-07-05,2026-07-05T20:00:00,61,53,8,6,8,8,0,100.0,2,2,5,4,False,False,BED_OVERFLOW,SIMULATED
PHC-BR-PAT-004,PHC Fatuha,Bihar,Patna,BR-PATNA,2026-07-05,2026-07-05T20:00:00,52,44,8,8,6,6,0,100.0,2,2,4,3,False,False,BED_OVERFLOW,SIMULATED
PHC-BR-PAT-005,PHC Mokama,Bihar,Patna,BR-PATNA,2026-07-05,2026-07-05T20:00:00,51,44,7,8,8,8,0,100.0,2,2,4,3,False,False,BED_OVERFLOW,SIMULATED
CHC-BR-PAT-001,CHC Phulwari Sharif,Bihar,Patna,BR-PATNA,2026-07-05,2026-07-05T20:00:00,165,149,16,13,30,30,0,100.0,6,4,12,10,False,False,BED_OVERFLOW,SIMULATED
DH-BR-PAT-001,District Hospital Gardanibagh,Bihar,Patna,BR-PATNA,2026-07-05,2026-07-05T20:00:00,434,390,44,42,150,118,32,78.67,24,13,45,29,False,True,NORMAL,SIMULATED
PHC-BR-GAY-001,PHC Bodh Gaya,Bihar,Gaya,BR-GAYA,2026-07-05,2026-07-05T20:00:00,56,48,8,8,8,8,0,100.0,2,2,4,3,False,False,BED_OVERFLOW,SIMULATED
PHC-BR-GAY-002,PHC Sherghati,Bihar,Gaya,BR-GAYA,2026-07-05,2026-07-05T20:00:00,47,42,5,6,6,6,0,100.0,2,2,4,4,False,False,BED_OVERFLOW,SIMULATED
PHC-BR-GAY-003,PHC Tekari,Bihar,Gaya,BR-GAYA,2026-07-05,2026-07-05T20:00:00,40,35,5,8,6,6,0,100.0,2,2,3,3,False,False,BED_OVERFLOW,SIMULATED
DH-BR-GAY-001,Jay Prakash Narayan District Hospital Gaya,Bihar,Gaya,BR-GAYA,2026-07-05,2026-07-05T20:00:00,626,572,54,73,200,142,58,71.0,30,21,60,43,False,False,NORMAL,SIMULATED
PHC-UP-VAR-001,PHC Cholapur,Uttar Pradesh,Varanasi,UP-VARANASI,2026-07-05,2026-07-05T20:00:00,63,55,8,6,6,6,0,100.0,2,2,4,4,False,False,BED_OVERFLOW,SIMULATED
PHC-UP-VAR-002,PHC Pindra,Uttar Pradesh,Varanasi,UP-VARANASI,2026-07-05,2026-07-05T20:00:00,64,57,7,13,8,8,0,100.0,3,2,5,4,False,False,BED_OVERFLOW,SIMULATED
PHC-UP-VAR-003,PHC Sevapuri,Uttar Pradesh,Varanasi,UP-VARANASI,2026-07-05,2026-07-05T20:00:00,47,40,7,4,6,6,0,100.0,2,2,4,3,False,False,BED_OVERFLOW,SIMULATED
PHC-UP-VAR-004,PHC Kashi Vidyapeeth,Uttar Pradesh,Varanasi,UP-VARANASI,2026-07-05,2026-07-05T20:00:00,88,76,12,18,10,10,0,100.0,3,2,6,5,False,False,BED_OVERFLOW,SIMULATED
CHC-UP-VAR-001,CHC Misirpur,Uttar Pradesh,Varanasi,UP-VARANASI,2026-07-05,2026-07-05T20:00:00,164,146,18,23,30,30,0,100.0,7,5,14,9,False,True,BED_OVERFLOW,SIMULATED
DH-UP-VAR-001,Pandit Deen Dayal Upadhyay District Hospital,Uttar Pradesh,Varanasi,UP-VARANASI,2026-07-05,2026-07-05T20:00:00,710,625,85,77,250,190,60,76.0,38,26,75,57,False,False,NORMAL,SIMULATED
PHC-UP-LUK-001,PHC Bakshi Ka Talab,Uttar Pradesh,Lucknow,UP-LUCKNOW,2026-07-05,2026-07-05T20:00:00,68,61,7,10,10,10,0,100.0,3,2,6,5,False,False,BED_OVERFLOW,SIMULATED
PHC-UP-LUK-002,PHC Malihabad,Uttar Pradesh,Lucknow,UP-LUCKNOW,2026-07-05,2026-07-05T20:00:00,61,52,9,11,8,8,0,100.0,2,2,5,4,False,False,BED_OVERFLOW,SIMULATED
PHC-UP-LUK-003,PHC Mohanlalganj,Uttar Pradesh,Lucknow,UP-LUCKNOW,2026-07-05,2026-07-05T20:00:00,58,51,7,5,8,8,0,100.0,2,2,5,4,False,False,BED_OVERFLOW,SIMULATED
DH-UP-LUK-001,Balrampur District Hospital Lucknow,Uttar Pradesh,Lucknow,UP-LUCKNOW,2026-07-05,2026-07-05T20:00:00,1000,867,133,132,350,350,0,100.0,50,27,110,74,False,True,BED_OVERFLOW,SIMULATED
PHC-RJ-JAI-001,PHC Bassi,Rajasthan,Jaipur,RJ-JAIPUR,2026-07-05,2026-07-05T20:00:00,59,50,9,8,8,8,0,100.0,2,2,5,4,False,False,BED_OVERFLOW,SIMULATED
PHC-RJ-JAI-002,PHC Chaksu,Rajasthan,Jaipur,RJ-JAIPUR,2026-07-05,2026-07-05T20:00:00,53,46,7,9,6,6,0,100.0,2,2,4,3,False,False,BED_OVERFLOW,SIMULATED
PHC-RJ-JAI-003,PHC Amer,Rajasthan,Jaipur,RJ-JAIPUR,2026-07-05,2026-07-05T20:00:00,75,66,9,15,10,10,0,100.0,3,3,6,5,False,False,BED_OVERFLOW,SIMULATED
DH-RJ-JAI-001,Kanwatia District Hospital Jaipur,Rajasthan,Jaipur,RJ-JAIPUR,2026-07-05,2026-07-05T20:00:00,688,597,91,138,200,200,0,100.0,32,18,68,52,False,False,BED_OVERFLOW,SIMULATED
PHC-MH-PUN-001,PHC Mulshi,Maharashtra,Pune,MH-PUNE,2026-07-05,2026-07-05T20:00:00,45,40,5,7,8,8,0,100.0,2,2,5,4,False,False,BED_OVERFLOW,SIMULATED
PHC-MH-PUN-002,PHC Haveli,Maharashtra,Pune,MH-PUNE,2026-07-05,2026-07-05T20:00:00,77,67,10,14,10,10,0,100.0,3,2,6,4,False,True,BED_OVERFLOW,SIMULATED
PHC-MH-PUN-003,PHC Khed,Maharashtra,Pune,MH-PUNE,2026-07-05,2026-07-05T20:00:00,64,56,8,8,8,8,0,100.0,2,2,5,4,False,False,BED_OVERFLOW,SIMULATED
DH-MH-PUN-001,Aundh District Hospital Pune,Maharashtra,Pune,MH-PUNE,2026-07-05,2026-07-05T20:00:00,876,769,107,168,300,274,26,91.33,42,29,90,71,False,False,NORMAL,SIMULATED
PHC-KA-BEN-001,PHC Yelahanka,Karnataka,Bengaluru Urban,KA-BENGALURU-U,2026-07-05,2026-07-05T20:00:00,88,78,10,11,10,10,0,100.0,3,2,7,5,False,False,BED_OVERFLOW,SIMULATED
PHC-KA-BEN-002,PHC Anekal,Karnataka,Bengaluru Urban,KA-BENGALURU-U,2026-07-05,2026-07-05T20:00:00,70,62,8,9,8,8,0,100.0,2,2,5,4,False,False,BED_OVERFLOW,SIMULATED
PHC-KA-BEN-003,PHC Kengeri,Karnataka,Bengaluru Urban,KA-BENGALURU-U,2026-07-05,2026-07-05T20:00:00,84,74,10,11,10,10,0,100.0,3,2,6,4,False,True,BED_OVERFLOW,SIMULATED
DH-KA-BEN-001,KC General District Hospital Malleshwaram,Karnataka,Bengaluru Urban,KA-BENGALURU-U,2026-07-05,2026-07-05T20:00:00,1007,897,110,217,350,277,73,79.14,48,31,105,78,False,False,NORMAL,SIMULATED
PHC-BR-PAT-001,PHC Bakhtiyarpur,Bihar,Patna,BR-PATNA,2026-07-06,2026-07-06T20:00:00,186,170,16,28,6,6,0,100.0,2,2,4,4,False,False,BED_OVERFLOW,SIMULATED
PHC-BR-PAT-002,PHC Danapur,Bihar,Patna,BR-PATNA,2026-07-06,2026-07-06T20:00:00,273,236,37,52,10,10,0,100.0,3,3,6,6,False,False,BED_OVERFLOW,SIMULATED
PHC-BR-PAT-003,PHC Bihta,Bihar,Patna,BR-PATNA,2026-07-06,2026-07-06T20:00:00,235,206,29,26,8,8,0,100.0,2,2,5,5,False,False,BED_OVERFLOW,SIMULATED
PHC-BR-PAT-004,PHC Fatuha,Bihar,Patna,BR-PATNA,2026-07-06,2026-07-06T20:00:00,177,161,16,26,6,6,0,100.0,2,2,4,4,False,False,BED_OVERFLOW,SIMULATED
PHC-BR-PAT-005,PHC Mokama,Bihar,Patna,BR-PATNA,2026-07-06,2026-07-06T20:00:00,202,182,20,39,8,8,0,100.0,2,2,4,4,False,False,BED_OVERFLOW,SIMULATED
CHC-BR-PAT-001,CHC Phulwari Sharif,Bihar,Patna,BR-PATNA,2026-07-06,2026-07-06T20:00:00,506,435,71,92,30,30,0,100.0,6,6,12,12,False,False,BED_OVERFLOW,SIMULATED
DH-BR-PAT-001,District Hospital Gardanibagh,Bihar,Patna,BR-PATNA,2026-07-06,2026-07-06T20:00:00,1603,1382,221,221,150,150,0,100.0,24,21,45,44,False,False,BED_OVERFLOW,SIMULATED
PHC-BR-GAY-001,PHC Bodh Gaya,Bihar,Gaya,BR-GAYA,2026-07-06,2026-07-06T20:00:00,199,180,19,28,8,8,0,100.0,2,2,4,4,False,False,BED_OVERFLOW,SIMULATED
PHC-BR-GAY-002,PHC Sherghati,Bihar,Gaya,BR-GAYA,2026-07-06,2026-07-06T20:00:00,162,147,15,17,6,6,0,100.0,2,2,4,4,False,False,BED_OVERFLOW,SIMULATED
PHC-BR-GAY-003,PHC Tekari,Bihar,Gaya,BR-GAYA,2026-07-06,2026-07-06T20:00:00,133,119,14,18,6,6,0,100.0,2,2,3,3,False,False,BED_OVERFLOW,SIMULATED
DH-BR-GAY-001,Jay Prakash Narayan District Hospital Gaya,Bihar,Gaya,BR-GAYA,2026-07-06,2026-07-06T20:00:00,2218,1994,224,320,200,200,0,100.0,30,28,60,58,False,False,BED_OVERFLOW,SIMULATED
PHC-UP-VAR-001,PHC Cholapur,Uttar Pradesh,Varanasi,UP-VARANASI,2026-07-06,2026-07-06T20:00:00,201,181,20,24,6,6,0,100.0,2,2,4,4,False,False,BED_OVERFLOW,SIMULATED
PHC-UP-VAR-002,PHC Pindra,Uttar Pradesh,Varanasi,UP-VARANASI,2026-07-06,2026-07-06T20:00:00,214,196,18,37,8,8,0,100.0,3,3,5,5,False,False,BED_OVERFLOW,SIMULATED
PHC-UP-VAR-003,PHC Sevapuri,Uttar Pradesh,Varanasi,UP-VARANASI,2026-07-06,2026-07-06T20:00:00,190,165,25,36,6,6,0,100.0,2,2,4,4,False,False,BED_OVERFLOW,SIMULATED
PHC-UP-VAR-004,PHC Kashi Vidyapeeth,Uttar Pradesh,Varanasi,UP-VARANASI,2026-07-06,2026-07-06T20:00:00,288,255,33,28,10,10,0,100.0,3,3,6,6,False,False,BED_OVERFLOW,SIMULATED
CHC-UP-VAR-001,CHC Misirpur,Uttar Pradesh,Varanasi,UP-VARANASI,2026-07-06,2026-07-06T20:00:00,550,490,60,50,30,30,0,100.0,7,6,14,13,False,False,BED_OVERFLOW,SIMULATED
DH-UP-VAR-001,Pandit Deen Dayal Upadhyay District Hospital,Uttar Pradesh,Varanasi,UP-VARANASI,2026-07-06,2026-07-06T20:00:00,2506,2172,334,517,250,250,0,100.0,38,34,75,70,False,False,BED_OVERFLOW,SIMULATED
PHC-UP-LUK-001,PHC Bakshi Ka Talab,Uttar Pradesh,Lucknow,UP-LUCKNOW,2026-07-06,2026-07-06T20:00:00,255,219,36,36,10,10,0,100.0,3,3,6,6,False,False,BED_OVERFLOW,SIMULATED
PHC-UP-LUK-002,PHC Malihabad,Uttar Pradesh,Lucknow,UP-LUCKNOW,2026-07-06,2026-07-06T20:00:00,201,177,24,25,8,8,0,100.0,2,2,5,5,False,False,BED_OVERFLOW,SIMULATED
PHC-UP-LUK-003,PHC Mohanlalganj,Uttar Pradesh,Lucknow,UP-LUCKNOW,2026-07-06,2026-07-06T20:00:00,227,200,27,33,8,8,0,100.0,2,2,5,5,False,False,BED_OVERFLOW,SIMULATED
DH-UP-LUK-001,Balrampur District Hospital Lucknow,Uttar Pradesh,Lucknow,UP-LUCKNOW,2026-07-06,2026-07-06T20:00:00,3072,2648,424,417,350,350,0,100.0,50,48,110,109,False,False,BED_OVERFLOW,SIMULATED
PHC-RJ-JAI-001,PHC Bassi,Rajasthan,Jaipur,RJ-JAIPUR,2026-07-06,2026-07-06T20:00:00,236,215,21,47,8,8,0,100.0,2,2,5,5,False,False,BED_OVERFLOW,SIMULATED
PHC-RJ-JAI-002,PHC Chaksu,Rajasthan,Jaipur,RJ-JAIPUR,2026-07-06,2026-07-06T20:00:00,178,159,19,28,6,6,0,100.0,2,2,4,4,False,False,BED_OVERFLOW,SIMULATED
PHC-RJ-JAI-003,PHC Amer,Rajasthan,Jaipur,RJ-JAIPUR,2026-07-06,2026-07-06T20:00:00,239,207,32,39,10,10,0,100.0,3,3,6,6,False,False,BED_OVERFLOW,SIMULATED
DH-RJ-JAI-001,Kanwatia District Hospital Jaipur,Rajasthan,Jaipur,RJ-JAIPUR,2026-07-06,2026-07-06T20:00:00,2701,2349,352,490,200,200,0,100.0,32,29,68,63,False,False,BED_OVERFLOW,SIMULATED
PHC-MH-PUN-001,PHC Mulshi,Maharashtra,Pune,MH-PUNE,2026-07-06,2026-07-06T20:00:00,158,141,17,27,8,8,0,100.0,2,2,5,5,False,False,BED_OVERFLOW,SIMULATED
PHC-MH-PUN-002,PHC Haveli,Maharashtra,Pune,MH-PUNE,2026-07-06,2026-07-06T20:00:00,288,255,33,58,10,10,0,100.0,3,3,6,6,False,False,BED_OVERFLOW,SIMULATED
PHC-MH-PUN-003,PHC Khed,Maharashtra,Pune,MH-PUNE,2026-07-06,2026-07-06T20:00:00,227,208,19,38,8,8,0,100.0,2,2,5,5,False,False,BED_OVERFLOW,SIMULATED
DH-MH-PUN-001,Aundh District Hospital Pune,Maharashtra,Pune,MH-PUNE,2026-07-06,2026-07-06T20:00:00,2998,2607,391,326,300,300,0,100.0,42,35,90,84,False,False,BED_OVERFLOW,SIMULATED
PHC-KA-BEN-001,PHC Yelahanka,Karnataka,Bengaluru Urban,KA-BENGALURU-U,2026-07-06,2026-07-06T20:00:00,338,294,44,34,10,10,0,100.0,3,3,7,7,False,False,BED_OVERFLOW,SIMULATED
PHC-KA-BEN-002,PHC Anekal,Karnataka,Bengaluru Urban,KA-BENGALURU-U,2026-07-06,2026-07-06T20:00:00,225,200,25,25,8,8,0,100.0,2,2,5,5,False,False,BED_OVERFLOW,SIMULATED
PHC-KA-BEN-003,PHC Kengeri,Karnataka,Bengaluru Urban,KA-BENGALURU-U,2026-07-06,2026-07-06T20:00:00,250,218,32,43,10,10,0,100.0,3,3,6,6,False,False,BED_OVERFLOW,SIMULATED
DH-KA-BEN-001,KC General District Hospital Malleshwaram,Karnataka,Bengaluru Urban,KA-BENGALURU-U,2026-07-06,2026-07-06T20:00:00,3399,3087,312,432,350,350,0,100.0,48,41,105,99,False,False,BED_OVERFLOW,SIMULATED
PHC-BR-PAT-001,PHC Bakhtiyarpur,Bihar,Patna,BR-PATNA,2026-07-07,2026-07-07T20:00:00,147,130,17,32,6,6,0,100.0,2,2,4,4,False,False,BED_OVERFLOW,SIMULATED
PHC-BR-PAT-002,PHC Danapur,Bihar,Patna,BR-PATNA,2026-07-07,2026-07-07T20:00:00,206,184,22,42,10,10,0,100.0,3,3,6,6,False,False,BED_OVERFLOW,SIMULATED
PHC-BR-PAT-003,PHC Bihta,Bihar,Patna,BR-PATNA,2026-07-07,2026-07-07T20:00:00,166,143,23,14,8,8,0,100.0,2,2,5,5,False,False,BED_OVERFLOW,SIMULATED
PHC-BR-PAT-004,PHC Fatuha,Bihar,Patna,BR-PATNA,2026-07-07,2026-07-07T20:00:00,147,133,14,31,6,6,0,100.0,2,2,4,4,False,False,BED_OVERFLOW,SIMULATED
PHC-BR-PAT-005,PHC Mokama,Bihar,Patna,BR-PATNA,2026-07-07,2026-07-07T20:00:00,147,127,20,23,8,8,0,100.0,2,2,4,4,False,False,BED_OVERFLOW,SIMULATED
CHC-BR-PAT-001,CHC Phulwari Sharif,Bihar,Patna,BR-PATNA,2026-07-07,2026-07-07T20:00:00,401,349,52,52,30,30,0,100.0,6,6,12,12,False,False,BED_OVERFLOW,SIMULATED
DH-BR-PAT-001,District Hospital Gardanibagh,Bihar,Patna,BR-PATNA,2026-07-07,2026-07-07T20:00:00,1361,1211,150,274,150,150,0,100.0,24,21,45,44,False,False,BED_OVERFLOW,SIMULATED
PHC-BR-GAY-001,PHC Bodh Gaya,Bihar,Gaya,BR-GAYA,2026-07-07,2026-07-07T20:00:00,172,149,23,18,8,8,0,100.0,2,2,4,4,False,False,BED_OVERFLOW,SIMULATED
PHC-BR-GAY-002,PHC Sherghati,Bihar,Gaya,BR-GAYA,2026-07-07,2026-07-07T20:00:00,138,125,13,20,6,6,0,100.0,2,2,4,4,False,False,BED_OVERFLOW,SIMULATED
PHC-BR-GAY-003,PHC Tekari,Bihar,Gaya,BR-GAYA,2026-07-07,2026-07-07T20:00:00,109,98,11,15,6,6,0,100.0,2,2,3,3,False,False,BED_OVERFLOW,SIMULATED
DH-BR-GAY-001,Jay Prakash Narayan District Hospital Gaya,Bihar,Gaya,BR-GAYA,2026-07-07,2026-07-07T20:00:00,1751,1561,190,333,200,200,0,100.0,30,27,60,60,False,False,BED_OVERFLOW,SIMULATED
PHC-UP-VAR-001,PHC Cholapur,Uttar Pradesh,Varanasi,UP-VARANASI,2026-07-07,2026-07-07T20:00:00,171,156,15,36,6,6,0,100.0,2,2,4,4,False,False,BED_OVERFLOW,SIMULATED
PHC-UP-VAR-002,PHC Pindra,Uttar Pradesh,Varanasi,UP-VARANASI,2026-07-07,2026-07-07T20:00:00,175,155,20,32,8,8,0,100.0,3,3,5,5,False,False,BED_OVERFLOW,SIMULATED
PHC-UP-VAR-003,PHC Sevapuri,Uttar Pradesh,Varanasi,UP-VARANASI,2026-07-07,2026-07-07T20:00:00,143,125,18,19,6,6,0,100.0,2,2,4,4,False,False,BED_OVERFLOW,SIMULATED
PHC-UP-VAR-004,PHC Kashi Vidyapeeth,Uttar Pradesh,Varanasi,UP-VARANASI,2026-07-07,2026-07-07T20:00:00,232,200,32,48,10,10,0,100.0,3,3,6,6,False,False,BED_OVERFLOW,SIMULATED
CHC-UP-VAR-001,CHC Misirpur,Uttar Pradesh,Varanasi,UP-VARANASI,2026-07-07,2026-07-07T20:00:00,471,432,39,90,30,30,0,100.0,7,7,14,13,False,False,BED_OVERFLOW,SIMULATED
DH-UP-VAR-001,Pandit Deen Dayal Upadhyay District Hospital,Uttar Pradesh,Varanasi,UP-VARANASI,2026-07-07,2026-07-07T20:00:00,2075,1894,181,369,250,250,0,100.0,38,36,75,68,False,False,BED_OVERFLOW,SIMULATED
PHC-UP-LUK-001,PHC Bakshi Ka Talab,Uttar Pradesh,Lucknow,UP-LUCKNOW,2026-07-07,2026-07-07T20:00:00,221,194,27,43,10,10,0,100.0,3,3,6,6,False,False,BED_OVERFLOW,SIMULATED
PHC-UP-LUK-002,PHC Malihabad,Uttar Pradesh,Lucknow,UP-LUCKNOW,2026-07-07,2026-07-07T20:00:00,178,157,21,30,8,8,0,100.0,2,2,5,5,False,False,BED_OVERFLOW,SIMULATED
PHC-UP-LUK-003,PHC Mohanlalganj,Uttar Pradesh,Lucknow,UP-LUCKNOW,2026-07-07,2026-07-07T20:00:00,166,147,19,21,8,8,0,100.0,2,2,5,5,False,False,BED_OVERFLOW,SIMULATED
DH-UP-LUK-001,Balrampur District Hospital Lucknow,Uttar Pradesh,Lucknow,UP-LUCKNOW,2026-07-07,2026-07-07T20:00:00,2892,2639,253,265,350,350,0,100.0,50,44,110,106,False,False,BED_OVERFLOW,SIMULATED
PHC-RJ-JAI-001,PHC Bassi,Rajasthan,Jaipur,RJ-JAIPUR,2026-07-07,2026-07-07T20:00:00,178,162,16,27,8,8,0,100.0,2,2,5,5,False,False,BED_OVERFLOW,SIMULATED
PHC-RJ-JAI-002,PHC Chaksu,Rajasthan,Jaipur,RJ-JAIPUR,2026-07-07,2026-07-07T20:00:00,134,117,17,17,6,6,0,100.0,2,2,4,4,False,False,BED_OVERFLOW,SIMULATED
PHC-RJ-JAI-003,PHC Amer,Rajasthan,Jaipur,RJ-JAIPUR,2026-07-07,2026-07-07T20:00:00,185,165,20,21,10,10,0,100.0,3,3,6,6,False,False,BED_OVERFLOW,SIMULATED
DH-RJ-JAI-001,Kanwatia District Hospital Jaipur,Rajasthan,Jaipur,RJ-JAIPUR,2026-07-07,2026-07-07T20:00:00,1834,1632,202,334,200,200,0,100.0,32,28,68,63,False,False,BED_OVERFLOW,SIMULATED
PHC-MH-PUN-001,PHC Mulshi,Maharashtra,Pune,MH-PUNE,2026-07-07,2026-07-07T20:00:00,134,116,18,24,8,8,0,100.0,2,2,5,5,False,False,BED_OVERFLOW,SIMULATED
PHC-MH-PUN-002,PHC Haveli,Maharashtra,Pune,MH-PUNE,2026-07-07,2026-07-07T20:00:00,224,192,32,28,10,10,0,100.0,3,3,6,6,False,False,BED_OVERFLOW,SIMULATED
PHC-MH-PUN-003,PHC Khed,Maharashtra,Pune,MH-PUNE,2026-07-07,2026-07-07T20:00:00,177,159,18,37,8,8,0,100.0,2,2,5,5,False,False,BED_OVERFLOW,SIMULATED
DH-MH-PUN-001,Aundh District Hospital Pune,Maharashtra,Pune,MH-PUNE,2026-07-07,2026-07-07T20:00:00,2584,2268,316,447,300,300,0,100.0,42,39,90,79,False,False,BED_OVERFLOW,SIMULATED
PHC-KA-BEN-001,PHC Yelahanka,Karnataka,Bengaluru Urban,KA-BENGALURU-U,2026-07-07,2026-07-07T20:00:00,263,232,31,48,10,10,0,100.0,3,3,7,7,False,False,BED_OVERFLOW,SIMULATED
PHC-KA-BEN-002,PHC Anekal,Karnataka,Bengaluru Urban,KA-BENGALURU-U,2026-07-07,2026-07-07T20:00:00,193,174,19,27,8,8,0,100.0,2,2,5,5,False,False,BED_OVERFLOW,SIMULATED
PHC-KA-BEN-003,PHC Kengeri,Karnataka,Bengaluru Urban,KA-BENGALURU-U,2026-07-07,2026-07-07T20:00:00,206,178,28,28,10,10,0,100.0,3,3,6,6,False,False,BED_OVERFLOW,SIMULATED
DH-KA-BEN-001,KC General District Hospital Malleshwaram,Karnataka,Bengaluru Urban,KA-BENGALURU-U,2026-07-07,2026-07-07T20:00:00,3029,2727,302,413,350,350,0,100.0,48,46,105,103,False,False,BED_OVERFLOW,SIMULATED
PHC-BR-PAT-001,PHC Bakhtiyarpur,Bihar,Patna,BR-PATNA,2026-07-08,2026-07-08T20:00:00,167,149,18,28,6,6,0,100.0,2,2,4,4,False,False,BED_OVERFLOW,SIMULATED
PHC-BR-PAT-002,PHC Danapur,Bihar,Patna,BR-PATNA,2026-07-08,2026-07-08T20:00:00,227,205,22,31,10,10,0,100.0,3,3,6,6,False,False,BED_OVERFLOW,SIMULATED
PHC-BR-PAT-003,PHC Bihta,Bihar,Patna,BR-PATNA,2026-07-08,2026-07-08T20:00:00,166,147,19,35,8,8,0,100.0,2,2,5,5,False,False,BED_OVERFLOW,SIMULATED
PHC-BR-PAT-004,PHC Fatuha,Bihar,Patna,BR-PATNA,2026-07-08,2026-07-08T20:00:00,150,133,17,12,6,6,0,100.0,2,2,4,4,False,False,BED_OVERFLOW,SIMULATED
PHC-BR-PAT-005,PHC Mokama,Bihar,Patna,BR-PATNA,2026-07-08,2026-07-08T20:00:00,170,147,23,33,8,8,0,100.0,2,2,4,4,False,False,BED_OVERFLOW,SIMULATED
CHC-BR-PAT-001,CHC Phulwari Sharif,Bihar,Patna,BR-PATNA,2026-07-08,2026-07-08T20:00:00,435,387,48,41,30,30,0,100.0,6,6,12,11,False,False,BED_OVERFLOW,SIMULATED
DH-BR-PAT-001,District Hospital Gardanibagh,Bihar,Patna,BR-PATNA,2026-07-08,2026-07-08T20:00:00,1255,1081,174,125,150,150,0,100.0,24,22,45,45,False,False,BED_OVERFLOW,SIMULATED
PHC-BR-GAY-001,PHC Bodh Gaya,Bihar,Gaya,BR-GAYA,2026-07-08,2026-07-08T20:00:00,159,139,20,19,8,8,0,100.0,2,2,4,4,False,False,BED_OVERFLOW,SIMULATED
PHC-BR-GAY-002,PHC Sherghati,Bihar,Gaya,BR-GAYA,2026-07-08,2026-07-08T20:00:00,129,115,14,11,6,6,0,100.0,2,2,4,4,False,False,BED_OVERFLOW,SIMULATED
PHC-BR-GAY-003,PHC Tekari,Bihar,Gaya,BR-GAYA,2026-07-08,2026-07-08T20:00:00,115,102,13,14,6,6,0,100.0,2,2,3,3,False,False,BED_OVERFLOW,SIMULATED
DH-BR-GAY-001,Jay Prakash Narayan District Hospital Gaya,Bihar,Gaya,BR-GAYA,2026-07-08,2026-07-08T20:00:00,1782,1546,236,177,200,200,0,100.0,30,29,60,58,False,False,BED_OVERFLOW,SIMULATED
PHC-UP-VAR-001,PHC Cholapur,Uttar Pradesh,Varanasi,UP-VARANASI,2026-07-08,2026-07-08T20:00:00,168,145,23,30,6,6,0,100.0,2,2,4,4,False,False,BED_OVERFLOW,SIMULATED
PHC-UP-VAR-002,PHC Pindra,Uttar Pradesh,Varanasi,UP-VARANASI,2026-07-08,2026-07-08T20:00:00,184,162,22,37,8,8,0,100.0,3,3,5,5,False,False,BED_OVERFLOW,SIMULATED
PHC-UP-VAR-003,PHC Sevapuri,Uttar Pradesh,Varanasi,UP-VARANASI,2026-07-08,2026-07-08T20:00:00,153,135,18,18,6,6,0,100.0,2,2,4,4,False,False,BED_OVERFLOW,SIMULATED
PHC-UP-VAR-004,PHC Kashi Vidyapeeth,Uttar Pradesh,Varanasi,UP-VARANASI,2026-07-08,2026-07-08T20:00:00,228,204,24,42,10,10,0,100.0,3,3,6,6,False,False,BED_OVERFLOW,SIMULATED
CHC-UP-VAR-001,CHC Misirpur,Uttar Pradesh,Varanasi,UP-VARANASI,2026-07-08,2026-07-08T20:00:00,388,335,53,82,30,30,0,100.0,7,7,14,14,False,False,BED_OVERFLOW,SIMULATED
DH-UP-VAR-001,Pandit Deen Dayal Upadhyay District Hospital,Uttar Pradesh,Varanasi,UP-VARANASI,2026-07-08,2026-07-08T20:00:00,1924,1714,210,356,250,250,0,100.0,38,31,75,72,False,False,BED_OVERFLOW,SIMULATED
PHC-UP-LUK-001,PHC Bakshi Ka Talab,Uttar Pradesh,Lucknow,UP-LUCKNOW,2026-07-08,2026-07-08T20:00:00,208,185,23,44,10,10,0,100.0,3,3,6,6,False,False,BED_OVERFLOW,SIMULATED
PHC-UP-LUK-002,PHC Malihabad,Uttar Pradesh,Lucknow,UP-LUCKNOW,2026-07-08,2026-07-08T20:00:00,166,151,15,26,8,8,0,100.0,2,2,5,5,False,False,BED_OVERFLOW,SIMULATED
PHC-UP-LUK-003,PHC Mohanlalganj,Uttar Pradesh,Lucknow,UP-LUCKNOW,2026-07-08,2026-07-08T20:00:00,182,162,20,27,8,8,0,100.0,2,2,5,5,False,False,BED_OVERFLOW,SIMULATED
DH-UP-LUK-001,Balrampur District Hospital Lucknow,Uttar Pradesh,Lucknow,UP-LUCKNOW,2026-07-08,2026-07-08T20:00:00,2525,2175,350,388,350,350,0,100.0,50,41,110,110,False,False,BED_OVERFLOW,SIMULATED
PHC-RJ-JAI-001,PHC Bassi,Rajasthan,Jaipur,RJ-JAIPUR,2026-07-08,2026-07-08T20:00:00,165,147,18,19,8,8,0,100.0,2,2,5,5,False,False,BED_OVERFLOW,SIMULATED
PHC-RJ-JAI-002,PHC Chaksu,Rajasthan,Jaipur,RJ-JAIPUR,2026-07-08,2026-07-08T20:00:00,162,148,14,28,6,6,0,100.0,2,2,4,4,False,False,BED_OVERFLOW,SIMULATED
PHC-RJ-JAI-003,PHC Amer,Rajasthan,Jaipur,RJ-JAIPUR,2026-07-08,2026-07-08T20:00:00,196,176,20,23,10,10,0,100.0,3,3,6,6,False,False,BED_OVERFLOW,SIMULATED
DH-RJ-JAI-001,Kanwatia District Hospital Jaipur,Rajasthan,Jaipur,RJ-JAIPUR,2026-07-08,2026-07-08T20:00:00,1779,1557,222,376,200,200,0,100.0,32,26,68,61,False,False,BED_OVERFLOW,SIMULATED
PHC-MH-PUN-001,PHC Mulshi,Maharashtra,Pune,MH-PUNE,2026-07-08,2026-07-08T20:00:00,139,124,15,15,8,8,0,100.0,2,2,5,5,False,False,BED_OVERFLOW,SIMULATED
PHC-MH-PUN-002,PHC Haveli,Maharashtra,Pune,MH-PUNE,2026-07-08,2026-07-08T20:00:00,229,200,29,28,10,10,0,100.0,3,3,6,6,False,False,BED_OVERFLOW,SIMULATED
PHC-MH-PUN-003,PHC Khed,Maharashtra,Pune,MH-PUNE,2026-07-08,2026-07-08T20:00:00,167,149,18,34,8,8,0,100.0,2,2,5,5,False,False,BED_OVERFLOW,SIMULATED
DH-MH-PUN-001,Aundh District Hospital Pune,Maharashtra,Pune,MH-PUNE,2026-07-08,2026-07-08T20:00:00,2190,1896,294,409,300,300,0,100.0,42,35,90,85,False,False,BED_OVERFLOW,SIMULATED
PHC-KA-BEN-001,PHC Yelahanka,Karnataka,Bengaluru Urban,KA-BENGALURU-U,2026-07-08,2026-07-08T20:00:00,265,234,31,52,10,10,0,100.0,3,3,7,7,False,False,BED_OVERFLOW,SIMULATED
PHC-KA-BEN-002,PHC Anekal,Karnataka,Bengaluru Urban,KA-BENGALURU-U,2026-07-08,2026-07-08T20:00:00,200,178,22,20,8,8,0,100.0,2,2,5,5,False,False,BED_OVERFLOW,SIMULATED
PHC-KA-BEN-003,PHC Kengeri,Karnataka,Bengaluru Urban,KA-BENGALURU-U,2026-07-08,2026-07-08T20:00:00,236,210,26,20,10,10,0,100.0,3,3,6,6,False,False,BED_OVERFLOW,SIMULATED
DH-KA-BEN-001,KC General District Hospital Malleshwaram,Karnataka,Bengaluru Urban,KA-BENGALURU-U,2026-07-08,2026-07-08T20:00:00,3029,2723,306,313,350,350,0,100.0,48,48,105,94,False,False,BED_OVERFLOW,SIMULATED
PHC-BR-PAT-001,PHC Bakhtiyarpur,Bihar,Patna,BR-PATNA,2026-07-09,2026-07-09T20:00:00,163,142,21,28,6,6,0,100.0,2,2,4,4,False,False,BED_OVERFLOW,SIMULATED
PHC-BR-PAT-002,PHC Danapur,Bihar,Patna,BR-PATNA,2026-07-09,2026-07-09T20:00:00,221,201,20,26,10,10,0,100.0,3,3,6,6,False,False,BED_OVERFLOW,SIMULATED
PHC-BR-PAT-003,PHC Bihta,Bihar,Patna,BR-PATNA,2026-07-09,2026-07-09T20:00:00,196,169,27,34,8,8,0,100.0,2,2,5,5,False,False,BED_OVERFLOW,SIMULATED
PHC-BR-PAT-004,PHC Fatuha,Bihar,Patna,BR-PATNA,2026-07-09,2026-07-09T20:00:00,128,116,12,14,6,6,0,100.0,2,2,4,4,False,False,BED_OVERFLOW,SIMULATED
PHC-BR-PAT-005,PHC Mokama,Bihar,Patna,BR-PATNA,2026-07-09,2026-07-09T20:00:00,164,150,14,27,8,8,0,100.0,2,2,4,4,False,False,BED_OVERFLOW,SIMULATED
CHC-BR-PAT-001,CHC Phulwari Sharif,Bihar,Patna,BR-PATNA,2026-07-09,2026-07-09T20:00:00,433,389,44,54,30,30,0,100.0,6,6,12,11,False,False,BED_OVERFLOW,SIMULATED
DH-BR-PAT-001,District Hospital Gardanibagh,Bihar,Patna,BR-PATNA,2026-07-09,2026-07-09T20:00:00,1312,1200,112,129,150,150,0,100.0,24,23,45,39,False,False,BED_OVERFLOW,SIMULATED
PHC-BR-GAY-001,PHC Bodh Gaya,Bihar,Gaya,BR-GAYA,2026-07-09,2026-07-09T20:00:00,166,142,24,17,8,8,0,100.0,2,2,4,4,False,False,BED_OVERFLOW,SIMULATED
PHC-BR-GAY-002,PHC Sherghati,Bihar,Gaya,BR-GAYA,2026-07-09,2026-07-09T20:00:00,130,114,16,11,6,6,0,100.0,2,2,4,4,False,False,BED_OVERFLOW,SIMULATED
PHC-BR-GAY-003,PHC Tekari,Bihar,Gaya,BR-GAYA,2026-07-09,2026-07-09T20:00:00,102,93,9,19,6,6,0,100.0,2,2,3,3,False,False,BED_OVERFLOW,SIMULATED
DH-BR-GAY-001,Jay Prakash Narayan District Hospital Gaya,Bihar,Gaya,BR-GAYA,2026-07-09,2026-07-09T20:00:00,1626,1435,191,266,200,200,0,100.0,30,30,60,59,False,False,BED_OVERFLOW,SIMULATED
PHC-UP-VAR-001,PHC Cholapur,Uttar Pradesh,Varanasi,UP-VARANASI,2026-07-09,2026-07-09T20:00:00,173,158,15,16,6,6,0,100.0,2,2,4,4,False,False,BED_OVERFLOW,SIMULATED
PHC-UP-VAR-002,PHC Pindra,Uttar Pradesh,Varanasi,UP-VARANASI,2026-07-09,2026-07-09T20:00:00,190,171,19,35,8,8,0,100.0,3,3,5,5,False,False,BED_OVERFLOW,SIMULATED
PHC-UP-VAR-003,PHC Sevapuri,Uttar Pradesh,Varanasi,UP-VARANASI,2026-07-09,2026-07-09T20:00:00,141,128,13,23,6,6,0,100.0,2,2,4,4,False,False,BED_OVERFLOW,SIMULATED
PHC-UP-VAR-004,PHC Kashi Vidyapeeth,Uttar Pradesh,Varanasi,UP-VARANASI,2026-07-09,2026-07-09T20:00:00,249,228,21,21,10,10,0,100.0,3,3,6,6,False,False,BED_OVERFLOW,SIMULATED
CHC-UP-VAR-001,CHC Misirpur,Uttar Pradesh,Varanasi,UP-VARANASI,2026-07-09,2026-07-09T20:00:00,491,422,69,106,30,30,0,100.0,7,6,14,13,False,False,BED_OVERFLOW,SIMULATED
DH-UP-VAR-001,Pandit Deen Dayal Upadhyay District Hospital,Uttar Pradesh,Varanasi,UP-VARANASI,2026-07-09,2026-07-09T20:00:00,1870,1664,206,194,250,250,0,100.0,38,37,75,72,False,False,BED_OVERFLOW,SIMULATED
PHC-UP-LUK-001,PHC Bakshi Ka Talab,Uttar Pradesh,Lucknow,UP-LUCKNOW,2026-07-09,2026-07-09T20:00:00,192,172,20,20,10,10,0,100.0,3,3,6,6,False,False,BED_OVERFLOW,SIMULATED
PHC-UP-LUK-002,PHC Malihabad,Uttar Pradesh,Lucknow,UP-LUCKNOW,2026-07-09,2026-07-09T20:00:00,181,165,16,36,8,8,0,100.0,2,2,5,5,False,False,BED_OVERFLOW,SIMULATED
PHC-UP-LUK-003,PHC Mohanlalganj,Uttar Pradesh,Lucknow,UP-LUCKNOW,2026-07-09,2026-07-09T20:00:00,184,167,17,15,8,8,0,100.0,2,2,5,5,False,False,BED_OVERFLOW,SIMULATED
DH-UP-LUK-001,Balrampur District Hospital Lucknow,Uttar Pradesh,Lucknow,UP-LUCKNOW,2026-07-09,2026-07-09T20:00:00,2595,2337,258,528,350,350,0,100.0,50,45,110,105,False,False,BED_OVERFLOW,SIMULATED
PHC-RJ-JAI-001,PHC Bassi,Rajasthan,Jaipur,RJ-JAIPUR,2026-07-09,2026-07-09T20:00:00,166,149,17,33,8,8,0,100.0,2,2,5,5,False,False,BED_OVERFLOW,SIMULATED
PHC-RJ-JAI-002,PHC Chaksu,Rajasthan,Jaipur,RJ-JAIPUR,2026-07-09,2026-07-09T20:00:00,160,138,22,24,6,6,0,100.0,2,2,4,4,False,False,BED_OVERFLOW,SIMULATED
PHC-RJ-JAI-003,PHC Amer,Rajasthan,Jaipur,RJ-JAIPUR,2026-07-09,2026-07-09T20:00:00,187,168,19,16,10,10,0,100.0,3,3,6,6,False,False,BED_OVERFLOW,SIMULATED
DH-RJ-JAI-001,Kanwatia District Hospital Jaipur,Rajasthan,Jaipur,RJ-JAIPUR,2026-07-09,2026-07-09T20:00:00,1951,1723,228,247,200,200,0,100.0,32,31,68,68,False,False,BED_OVERFLOW,SIMULATED
PHC-MH-PUN-001,PHC Mulshi,Maharashtra,Pune,MH-PUNE,2026-07-09,2026-07-09T20:00:00,134,117,17,23,8,8,0,100.0,2,2,5,5,False,False,BED_OVERFLOW,SIMULATED
PHC-MH-PUN-002,PHC Haveli,Maharashtra,Pune,MH-PUNE,2026-07-09,2026-07-09T20:00:00,212,186,26,18,10,10,0,100.0,3,3,6,6,False,False,BED_OVERFLOW,SIMULATED
PHC-MH-PUN-003,PHC Khed,Maharashtra,Pune,MH-PUNE,2026-07-09,2026-07-09T20:00:00,169,145,24,32,8,8,0,100.0,2,2,5,5,False,False,BED_OVERFLOW,SIMULATED
DH-MH-PUN-001,Aundh District Hospital Pune,Maharashtra,Pune,MH-PUNE,2026-07-09,2026-07-09T20:00:00,2283,2028,255,489,300,300,0,100.0,42,41,90,84,False,False,BED_OVERFLOW,SIMULATED
PHC-KA-BEN-001,PHC Yelahanka,Karnataka,Bengaluru Urban,KA-BENGALURU-U,2026-07-09,2026-07-09T20:00:00,241,210,31,21,10,10,0,100.0,3,3,7,7,False,False,BED_OVERFLOW,SIMULATED
PHC-KA-BEN-002,PHC Anekal,Karnataka,Bengaluru Urban,KA-BENGALURU-U,2026-07-09,2026-07-09T20:00:00,209,185,24,20,8,8,0,100.0,2,2,5,5,False,False,BED_OVERFLOW,SIMULATED
PHC-KA-BEN-003,PHC Kengeri,Karnataka,Bengaluru Urban,KA-BENGALURU-U,2026-07-09,2026-07-09T20:00:00,228,208,20,40,10,10,0,100.0,3,3,6,6,False,False,BED_OVERFLOW,SIMULATED
DH-KA-BEN-001,KC General District Hospital Malleshwaram,Karnataka,Bengaluru Urban,KA-BENGALURU-U,2026-07-09,2026-07-09T20:00:00,2799,2416,383,463,350,350,0,100.0,48,40,105,91,False,False,BED_OVERFLOW,SIMULATED
PHC-BR-PAT-001,PHC Bakhtiyarpur,Bihar,Patna,BR-PATNA,2026-07-10,2026-07-10T20:00:00,133,114,19,26,6,6,0,100.0,2,2,4,4,False,False,BED_OVERFLOW,SIMULATED
PHC-BR-PAT-002,PHC Danapur,Bihar,Patna,BR-PATNA,2026-07-10,2026-07-10T20:00:00,190,173,17,36,10,10,0,100.0,3,3,6,6,False,False,BED_OVERFLOW,SIMULATED
PHC-BR-PAT-003,PHC Bihta,Bihar,Patna,BR-PATNA,2026-07-10,2026-07-10T20:00:00,154,136,18,25,8,8,0,100.0,2,2,5,5,False,False,BED_OVERFLOW,SIMULATED
PHC-BR-PAT-004,PHC Fatuha,Bihar,Patna,BR-PATNA,2026-07-10,2026-07-10T20:00:00,125,107,18,19,6,6,0,100.0,2,2,4,4,False,False,BED_OVERFLOW,SIMULATED
PHC-BR-PAT-005,PHC Mokama,Bihar,Patna,BR-PATNA,2026-07-10,2026-07-10T20:00:00,146,131,15,23,8,8,0,100.0,2,2,4,4,False,False,BED_OVERFLOW,SIMULATED
CHC-BR-PAT-001,CHC Phulwari Sharif,Bihar,Patna,BR-PATNA,2026-07-10,2026-07-10T20:00:00,368,327,41,47,30,30,0,100.0,6,6,12,11,False,False,BED_OVERFLOW,SIMULATED
DH-BR-PAT-001,District Hospital Gardanibagh,Bihar,Patna,BR-PATNA,2026-07-10,2026-07-10T20:00:00,1036,899,137,89,150,150,0,100.0,24,23,45,42,False,False,BED_OVERFLOW,SIMULATED
PHC-BR-GAY-001,PHC Bodh Gaya,Bihar,Gaya,BR-GAYA,2026-07-10,2026-07-10T20:00:00,127,114,13,16,8,8,0,100.0,2,2,4,4,False,False,BED_OVERFLOW,SIMULATED
PHC-BR-GAY-002,PHC Sherghati,Bihar,Gaya,BR-GAYA,2026-07-10,2026-07-10T20:00:00,100,88,12,16,6,6,0,100.0,2,2,4,4,False,False,BED_OVERFLOW,SIMULATED
PHC-BR-GAY-003,PHC Tekari,Bihar,Gaya,BR-GAYA,2026-07-10,2026-07-10T20:00:00,101,90,11,10,6,6,0,100.0,2,2,3,3,False,False,BED_OVERFLOW,SIMULATED
DH-BR-GAY-001,Jay Prakash Narayan District Hospital Gaya,Bihar,Gaya,BR-GAYA,2026-07-10,2026-07-10T20:00:00,1495,1290,205,191,200,200,0,100.0,30,28,60,53,False,False,BED_OVERFLOW,SIMULATED
PHC-UP-VAR-001,PHC Cholapur,Uttar Pradesh,Varanasi,UP-VARANASI,2026-07-10,2026-07-10T20:00:00,146,126,20,15,6,6,0,100.0,2,2,4,4,False,False,BED_OVERFLOW,SIMULATED
PHC-UP-VAR-002,PHC Pindra,Uttar Pradesh,Varanasi,UP-VARANASI,2026-07-10,2026-07-10T20:00:00,172,155,17,34,8,8,0,100.0,3,3,5,5,False,False,BED_OVERFLOW,SIMULATED
PHC-UP-VAR-003,PHC Sevapuri,Uttar Pradesh,Varanasi,UP-VARANASI,2026-07-10,2026-07-10T20:00:00,129,113,16,12,6,6,0,100.0,2,2,4,4,False,False,BED_OVERFLOW,SIMULATED
PHC-UP-VAR-004,PHC Kashi Vidyapeeth,Uttar Pradesh,Varanasi,UP-VARANASI,2026-07-10,2026-07-10T20:00:00,230,210,20,38,10,10,0,100.0,3,3,6,6,False,False,BED_OVERFLOW,SIMULATED
CHC-UP-VAR-001,CHC Misirpur,Uttar Pradesh,Varanasi,UP-VARANASI,2026-07-10,2026-07-10T20:00:00,410,364,46,76,30,30,0,100.0,7,7,14,13,False,False,BED_OVERFLOW,SIMULATED
DH-UP-VAR-001,Pandit Deen Dayal Upadhyay District Hospital,Uttar Pradesh,Varanasi,UP-VARANASI,2026-07-10,2026-07-10T20:00:00,1712,1513,199,334,250,250,0,100.0,38,31,75,68,False,False,BED_OVERFLOW,SIMULATED
PHC-UP-LUK-001,PHC Bakshi Ka Talab,Uttar Pradesh,Lucknow,UP-LUCKNOW,2026-07-10,2026-07-10T20:00:00,169,150,19,16,10,10,0,100.0,3,3,6,6,False,False,BED_OVERFLOW,SIMULATED
PHC-UP-LUK-002,PHC Malihabad,Uttar Pradesh,Lucknow,UP-LUCKNOW,2026-07-10,2026-07-10T20:00:00,150,132,18,32,8,8,0,100.0,2,2,5,5,False,False,BED_OVERFLOW,SIMULATED
PHC-UP-LUK-003,PHC Mohanlalganj,Uttar Pradesh,Lucknow,UP-LUCKNOW,2026-07-10,2026-07-10T20:00:00,155,135,20,16,8,8,0,100.0,2,2,5,5,False,False,BED_OVERFLOW,SIMULATED
DH-UP-LUK-001,Balrampur District Hospital Lucknow,Uttar Pradesh,Lucknow,UP-LUCKNOW,2026-07-10,2026-07-10T20:00:00,2498,2174,324,291,350,350,0,100.0,50,49,110,96,False,False,BED_OVERFLOW,SIMULATED
PHC-RJ-JAI-001,PHC Bassi,Rajasthan,Jaipur,RJ-JAIPUR,2026-07-10,2026-07-10T20:00:00,145,130,15,29,8,8,0,100.0,2,2,5,5,False,False,BED_OVERFLOW,SIMULATED
PHC-RJ-JAI-002,PHC Chaksu,Rajasthan,Jaipur,RJ-JAIPUR,2026-07-10,2026-07-10T20:00:00,130,114,16,17,6,6,0,100.0,2,2,4,4,False,False,BED_OVERFLOW,SIMULATED
PHC-RJ-JAI-003,PHC Amer,Rajasthan,Jaipur,RJ-JAIPUR,2026-07-10,2026-07-10T20:00:00,182,163,19,25,10,10,0,100.0,3,3,6,6,False,False,BED_OVERFLOW,SIMULATED
DH-RJ-JAI-001,Kanwatia District Hospital Jaipur,Rajasthan,Jaipur,RJ-JAIPUR,2026-07-10,2026-07-10T20:00:00,1759,1526,233,187,200,200,0,100.0,32,31,68,62,False,False,BED_OVERFLOW,SIMULATED
PHC-MH-PUN-001,PHC Mulshi,Maharashtra,Pune,MH-PUNE,2026-07-10,2026-07-10T20:00:00,119,105,14,20,8,8,0,100.0,2,2,5,5,False,False,BED_OVERFLOW,SIMULATED
PHC-MH-PUN-002,PHC Haveli,Maharashtra,Pune,MH-PUNE,2026-07-10,2026-07-10T20:00:00,200,182,18,24,10,10,0,100.0,3,3,6,6,False,False,BED_OVERFLOW,SIMULATED
PHC-MH-PUN-003,PHC Khed,Maharashtra,Pune,MH-PUNE,2026-07-10,2026-07-10T20:00:00,145,127,18,14,8,8,0,100.0,2,2,5,5,False,False,BED_OVERFLOW,SIMULATED
DH-MH-PUN-001,Aundh District Hospital Pune,Maharashtra,Pune,MH-PUNE,2026-07-10,2026-07-10T20:00:00,1975,1784,191,374,300,300,0,100.0,42,39,90,79,False,False,BED_OVERFLOW,SIMULATED
PHC-KA-BEN-001,PHC Yelahanka,Karnataka,Bengaluru Urban,KA-BENGALURU-U,2026-07-10,2026-07-10T20:00:00,222,196,26,45,10,10,0,100.0,3,3,7,7,False,False,BED_OVERFLOW,SIMULATED
PHC-KA-BEN-002,PHC Anekal,Karnataka,Bengaluru Urban,KA-BENGALURU-U,2026-07-10,2026-07-10T20:00:00,162,141,21,29,8,8,0,100.0,2,2,5,5,False,False,BED_OVERFLOW,SIMULATED
PHC-KA-BEN-003,PHC Kengeri,Karnataka,Bengaluru Urban,KA-BENGALURU-U,2026-07-10,2026-07-10T20:00:00,174,154,20,28,10,10,0,100.0,3,3,6,6,False,False,BED_OVERFLOW,SIMULATED
DH-KA-BEN-001,KC General District Hospital Malleshwaram,Karnataka,Bengaluru Urban,KA-BENGALURU-U,2026-07-10,2026-07-10T20:00:00,2519,2197,322,517,350,350,0,100.0,48,41,105,93,False,False,BED_OVERFLOW,SIMULATED
PHC-BR-PAT-001,PHC Bakhtiyarpur,Bihar,Patna,BR-PATNA,2026-07-11,2026-07-11T20:00:00,138,122,16,18,6,6,0,100.0,2,2,4,4,False,False,BED_OVERFLOW,SIMULATED
PHC-BR-PAT-002,PHC Danapur,Bihar,Patna,BR-PATNA,2026-07-11,2026-07-11T20:00:00,172,148,24,31,10,10,0,100.0,3,3,6,6,False,False,BED_OVERFLOW,SIMULATED
PHC-BR-PAT-003,PHC Bihta,Bihar,Patna,BR-PATNA,2026-07-11,2026-07-11T20:00:00,141,121,20,21,8,8,0,100.0,2,2,5,5,False,False,BED_OVERFLOW,SIMULATED
PHC-BR-PAT-004,PHC Fatuha,Bihar,Patna,BR-PATNA,2026-07-11,2026-07-11T20:00:00,116,102,14,17,6,6,0,100.0,2,2,4,4,False,False,BED_OVERFLOW,SIMULATED
PHC-BR-PAT-005,PHC Mokama,Bihar,Patna,BR-PATNA,2026-07-11,2026-07-11T20:00:00,139,121,18,12,8,8,0,100.0,2,2,4,4,False,False,BED_OVERFLOW,SIMULATED
CHC-BR-PAT-001,CHC Phulwari Sharif,Bihar,Patna,BR-PATNA,2026-07-11,2026-07-11T20:00:00,370,330,40,33,30,30,0,100.0,6,6,12,11,False,False,BED_OVERFLOW,SIMULATED
DH-BR-PAT-001,District Hospital Gardanibagh,Bihar,Patna,BR-PATNA,2026-07-11,2026-07-11T20:00:00,1109,977,132,173,150,150,0,100.0,24,23,45,40,False,False,BED_OVERFLOW,SIMULATED
PHC-BR-GAY-001,PHC Bodh Gaya,Bihar,Gaya,BR-GAYA,2026-07-11,2026-07-11T20:00:00,135,122,13,25,8,8,0,100.0,2,2,4,4,False,False,BED_OVERFLOW,SIMULATED
PHC-BR-GAY-002,PHC Sherghati,Bihar,Gaya,BR-GAYA,2026-07-11,2026-07-11T20:00:00,109,94,15,21,6,6,0,100.0,2,2,4,4,False,False,BED_OVERFLOW,SIMULATED
PHC-BR-GAY-003,PHC Tekari,Bihar,Gaya,BR-GAYA,2026-07-11,2026-07-11T20:00:00,106,96,10,12,6,6,0,100.0,2,2,3,3,False,False,BED_OVERFLOW,SIMULATED
DH-BR-GAY-001,Jay Prakash Narayan District Hospital Gaya,Bihar,Gaya,BR-GAYA,2026-07-11,2026-07-11T20:00:00,1600,1454,146,297,200,200,0,100.0,30,28,60,60,False,False,BED_OVERFLOW,SIMULATED
PHC-UP-VAR-001,PHC Cholapur,Uttar Pradesh,Varanasi,UP-VARANASI,2026-07-11,2026-07-11T20:00:00,159,145,14,31,6,6,0,100.0,2,2,4,4,False,False,BED_OVERFLOW,SIMULATED
PHC-UP-VAR-002,PHC Pindra,Uttar Pradesh,Varanasi,UP-VARANASI,2026-07-11,2026-07-11T20:00:00,176,153,23,28,8,8,0,100.0,3,3,5,5,False,False,BED_OVERFLOW,SIMULATED
PHC-UP-VAR-003,PHC Sevapuri,Uttar Pradesh,Varanasi,UP-VARANASI,2026-07-11,2026-07-11T20:00:00,131,115,16,12,6,6,0,100.0,2,2,4,4,False,False,BED_OVERFLOW,SIMULATED
PHC-UP-VAR-004,PHC Kashi Vidyapeeth,Uttar Pradesh,Varanasi,UP-VARANASI,2026-07-11,2026-07-11T20:00:00,189,167,22,26,10,10,0,100.0,3,3,6,6,False,False,BED_OVERFLOW,SIMULATED
CHC-UP-VAR-001,CHC Misirpur,Uttar Pradesh,Varanasi,UP-VARANASI,2026-07-11,2026-07-11T20:00:00,353,322,31,43,30,30,0,100.0,7,7,14,14,False,False,BED_OVERFLOW,SIMULATED
DH-UP-VAR-001,Pandit Deen Dayal Upadhyay District Hospital,Uttar Pradesh,Varanasi,UP-VARANASI,2026-07-11,2026-07-11T20:00:00,1844,1625,219,205,250,250,0,100.0,38,37,75,73,False,False,BED_OVERFLOW,SIMULATED
PHC-UP-LUK-001,PHC Bakshi Ka Talab,Uttar Pradesh,Lucknow,UP-LUCKNOW,2026-07-11,2026-07-11T20:00:00,168,151,17,20,10,10,0,100.0,3,3,6,6,False,False,BED_OVERFLOW,SIMULATED
PHC-UP-LUK-002,PHC Malihabad,Uttar Pradesh,Lucknow,UP-LUCKNOW,2026-07-11,2026-07-11T20:00:00,151,131,20,32,8,8,0,100.0,2,2,5,5,False,False,BED_OVERFLOW,SIMULATED
PHC-UP-LUK-003,PHC Mohanlalganj,Uttar Pradesh,Lucknow,UP-LUCKNOW,2026-07-11,2026-07-11T20:00:00,175,160,15,28,8,8,0,100.0,2,2,5,5,False,False,BED_OVERFLOW,SIMULATED
DH-UP-LUK-001,Balrampur District Hospital Lucknow,Uttar Pradesh,Lucknow,UP-LUCKNOW,2026-07-11,2026-07-11T20:00:00,2633,2274,359,353,350,350,0,100.0,50,44,110,110,False,False,BED_OVERFLOW,SIMULATED
PHC-RJ-JAI-001,PHC Bassi,Rajasthan,Jaipur,RJ-JAIPUR,2026-07-11,2026-07-11T20:00:00,144,129,15,17,8,8,0,100.0,2,2,5,5,False,False,BED_OVERFLOW,SIMULATED
PHC-RJ-JAI-002,PHC Chaksu,Rajasthan,Jaipur,RJ-JAIPUR,2026-07-11,2026-07-11T20:00:00,131,119,12,21,6,6,0,100.0,2,2,4,4,False,False,BED_OVERFLOW,SIMULATED
PHC-RJ-JAI-003,PHC Amer,Rajasthan,Jaipur,RJ-JAIPUR,2026-07-11,2026-07-11T20:00:00,170,150,20,18,10,10,0,100.0,3,3,6,6,False,False,BED_OVERFLOW,SIMULATED
DH-RJ-JAI-001,Kanwatia District Hospital Jaipur,Rajasthan,Jaipur,RJ-JAIPUR,2026-07-11,2026-07-11T20:00:00,1613,1422,191,131,200,200,0,100.0,32,32,68,62,False,False,BED_OVERFLOW,SIMULATED
PHC-MH-PUN-001,PHC Mulshi,Maharashtra,Pune,MH-PUNE,2026-07-11,2026-07-11T20:00:00,113,103,10,11,8,8,0,100.0,2,2,5,5,False,False,BED_OVERFLOW,SIMULATED
PHC-MH-PUN-002,PHC Haveli,Maharashtra,Pune,MH-PUNE,2026-07-11,2026-07-11T20:00:00,207,189,18,22,10,10,0,100.0,3,3,6,6,False,False,BED_OVERFLOW,SIMULATED
PHC-MH-PUN-003,PHC Khed,Maharashtra,Pune,MH-PUNE,2026-07-11,2026-07-11T20:00:00,151,135,16,15,8,8,0,100.0,2,2,5,5,False,False,BED_OVERFLOW,SIMULATED
DH-MH-PUN-001,Aundh District Hospital Pune,Maharashtra,Pune,MH-PUNE,2026-07-11,2026-07-11T20:00:00,2255,2036,219,325,300,300,0,100.0,42,42,90,83,False,False,BED_OVERFLOW,SIMULATED
PHC-KA-BEN-001,PHC Yelahanka,Karnataka,Bengaluru Urban,KA-BENGALURU-U,2026-07-11,2026-07-11T20:00:00,205,186,19,33,10,10,0,100.0,3,3,7,7,False,False,BED_OVERFLOW,SIMULATED
PHC-KA-BEN-002,PHC Anekal,Karnataka,Bengaluru Urban,KA-BENGALURU-U,2026-07-11,2026-07-11T20:00:00,151,134,17,21,8,8,0,100.0,2,2,5,5,False,False,BED_OVERFLOW,SIMULATED
PHC-KA-BEN-003,PHC Kengeri,Karnataka,Bengaluru Urban,KA-BENGALURU-U,2026-07-11,2026-07-11T20:00:00,216,197,19,27,10,10,0,100.0,3,3,6,6,False,False,BED_OVERFLOW,SIMULATED
DH-KA-BEN-001,KC General District Hospital Malleshwaram,Karnataka,Bengaluru Urban,KA-BENGALURU-U,2026-07-11,2026-07-11T20:00:00,2451,2228,223,487,350,350,0,100.0,48,41,105,99,False,False,BED_OVERFLOW,SIMULATED
PHC-BR-PAT-001,PHC Bakhtiyarpur,Bihar,Patna,BR-PATNA,2026-07-12,2026-07-12T20:00:00,53,46,7,7,6,6,0,100.0,2,2,4,3,False,False,BED_OVERFLOW,SIMULATED
PHC-BR-PAT-002,PHC Danapur,Bihar,Patna,BR-PATNA,2026-07-12,2026-07-12T20:00:00,80,72,8,6,10,10,0,100.0,3,2,6,5,False,False,BED_OVERFLOW,SIMULATED
PHC-BR-PAT-003,PHC Bihta,Bihar,Patna,BR-PATNA,2026-07-12,2026-07-12T20:00:00,65,57,8,11,8,8,0,100.0,2,2,5,4,False,False,BED_OVERFLOW,SIMULATED
PHC-BR-PAT-004,PHC Fatuha,Bihar,Patna,BR-PATNA,2026-07-12,2026-07-12T20:00:00,52,47,5,7,6,6,0,100.0,2,2,4,3,False,False,BED_OVERFLOW,SIMULATED
PHC-BR-PAT-005,PHC Mokama,Bihar,Patna,BR-PATNA,2026-07-12,2026-07-12T20:00:00,62,56,6,9,8,8,0,100.0,2,2,4,3,False,False,BED_OVERFLOW,SIMULATED
CHC-BR-PAT-001,CHC Phulwari Sharif,Bihar,Patna,BR-PATNA,2026-07-12,2026-07-12T20:00:00,151,131,20,13,30,30,0,100.0,6,4,12,9,False,False,BED_OVERFLOW,SIMULATED
DH-BR-PAT-001,District Hospital Gardanibagh,Bihar,Patna,BR-PATNA,2026-07-12,2026-07-12T20:00:00,518,459,59,66,150,137,13,91.33,24,13,45,28,False,True,NORMAL,SIMULATED
PHC-BR-GAY-001,PHC Bodh Gaya,Bihar,Gaya,BR-GAYA,2026-07-12,2026-07-12T20:00:00,57,49,8,10,8,8,0,100.0,2,2,4,3,False,False,BED_OVERFLOW,SIMULATED
PHC-BR-GAY-002,PHC Sherghati,Bihar,Gaya,BR-GAYA,2026-07-12,2026-07-12T20:00:00,50,44,6,4,6,6,0,100.0,2,2,4,3,False,False,BED_OVERFLOW,SIMULATED
PHC-BR-GAY-003,PHC Tekari,Bihar,Gaya,BR-GAYA,2026-07-12,2026-07-12T20:00:00,45,39,6,5,6,6,0,100.0,2,2,3,3,False,False,BED_OVERFLOW,SIMULATED
DH-BR-GAY-001,Jay Prakash Narayan District Hospital Gaya,Bihar,Gaya,BR-GAYA,2026-07-12,2026-07-12T20:00:00,678,590,88,66,200,200,0,100.0,30,17,60,45,False,False,BED_OVERFLOW,SIMULATED
PHC-UP-VAR-001,PHC Cholapur,Uttar Pradesh,Varanasi,UP-VARANASI,2026-07-12,2026-07-12T20:00:00,61,52,9,7,6,6,0,100.0,2,2,4,3,False,False,BED_OVERFLOW,SIMULATED
PHC-UP-VAR-002,PHC Pindra,Uttar Pradesh,Varanasi,UP-VARANASI,2026-07-12,2026-07-12T20:00:00,67,61,6,10,8,8,0,100.0,3,2,5,4,False,False,BED_OVERFLOW,SIMULATED
PHC-UP-VAR-003,PHC Sevapuri,Uttar Pradesh,Varanasi,UP-VARANASI,2026-07-12,2026-07-12T20:00:00,50,44,6,8,6,6,0,100.0,2,2,4,3,False,False,BED_OVERFLOW,SIMULATED
PHC-UP-VAR-004,PHC Kashi Vidyapeeth,Uttar Pradesh,Varanasi,UP-VARANASI,2026-07-12,2026-07-12T20:00:00,84,74,10,13,10,10,0,100.0,3,2,6,4,False,True,BED_OVERFLOW,SIMULATED
CHC-UP-VAR-001,CHC Misirpur,Uttar Pradesh,Varanasi,UP-VARANASI,2026-07-12,2026-07-12T20:00:00,159,139,20,32,30,30,0,100.0,7,4,14,9,False,True,BED_OVERFLOW,SIMULATED
DH-UP-VAR-001,Pandit Deen Dayal Upadhyay District Hospital,Uttar Pradesh,Varanasi,UP-VARANASI,2026-07-12,2026-07-12T20:00:00,826,711,115,160,250,250,0,100.0,38,20,75,60,False,False,BED_OVERFLOW,SIMULATED
PHC-UP-LUK-001,PHC Bakshi Ka Talab,Uttar Pradesh,Lucknow,UP-LUCKNOW,2026-07-12,2026-07-12T20:00:00,70,60,10,13,10,10,0,100.0,3,2,6,4,False,True,BED_OVERFLOW,SIMULATED
PHC-UP-LUK-002,PHC Malihabad,Uttar Pradesh,Lucknow,UP-LUCKNOW,2026-07-12,2026-07-12T20:00:00,63,56,7,12,8,8,0,100.0,2,2,5,4,False,False,BED_OVERFLOW,SIMULATED
PHC-UP-LUK-003,PHC Mohanlalganj,Uttar Pradesh,Lucknow,UP-LUCKNOW,2026-07-12,2026-07-12T20:00:00,60,54,6,8,8,8,0,100.0,2,2,5,4,False,False,BED_OVERFLOW,SIMULATED
DH-UP-LUK-001,Balrampur District Hospital Lucknow,Uttar Pradesh,Lucknow,UP-LUCKNOW,2026-07-12,2026-07-12T20:00:00,1003,882,121,82,350,303,47,86.57,50,26,110,71,False,True,NORMAL,SIMULATED
PHC-RJ-JAI-001,PHC Bassi,Rajasthan,Jaipur,RJ-JAIPUR,2026-07-12,2026-07-12T20:00:00,65,56,9,11,8,8,0,100.0,2,2,5,4,False,False,BED_OVERFLOW,SIMULATED
PHC-RJ-JAI-002,PHC Chaksu,Rajasthan,Jaipur,RJ-JAIPUR,2026-07-12,2026-07-12T20:00:00,57,52,5,7,6,6,0,100.0,2,2,4,4,False,False,BED_OVERFLOW,SIMULATED
PHC-RJ-JAI-003,PHC Amer,Rajasthan,Jaipur,RJ-JAIPUR,2026-07-12,2026-07-12T20:00:00,64,57,7,12,10,10,0,100.0,3,2,6,4,False,True,BED_OVERFLOW,SIMULATED
DH-RJ-JAI-001,Kanwatia District Hospital Jaipur,Rajasthan,Jaipur,RJ-JAIPUR,2026-07-12,2026-07-12T20:00:00,720,623,97,90,200,200,0,100.0,32,19,68,54,False,False,BED_OVERFLOW,SIMULATED
PHC-MH-PUN-001,PHC Mulshi,Maharashtra,Pune,MH-PUNE,2026-07-12,2026-07-12T20:00:00,50,45,5,4,8,8,0,100.0,2,2,5,4,False,False,BED_OVERFLOW,SIMULATED
PHC-MH-PUN-002,PHC Haveli,Maharashtra,Pune,MH-PUNE,2026-07-12,2026-07-12T20:00:00,85,78,7,14,10,10,0,100.0,3,2,6,5,False,False,BED_OVERFLOW,SIMULATED
PHC-MH-PUN-003,PHC Khed,Maharashtra,Pune,MH-PUNE,2026-07-12,2026-07-12T20:00:00,62,54,8,9,8,8,0,100.0,2,2,5,4,False,False,BED_OVERFLOW,SIMULATED
DH-MH-PUN-001,Aundh District Hospital Pune,Maharashtra,Pune,MH-PUNE,2026-07-12,2026-07-12T20:00:00,788,678,110,65,300,284,16,94.67,42,23,90,59,False,True,NORMAL,SIMULATED
PHC-KA-BEN-001,PHC Yelahanka,Karnataka,Bengaluru Urban,KA-BENGALURU-U,2026-07-12,2026-07-12T20:00:00,88,77,11,10,10,10,0,100.0,3,2,7,5,False,False,BED_OVERFLOW,SIMULATED
PHC-KA-BEN-002,PHC Anekal,Karnataka,Bengaluru Urban,KA-BENGALURU-U,2026-07-12,2026-07-12T20:00:00,69,60,9,9,8,8,0,100.0,2,2,5,4,False,False,BED_OVERFLOW,SIMULATED
PHC-KA-BEN-003,PHC Kengeri,Karnataka,Bengaluru Urban,KA-BENGALURU-U,2026-07-12,2026-07-12T20:00:00,82,75,7,11,10,10,0,100.0,3,2,6,4,False,True,BED_OVERFLOW,SIMULATED
DH-KA-BEN-001,KC General District Hospital Malleshwaram,Karnataka,Bengaluru Urban,KA-BENGALURU-U,2026-07-12,2026-07-12T20:00:00,973,882,91,83,350,237,113,67.71,48,28,105,81,False,False,NORMAL,SIMULATED
PHC-BR-PAT-001,PHC Bakhtiyarpur,Bihar,Patna,BR-PATNA,2026-07-13,2026-07-13T20:00:00,207,187,20,23,6,6,0,100.0,2,2,4,4,False,False,BED_OVERFLOW,SIMULATED
PHC-BR-PAT-002,PHC Danapur,Bihar,Patna,BR-PATNA,2026-07-13,2026-07-13T20:00:00,299,258,41,62,10,10,0,100.0,3,3,6,6,False,False,BED_OVERFLOW,SIMULATED
PHC-BR-PAT-003,PHC Bihta,Bihar,Patna,BR-PATNA,2026-07-13,2026-07-13T20:00:00,218,190,28,44,8,8,0,100.0,2,2,5,5,False,False,BED_OVERFLOW,SIMULATED
PHC-BR-PAT-004,PHC Fatuha,Bihar,Patna,BR-PATNA,2026-07-13,2026-07-13T20:00:00,186,160,26,27,6,6,0,100.0,2,2,4,4,False,False,BED_OVERFLOW,SIMULATED
PHC-BR-PAT-005,PHC Mokama,Bihar,Patna,BR-PATNA,2026-07-13,2026-07-13T20:00:00,208,190,18,20,8,8,0,100.0,2,2,4,4,False,False,BED_OVERFLOW,SIMULATED
CHC-BR-PAT-001,CHC Phulwari Sharif,Bihar,Patna,BR-PATNA,2026-07-13,2026-07-13T20:00:00,558,486,72,84,30,30,0,100.0,6,6,12,11,False,False,BED_OVERFLOW,SIMULATED
DH-BR-PAT-001,District Hospital Gardanibagh,Bihar,Patna,BR-PATNA,2026-07-13,2026-07-13T20:00:00,1620,1412,208,225,150,150,0,100.0,24,21,45,43,False,False,BED_OVERFLOW,SIMULATED
PHC-BR-GAY-001,PHC Bodh Gaya,Bihar,Gaya,BR-GAYA,2026-07-13,2026-07-13T20:00:00,203,186,17,21,8,8,0,100.0,2,2,4,4,False,False,BED_OVERFLOW,SIMULATED
PHC-BR-GAY-002,PHC Sherghati,Bihar,Gaya,BR-GAYA,2026-07-13,2026-07-13T20:00:00,152,133,19,20,6,6,0,100.0,2,2,4,4,False,False,BED_OVERFLOW,SIMULATED
PHC-BR-GAY-003,PHC Tekari,Bihar,Gaya,BR-GAYA,2026-07-13,2026-07-13T20:00:00,169,149,20,17,6,6,0,100.0,2,2,3,3,False,False,BED_OVERFLOW,SIMULATED
DH-BR-GAY-001,Jay Prakash Narayan District Hospital Gaya,Bihar,Gaya,BR-GAYA,2026-07-13,2026-07-13T20:00:00,2398,2123,275,219,200,200,0,100.0,30,26,60,56,False,False,BED_OVERFLOW,SIMULATED
PHC-UP-VAR-001,PHC Cholapur,Uttar Pradesh,Varanasi,UP-VARANASI,2026-07-13,2026-07-13T20:00:00,224,200,24,23,6,6,0,100.0,2,2,4,4,False,False,BED_OVERFLOW,SIMULATED
PHC-UP-VAR-002,PHC Pindra,Uttar Pradesh,Varanasi,UP-VARANASI,2026-07-13,2026-07-13T20:00:00,243,217,26,35,8,8,0,100.0,3,3,5,5,False,False,BED_OVERFLOW,SIMULATED
PHC-UP-VAR-003,PHC Sevapuri,Uttar Pradesh,Varanasi,UP-VARANASI,2026-07-13,2026-07-13T20:00:00,181,165,16,14,6,6,0,100.0,2,2,4,4,False,False,BED_OVERFLOW,SIMULATED
PHC-UP-VAR-004,PHC Kashi Vidyapeeth,Uttar Pradesh,Varanasi,UP-VARANASI,2026-07-13,2026-07-13T20:00:00,306,270,36,42,10,10,0,100.0,3,3,6,6,False,False,BED_OVERFLOW,SIMULATED
CHC-UP-VAR-001,CHC Misirpur,Uttar Pradesh,Varanasi,UP-VARANASI,2026-07-13,2026-07-13T20:00:00,579,508,71,126,30,30,0,100.0,7,7,14,14,False,False,BED_OVERFLOW,SIMULATED
DH-UP-VAR-001,Pandit Deen Dayal Upadhyay District Hospital,Uttar Pradesh,Varanasi,UP-VARANASI,2026-07-13,2026-07-13T20:00:00,2663,2310,353,560,250,250,0,100.0,38,37,75,75,False,False,BED_OVERFLOW,SIMULATED
PHC-UP-LUK-001,PHC Bakshi Ka Talab,Uttar Pradesh,Lucknow,UP-LUCKNOW,2026-07-13,2026-07-13T20:00:00,296,268,28,54,10,10,0,100.0,3,3,6,6,False,False,BED_OVERFLOW,SIMULATED
PHC-UP-LUK-002,PHC Malihabad,Uttar Pradesh,Lucknow,UP-LUCKNOW,2026-07-13,2026-07-13T20:00:00,229,201,28,20,8,8,0,100.0,2,2,5,5,False,False,BED_OVERFLOW,SIMULATED
PHC-UP-LUK-003,PHC Mohanlalganj,Uttar Pradesh,Lucknow,UP-LUCKNOW,2026-07-13,2026-07-13T20:00:00,250,222,28,52,8,8,0,100.0,2,2,5,5,False,False,BED_OVERFLOW,SIMULATED
DH-UP-LUK-001,Balrampur District Hospital Lucknow,Uttar Pradesh,Lucknow,UP-LUCKNOW,2026-07-13,2026-07-13T20:00:00,3340,3005,335,336,350,350,0,100.0,50,50,110,96,False,False,BED_OVERFLOW,SIMULATED
PHC-RJ-JAI-001,PHC Bassi,Rajasthan,Jaipur,RJ-JAIPUR,2026-07-13,2026-07-13T20:00:00,236,206,30,37,8,8,0,100.0,2,2,5,5,False,False,BED_OVERFLOW,SIMULATED
PHC-RJ-JAI-002,PHC Chaksu,Rajasthan,Jaipur,RJ-JAIPUR,2026-07-13,2026-07-13T20:00:00,166,143,23,29,6,6,0,100.0,2,2,4,4,False,False,BED_OVERFLOW,SIMULATED
PHC-RJ-JAI-003,PHC Amer,Rajasthan,Jaipur,RJ-JAIPUR,2026-07-13,2026-07-13T20:00:00,224,193,31,46,10,10,0,100.0,3,3,6,6,False,False,BED_OVERFLOW,SIMULATED
DH-RJ-JAI-001,Kanwatia District Hospital Jaipur,Rajasthan,Jaipur,RJ-JAIPUR,2026-07-13,2026-07-13T20:00:00,2454,2212,242,368,200,200,0,100.0,32,32,68,64,False,False,BED_OVERFLOW,SIMULATED
PHC-MH-PUN-001,PHC Mulshi,Maharashtra,Pune,MH-PUNE,2026-07-13,2026-07-13T20:00:00,179,161,18,33,8,8,0,100.0,2,2,5,5,False,False,BED_OVERFLOW,SIMULATED
PHC-MH-PUN-002,PHC Haveli,Maharashtra,Pune,MH-PUNE,2026-07-13,2026-07-13T20:00:00,293,262,31,56,10,10,0,100.0,3,3,6,6,False,False,BED_OVERFLOW,SIMULATED
PHC-MH-PUN-003,PHC Khed,Maharashtra,Pune,MH-PUNE,2026-07-13,2026-07-13T20:00:00,206,186,20,36,8,8,0,100.0,2,2,5,5,False,False,BED_OVERFLOW,SIMULATED
DH-MH-PUN-001,Aundh District Hospital Pune,Maharashtra,Pune,MH-PUNE,2026-07-13,2026-07-13T20:00:00,3164,2739,425,595,300,300,0,100.0,42,38,90,81,False,False,BED_OVERFLOW,SIMULATED
PHC-KA-BEN-001,PHC Yelahanka,Karnataka,Bengaluru Urban,KA-BENGALURU-U,2026-07-13,2026-07-13T20:00:00,285,252,33,29,10,10,0,100.0,3,3,7,7,False,False,BED_OVERFLOW,SIMULATED
PHC-KA-BEN-002,PHC Anekal,Karnataka,Bengaluru Urban,KA-BENGALURU-U,2026-07-13,2026-07-13T20:00:00,250,222,28,23,8,8,0,100.0,2,2,5,5,False,False,BED_OVERFLOW,SIMULATED
PHC-KA-BEN-003,PHC Kengeri,Karnataka,Bengaluru Urban,KA-BENGALURU-U,2026-07-13,2026-07-13T20:00:00,259,234,25,50,10,10,0,100.0,3,3,6,6,False,False,BED_OVERFLOW,SIMULATED
DH-KA-BEN-001,KC General District Hospital Malleshwaram,Karnataka,Bengaluru Urban,KA-BENGALURU-U,2026-07-13,2026-07-13T20:00:00,3516,3116,400,730,350,350,0,100.0,48,45,105,91,False,False,BED_OVERFLOW,SIMULATED
PHC-BR-PAT-001,PHC Bakhtiyarpur,Bihar,Patna,BR-PATNA,2026-07-14,2026-07-14T20:00:00,139,120,19,13,6,6,0,100.0,2,2,4,4,False,False,BED_OVERFLOW,SIMULATED
PHC-BR-PAT-002,PHC Danapur,Bihar,Patna,BR-PATNA,2026-07-14,2026-07-14T20:00:00,225,200,25,41,10,10,0,100.0,3,3,6,6,False,False,BED_OVERFLOW,SIMULATED
PHC-BR-PAT-003,PHC Bihta,Bihar,Patna,BR-PATNA,2026-07-14,2026-07-14T20:00:00,179,161,18,34,8,8,0,100.0,2,2,5,5,False,False,BED_OVERFLOW,SIMULATED
PHC-BR-PAT-004,PHC Fatuha,Bihar,Patna,BR-PATNA,2026-07-14,2026-07-14T20:00:00,140,123,17,21,6,6,0,100.0,2,2,4,4,False,False,BED_OVERFLOW,SIMULATED
PHC-BR-PAT-005,PHC Mokama,Bihar,Patna,BR-PATNA,2026-07-14,2026-07-14T20:00:00,172,155,17,28,8,8,0,100.0,2,2,4,4,False,False,BED_OVERFLOW,SIMULATED
CHC-BR-PAT-001,CHC Phulwari Sharif,Bihar,Patna,BR-PATNA,2026-07-14,2026-07-14T20:00:00,469,412,57,53,30,30,0,100.0,6,6,12,12,False,False,BED_OVERFLOW,SIMULATED
DH-BR-PAT-001,District Hospital Gardanibagh,Bihar,Patna,BR-PATNA,2026-07-14,2026-07-14T20:00:00,1326,1217,109,268,150,150,0,100.0,24,20,45,45,False,False,BED_OVERFLOW,SIMULATED
PHC-BR-GAY-001,PHC Bodh Gaya,Bihar,Gaya,BR-GAYA,2026-07-14,2026-07-14T20:00:00,170,150,20,33,8,8,0,100.0,2,2,4,4,False,False,BED_OVERFLOW,SIMULATED
PHC-BR-GAY-002,PHC Sherghati,Bihar,Gaya,BR-GAYA,2026-07-14,2026-07-14T20:00:00,140,124,16,29,6,6,0,100.0,2,2,4,4,False,False,BED_OVERFLOW,SIMULATED
PHC-BR-GAY-003,PHC Tekari,Bihar,Gaya,BR-GAYA,2026-07-14,2026-07-14T20:00:00,124,111,13,25,6,6,0,100.0,2,2,3,3,False,False,BED_OVERFLOW,SIMULATED
DH-BR-GAY-001,Jay Prakash Narayan District Hospital Gaya,Bihar,Gaya,BR-GAYA,2026-07-14,2026-07-14T20:00:00,1800,1616,184,381,200,200,0,100.0,30,28,60,59,False,False,BED_OVERFLOW,SIMULATED
PHC-UP-VAR-001,PHC Cholapur,Uttar Pradesh,Varanasi,UP-VARANASI,2026-07-14,2026-07-14T20:00:00,189,173,16,34,6,6,0,100.0,2,2,4,4,False,False,BED_OVERFLOW,SIMULATED
PHC-UP-VAR-002,PHC Pindra,Uttar Pradesh,Varanasi,UP-VARANASI,2026-07-14,2026-07-14T20:00:00,200,180,20,38,8,8,0,100.0,3,3,5,5,False,False,BED_OVERFLOW,SIMULATED
PHC-UP-VAR-003,PHC Sevapuri,Uttar Pradesh,Varanasi,UP-VARANASI,2026-07-14,2026-07-14T20:00:00,148,131,17,25,6,6,0,100.0,2,2,4,4,False,False,BED_OVERFLOW,SIMULATED
PHC-UP-VAR-004,PHC Kashi Vidyapeeth,Uttar Pradesh,Varanasi,UP-VARANASI,2026-07-14,2026-07-14T20:00:00,251,225,26,45,10,10,0,100.0,3,3,6,6,False,False,BED_OVERFLOW,SIMULATED
CHC-UP-VAR-001,CHC Misirpur,Uttar Pradesh,Varanasi,UP-VARANASI,2026-07-14,2026-07-14T20:00:00,418,377,41,35,30,30,0,100.0,7,6,14,14,False,False,BED_OVERFLOW,SIMULATED
DH-UP-VAR-001,Pandit Deen Dayal Upadhyay District Hospital,Uttar Pradesh,Varanasi,UP-VARANASI,2026-07-14,2026-07-14T20:00:00,1932,1777,155,421,250,250,0,100.0,38,38,75,75,False,False,BED_OVERFLOW,SIMULATED
PHC-UP-LUK-001,PHC Bakshi Ka Talab,Uttar Pradesh,Lucknow,UP-LUCKNOW,2026-07-14,2026-07-14T20:00:00,227,201,26,35,10,10,0,100.0,3,3,6,6,False,False,BED_OVERFLOW,SIMULATED
PHC-UP-LUK-002,PHC Malihabad,Uttar Pradesh,Lucknow,UP-LUCKNOW,2026-07-14,2026-07-14T20:00:00,178,160,18,16,8,8,0,100.0,2,2,5,5,False,False,BED_OVERFLOW,SIMULATED
PHC-UP-LUK-003,PHC Mohanlalganj,Uttar Pradesh,Lucknow,UP-LUCKNOW,2026-07-14,2026-07-14T20:00:00,188,165,23,25,8,8,0,100.0,2,2,5,5,False,False,BED_OVERFLOW,SIMULATED
DH-UP-LUK-001,Balrampur District Hospital Lucknow,Uttar Pradesh,Lucknow,UP-LUCKNOW,2026-07-14,2026-07-14T20:00:00,2809,2576,233,488,350,350,0,100.0,50,50,110,104,False,False,BED_OVERFLOW,SIMULATED
PHC-RJ-JAI-001,PHC Bassi,Rajasthan,Jaipur,RJ-JAIPUR,2026-07-14,2026-07-14T20:00:00,183,162,21,35,8,8,0,100.0,2,2,5,5,False,False,BED_OVERFLOW,SIMULATED
PHC-RJ-JAI-002,PHC Chaksu,Rajasthan,Jaipur,RJ-JAIPUR,2026-07-14,2026-07-14T20:00:00,148,135,13,13,6,6,0,100.0,2,2,4,4,False,False,BED_OVERFLOW,SIMULATED
PHC-RJ-JAI-003,PHC Amer,Rajasthan,Jaipur,RJ-JAIPUR,2026-07-14,2026-07-14T20:00:00,189,170,19,32,10,10,0,100.0,3,3,6,6,False,False,BED_OVERFLOW,SIMULATED
DH-RJ-JAI-001,Kanwatia District Hospital Jaipur,Rajasthan,Jaipur,RJ-JAIPUR,2026-07-14,2026-07-14T20:00:00,2241,1958,283,260,200,200,0,100.0,32,27,68,62,False,False,BED_OVERFLOW,SIMULATED
PHC-MH-PUN-001,PHC Mulshi,Maharashtra,Pune,MH-PUNE,2026-07-14,2026-07-14T20:00:00,145,129,16,15,8,8,0,100.0,2,2,5,5,False,False,BED_OVERFLOW,SIMULATED
PHC-MH-PUN-002,PHC Haveli,Maharashtra,Pune,MH-PUNE,2026-07-14,2026-07-14T20:00:00,241,211,30,32,10,10,0,100.0,3,3,6,6,False,False,BED_OVERFLOW,SIMULATED
PHC-MH-PUN-003,PHC Khed,Maharashtra,Pune,MH-PUNE,2026-07-14,2026-07-14T20:00:00,186,162,24,24,8,8,0,100.0,2,2,5,5,False,False,BED_OVERFLOW,SIMULATED
DH-MH-PUN-001,Aundh District Hospital Pune,Maharashtra,Pune,MH-PUNE,2026-07-14,2026-07-14T20:00:00,2698,2471,227,263,300,300,0,100.0,42,39,90,78,False,False,BED_OVERFLOW,SIMULATED
PHC-KA-BEN-001,PHC Yelahanka,Karnataka,Bengaluru Urban,KA-BENGALURU-U,2026-07-14,2026-07-14T20:00:00,241,207,34,48,10,10,0,100.0,3,3,7,7,False,False,BED_OVERFLOW,SIMULATED
PHC-KA-BEN-002,PHC Anekal,Karnataka,Bengaluru Urban,KA-BENGALURU-U,2026-07-14,2026-07-14T20:00:00,211,184,27,36,8,8,0,100.0,2,2,5,5,False,False,BED_OVERFLOW,SIMULATED
PHC-KA-BEN-003,PHC Kengeri,Karnataka,Bengaluru Urban,KA-BENGALURU-U,2026-07-14,2026-07-14T20:00:00,231,210,21,45,10,10,0,100.0,3,3,6,6,False,False,BED_OVERFLOW,SIMULATED
DH-KA-BEN-001,KC General District Hospital Malleshwaram,Karnataka,Bengaluru Urban,KA-BENGALURU-U,2026-07-14,2026-07-14T20:00:00,2883,2598,285,341,350,350,0,100.0,48,44,105,100,False,False,BED_OVERFLOW,SIMULATED
PHC-BR-PAT-001,PHC Bakhtiyarpur,Bihar,Patna,BR-PATNA,2026-07-15,2026-07-15T20:00:00,152,132,20,18,6,6,0,100.0,2,2,4,4,False,False,BED_OVERFLOW,SIMULATED
PHC-BR-PAT-002,PHC Danapur,Bihar,Patna,BR-PATNA,2026-07-15,2026-07-15T20:00:00,200,173,27,36,10,10,0,100.0,3,3,6,6,False,False,BED_OVERFLOW,SIMULATED
PHC-BR-PAT-003,PHC Bihta,Bihar,Patna,BR-PATNA,2026-07-15,2026-07-15T20:00:00,166,150,16,34,8,8,0,100.0,2,2,5,5,False,False,BED_OVERFLOW,SIMULATED
PHC-BR-PAT-004,PHC Fatuha,Bihar,Patna,BR-PATNA,2026-07-15,2026-07-15T20:00:00,155,136,19,30,6,6,0,100.0,2,2,4,4,False,False,BED_OVERFLOW,SIMULATED
PHC-BR-PAT-005,PHC Mokama,Bihar,Patna,BR-PATNA,2026-07-15,2026-07-15T20:00:00,166,146,20,23,8,8,0,100.0,2,2,4,4,False,False,BED_OVERFLOW,SIMULATED
CHC-BR-PAT-001,CHC Phulwari Sharif,Bihar,Patna,BR-PATNA,2026-07-15,2026-07-15T20:00:00,390,337,53,70,30,30,0,100.0,6,6,12,12,False,False,BED_OVERFLOW,SIMULATED
DH-BR-PAT-001,District Hospital Gardanibagh,Bihar,Patna,BR-PATNA,2026-07-15,2026-07-15T20:00:00,1544,1378,166,144,150,150,0,100.0,24,23,45,45,False,False,BED_OVERFLOW,SIMULATED
PHC-BR-GAY-001,PHC Bodh Gaya,Bihar,Gaya,BR-GAYA,2026-07-15,2026-07-15T20:00:00,157,135,22,33,8,8,0,100.0,2,2,4,4,False,False,BED_OVERFLOW,SIMULATED
PHC-BR-GAY-002,PHC Sherghati,Bihar,Gaya,BR-GAYA,2026-07-15,2026-07-15T20:00:00,126,111,15,18,6,6,0,100.0,2,2,4,4,False,False,BED_OVERFLOW,SIMULATED
PHC-BR-GAY-003,PHC Tekari,Bihar,Gaya,BR-GAYA,2026-07-15,2026-07-15T20:00:00,124,108,16,21,6,6,0,100.0,2,2,3,3,False,False,BED_OVERFLOW,SIMULATED
DH-BR-GAY-001,Jay Prakash Narayan District Hospital Gaya,Bihar,Gaya,BR-GAYA,2026-07-15,2026-07-15T20:00:00,1752,1546,206,381,200,200,0,100.0,30,26,60,52,False,False,BED_OVERFLOW,SIMULATED
PHC-UP-VAR-001,PHC Cholapur,Uttar Pradesh,Varanasi,UP-VARANASI,2026-07-15,2026-07-15T20:00:00,172,151,21,25,6,6,0,100.0,2,2,4,4,False,False,BED_OVERFLOW,SIMULATED
PHC-UP-VAR-002,PHC Pindra,Uttar Pradesh,Varanasi,UP-VARANASI,2026-07-15,2026-07-15T20:00:00,192,169,23,27,8,8,0,100.0,3,3,5,5,False,False,BED_OVERFLOW,SIMULATED
PHC-UP-VAR-003,PHC Sevapuri,Uttar Pradesh,Varanasi,UP-VARANASI,2026-07-15,2026-07-15T20:00:00,151,130,21,20,6,6,0,100.0,2,2,4,4,False,False,BED_OVERFLOW,SIMULATED
PHC-UP-VAR-004,PHC Kashi Vidyapeeth,Uttar Pradesh,Varanasi,UP-VARANASI,2026-07-15,2026-07-15T20:00:00,227,205,22,42,10,10,0,100.0,3,3,6,6,False,False,BED_OVERFLOW,SIMULATED
CHC-UP-VAR-001,CHC Misirpur,Uttar Pradesh,Varanasi,UP-VARANASI,2026-07-15,2026-07-15T20:00:00,504,447,57,98,30,30,0,100.0,7,7,14,13,False,False,BED_OVERFLOW,SIMULATED
DH-UP-VAR-001,Pandit Deen Dayal Upadhyay District Hospital,Uttar Pradesh,Varanasi,UP-VARANASI,2026-07-15,2026-07-15T20:00:00,2213,1904,309,213,250,250,0,100.0,38,36,75,74,False,False,BED_OVERFLOW,SIMULATED
PHC-UP-LUK-001,PHC Bakshi Ka Talab,Uttar Pradesh,Lucknow,UP-LUCKNOW,2026-07-15,2026-07-15T20:00:00,232,202,30,37,10,10,0,100.0,3,3,6,6,False,False,BED_OVERFLOW,SIMULATED
PHC-UP-LUK-002,PHC Malihabad,Uttar Pradesh,Lucknow,UP-LUCKNOW,2026-07-15,2026-07-15T20:00:00,208,180,28,33,8,8,0,100.0,2,2,5,5,False,False,BED_OVERFLOW,SIMULATED
PHC-UP-LUK-003,PHC Mohanlalganj,Uttar Pradesh,Lucknow,UP-LUCKNOW,2026-07-15,2026-07-15T20:00:00,192,168,24,18,8,8,0,100.0,2,2,5,5,False,False,BED_OVERFLOW,SIMULATED
DH-UP-LUK-001,Balrampur District Hospital Lucknow,Uttar Pradesh,Lucknow,UP-LUCKNOW,2026-07-15,2026-07-15T20:00:00,2855,2547,308,390,350,350,0,100.0,50,44,110,107,False,False,BED_OVERFLOW,SIMULATED
PHC-RJ-JAI-001,PHC Bassi,Rajasthan,Jaipur,RJ-JAIPUR,2026-07-15,2026-07-15T20:00:00,157,142,15,24,8,8,0,100.0,2,2,5,5,False,False,BED_OVERFLOW,SIMULATED
PHC-RJ-JAI-002,PHC Chaksu,Rajasthan,Jaipur,RJ-JAIPUR,2026-07-15,2026-07-15T20:00:00,155,140,15,26,6,6,0,100.0,2,2,4,4,False,False,BED_OVERFLOW,SIMULATED
PHC-RJ-JAI-003,PHC Amer,Rajasthan,Jaipur,RJ-JAIPUR,2026-07-15,2026-07-15T20:00:00,207,179,28,41,10,10,0,100.0,3,3,6,6,False,False,BED_OVERFLOW,SIMULATED
DH-RJ-JAI-001,Kanwatia District Hospital Jaipur,Rajasthan,Jaipur,RJ-JAIPUR,2026-07-15,2026-07-15T20:00:00,1963,1725,238,167,200,200,0,100.0,32,30,68,59,False,False,BED_OVERFLOW,SIMULATED
PHC-MH-PUN-001,PHC Mulshi,Maharashtra,Pune,MH-PUNE,2026-07-15,2026-07-15T20:00:00,132,115,17,24,8,8,0,100.0,2,2,5,5,False,False,BED_OVERFLOW,SIMULATED
PHC-MH-PUN-002,PHC Haveli,Maharashtra,Pune,MH-PUNE,2026-07-15,2026-07-15T20:00:00,235,215,20,24,10,10,0,100.0,3,3,6,6,False,False,BED_OVERFLOW,SIMULATED
PHC-MH-PUN-003,PHC Khed,Maharashtra,Pune,MH-PUNE,2026-07-15,2026-07-15T20:00:00,169,145,24,35,8,8,0,100.0,2,2,5,5,False,False,BED_OVERFLOW,SIMULATED
DH-MH-PUN-001,Aundh District Hospital Pune,Maharashtra,Pune,MH-PUNE,2026-07-15,2026-07-15T20:00:00,2404,2087,317,357,300,300,0,100.0,42,42,90,90,False,False,BED_OVERFLOW,SIMULATED
PHC-KA-BEN-001,PHC Yelahanka,Karnataka,Bengaluru Urban,KA-BENGALURU-U,2026-07-15,2026-07-15T20:00:00,266,238,28,40,10,10,0,100.0,3,3,7,6,False,False,BED_OVERFLOW,SIMULATED
PHC-KA-BEN-002,PHC Anekal,Karnataka,Bengaluru Urban,KA-BENGALURU-U,2026-07-15,2026-07-15T20:00:00,198,170,28,19,8,8,0,100.0,2,2,5,5,False,False,BED_OVERFLOW,SIMULATED
PHC-KA-BEN-003,PHC Kengeri,Karnataka,Bengaluru Urban,KA-BENGALURU-U,2026-07-15,2026-07-15T20:00:00,223,199,24,36,10,10,0,100.0,3,3,6,6,False,False,BED_OVERFLOW,SIMULATED
DH-KA-BEN-001,KC General District Hospital Malleshwaram,Karnataka,Bengaluru Urban,KA-BENGALURU-U,2026-07-15,2026-07-15T20:00:00,3130,2795,335,364,350,350,0,100.0,48,40,105,97,False,False,BED_OVERFLOW,SIMULATED
PHC-BR-PAT-001,PHC Bakhtiyarpur,Bihar,Patna,BR-PATNA,2026-07-16,2026-07-16T20:00:00,160,146,14,27,6,6,0,100.0,2,2,4,4,False,False,BED_OVERFLOW,SIMULATED
PHC-BR-PAT-002,PHC Danapur,Bihar,Patna,BR-PATNA,2026-07-16,2026-07-16T20:00:00,213,191,22,25,10,10,0,100.0,3,3,6,6,False,False,BED_OVERFLOW,SIMULATED
PHC-BR-PAT-003,PHC Bihta,Bihar,Patna,BR-PATNA,2026-07-16,2026-07-16T20:00:00,168,150,18,28,8,8,0,100.0,2,2,5,5,False,False,BED_OVERFLOW,SIMULATED
PHC-BR-PAT-004,PHC Fatuha,Bihar,Patna,BR-PATNA,2026-07-16,2026-07-16T20:00:00,136,119,17,25,6,6,0,100.0,2,2,4,4,False,False,BED_OVERFLOW,SIMULATED
PHC-BR-PAT-005,PHC Mokama,Bihar,Patna,BR-PATNA,2026-07-16,2026-07-16T20:00:00,143,125,18,22,8,8,0,100.0,2,2,4,4,False,False,BED_OVERFLOW,SIMULATED
CHC-BR-PAT-001,CHC Phulwari Sharif,Bihar,Patna,BR-PATNA,2026-07-16,2026-07-16T20:00:00,440,380,60,91,30,30,0,100.0,6,5,12,12,False,False,BED_OVERFLOW,SIMULATED
DH-BR-PAT-001,District Hospital Gardanibagh,Bihar,Patna,BR-PATNA,2026-07-16,2026-07-16T20:00:00,1400,1226,174,131,150,150,0,100.0,24,21,45,45,False,False,BED_OVERFLOW,SIMULATED
PHC-BR-GAY-001,PHC Bodh Gaya,Bihar,Gaya,BR-GAYA,2026-07-16,2026-07-16T20:00:00,165,149,16,16,8,8,0,100.0,2,2,4,4,False,False,BED_OVERFLOW,SIMULATED
PHC-BR-GAY-002,PHC Sherghati,Bihar,Gaya,BR-GAYA,2026-07-16,2026-07-16T20:00:00,128,116,12,11,6,6,0,100.0,2,2,4,4,False,False,BED_OVERFLOW,SIMULATED
PHC-BR-GAY-003,PHC Tekari,Bihar,Gaya,BR-GAYA,2026-07-16,2026-07-16T20:00:00,118,103,15,11,6,6,0,100.0,2,2,3,3,False,False,BED_OVERFLOW,SIMULATED
DH-BR-GAY-001,Jay Prakash Narayan District Hospital Gaya,Bihar,Gaya,BR-GAYA,2026-07-16,2026-07-16T20:00:00,1954,1701,253,376,200,200,0,100.0,30,29,60,56,False,False,BED_OVERFLOW,SIMULATED
PHC-UP-VAR-001,PHC Cholapur,Uttar Pradesh,Varanasi,UP-VARANASI,2026-07-16,2026-07-16T20:00:00,178,162,16,24,6,6,0,100.0,2,2,4,4,False,False,BED_OVERFLOW,SIMULATED
PHC-UP-VAR-002,PHC Pindra,Uttar Pradesh,Varanasi,UP-VARANASI,2026-07-16,2026-07-16T20:00:00,204,184,20,35,8,8,0,100.0,3,3,5,5,False,False,BED_OVERFLOW,SIMULATED
PHC-UP-VAR-003,PHC Sevapuri,Uttar Pradesh,Varanasi,UP-VARANASI,2026-07-16,2026-07-16T20:00:00,152,139,13,25,6,6,0,100.0,2,2,4,4,False,False,BED_OVERFLOW,SIMULATED
PHC-UP-VAR-004,PHC Kashi Vidyapeeth,Uttar Pradesh,Varanasi,UP-VARANASI,2026-07-16,2026-07-16T20:00:00,245,216,29,35,10,10,0,100.0,3,3,6,6,False,False,BED_OVERFLOW,SIMULATED
CHC-UP-VAR-001,CHC Misirpur,Uttar Pradesh,Varanasi,UP-VARANASI,2026-07-16,2026-07-16T20:00:00,466,408,58,99,30,30,0,100.0,7,7,14,14,False,False,BED_OVERFLOW,SIMULATED
DH-UP-VAR-001,Pandit Deen Dayal Upadhyay District Hospital,Uttar Pradesh,Varanasi,UP-VARANASI,2026-07-16,2026-07-16T20:00:00,2054,1794,260,347,250,250,0,100.0,38,33,75,73,False,False,BED_OVERFLOW,SIMULATED
PHC-UP-LUK-001,PHC Bakshi Ka Talab,Uttar Pradesh,Lucknow,UP-LUCKNOW,2026-07-16,2026-07-16T20:00:00,213,193,20,35,10,10,0,100.0,3,3,6,6,False,False,BED_OVERFLOW,SIMULATED
PHC-UP-LUK-002,PHC Malihabad,Uttar Pradesh,Lucknow,UP-LUCKNOW,2026-07-16,2026-07-16T20:00:00,179,160,19,16,8,8,0,100.0,2,2,5,5,False,False,BED_OVERFLOW,SIMULATED
PHC-UP-LUK-003,PHC Mohanlalganj,Uttar Pradesh,Lucknow,UP-LUCKNOW,2026-07-16,2026-07-16T20:00:00,193,166,27,41,8,8,0,100.0,2,2,5,5,False,False,BED_OVERFLOW,SIMULATED
DH-UP-LUK-001,Balrampur District Hospital Lucknow,Uttar Pradesh,Lucknow,UP-LUCKNOW,2026-07-16,2026-07-16T20:00:00,2684,2388,296,472,350,350,0,100.0,50,46,110,96,False,False,BED_OVERFLOW,SIMULATED
PHC-RJ-JAI-001,PHC Bassi,Rajasthan,Jaipur,RJ-JAIPUR,2026-07-16,2026-07-16T20:00:00,162,139,23,17,8,8,0,100.0,2,2,5,5,False,False,BED_OVERFLOW,SIMULATED
PHC-RJ-JAI-002,PHC Chaksu,Rajasthan,Jaipur,RJ-JAIPUR,2026-07-16,2026-07-16T20:00:00,164,146,18,21,6,6,0,100.0,2,2,4,4,False,False,BED_OVERFLOW,SIMULATED
PHC-RJ-JAI-003,PHC Amer,Rajasthan,Jaipur,RJ-JAIPUR,2026-07-16,2026-07-16T20:00:00,204,187,17,43,10,10,0,100.0,3,3,6,6,False,False,BED_OVERFLOW,SIMULATED
DH-RJ-JAI-001,Kanwatia District Hospital Jaipur,Rajasthan,Jaipur,RJ-JAIPUR,2026-07-16,2026-07-16T20:00:00,1936,1684,252,406,200,200,0,100.0,32,32,68,60,False,False,BED_OVERFLOW,SIMULATED
PHC-MH-PUN-001,PHC Mulshi,Maharashtra,Pune,MH-PUNE,2026-07-16,2026-07-16T20:00:00,141,124,17,13,8,8,0,100.0,2,2,5,5,False,False,BED_OVERFLOW,SIMULATED
PHC-MH-PUN-002,PHC Haveli,Maharashtra,Pune,MH-PUNE,2026-07-16,2026-07-16T20:00:00,246,214,32,53,10,10,0,100.0,3,3,6,6,False,False,BED_OVERFLOW,SIMULATED
PHC-MH-PUN-003,PHC Khed,Maharashtra,Pune,MH-PUNE,2026-07-16,2026-07-16T20:00:00,176,160,16,35,8,8,0,100.0,2,2,5,5,False,False,BED_OVERFLOW,SIMULATED
DH-MH-PUN-001,Aundh District Hospital Pune,Maharashtra,Pune,MH-PUNE,2026-07-16,2026-07-16T20:00:00,2447,2104,343,411,300,300,0,100.0,42,42,90,90,False,False,BED_OVERFLOW,SIMULATED
PHC-KA-BEN-001,PHC Yelahanka,Karnataka,Bengaluru Urban,KA-BENGALURU-U,2026-07-16,2026-07-16T20:00:00,254,233,21,38,10,10,0,100.0,3,3,7,7,False,False,BED_OVERFLOW,SIMULATED
PHC-KA-BEN-002,PHC Anekal,Karnataka,Bengaluru Urban,KA-BENGALURU-U,2026-07-16,2026-07-16T20:00:00,203,184,19,17,8,8,0,100.0,2,2,5,5,False,False,BED_OVERFLOW,SIMULATED
PHC-KA-BEN-003,PHC Kengeri,Karnataka,Bengaluru Urban,KA-BENGALURU-U,2026-07-16,2026-07-16T20:00:00,228,197,31,29,10,10,0,100.0,3,3,6,6,False,False,BED_OVERFLOW,SIMULATED
DH-KA-BEN-001,KC General District Hospital Malleshwaram,Karnataka,Bengaluru Urban,KA-BENGALURU-U,2026-07-16,2026-07-16T20:00:00,3017,2672,345,324,350,350,0,100.0,48,48,105,96,False,False,BED_OVERFLOW,SIMULATED
PHC-BR-PAT-001,PHC Bakhtiyarpur,Bihar,Patna,BR-PATNA,2026-07-17,2026-07-17T20:00:00,139,127,12,11,6,6,0,100.0,2,2,4,4,False,False,BED_OVERFLOW,SIMULATED
PHC-BR-PAT-002,PHC Danapur,Bihar,Patna,BR-PATNA,2026-07-17,2026-07-17T20:00:00,175,154,21,22,10,10,0,100.0,3,3,6,6,False,False,BED_OVERFLOW,SIMULATED
PHC-BR-PAT-003,PHC Bihta,Bihar,Patna,BR-PATNA,2026-07-17,2026-07-17T20:00:00,151,138,13,25,8,8,0,100.0,2,2,5,5,False,False,BED_OVERFLOW,SIMULATED
PHC-BR-PAT-004,PHC Fatuha,Bihar,Patna,BR-PATNA,2026-07-17,2026-07-17T20:00:00,128,110,18,26,6,6,0,100.0,2,2,4,4,False,False,BED_OVERFLOW,SIMULATED
PHC-BR-PAT-005,PHC Mokama,Bihar,Patna,BR-PATNA,2026-07-17,2026-07-17T20:00:00,141,122,19,19,8,8,0,100.0,2,2,4,4,False,False,BED_OVERFLOW,SIMULATED
CHC-BR-PAT-001,CHC Phulwari Sharif,Bihar,Patna,BR-PATNA,2026-07-17,2026-07-17T20:00:00,363,332,31,77,30,30,0,100.0,6,5,12,12,False,False,BED_OVERFLOW,SIMULATED
DH-BR-PAT-001,District Hospital Gardanibagh,Bihar,Patna,BR-PATNA,2026-07-17,2026-07-17T20:00:00,1043,927,116,182,150,150,0,100.0,24,23,45,44,False,False,BED_OVERFLOW,SIMULATED
PHC-BR-GAY-001,PHC Bodh Gaya,Bihar,Gaya,BR-GAYA,2026-07-17,2026-07-17T20:00:00,136,120,16,24,8,8,0,100.0,2,2,4,4,False,False,BED_OVERFLOW,SIMULATED
PHC-BR-GAY-002,PHC Sherghati,Bihar,Gaya,BR-GAYA,2026-07-17,2026-07-17T20:00:00,134,122,12,25,6,6,0,100.0,2,2,4,4,False,False,BED_OVERFLOW,SIMULATED
PHC-BR-GAY-003,PHC Tekari,Bihar,Gaya,BR-GAYA,2026-07-17,2026-07-17T20:00:00,97,87,10,8,6,6,0,100.0,2,2,3,3,False,False,BED_OVERFLOW,SIMULATED
DH-BR-GAY-001,Jay Prakash Narayan District Hospital Gaya,Bihar,Gaya,BR-GAYA,2026-07-17,2026-07-17T20:00:00,1590,1368,222,234,200,200,0,100.0,30,25,60,55,False,False,BED_OVERFLOW,SIMULATED
PHC-UP-VAR-001,PHC Cholapur,Uttar Pradesh,Varanasi,UP-VARANASI,2026-07-17,2026-07-17T20:00:00,133,119,14,24,6,6,0,100.0,2,2,4,4,False,False,BED_OVERFLOW,SIMULATED
PHC-UP-VAR-002,PHC Pindra,Uttar Pradesh,Varanasi,UP-VARANASI,2026-07-17,2026-07-17T20:00:00,177,155,22,31,8,8,0,100.0,3,3,5,5,False,False,BED_OVERFLOW,SIMULATED
PHC-UP-VAR-003,PHC Sevapuri,Uttar Pradesh,Varanasi,UP-VARANASI,2026-07-17,2026-07-17T20:00:00,135,122,13,12,6,6,0,100.0,2,2,4,4,False,False,BED_OVERFLOW,SIMULATED
PHC-UP-VAR-004,PHC Kashi Vidyapeeth,Uttar Pradesh,Varanasi,UP-VARANASI,2026-07-17,2026-07-17T20:00:00,212,193,19,35,10,10,0,100.0,3,3,6,6,False,False,BED_OVERFLOW,SIMULATED
CHC-UP-VAR-001,CHC Misirpur,Uttar Pradesh,Varanasi,UP-VARANASI,2026-07-17,2026-07-17T20:00:00,375,328,47,40,30,30,0,100.0,7,6,14,13,False,False,BED_OVERFLOW,SIMULATED
DH-UP-VAR-001,Pandit Deen Dayal Upadhyay District Hospital,Uttar Pradesh,Varanasi,UP-VARANASI,2026-07-17,2026-07-17T20:00:00,1905,1737,168,253,250,250,0,100.0,38,36,75,75,False,False,BED_OVERFLOW,SIMULATED
PHC-UP-LUK-001,PHC Bakshi Ka Talab,Uttar Pradesh,Lucknow,UP-LUCKNOW,2026-07-17,2026-07-17T20:00:00,177,154,23,24,10,10,0,100.0,3,3,6,6,False,False,BED_OVERFLOW,SIMULATED
PHC-UP-LUK-002,PHC Malihabad,Uttar Pradesh,Lucknow,UP-LUCKNOW,2026-07-17,2026-07-17T20:00:00,167,144,23,21,8,8,0,100.0,2,2,5,5,False,False,BED_OVERFLOW,SIMULATED
PHC-UP-LUK-003,PHC Mohanlalganj,Uttar Pradesh,Lucknow,UP-LUCKNOW,2026-07-17,2026-07-17T20:00:00,154,140,14,16,8,8,0,100.0,2,2,5,5,False,False,BED_OVERFLOW,SIMULATED
DH-UP-LUK-001,Balrampur District Hospital Lucknow,Uttar Pradesh,Lucknow,UP-LUCKNOW,2026-07-17,2026-07-17T20:00:00,2036,1785,251,242,350,350,0,100.0,50,45,110,98,False,False,BED_OVERFLOW,SIMULATED
PHC-RJ-JAI-001,PHC Bassi,Rajasthan,Jaipur,RJ-JAIPUR,2026-07-17,2026-07-17T20:00:00,160,142,18,20,8,8,0,100.0,2,2,5,5,False,False,BED_OVERFLOW,SIMULATED
PHC-RJ-JAI-002,PHC Chaksu,Rajasthan,Jaipur,RJ-JAIPUR,2026-07-17,2026-07-17T20:00:00,136,123,13,13,6,6,0,100.0,2,2,4,4,False,False,BED_OVERFLOW,SIMULATED
PHC-RJ-JAI-003,PHC Amer,Rajasthan,Jaipur,RJ-JAIPUR,2026-07-17,2026-07-17T20:00:00,152,136,16,25,10,10,0,100.0,3,3,6,6,False,False,BED_OVERFLOW,SIMULATED
DH-RJ-JAI-001,Kanwatia District Hospital Jaipur,Rajasthan,Jaipur,RJ-JAIPUR,2026-07-17,2026-07-17T20:00:00,1692,1463,229,160,200,200,0,100.0,32,30,68,59,False,False,BED_OVERFLOW,SIMULATED
PHC-MH-PUN-001,PHC Mulshi,Maharashtra,Pune,MH-PUNE,2026-07-17,2026-07-17T20:00:00,105,96,9,21,8,8,0,100.0,2,2,5,5,False,False,BED_OVERFLOW,SIMULATED
PHC-MH-PUN-002,PHC Haveli,Maharashtra,Pune,MH-PUNE,2026-07-17,2026-07-17T20:00:00,208,180,28,44,10,10,0,100.0,3,3,6,6,False,False,BED_OVERFLOW,SIMULATED
PHC-MH-PUN-003,PHC Khed,Maharashtra,Pune,MH-PUNE,2026-07-17,2026-07-17T20:00:00,144,130,14,22,8,8,0,100.0,2,2,5,5,False,False,BED_OVERFLOW,SIMULATED
DH-MH-PUN-001,Aundh District Hospital Pune,Maharashtra,Pune,MH-PUNE,2026-07-17,2026-07-17T20:00:00,2236,2018,218,457,300,300,0,100.0,42,41,90,85,False,False,BED_OVERFLOW,SIMULATED
PHC-KA-BEN-001,PHC Yelahanka,Karnataka,Bengaluru Urban,KA-BENGALURU-U,2026-07-17,2026-07-17T20:00:00,198,174,24,25,10,10,0,100.0,3,3,7,7,False,False,BED_OVERFLOW,SIMULATED
PHC-KA-BEN-002,PHC Anekal,Karnataka,Bengaluru Urban,KA-BENGALURU-U,2026-07-17,2026-07-17T20:00:00,173,153,20,26,8,8,0,100.0,2,2,5,5,False,False,BED_OVERFLOW,SIMULATED
PHC-KA-BEN-003,PHC Kengeri,Karnataka,Bengaluru Urban,KA-BENGALURU-U,2026-07-17,2026-07-17T20:00:00,187,163,24,40,10,10,0,100.0,3,3,6,6,False,False,BED_OVERFLOW,SIMULATED
DH-KA-BEN-001,KC General District Hospital Malleshwaram,Karnataka,Bengaluru Urban,KA-BENGALURU-U,2026-07-17,2026-07-17T20:00:00,2513,2307,206,267,350,350,0,100.0,48,44,105,98,False,False,BED_OVERFLOW,SIMULATED
PHC-BR-PAT-001,PHC Bakhtiyarpur,Bihar,Patna,BR-PATNA,2026-07-18,2026-07-18T20:00:00,149,132,17,13,6,6,0,100.0,2,2,4,4,False,False,BED_OVERFLOW,SIMULATED
PHC-BR-PAT-002,PHC Danapur,Bihar,Patna,BR-PATNA,2026-07-18,2026-07-18T20:00:00,210,185,25,34,10,10,0,100.0,3,3,6,6,False,False,BED_OVERFLOW,SIMULATED
PHC-BR-PAT-003,PHC Bihta,Bihar,Patna,BR-PATNA,2026-07-18,2026-07-18T20:00:00,154,137,17,12,8,8,0,100.0,2,2,5,5,False,False,BED_OVERFLOW,SIMULATED
PHC-BR-PAT-004,PHC Fatuha,Bihar,Patna,BR-PATNA,2026-07-18,2026-07-18T20:00:00,107,96,11,12,6,6,0,100.0,2,2,4,4,False,False,BED_OVERFLOW,SIMULATED
PHC-BR-PAT-005,PHC Mokama,Bihar,Patna,BR-PATNA,2026-07-18,2026-07-18T20:00:00,125,108,17,13,8,8,0,100.0,2,2,4,4,False,False,BED_OVERFLOW,SIMULATED
CHC-BR-PAT-001,CHC Phulwari Sharif,Bihar,Patna,BR-PATNA,2026-07-18,2026-07-18T20:00:00,371,340,31,44,30,30,0,100.0,6,6,12,11,False,False,BED_OVERFLOW,SIMULATED
DH-BR-PAT-001,District Hospital Gardanibagh,Bihar,Patna,BR-PATNA,2026-07-18,2026-07-18T20:00:00,1166,1071,95,254,150,150,0,100.0,24,20,45,43,False,False,BED_OVERFLOW,SIMULATED
PHC-BR-GAY-001,PHC Bodh Gaya,Bihar,Gaya,BR-GAYA,2026-07-18,2026-07-18T20:00:00,136,122,14,29,8,8,0,100.0,2,2,4,4,False,False,BED_OVERFLOW,SIMULATED
PHC-BR-GAY-002,PHC Sherghati,Bihar,Gaya,BR-GAYA,2026-07-18,2026-07-18T20:00:00,124,108,16,12,6,6,0,100.0,2,2,4,4,False,False,BED_OVERFLOW,SIMULATED
PHC-BR-GAY-003,PHC Tekari,Bihar,Gaya,BR-GAYA,2026-07-18,2026-07-18T20:00:00,100,89,11,8,6,6,0,100.0,2,2,3,3,False,False,BED_OVERFLOW,SIMULATED
DH-BR-GAY-001,Jay Prakash Narayan District Hospital Gaya,Bihar,Gaya,BR-GAYA,2026-07-18,2026-07-18T20:00:00,1482,1297,185,121,200,200,0,100.0,30,30,60,60,False,False,BED_OVERFLOW,SIMULATED
PHC-UP-VAR-001,PHC Cholapur,Uttar Pradesh,Varanasi,UP-VARANASI,2026-07-18,2026-07-18T20:00:00,144,128,16,26,6,6,0,100.0,2,2,4,4,False,False,BED_OVERFLOW,SIMULATED
PHC-UP-VAR-002,PHC Pindra,Uttar Pradesh,Varanasi,UP-VARANASI,2026-07-18,2026-07-18T20:00:00,159,142,17,26,8,8,0,100.0,3,3,5,5,False,False,BED_OVERFLOW,SIMULATED
PHC-UP-VAR-003,PHC Sevapuri,Uttar Pradesh,Varanasi,UP-VARANASI,2026-07-18,2026-07-18T20:00:00,133,116,17,22,6,6,0,100.0,2,2,4,4,False,False,BED_OVERFLOW,SIMULATED
PHC-UP-VAR-004,PHC Kashi Vidyapeeth,Uttar Pradesh,Varanasi,UP-VARANASI,2026-07-18,2026-07-18T20:00:00,171,154,17,24,10,10,0,100.0,3,3,6,6,False,False,BED_OVERFLOW,SIMULATED
CHC-UP-VAR-001,CHC Misirpur,Uttar Pradesh,Varanasi,UP-VARANASI,2026-07-18,2026-07-18T20:00:00,376,333,43,73,30,30,0,100.0,7,7,14,14,False,False,BED_OVERFLOW,SIMULATED
DH-UP-VAR-001,Pandit Deen Dayal Upadhyay District Hospital,Uttar Pradesh,Varanasi,UP-VARANASI,2026-07-18,2026-07-18T20:00:00,1825,1589,236,218,250,250,0,100.0,38,38,75,73,False,False,BED_OVERFLOW,SIMULATED
PHC-UP-LUK-001,PHC Bakshi Ka Talab,Uttar Pradesh,Lucknow,UP-LUCKNOW,2026-07-18,2026-07-18T20:00:00,173,155,18,18,10,10,0,100.0,3,3,6,6,False,False,BED_OVERFLOW,SIMULATED
PHC-UP-LUK-002,PHC Malihabad,Uttar Pradesh,Lucknow,UP-LUCKNOW,2026-07-18,2026-07-18T20:00:00,138,124,14,18,8,8,0,100.0,2,2,5,5,False,False,BED_OVERFLOW,SIMULATED
PHC-UP-LUK-003,PHC Mohanlalganj,Uttar Pradesh,Lucknow,UP-LUCKNOW,2026-07-18,2026-07-18T20:00:00,152,130,22,14,8,8,0,100.0,2,2,5,5,False,False,BED_OVERFLOW,SIMULATED
DH-UP-LUK-001,Balrampur District Hospital Lucknow,Uttar Pradesh,Lucknow,UP-LUCKNOW,2026-07-18,2026-07-18T20:00:00,2318,2108,210,488,350,350,0,100.0,50,48,110,98,False,False,BED_OVERFLOW,SIMULATED
PHC-RJ-JAI-001,PHC Bassi,Rajasthan,Jaipur,RJ-JAIPUR,2026-07-18,2026-07-18T20:00:00,150,137,13,24,8,8,0,100.0,2,2,5,5,False,False,BED_OVERFLOW,SIMULATED
PHC-RJ-JAI-002,PHC Chaksu,Rajasthan,Jaipur,RJ-JAIPUR,2026-07-18,2026-07-18T20:00:00,134,119,15,26,6,6,0,100.0,2,2,4,4,False,False,BED_OVERFLOW,SIMULATED
PHC-RJ-JAI-003,PHC Amer,Rajasthan,Jaipur,RJ-JAIPUR,2026-07-18,2026-07-18T20:00:00,171,154,17,35,10,10,0,100.0,3,3,6,6,False,False,BED_OVERFLOW,SIMULATED
DH-RJ-JAI-001,Kanwatia District Hospital Jaipur,Rajasthan,Jaipur,RJ-JAIPUR,2026-07-18,2026-07-18T20:00:00,1764,1542,222,275,200,200,0,100.0,32,30,68,59,False,False,BED_OVERFLOW,SIMULATED
PHC-MH-PUN-001,PHC Mulshi,Maharashtra,Pune,MH-PUNE,2026-07-18,2026-07-18T20:00:00,112,96,16,17,8,8,0,100.0,2,2,5,5,False,False,BED_OVERFLOW,SIMULATED
PHC-MH-PUN-002,PHC Haveli,Maharashtra,Pune,MH-PUNE,2026-07-18,2026-07-18T20:00:00,200,172,28,22,10,10,0,100.0,3,3,6,6,False,False,BED_OVERFLOW,SIMULATED
PHC-MH-PUN-003,PHC Khed,Maharashtra,Pune,MH-PUNE,2026-07-18,2026-07-18T20:00:00,161,141,20,33,8,8,0,100.0,2,2,5,5,False,False,BED_OVERFLOW,SIMULATED
DH-MH-PUN-001,Aundh District Hospital Pune,Maharashtra,Pune,MH-PUNE,2026-07-18,2026-07-18T20:00:00,1986,1815,171,295,300,300,0,100.0,42,36,90,90,False,False,BED_OVERFLOW,SIMULATED
PHC-KA-BEN-001,PHC Yelahanka,Karnataka,Bengaluru Urban,KA-BENGALURU-U,2026-07-18,2026-07-18T20:00:00,232,203,29,21,10,10,0,100.0,3,3,7,7,False,False,BED_OVERFLOW,SIMULATED
PHC-KA-BEN-002,PHC Anekal,Karnataka,Bengaluru Urban,KA-BENGALURU-U,2026-07-18,2026-07-18T20:00:00,161,139,22,13,8,8,0,100.0,2,2,5,5,False,False,BED_OVERFLOW,SIMULATED
PHC-KA-BEN-003,PHC Kengeri,Karnataka,Bengaluru Urban,KA-BENGALURU-U,2026-07-18,2026-07-18T20:00:00,201,175,26,28,10,10,0,100.0,3,3,6,6,False,False,BED_OVERFLOW,SIMULATED
DH-KA-BEN-001,KC General District Hospital Malleshwaram,Karnataka,Bengaluru Urban,KA-BENGALURU-U,2026-07-18,2026-07-18T20:00:00,2425,2127,298,491,350,350,0,100.0,48,44,105,96,False,False,BED_OVERFLOW,SIMULATED
PHC-BR-PAT-001,PHC Bakhtiyarpur,Bihar,Patna,BR-PATNA,2026-07-19,2026-07-19T20:00:00,52,45,7,10,6,6,0,100.0,2,2,4,4,False,False,BED_OVERFLOW,SIMULATED
PHC-BR-PAT-002,PHC Danapur,Bihar,Patna,BR-PATNA,2026-07-19,2026-07-19T20:00:00,77,70,7,14,10,10,0,100.0,3,2,6,5,False,False,BED_OVERFLOW,SIMULATED
PHC-BR-PAT-003,PHC Bihta,Bihar,Patna,BR-PATNA,2026-07-19,2026-07-19T20:00:00,68,61,7,14,8,8,0,100.0,2,2,5,4,False,False,BED_OVERFLOW,SIMULATED
PHC-BR-PAT-004,PHC Fatuha,Bihar,Patna,BR-PATNA,2026-07-19,2026-07-19T20:00:00,53,47,6,5,6,6,0,100.0,2,2,4,4,False,False,BED_OVERFLOW,SIMULATED
PHC-BR-PAT-005,PHC Mokama,Bihar,Patna,BR-PATNA,2026-07-19,2026-07-19T20:00:00,61,53,8,9,8,8,0,100.0,2,2,4,3,False,False,BED_OVERFLOW,SIMULATED
CHC-BR-PAT-001,CHC Phulwari Sharif,Bihar,Patna,BR-PATNA,2026-07-19,2026-07-19T20:00:00,146,131,15,14,30,30,0,100.0,6,5,12,9,False,False,BED_OVERFLOW,SIMULATED
DH-BR-PAT-001,District Hospital Gardanibagh,Bihar,Patna,BR-PATNA,2026-07-19,2026-07-19T20:00:00,516,460,56,80,150,134,16,89.33,24,15,45,30,False,True,NORMAL,SIMULATED
PHC-BR-GAY-001,PHC Bodh Gaya,Bihar,Gaya,BR-GAYA,2026-07-19,2026-07-19T20:00:00,54,46,8,9,8,8,0,100.0,2,2,4,4,False,False,BED_OVERFLOW,SIMULATED
PHC-BR-GAY-002,PHC Sherghati,Bihar,Gaya,BR-GAYA,2026-07-19,2026-07-19T20:00:00,49,42,7,4,6,6,0,100.0,2,2,4,4,False,False,BED_OVERFLOW,SIMULATED
PHC-BR-GAY-003,PHC Tekari,Bihar,Gaya,BR-GAYA,2026-07-19,2026-07-19T20:00:00,41,36,5,6,6,6,0,100.0,2,2,3,3,False,False,BED_OVERFLOW,SIMULATED
DH-BR-GAY-001,Jay Prakash Narayan District Hospital Gaya,Bihar,Gaya,BR-GAYA,2026-07-19,2026-07-19T20:00:00,656,578,78,130,200,200,0,100.0,30,16,60,42,False,False,BED_OVERFLOW,SIMULATED
PHC-UP-VAR-001,PHC Cholapur,Uttar Pradesh,Varanasi,UP-VARANASI,2026-07-19,2026-07-19T20:00:00,67,60,7,10,6,6,0,100.0,2,2,4,3,False,False,BED_OVERFLOW,SIMULATED
PHC-UP-VAR-002,PHC Pindra,Uttar Pradesh,Varanasi,UP-VARANASI,2026-07-19,2026-07-19T20:00:00,75,65,10,13,8,8,0,100.0,3,2,5,4,False,False,BED_OVERFLOW,SIMULATED
PHC-UP-VAR-003,PHC Sevapuri,Uttar Pradesh,Varanasi,UP-VARANASI,2026-07-19,2026-07-19T20:00:00,52,47,5,9,6,6,0,100.0,2,2,4,3,False,False,BED_OVERFLOW,SIMULATED
PHC-UP-VAR-004,PHC Kashi Vidyapeeth,Uttar Pradesh,Varanasi,UP-VARANASI,2026-07-19,2026-07-19T20:00:00,83,74,9,12,10,10,0,100.0,3,2,6,4,False,True,BED_OVERFLOW,SIMULATED
CHC-UP-VAR-001,CHC Misirpur,Uttar Pradesh,Varanasi,UP-VARANASI,2026-07-19,2026-07-19T20:00:00,179,155,24,20,30,30,0,100.0,7,5,14,10,False,False,BED_OVERFLOW,SIMULATED
DH-UP-VAR-001,Pandit Deen Dayal Upadhyay District Hospital,Uttar Pradesh,Varanasi,UP-VARANASI,2026-07-19,2026-07-19T20:00:00,767,694,73,111,250,156,94,62.4,38,24,75,60,False,False,NORMAL,SIMULATED
PHC-UP-LUK-001,PHC Bakshi Ka Talab,Uttar Pradesh,Lucknow,UP-LUCKNOW,2026-07-19,2026-07-19T20:00:00,71,63,8,12,10,10,0,100.0,3,2,6,4,False,True,BED_OVERFLOW,SIMULATED
PHC-UP-LUK-002,PHC Malihabad,Uttar Pradesh,Lucknow,UP-LUCKNOW,2026-07-19,2026-07-19T20:00:00,67,58,9,5,8,8,0,100.0,2,2,5,4,False,False,BED_OVERFLOW,SIMULATED
PHC-UP-LUK-003,PHC Mohanlalganj,Uttar Pradesh,Lucknow,UP-LUCKNOW,2026-07-19,2026-07-19T20:00:00,57,49,8,7,8,8,0,100.0,2,2,5,4,False,False,BED_OVERFLOW,SIMULATED
DH-UP-LUK-001,Balrampur District Hospital Lucknow,Uttar Pradesh,Lucknow,UP-LUCKNOW,2026-07-19,2026-07-19T20:00:00,992,895,97,115,350,237,113,67.71,50,29,110,72,False,True,NORMAL,SIMULATED
PHC-RJ-JAI-001,PHC Bassi,Rajasthan,Jaipur,RJ-JAIPUR,2026-07-19,2026-07-19T20:00:00,57,52,5,6,8,8,0,100.0,2,2,5,4,False,False,BED_OVERFLOW,SIMULATED
PHC-RJ-JAI-002,PHC Chaksu,Rajasthan,Jaipur,RJ-JAIPUR,2026-07-19,2026-07-19T20:00:00,52,47,5,7,6,6,0,100.0,2,2,4,4,False,False,BED_OVERFLOW,SIMULATED
PHC-RJ-JAI-003,PHC Amer,Rajasthan,Jaipur,RJ-JAIPUR,2026-07-19,2026-07-19T20:00:00,73,67,6,12,10,10,0,100.0,3,2,6,5,False,False,BED_OVERFLOW,SIMULATED
DH-RJ-JAI-001,Kanwatia District Hospital Jaipur,Rajasthan,Jaipur,RJ-JAIPUR,2026-07-19,2026-07-19T20:00:00,864,776,88,118,200,200,0,100.0,32,17,68,46,False,True,BED_OVERFLOW,SIMULATED
PHC-MH-PUN-001,PHC Mulshi,Maharashtra,Pune,MH-PUNE,2026-07-19,2026-07-19T20:00:00,49,43,6,5,8,8,0,100.0,2,2,5,4,False,False,BED_OVERFLOW,SIMULATED
PHC-MH-PUN-002,PHC Haveli,Maharashtra,Pune,MH-PUNE,2026-07-19,2026-07-19T20:00:00,85,73,12,10,10,10,0,100.0,3,2,6,5,False,False,BED_OVERFLOW,SIMULATED
PHC-MH-PUN-003,PHC Khed,Maharashtra,Pune,MH-PUNE,2026-07-19,2026-07-19T20:00:00,70,63,7,8,8,8,0,100.0,2,2,5,4,False,False,BED_OVERFLOW,SIMULATED
DH-MH-PUN-001,Aundh District Hospital Pune,Maharashtra,Pune,MH-PUNE,2026-07-19,2026-07-19T20:00:00,877,768,109,190,300,266,34,88.67,42,26,90,69,False,False,NORMAL,SIMULATED
PHC-KA-BEN-001,PHC Yelahanka,Karnataka,Bengaluru Urban,KA-BENGALURU-U,2026-07-19,2026-07-19T20:00:00,90,77,13,11,10,10,0,100.0,3,2,7,5,False,False,BED_OVERFLOW,SIMULATED
PHC-KA-BEN-002,PHC Anekal,Karnataka,Bengaluru Urban,KA-BENGALURU-U,2026-07-19,2026-07-19T20:00:00,71,62,9,9,8,8,0,100.0,2,2,5,4,False,False,BED_OVERFLOW,SIMULATED
PHC-KA-BEN-003,PHC Kengeri,Karnataka,Bengaluru Urban,KA-BENGALURU-U,2026-07-19,2026-07-19T20:00:00,87,79,8,15,10,10,0,100.0,3,2,6,5,False,False,BED_OVERFLOW,SIMULATED
DH-KA-BEN-001,KC General District Hospital Malleshwaram,Karnataka,Bengaluru Urban,KA-BENGALURU-U,2026-07-19,2026-07-19T20:00:00,1128,976,152,217,350,326,24,93.14,48,30,105,72,False,True,NORMAL,SIMULATED
PHC-BR-PAT-001,PHC Bakhtiyarpur,Bihar,Patna,BR-PATNA,2026-07-20,2026-07-20T20:00:00,186,166,20,37,6,6,0,100.0,2,2,4,4,False,False,BED_OVERFLOW,SIMULATED
PHC-BR-PAT-002,PHC Danapur,Bihar,Patna,BR-PATNA,2026-07-20,2026-07-20T20:00:00,318,290,28,29,10,10,0,100.0,3,3,6,6,False,False,BED_OVERFLOW,SIMULATED
PHC-BR-PAT-003,PHC Bihta,Bihar,Patna,BR-PATNA,2026-07-20,2026-07-20T20:00:00,220,197,23,41,8,8,0,100.0,2,2,5,5,False,False,BED_OVERFLOW,SIMULATED
PHC-BR-PAT-004,PHC Fatuha,Bihar,Patna,BR-PATNA,2026-07-20,2026-07-20T20:00:00,180,162,18,30,6,6,0,100.0,2,2,4,4,False,False,BED_OVERFLOW,SIMULATED
PHC-BR-PAT-005,PHC Mokama,Bihar,Patna,BR-PATNA,2026-07-20,2026-07-20T20:00:00,237,208,29,30,8,8,0,100.0,2,2,4,4,False,False,BED_OVERFLOW,SIMULATED
CHC-BR-PAT-001,CHC Phulwari Sharif,Bihar,Patna,BR-PATNA,2026-07-20,2026-07-20T20:00:00,563,510,53,75,30,30,0,100.0,6,6,12,11,False,False,BED_OVERFLOW,SIMULATED
DH-BR-PAT-001,District Hospital Gardanibagh,Bihar,Patna,BR-PATNA,2026-07-20,2026-07-20T20:00:00,1665,1447,218,279,150,150,0,100.0,24,24,45,40,False,False,BED_OVERFLOW,SIMULATED
PHC-BR-GAY-001,PHC Bodh Gaya,Bihar,Gaya,BR-GAYA,2026-07-20,2026-07-20T20:00:00,201,183,18,31,8,8,0,100.0,2,2,4,4,False,False,BED_OVERFLOW,SIMULATED
PHC-BR-GAY-002,PHC Sherghati,Bihar,Gaya,BR-GAYA,2026-07-20,2026-07-20T20:00:00,182,157,25,22,6,6,0,100.0,2,2,4,4,False,False,BED_OVERFLOW,SIMULATED
PHC-BR-GAY-003,PHC Tekari,Bihar,Gaya,BR-GAYA,2026-07-20,2026-07-20T20:00:00,126,111,15,11,6,6,0,100.0,2,2,3,3,False,False,BED_OVERFLOW,SIMULATED
DH-BR-GAY-001,Jay Prakash Narayan District Hospital Gaya,Bihar,Gaya,BR-GAYA,2026-07-20,2026-07-20T20:00:00,2314,2055,259,268,200,200,0,100.0,30,28,60,53,False,False,BED_OVERFLOW,SIMULATED
PHC-UP-VAR-001,PHC Cholapur,Uttar Pradesh,Varanasi,UP-VARANASI,2026-07-20,2026-07-20T20:00:00,228,197,31,36,6,6,0,100.0,2,2,4,4,False,False,BED_OVERFLOW,SIMULATED
PHC-UP-VAR-002,PHC Pindra,Uttar Pradesh,Varanasi,UP-VARANASI,2026-07-20,2026-07-20T20:00:00,242,220,22,50,8,8,0,100.0,3,3,5,5,False,False,BED_OVERFLOW,SIMULATED
PHC-UP-VAR-003,PHC Sevapuri,Uttar Pradesh,Varanasi,UP-VARANASI,2026-07-20,2026-07-20T20:00:00,186,170,16,24,6,6,0,100.0,2,2,4,4,False,False,BED_OVERFLOW,SIMULATED
PHC-UP-VAR-004,PHC Kashi Vidyapeeth,Uttar Pradesh,Varanasi,UP-VARANASI,2026-07-20,2026-07-20T20:00:00,310,282,28,54,10,10,0,100.0,3,3,6,6,False,False,BED_OVERFLOW,SIMULATED
CHC-UP-VAR-001,CHC Misirpur,Uttar Pradesh,Varanasi,UP-VARANASI,2026-07-20,2026-07-20T20:00:00,552,482,70,107,30,30,0,100.0,7,7,14,13,False,False,BED_OVERFLOW,SIMULATED
DH-UP-VAR-001,Pandit Deen Dayal Upadhyay District Hospital,Uttar Pradesh,Varanasi,UP-VARANASI,2026-07-20,2026-07-20T20:00:00,2842,2471,371,386,250,250,0,100.0,38,34,75,69,False,False,BED_OVERFLOW,SIMULATED
PHC-UP-LUK-001,PHC Bakshi Ka Talab,Uttar Pradesh,Lucknow,UP-LUCKNOW,2026-07-20,2026-07-20T20:00:00,292,252,40,42,10,10,0,100.0,3,3,6,6,False,False,BED_OVERFLOW,SIMULATED
PHC-UP-LUK-002,PHC Malihabad,Uttar Pradesh,Lucknow,UP-LUCKNOW,2026-07-20,2026-07-20T20:00:00,214,185,29,39,8,8,0,100.0,2,2,5,5,False,False,BED_OVERFLOW,SIMULATED
PHC-UP-LUK-003,PHC Mohanlalganj,Uttar Pradesh,Lucknow,UP-LUCKNOW,2026-07-20,2026-07-20T20:00:00,234,204,30,29,8,8,0,100.0,2,2,5,5,False,False,BED_OVERFLOW,SIMULATED
DH-UP-LUK-001,Balrampur District Hospital Lucknow,Uttar Pradesh,Lucknow,UP-LUCKNOW,2026-07-20,2026-07-20T20:00:00,3445,3107,338,505,350,350,0,100.0,50,41,110,97,False,False,BED_OVERFLOW,SIMULATED
PHC-RJ-JAI-001,PHC Bassi,Rajasthan,Jaipur,RJ-JAIPUR,2026-07-20,2026-07-20T20:00:00,239,212,27,40,8,8,0,100.0,2,2,5,5,False,False,BED_OVERFLOW,SIMULATED
PHC-RJ-JAI-002,PHC Chaksu,Rajasthan,Jaipur,RJ-JAIPUR,2026-07-20,2026-07-20T20:00:00,205,180,25,43,6,6,0,100.0,2,2,4,4,False,False,BED_OVERFLOW,SIMULATED
PHC-RJ-JAI-003,PHC Amer,Rajasthan,Jaipur,RJ-JAIPUR,2026-07-20,2026-07-20T20:00:00,244,210,34,49,10,10,0,100.0,3,3,6,6,False,False,BED_OVERFLOW,SIMULATED
DH-RJ-JAI-001,Kanwatia District Hospital Jaipur,Rajasthan,Jaipur,RJ-JAIPUR,2026-07-20,2026-07-20T20:00:00,2605,2339,266,238,200,200,0,100.0,32,29,68,61,False,False,BED_OVERFLOW,SIMULATED
PHC-MH-PUN-001,PHC Mulshi,Maharashtra,Pune,MH-PUNE,2026-07-20,2026-07-20T20:00:00,165,148,17,33,8,8,0,100.0,2,2,5,5,False,False,BED_OVERFLOW,SIMULATED
PHC-MH-PUN-002,PHC Haveli,Maharashtra,Pune,MH-PUNE,2026-07-20,2026-07-20T20:00:00,335,304,31,31,10,10,0,100.0,3,3,6,6,False,False,BED_OVERFLOW,SIMULATED
PHC-MH-PUN-003,PHC Khed,Maharashtra,Pune,MH-PUNE,2026-07-20,2026-07-20T20:00:00,224,194,30,28,8,8,0,100.0,2,2,5,5,False,False,BED_OVERFLOW,SIMULATED
DH-MH-PUN-001,Aundh District Hospital Pune,Maharashtra,Pune,MH-PUNE,2026-07-20,2026-07-20T20:00:00,3209,2790,419,569,300,300,0,100.0,42,40,90,82,False,False,BED_OVERFLOW,SIMULATED
PHC-KA-BEN-001,PHC Yelahanka,Karnataka,Bengaluru Urban,KA-BENGALURU-U,2026-07-20,2026-07-20T20:00:00,331,284,47,62,10,10,0,100.0,3,3,7,7,False,False,BED_OVERFLOW,SIMULATED
PHC-KA-BEN-002,PHC Anekal,Karnataka,Bengaluru Urban,KA-BENGALURU-U,2026-07-20,2026-07-20T20:00:00,273,244,29,34,8,8,0,100.0,2,2,5,5,False,False,BED_OVERFLOW,SIMULATED
PHC-KA-BEN-003,PHC Kengeri,Karnataka,Bengaluru Urban,KA-BENGALURU-U,2026-07-20,2026-07-20T20:00:00,296,267,29,36,10,10,0,100.0,3,3,6,6,False,False,BED_OVERFLOW,SIMULATED
DH-KA-BEN-001,KC General District Hospital Malleshwaram,Karnataka,Bengaluru Urban,KA-BENGALURU-U,2026-07-20,2026-07-20T20:00:00,3429,3126,303,328,350,350,0,100.0,48,43,105,98,False,False,BED_OVERFLOW,SIMULATED
PHC-BR-PAT-001,PHC Bakhtiyarpur,Bihar,Patna,BR-PATNA,2026-07-21,2026-07-21T20:00:00,188,161,27,26,6,6,0,100.0,2,2,4,4,False,False,BED_OVERFLOW,SIMULATED
PHC-BR-PAT-002,PHC Danapur,Bihar,Patna,BR-PATNA,2026-07-21,2026-07-21T20:00:00,226,207,19,21,10,10,0,100.0,3,3,6,6,False,False,BED_OVERFLOW,SIMULATED
PHC-BR-PAT-003,PHC Bihta,Bihar,Patna,BR-PATNA,2026-07-21,2026-07-21T20:00:00,182,162,20,18,8,8,0,100.0,2,2,5,5,False,False,BED_OVERFLOW,SIMULATED
PHC-BR-PAT-004,PHC Fatuha,Bihar,Patna,BR-PATNA,2026-07-21,2026-07-21T20:00:00,145,133,12,23,6,6,0,100.0,2,2,4,4,False,False,BED_OVERFLOW,SIMULATED
PHC-BR-PAT-005,PHC Mokama,Bihar,Patna,BR-PATNA,2026-07-21,2026-07-21T20:00:00,179,163,16,26,8,8,0,100.0,2,2,4,4,False,False,BED_OVERFLOW,SIMULATED
CHC-BR-PAT-001,CHC Phulwari Sharif,Bihar,Patna,BR-PATNA,2026-07-21,2026-07-21T20:00:00,426,378,48,58,30,30,0,100.0,6,6,12,12,False,False,BED_OVERFLOW,SIMULATED
DH-BR-PAT-001,District Hospital Gardanibagh,Bihar,Patna,BR-PATNA,2026-07-21,2026-07-21T20:00:00,1410,1277,133,135,150,150,0,100.0,24,22,45,40,False,False,BED_OVERFLOW,SIMULATED
PHC-BR-GAY-001,PHC Bodh Gaya,Bihar,Gaya,BR-GAYA,2026-07-21,2026-07-21T20:00:00,153,137,16,23,8,8,0,100.0,2,2,4,4,False,False,BED_OVERFLOW,SIMULATED
PHC-BR-GAY-002,PHC Sherghati,Bihar,Gaya,BR-GAYA,2026-07-21,2026-07-21T20:00:00,150,132,18,17,6,6,0,100.0,2,2,4,4,False,False,BED_OVERFLOW,SIMULATED
PHC-BR-GAY-003,PHC Tekari,Bihar,Gaya,BR-GAYA,2026-07-21,2026-07-21T20:00:00,123,113,10,23,6,6,0,100.0,2,2,3,3,False,False,BED_OVERFLOW,SIMULATED
DH-BR-GAY-001,Jay Prakash Narayan District Hospital Gaya,Bihar,Gaya,BR-GAYA,2026-07-21,2026-07-21T20:00:00,1701,1504,197,254,200,200,0,100.0,30,30,60,52,False,False,BED_OVERFLOW,SIMULATED
PHC-UP-VAR-001,PHC Cholapur,Uttar Pradesh,Varanasi,UP-VARANASI,2026-07-21,2026-07-21T20:00:00,170,150,20,27,6,6,0,100.0,2,2,4,4,False,False,BED_OVERFLOW,SIMULATED
PHC-UP-VAR-002,PHC Pindra,Uttar Pradesh,Varanasi,UP-VARANASI,2026-07-21,2026-07-21T20:00:00,206,179,27,29,8,8,0,100.0,3,3,5,5,False,False,BED_OVERFLOW,SIMULATED
PHC-UP-VAR-003,PHC Sevapuri,Uttar Pradesh,Varanasi,UP-VARANASI,2026-07-21,2026-07-21T20:00:00,148,130,18,28,6,6,0,100.0,2,2,4,4,False,False,BED_OVERFLOW,SIMULATED
PHC-UP-VAR-004,PHC Kashi Vidyapeeth,Uttar Pradesh,Varanasi,UP-VARANASI,2026-07-21,2026-07-21T20:00:00,219,198,21,29,10,10,0,100.0,3,3,6,6,False,False,BED_OVERFLOW,SIMULATED
CHC-UP-VAR-001,CHC Misirpur,Uttar Pradesh,Varanasi,UP-VARANASI,2026-07-21,2026-07-21T20:00:00,439,384,55,75,30,30,0,100.0,7,7,14,14,False,False,BED_OVERFLOW,SIMULATED
DH-UP-VAR-001,Pandit Deen Dayal Upadhyay District Hospital,Uttar Pradesh,Varanasi,UP-VARANASI,2026-07-21,2026-07-21T20:00:00,2284,2056,228,184,250,250,0,100.0,38,31,75,65,False,False,BED_OVERFLOW,SIMULATED
PHC-UP-LUK-001,PHC Bakshi Ka Talab,Uttar Pradesh,Lucknow,UP-LUCKNOW,2026-07-21,2026-07-21T20:00:00,201,182,19,39,10,10,0,100.0,3,3,6,6,False,False,BED_OVERFLOW,SIMULATED
PHC-UP-LUK-002,PHC Malihabad,Uttar Pradesh,Lucknow,UP-LUCKNOW,2026-07-21,2026-07-21T20:00:00,171,148,23,27,8,8,0,100.0,2,2,5,5,False,False,BED_OVERFLOW,SIMULATED
PHC-UP-LUK-003,PHC Mohanlalganj,Uttar Pradesh,Lucknow,UP-LUCKNOW,2026-07-21,2026-07-21T20:00:00,190,170,20,25,8,8,0,100.0,2,2,5,5,False,False,BED_OVERFLOW,SIMULATED
DH-UP-LUK-001,Balrampur District Hospital Lucknow,Uttar Pradesh,Lucknow,UP-LUCKNOW,2026-07-21,2026-07-21T20:00:00,2587,2370,217,348,350,350,0,100.0,50,45,110,99,False,False,BED_OVERFLOW,SIMULATED
PHC-RJ-JAI-001,PHC Bassi,Rajasthan,Jaipur,RJ-JAIPUR,2026-07-21,2026-07-21T20:00:00,179,155,24,20,8,8,0,100.0,2,2,5,5,False,False,BED_OVERFLOW,SIMULATED
PHC-RJ-JAI-002,PHC Chaksu,Rajasthan,Jaipur,RJ-JAIPUR,2026-07-21,2026-07-21T20:00:00,154,137,17,20,6,6,0,100.0,2,2,4,4,False,False,BED_OVERFLOW,SIMULATED
PHC-RJ-JAI-003,PHC Amer,Rajasthan,Jaipur,RJ-JAIPUR,2026-07-21,2026-07-21T20:00:00,200,173,27,25,10,10,0,100.0,3,3,6,6,False,False,BED_OVERFLOW,SIMULATED
DH-RJ-JAI-001,Kanwatia District Hospital Jaipur,Rajasthan,Jaipur,RJ-JAIPUR,2026-07-21,2026-07-21T20:00:00,1841,1668,173,186,200,200,0,100.0,32,30,68,68,False,False,BED_OVERFLOW,SIMULATED
PHC-MH-PUN-001,PHC Mulshi,Maharashtra,Pune,MH-PUNE,2026-07-21,2026-07-21T20:00:00,149,133,16,12,8,8,0,100.0,2,2,5,5,False,False,BED_OVERFLOW,SIMULATED
PHC-MH-PUN-002,PHC Haveli,Maharashtra,Pune,MH-PUNE,2026-07-21,2026-07-21T20:00:00,225,203,22,23,10,10,0,100.0,3,3,6,6,False,False,BED_OVERFLOW,SIMULATED
PHC-MH-PUN-003,PHC Khed,Maharashtra,Pune,MH-PUNE,2026-07-21,2026-07-21T20:00:00,192,174,18,34,8,8,0,100.0,2,2,5,5,False,False,BED_OVERFLOW,SIMULATED
DH-MH-PUN-001,Aundh District Hospital Pune,Maharashtra,Pune,MH-PUNE,2026-07-21,2026-07-21T20:00:00,2789,2407,382,255,300,300,0,100.0,42,34,90,90,False,False,BED_OVERFLOW,SIMULATED
PHC-KA-BEN-001,PHC Yelahanka,Karnataka,Bengaluru Urban,KA-BENGALURU-U,2026-07-21,2026-07-21T20:00:00,263,239,24,25,10,10,0,100.0,3,3,7,7,False,False,BED_OVERFLOW,SIMULATED
PHC-KA-BEN-002,PHC Anekal,Karnataka,Bengaluru Urban,KA-BENGALURU-U,2026-07-21,2026-07-21T20:00:00,193,169,24,20,8,8,0,100.0,2,2,5,5,False,False,BED_OVERFLOW,SIMULATED
PHC-KA-BEN-003,PHC Kengeri,Karnataka,Bengaluru Urban,KA-BENGALURU-U,2026-07-21,2026-07-21T20:00:00,217,189,28,20,10,10,0,100.0,3,3,6,6,False,False,BED_OVERFLOW,SIMULATED
DH-KA-BEN-001,KC General District Hospital Malleshwaram,Karnataka,Bengaluru Urban,KA-BENGALURU-U,2026-07-21,2026-07-21T20:00:00,3077,2761,316,336,350,350,0,100.0,48,47,105,100,False,False,BED_OVERFLOW,SIMULATED
PHC-BR-PAT-001,PHC Bakhtiyarpur,Bihar,Patna,BR-PATNA,2026-07-22,2026-07-22T20:00:00,175,155,20,17,6,6,0,100.0,2,2,4,4,False,False,BED_OVERFLOW,SIMULATED
PHC-BR-PAT-002,PHC Danapur,Bihar,Patna,BR-PATNA,2026-07-22,2026-07-22T20:00:00,240,208,32,30,10,10,0,100.0,3,3,6,6,False,False,BED_OVERFLOW,SIMULATED
PHC-BR-PAT-003,PHC Bihta,Bihar,Patna,BR-PATNA,2026-07-22,2026-07-22T20:00:00,182,156,26,27,8,8,0,100.0,2,2,5,5,False,False,BED_OVERFLOW,SIMULATED
PHC-BR-PAT-004,PHC Fatuha,Bihar,Patna,BR-PATNA,2026-07-22,2026-07-22T20:00:00,152,135,17,23,6,6,0,100.0,2,2,4,4,False,False,BED_OVERFLOW,SIMULATED
PHC-BR-PAT-005,PHC Mokama,Bihar,Patna,BR-PATNA,2026-07-22,2026-07-22T20:00:00,163,148,15,13,8,8,0,100.0,2,2,4,4,False,False,BED_OVERFLOW,SIMULATED
CHC-BR-PAT-001,CHC Phulwari Sharif,Bihar,Patna,BR-PATNA,2026-07-22,2026-07-22T20:00:00,445,386,59,52,30,30,0,100.0,6,5,12,12,False,False,BED_OVERFLOW,SIMULATED
DH-BR-PAT-001,District Hospital Gardanibagh,Bihar,Patna,BR-PATNA,2026-07-22,2026-07-22T20:00:00,1390,1249,141,202,150,150,0,100.0,24,22,45,45,False,False,BED_OVERFLOW,SIMULATED
PHC-BR-GAY-001,PHC Bodh Gaya,Bihar,Gaya,BR-GAYA,2026-07-22,2026-07-22T20:00:00,159,145,14,18,8,8,0,100.0,2,2,4,4,False,False,BED_OVERFLOW,SIMULATED
PHC-BR-GAY-002,PHC Sherghati,Bihar,Gaya,BR-GAYA,2026-07-22,2026-07-22T20:00:00,144,132,12,13,6,6,0,100.0,2,2,4,4,False,False,BED_OVERFLOW,SIMULATED
PHC-BR-GAY-003,PHC Tekari,Bihar,Gaya,BR-GAYA,2026-07-22,2026-07-22T20:00:00,114,99,15,20,6,6,0,100.0,2,2,3,3,False,False,BED_OVERFLOW,SIMULATED
DH-BR-GAY-001,Jay Prakash Narayan District Hospital Gaya,Bihar,Gaya,BR-GAYA,2026-07-22,2026-07-22T20:00:00,1796,1573,223,223,200,200,0,100.0,30,27,60,53,False,False,BED_OVERFLOW,SIMULATED
PHC-UP-VAR-001,PHC Cholapur,Uttar Pradesh,Varanasi,UP-VARANASI,2026-07-22,2026-07-22T20:00:00,171,150,21,35,6,6,0,100.0,2,2,4,4,False,False,BED_OVERFLOW,SIMULATED
PHC-UP-VAR-002,PHC Pindra,Uttar Pradesh,Varanasi,UP-VARANASI,2026-07-22,2026-07-22T20:00:00,190,174,16,21,8,8,0,100.0,3,3,5,5,False,False,BED_OVERFLOW,SIMULATED
PHC-UP-VAR-003,PHC Sevapuri,Uttar Pradesh,Varanasi,UP-VARANASI,2026-07-22,2026-07-22T20:00:00,148,135,13,22,6,6,0,100.0,2,2,4,4,False,False,BED_OVERFLOW,SIMULATED
PHC-UP-VAR-004,PHC Kashi Vidyapeeth,Uttar Pradesh,Varanasi,UP-VARANASI,2026-07-22,2026-07-22T20:00:00,243,215,28,25,10,10,0,100.0,3,3,6,6,False,False,BED_OVERFLOW,SIMULATED
CHC-UP-VAR-001,CHC Misirpur,Uttar Pradesh,Varanasi,UP-VARANASI,2026-07-22,2026-07-22T20:00:00,432,375,57,53,30,30,0,100.0,7,7,14,14,False,False,BED_OVERFLOW,SIMULATED
DH-UP-VAR-001,Pandit Deen Dayal Upadhyay District Hospital,Uttar Pradesh,Varanasi,UP-VARANASI,2026-07-22,2026-07-22T20:00:00,2115,1846,269,337,250,250,0,100.0,38,33,75,65,False,False,BED_OVERFLOW,SIMULATED
PHC-UP-LUK-001,PHC Bakshi Ka Talab,Uttar Pradesh,Lucknow,UP-LUCKNOW,2026-07-22,2026-07-22T20:00:00,200,175,25,21,10,10,0,100.0,3,3,6,6,False,False,BED_OVERFLOW,SIMULATED
PHC-UP-LUK-002,PHC Malihabad,Uttar Pradesh,Lucknow,UP-LUCKNOW,2026-07-22,2026-07-22T20:00:00,195,178,17,37,8,8,0,100.0,2,2,5,5,False,False,BED_OVERFLOW,SIMULATED
PHC-UP-LUK-003,PHC Mohanlalganj,Uttar Pradesh,Lucknow,UP-LUCKNOW,2026-07-22,2026-07-22T20:00:00,195,175,20,27,8,8,0,100.0,2,2,5,5,False,False,BED_OVERFLOW,SIMULATED
DH-UP-LUK-001,Balrampur District Hospital Lucknow,Uttar Pradesh,Lucknow,UP-LUCKNOW,2026-07-22,2026-07-22T20:00:00,2839,2525,314,245,350,350,0,100.0,50,42,110,101,False,False,BED_OVERFLOW,SIMULATED
PHC-RJ-JAI-001,PHC Bassi,Rajasthan,Jaipur,RJ-JAIPUR,2026-07-22,2026-07-22T20:00:00,183,163,20,29,8,8,0,100.0,2,2,5,5,False,False,BED_OVERFLOW,SIMULATED
PHC-RJ-JAI-002,PHC Chaksu,Rajasthan,Jaipur,RJ-JAIPUR,2026-07-22,2026-07-22T20:00:00,164,148,16,26,6,6,0,100.0,2,2,4,4,False,False,BED_OVERFLOW,SIMULATED
PHC-RJ-JAI-003,PHC Amer,Rajasthan,Jaipur,RJ-JAIPUR,2026-07-22,2026-07-22T20:00:00,210,192,18,17,10,10,0,100.0,3,3,6,6,False,False,BED_OVERFLOW,SIMULATED
DH-RJ-JAI-001,Kanwatia District Hospital Jaipur,Rajasthan,Jaipur,RJ-JAIPUR,2026-07-22,2026-07-22T20:00:00,1906,1641,265,277,200,200,0,100.0,32,29,68,61,False,False,BED_OVERFLOW,SIMULATED
PHC-MH-PUN-001,PHC Mulshi,Maharashtra,Pune,MH-PUNE,2026-07-22,2026-07-22T20:00:00,120,105,15,15,8,8,0,100.0,2,2,5,5,False,False,BED_OVERFLOW,SIMULATED
PHC-MH-PUN-002,PHC Haveli,Maharashtra,Pune,MH-PUNE,2026-07-22,2026-07-22T20:00:00,215,185,30,26,10,10,0,100.0,3,3,6,6,False,False,BED_OVERFLOW,SIMULATED
PHC-MH-PUN-003,PHC Khed,Maharashtra,Pune,MH-PUNE,2026-07-22,2026-07-22T20:00:00,193,176,17,38,8,8,0,100.0,2,2,5,5,False,False,BED_OVERFLOW,SIMULATED
DH-MH-PUN-001,Aundh District Hospital Pune,Maharashtra,Pune,MH-PUNE,2026-07-22,2026-07-22T20:00:00,2478,2253,225,246,300,300,0,100.0,42,41,90,87,False,False,BED_OVERFLOW,SIMULATED
PHC-KA-BEN-001,PHC Yelahanka,Karnataka,Bengaluru Urban,KA-BENGALURU-U,2026-07-22,2026-07-22T20:00:00,264,230,34,24,10,10,0,100.0,3,3,7,7,False,False,BED_OVERFLOW,SIMULATED
PHC-KA-BEN-002,PHC Anekal,Karnataka,Bengaluru Urban,KA-BENGALURU-U,2026-07-22,2026-07-22T20:00:00,221,197,24,17,8,8,0,100.0,2,2,5,5,False,False,BED_OVERFLOW,SIMULATED
PHC-KA-BEN-003,PHC Kengeri,Karnataka,Bengaluru Urban,KA-BENGALURU-U,2026-07-22,2026-07-22T20:00:00,220,189,31,19,10,10,0,100.0,3,3,6,6,False,False,BED_OVERFLOW,SIMULATED
DH-KA-BEN-001,KC General District Hospital Malleshwaram,Karnataka,Bengaluru Urban,KA-BENGALURU-U,2026-07-22,2026-07-22T20:00:00,3013,2734,279,401,350,350,0,100.0,48,48,105,99,False,False,BED_OVERFLOW,SIMULATED
PHC-BR-PAT-001,PHC Bakhtiyarpur,Bihar,Patna,BR-PATNA,2026-07-23,2026-07-23T20:00:00,164,142,22,20,6,6,0,100.0,2,2,4,4,False,False,BED_OVERFLOW,SIMULATED
PHC-BR-PAT-002,PHC Danapur,Bihar,Patna,BR-PATNA,2026-07-23,2026-07-23T20:00:00,237,216,21,40,10,10,0,100.0,3,3,6,6,False,False,BED_OVERFLOW,SIMULATED
PHC-BR-PAT-003,PHC Bihta,Bihar,Patna,BR-PATNA,2026-07-23,2026-07-23T20:00:00,176,156,20,26,8,8,0,100.0,2,2,5,5,False,False,BED_OVERFLOW,SIMULATED
PHC-BR-PAT-004,PHC Fatuha,Bihar,Patna,BR-PATNA,2026-07-23,2026-07-23T20:00:00,146,126,20,27,6,6,0,100.0,2,2,4,4,False,False,BED_OVERFLOW,SIMULATED
PHC-BR-PAT-005,PHC Mokama,Bihar,Patna,BR-PATNA,2026-07-23,2026-07-23T20:00:00,179,156,23,30,8,8,0,100.0,2,2,4,4,False,False,BED_OVERFLOW,SIMULATED
CHC-BR-PAT-001,CHC Phulwari Sharif,Bihar,Patna,BR-PATNA,2026-07-23,2026-07-23T20:00:00,409,363,46,44,30,30,0,100.0,6,6,12,11,False,False,BED_OVERFLOW,SIMULATED
DH-BR-PAT-001,District Hospital Gardanibagh,Bihar,Patna,BR-PATNA,2026-07-23,2026-07-23T20:00:00,1381,1228,153,176,150,150,0,100.0,24,23,45,42,False,False,BED_OVERFLOW,SIMULATED
PHC-BR-GAY-001,PHC Bodh Gaya,Bihar,Gaya,BR-GAYA,2026-07-23,2026-07-23T20:00:00,176,154,22,37,8,8,0,100.0,2,2,4,4,False,False,BED_OVERFLOW,SIMULATED
PHC-BR-GAY-002,PHC Sherghati,Bihar,Gaya,BR-GAYA,2026-07-23,2026-07-23T20:00:00,132,114,18,12,6,6,0,100.0,2,2,4,4,False,False,BED_OVERFLOW,SIMULATED
PHC-BR-GAY-003,PHC Tekari,Bihar,Gaya,BR-GAYA,2026-07-23,2026-07-23T20:00:00,137,122,15,14,6,6,0,100.0,2,2,3,3,False,False,BED_OVERFLOW,SIMULATED
DH-BR-GAY-001,Jay Prakash Narayan District Hospital Gaya,Bihar,Gaya,BR-GAYA,2026-07-23,2026-07-23T20:00:00,1844,1691,153,296,200,200,0,100.0,30,27,60,52,False,False,BED_OVERFLOW,SIMULATED
PHC-UP-VAR-001,PHC Cholapur,Uttar Pradesh,Varanasi,UP-VARANASI,2026-07-23,2026-07-23T20:00:00,173,149,24,14,6,6,0,100.0,2,2,4,4,False,False,BED_OVERFLOW,SIMULATED
PHC-UP-VAR-002,PHC Pindra,Uttar Pradesh,Varanasi,UP-VARANASI,2026-07-23,2026-07-23T20:00:00,191,168,23,18,8,8,0,100.0,3,3,5,5,False,False,BED_OVERFLOW,SIMULATED
PHC-UP-VAR-003,PHC Sevapuri,Uttar Pradesh,Varanasi,UP-VARANASI,2026-07-23,2026-07-23T20:00:00,150,132,18,21,6,6,0,100.0,2,2,4,4,False,False,BED_OVERFLOW,SIMULATED
PHC-UP-VAR-004,PHC Kashi Vidyapeeth,Uttar Pradesh,Varanasi,UP-VARANASI,2026-07-23,2026-07-23T20:00:00,249,214,35,33,10,10,0,100.0,3,3,6,6,False,False,BED_OVERFLOW,SIMULATED
CHC-UP-VAR-001,CHC Misirpur,Uttar Pradesh,Varanasi,UP-VARANASI,2026-07-23,2026-07-23T20:00:00,424,369,55,50,30,30,0,100.0,7,7,14,13,False,False,BED_OVERFLOW,SIMULATED
DH-UP-VAR-001,Pandit Deen Dayal Upadhyay District Hospital,Uttar Pradesh,Varanasi,UP-VARANASI,2026-07-23,2026-07-23T20:00:00,2131,1839,292,244,250,250,0,100.0,38,32,75,74,False,False,BED_OVERFLOW,SIMULATED
PHC-UP-LUK-001,PHC Bakshi Ka Talab,Uttar Pradesh,Lucknow,UP-LUCKNOW,2026-07-23,2026-07-23T20:00:00,234,209,25,26,10,10,0,100.0,3,3,6,6,False,False,BED_OVERFLOW,SIMULATED
PHC-UP-LUK-002,PHC Malihabad,Uttar Pradesh,Lucknow,UP-LUCKNOW,2026-07-23,2026-07-23T20:00:00,179,161,18,24,8,8,0,100.0,2,2,5,5,False,False,BED_OVERFLOW,SIMULATED
PHC-UP-LUK-003,PHC Mohanlalganj,Uttar Pradesh,Lucknow,UP-LUCKNOW,2026-07-23,2026-07-23T20:00:00,179,161,18,26,8,8,0,100.0,2,2,5,5,False,False,BED_OVERFLOW,SIMULATED
DH-UP-LUK-001,Balrampur District Hospital Lucknow,Uttar Pradesh,Lucknow,UP-LUCKNOW,2026-07-23,2026-07-23T20:00:00,2695,2431,264,324,350,350,0,100.0,50,42,110,109,False,False,BED_OVERFLOW,SIMULATED
PHC-RJ-JAI-001,PHC Bassi,Rajasthan,Jaipur,RJ-JAIPUR,2026-07-23,2026-07-23T20:00:00,181,162,19,33,8,8,0,100.0,2,2,5,5,False,False,BED_OVERFLOW,SIMULATED
PHC-RJ-JAI-002,PHC Chaksu,Rajasthan,Jaipur,RJ-JAIPUR,2026-07-23,2026-07-23T20:00:00,164,147,17,16,6,6,0,100.0,2,2,4,4,False,False,BED_OVERFLOW,SIMULATED
PHC-RJ-JAI-003,PHC Amer,Rajasthan,Jaipur,RJ-JAIPUR,2026-07-23,2026-07-23T20:00:00,203,182,21,28,10,10,0,100.0,3,3,6,6,False,False,BED_OVERFLOW,SIMULATED
DH-RJ-JAI-001,Kanwatia District Hospital Jaipur,Rajasthan,Jaipur,RJ-JAIPUR,2026-07-23,2026-07-23T20:00:00,2222,1933,289,414,200,200,0,100.0,32,28,68,63,False,False,BED_OVERFLOW,SIMULATED
PHC-MH-PUN-001,PHC Mulshi,Maharashtra,Pune,MH-PUNE,2026-07-23,2026-07-23T20:00:00,145,124,21,29,8,8,0,100.0,2,2,5,5,False,False,BED_OVERFLOW,SIMULATED
PHC-MH-PUN-002,PHC Haveli,Maharashtra,Pune,MH-PUNE,2026-07-23,2026-07-23T20:00:00,247,222,25,29,10,10,0,100.0,3,3,6,6,False,False,BED_OVERFLOW,SIMULATED
PHC-MH-PUN-003,PHC Khed,Maharashtra,Pune,MH-PUNE,2026-07-23,2026-07-23T20:00:00,173,149,24,33,8,8,0,100.0,2,2,5,5,False,False,BED_OVERFLOW,SIMULATED
DH-MH-PUN-001,Aundh District Hospital Pune,Maharashtra,Pune,MH-PUNE,2026-07-23,2026-07-23T20:00:00,2525,2254,271,436,300,300,0,100.0,42,38,90,88,False,False,BED_OVERFLOW,SIMULATED
PHC-KA-BEN-001,PHC Yelahanka,Karnataka,Bengaluru Urban,KA-BENGALURU-U,2026-07-23,2026-07-23T20:00:00,246,216,30,31,10,10,0,100.0,3,3,7,7,False,False,BED_OVERFLOW,SIMULATED
PHC-KA-BEN-002,PHC Anekal,Karnataka,Bengaluru Urban,KA-BENGALURU-U,2026-07-23,2026-07-23T20:00:00,186,169,17,27,8,8,0,100.0,2,2,5,5,False,False,BED_OVERFLOW,SIMULATED
PHC-KA-BEN-003,PHC Kengeri,Karnataka,Bengaluru Urban,KA-BENGALURU-U,2026-07-23,2026-07-23T20:00:00,201,174,27,27,10,10,0,100.0,3,3,6,6,False,False,BED_OVERFLOW,SIMULATED
DH-KA-BEN-001,KC General District Hospital Malleshwaram,Karnataka,Bengaluru Urban,KA-BENGALURU-U,2026-07-23,2026-07-23T20:00:00,3178,2738,440,511,350,350,0,100.0,48,43,105,93,False,False,BED_OVERFLOW,SIMULATED
PHC-BR-PAT-001,PHC Bakhtiyarpur,Bihar,Patna,BR-PATNA,2026-07-24,2026-07-24T20:00:00,117,101,16,24,6,6,0,100.0,2,2,4,4,False,False,BED_OVERFLOW,SIMULATED
PHC-BR-PAT-002,PHC Danapur,Bihar,Patna,BR-PATNA,2026-07-24,2026-07-24T20:00:00,209,187,22,32,10,10,0,100.0,3,3,6,6,False,False,BED_OVERFLOW,SIMULATED
PHC-BR-PAT-003,PHC Bihta,Bihar,Patna,BR-PATNA,2026-07-24,2026-07-24T20:00:00,154,134,20,31,8,8,0,100.0,2,2,5,5,False,False,BED_OVERFLOW,SIMULATED
PHC-BR-PAT-004,PHC Fatuha,Bihar,Patna,BR-PATNA,2026-07-24,2026-07-24T20:00:00,123,112,11,14,6,6,0,100.0,2,2,4,4,False,False,BED_OVERFLOW,SIMULATED
PHC-BR-PAT-005,PHC Mokama,Bihar,Patna,BR-PATNA,2026-07-24,2026-07-24T20:00:00,139,126,13,13,8,8,0,100.0,2,2,4,4,False,False,BED_OVERFLOW,SIMULATED
CHC-BR-PAT-001,CHC Phulwari Sharif,Bihar,Patna,BR-PATNA,2026-07-24,2026-07-24T20:00:00,408,359,49,38,30,30,0,100.0,6,6,12,11,False,False,BED_OVERFLOW,SIMULATED
DH-BR-PAT-001,District Hospital Gardanibagh,Bihar,Patna,BR-PATNA,2026-07-24,2026-07-24T20:00:00,1187,1069,118,181,150,150,0,100.0,24,22,45,40,False,False,BED_OVERFLOW,SIMULATED
PHC-BR-GAY-001,PHC Bodh Gaya,Bihar,Gaya,BR-GAYA,2026-07-24,2026-07-24T20:00:00,140,124,16,12,8,8,0,100.0,2,2,4,4,False,False,BED_OVERFLOW,SIMULATED
PHC-BR-GAY-002,PHC Sherghati,Bihar,Gaya,BR-GAYA,2026-07-24,2026-07-24T20:00:00,115,104,11,11,6,6,0,100.0,2,2,4,4,False,False,BED_OVERFLOW,SIMULATED
PHC-BR-GAY-003,PHC Tekari,Bihar,Gaya,BR-GAYA,2026-07-24,2026-07-24T20:00:00,105,95,10,9,6,6,0,100.0,2,2,3,3,False,False,BED_OVERFLOW,SIMULATED
DH-BR-GAY-001,Jay Prakash Narayan District Hospital Gaya,Bihar,Gaya,BR-GAYA,2026-07-24,2026-07-24T20:00:00,1542,1414,128,277,200,200,0,100.0,30,29,60,55,False,False,BED_OVERFLOW,SIMULATED
PHC-UP-VAR-001,PHC Cholapur,Uttar Pradesh,Varanasi,UP-VARANASI,2026-07-24,2026-07-24T20:00:00,143,130,13,17,6,6,0,100.0,2,2,4,4,False,False,BED_OVERFLOW,SIMULATED
PHC-UP-VAR-002,PHC Pindra,Uttar Pradesh,Varanasi,UP-VARANASI,2026-07-24,2026-07-24T20:00:00,151,136,15,20,8,8,0,100.0,3,3,5,5,False,False,BED_OVERFLOW,SIMULATED
PHC-UP-VAR-003,PHC Sevapuri,Uttar Pradesh,Varanasi,UP-VARANASI,2026-07-24,2026-07-24T20:00:00,121,110,11,19,6,6,0,100.0,2,2,4,4,False,False,BED_OVERFLOW,SIMULATED
PHC-UP-VAR-004,PHC Kashi Vidyapeeth,Uttar Pradesh,Varanasi,UP-VARANASI,2026-07-24,2026-07-24T20:00:00,233,211,22,23,10,10,0,100.0,3,3,6,6,False,False,BED_OVERFLOW,SIMULATED
CHC-UP-VAR-001,CHC Misirpur,Uttar Pradesh,Varanasi,UP-VARANASI,2026-07-24,2026-07-24T20:00:00,361,316,45,33,30,30,0,100.0,7,7,14,14,False,False,BED_OVERFLOW,SIMULATED
DH-UP-VAR-001,Pandit Deen Dayal Upadhyay District Hospital,Uttar Pradesh,Varanasi,UP-VARANASI,2026-07-24,2026-07-24T20:00:00,1837,1621,216,372,250,250,0,100.0,38,32,75,69,False,False,BED_OVERFLOW,SIMULATED
PHC-UP-LUK-001,PHC Bakshi Ka Talab,Uttar Pradesh,Lucknow,UP-LUCKNOW,2026-07-24,2026-07-24T20:00:00,184,161,23,38,10,10,0,100.0,3,3,6,6,False,False,BED_OVERFLOW,SIMULATED
PHC-UP-LUK-002,PHC Malihabad,Uttar Pradesh,Lucknow,UP-LUCKNOW,2026-07-24,2026-07-24T20:00:00,159,140,19,21,8,8,0,100.0,2,2,5,5,False,False,BED_OVERFLOW,SIMULATED
PHC-UP-LUK-003,PHC Mohanlalganj,Uttar Pradesh,Lucknow,UP-LUCKNOW,2026-07-24,2026-07-24T20:00:00,161,142,19,29,8,8,0,100.0,2,2,5,5,False,False,BED_OVERFLOW,SIMULATED
DH-UP-LUK-001,Balrampur District Hospital Lucknow,Uttar Pradesh,Lucknow,UP-LUCKNOW,2026-07-24,2026-07-24T20:00:00,2566,2285,281,251,350,350,0,100.0,50,46,110,99,False,False,BED_OVERFLOW,SIMULATED
PHC-RJ-JAI-001,PHC Bassi,Rajasthan,Jaipur,RJ-JAIPUR,2026-07-24,2026-07-24T20:00:00,156,141,15,21,8,8,0,100.0,2,2,5,5,False,False,BED_OVERFLOW,SIMULATED
PHC-RJ-JAI-002,PHC Chaksu,Rajasthan,Jaipur,RJ-JAIPUR,2026-07-24,2026-07-24T20:00:00,136,124,12,19,6,6,0,100.0,2,2,4,4,False,False,BED_OVERFLOW,SIMULATED
PHC-RJ-JAI-003,PHC Amer,Rajasthan,Jaipur,RJ-JAIPUR,2026-07-24,2026-07-24T20:00:00,165,145,20,15,10,10,0,100.0,3,3,6,6,False,False,BED_OVERFLOW,SIMULATED
DH-RJ-JAI-001,Kanwatia District Hospital Jaipur,Rajasthan,Jaipur,RJ-JAIPUR,2026-07-24,2026-07-24T20:00:00,1748,1509,239,321,200,200,0,100.0,32,31,68,59,False,False,BED_OVERFLOW,SIMULATED
PHC-MH-PUN-001,PHC Mulshi,Maharashtra,Pune,MH-PUNE,2026-07-24,2026-07-24T20:00:00,111,96,15,11,8,8,0,100.0,2,2,5,5,False,False,BED_OVERFLOW,SIMULATED
PHC-MH-PUN-002,PHC Haveli,Maharashtra,Pune,MH-PUNE,2026-07-24,2026-07-24T20:00:00,209,188,21,41,10,10,0,100.0,3,3,6,6,False,False,BED_OVERFLOW,SIMULATED
PHC-MH-PUN-003,PHC Khed,Maharashtra,Pune,MH-PUNE,2026-07-24,2026-07-24T20:00:00,160,137,23,23,8,8,0,100.0,2,2,5,5,False,False,BED_OVERFLOW,SIMULATED
DH-MH-PUN-001,Aundh District Hospital Pune,Maharashtra,Pune,MH-PUNE,2026-07-24,2026-07-24T20:00:00,2259,2024,235,218,300,300,0,100.0,42,36,90,83,False,False,BED_OVERFLOW,SIMULATED
PHC-KA-BEN-001,PHC Yelahanka,Karnataka,Bengaluru Urban,KA-BENGALURU-U,2026-07-24,2026-07-24T20:00:00,239,217,22,33,10,10,0,100.0,3,3,7,7,False,False,BED_OVERFLOW,SIMULATED
PHC-KA-BEN-002,PHC Anekal,Karnataka,Bengaluru Urban,KA-BENGALURU-U,2026-07-24,2026-07-24T20:00:00,161,147,14,31,8,8,0,100.0,2,2,5,5,False,False,BED_OVERFLOW,SIMULATED
PHC-KA-BEN-003,PHC Kengeri,Karnataka,Bengaluru Urban,KA-BENGALURU-U,2026-07-24,2026-07-24T20:00:00,213,191,22,42,10,10,0,100.0,3,3,6,6,False,False,BED_OVERFLOW,SIMULATED
DH-KA-BEN-001,KC General District Hospital Malleshwaram,Karnataka,Bengaluru Urban,KA-BENGALURU-U,2026-07-24,2026-07-24T20:00:00,2589,2255,334,503,350,350,0,100.0,48,41,105,101,False,False,BED_OVERFLOW,SIMULATED
PHC-BR-PAT-001,PHC Bakhtiyarpur,Bihar,Patna,BR-PATNA,2026-07-25,2026-07-25T20:00:00,138,123,15,20,6,6,0,100.0,2,2,4,4,False,False,BED_OVERFLOW,SIMULATED
PHC-BR-PAT-002,PHC Danapur,Bihar,Patna,BR-PATNA,2026-07-25,2026-07-25T20:00:00,210,186,24,36,10,10,0,100.0,3,3,6,6,False,False,BED_OVERFLOW,SIMULATED
PHC-BR-PAT-003,PHC Bihta,Bihar,Patna,BR-PATNA,2026-07-25,2026-07-25T20:00:00,140,123,17,19,8,8,0,100.0,2,2,5,5,False,False,BED_OVERFLOW,SIMULATED
PHC-BR-PAT-004,PHC Fatuha,Bihar,Patna,BR-PATNA,2026-07-25,2026-07-25T20:00:00,113,97,16,13,6,6,0,100.0,2,2,4,4,False,False,BED_OVERFLOW,SIMULATED
PHC-BR-PAT-005,PHC Mokama,Bihar,Patna,BR-PATNA,2026-07-25,2026-07-25T20:00:00,144,131,13,18,8,8,0,100.0,2,2,4,4,False,False,BED_OVERFLOW,SIMULATED
CHC-BR-PAT-001,CHC Phulwari Sharif,Bihar,Patna,BR-PATNA,2026-07-25,2026-07-25T20:00:00,421,362,59,43,30,30,0,100.0,6,6,12,11,False,False,BED_OVERFLOW,SIMULATED
DH-BR-PAT-001,District Hospital Gardanibagh,Bihar,Patna,BR-PATNA,2026-07-25,2026-07-25T20:00:00,1166,1065,101,178,150,150,0,100.0,24,21,45,40,False,False,BED_OVERFLOW,SIMULATED
PHC-BR-GAY-001,PHC Bodh Gaya,Bihar,Gaya,BR-GAYA,2026-07-25,2026-07-25T20:00:00,142,127,15,22,8,8,0,100.0,2,2,4,4,False,False,BED_OVERFLOW,SIMULATED
PHC-BR-GAY-002,PHC Sherghati,Bihar,Gaya,BR-GAYA,2026-07-25,2026-07-25T20:00:00,113,102,11,19,6,6,0,100.0,2,2,4,4,False,False,BED_OVERFLOW,SIMULATED
PHC-BR-GAY-003,PHC Tekari,Bihar,Gaya,BR-GAYA,2026-07-25,2026-07-25T20:00:00,97,86,11,20,6,6,0,100.0,2,2,3,3,False,False,BED_OVERFLOW,SIMULATED
DH-BR-GAY-001,Jay Prakash Narayan District Hospital Gaya,Bihar,Gaya,BR-GAYA,2026-07-25,2026-07-25T20:00:00,1480,1317,163,254,200,200,0,100.0,30,29,60,57,False,False,BED_OVERFLOW,SIMULATED
PHC-UP-VAR-001,PHC Cholapur,Uttar Pradesh,Varanasi,UP-VARANASI,2026-07-25,2026-07-25T20:00:00,158,141,17,25,6,6,0,100.0,2,2,4,4,False,False,BED_OVERFLOW,SIMULATED
PHC-UP-VAR-002,PHC Pindra,Uttar Pradesh,Varanasi,UP-VARANASI,2026-07-25,2026-07-25T20:00:00,167,145,22,28,8,8,0,100.0,3,3,5,5,False,False,BED_OVERFLOW,SIMULATED
PHC-UP-VAR-003,PHC Sevapuri,Uttar Pradesh,Varanasi,UP-VARANASI,2026-07-25,2026-07-25T20:00:00,129,111,18,26,6,6,0,100.0,2,2,4,4,False,False,BED_OVERFLOW,SIMULATED
PHC-UP-VAR-004,PHC Kashi Vidyapeeth,Uttar Pradesh,Varanasi,UP-VARANASI,2026-07-25,2026-07-25T20:00:00,195,178,17,17,10,10,0,100.0,3,3,6,6,False,False,BED_OVERFLOW,SIMULATED
CHC-UP-VAR-001,CHC Misirpur,Uttar Pradesh,Varanasi,UP-VARANASI,2026-07-25,2026-07-25T20:00:00,419,379,40,69,30,30,0,100.0,7,7,14,13,False,False,BED_OVERFLOW,SIMULATED
DH-UP-VAR-001,Pandit Deen Dayal Upadhyay District Hospital,Uttar Pradesh,Varanasi,UP-VARANASI,2026-07-25,2026-07-25T20:00:00,1614,1455,159,214,250,250,0,100.0,38,35,75,66,False,False,BED_OVERFLOW,SIMULATED
PHC-UP-LUK-001,PHC Bakshi Ka Talab,Uttar Pradesh,Lucknow,UP-LUCKNOW,2026-07-25,2026-07-25T20:00:00,227,198,29,32,10,10,0,100.0,3,3,6,6,False,False,BED_OVERFLOW,SIMULATED
PHC-UP-LUK-002,PHC Malihabad,Uttar Pradesh,Lucknow,UP-LUCKNOW,2026-07-25,2026-07-25T20:00:00,169,153,16,32,8,8,0,100.0,2,2,5,5,False,False,BED_OVERFLOW,SIMULATED
PHC-UP-LUK-003,PHC Mohanlalganj,Uttar Pradesh,Lucknow,UP-LUCKNOW,2026-07-25,2026-07-25T20:00:00,170,153,17,18,8,8,0,100.0,2,2,5,5,False,False,BED_OVERFLOW,SIMULATED
DH-UP-LUK-001,Balrampur District Hospital Lucknow,Uttar Pradesh,Lucknow,UP-LUCKNOW,2026-07-25,2026-07-25T20:00:00,2312,2044,268,361,350,350,0,100.0,50,42,110,106,False,False,BED_OVERFLOW,SIMULATED
PHC-RJ-JAI-001,PHC Bassi,Rajasthan,Jaipur,RJ-JAIPUR,2026-07-25,2026-07-25T20:00:00,165,150,15,28,8,8,0,100.0,2,2,5,5,False,False,BED_OVERFLOW,SIMULATED
PHC-RJ-JAI-002,PHC Chaksu,Rajasthan,Jaipur,RJ-JAIPUR,2026-07-25,2026-07-25T20:00:00,150,133,17,19,6,6,0,100.0,2,2,4,4,False,False,BED_OVERFLOW,SIMULATED
PHC-RJ-JAI-003,PHC Amer,Rajasthan,Jaipur,RJ-JAIPUR,2026-07-25,2026-07-25T20:00:00,156,134,22,21,10,10,0,100.0,3,3,6,6,False,False,BED_OVERFLOW,SIMULATED
DH-RJ-JAI-001,Kanwatia District Hospital Jaipur,Rajasthan,Jaipur,RJ-JAIPUR,2026-07-25,2026-07-25T20:00:00,1816,1647,169,221,200,200,0,100.0,32,28,68,64,False,False,BED_OVERFLOW,SIMULATED
PHC-MH-PUN-001,PHC Mulshi,Maharashtra,Pune,MH-PUNE,2026-07-25,2026-07-25T20:00:00,116,102,14,12,8,8,0,100.0,2,2,5,5,False,False,BED_OVERFLOW,SIMULATED
PHC-MH-PUN-002,PHC Haveli,Maharashtra,Pune,MH-PUNE,2026-07-25,2026-07-25T20:00:00,214,193,21,19,10,10,0,100.0,3,3,6,6,False,False,BED_OVERFLOW,SIMULATED
PHC-MH-PUN-003,PHC Khed,Maharashtra,Pune,MH-PUNE,2026-07-25,2026-07-25T20:00:00,152,138,14,31,8,8,0,100.0,2,2,5,5,False,False,BED_OVERFLOW,SIMULATED
DH-MH-PUN-001,Aundh District Hospital Pune,Maharashtra,Pune,MH-PUNE,2026-07-25,2026-07-25T20:00:00,2273,2049,224,217,300,300,0,100.0,42,42,90,81,False,False,BED_OVERFLOW,SIMULATED
PHC-KA-BEN-001,PHC Yelahanka,Karnataka,Bengaluru Urban,KA-BENGALURU-U,2026-07-25,2026-07-25T20:00:00,246,212,34,31,10,10,0,100.0,3,3,7,7,False,False,BED_OVERFLOW,SIMULATED
PHC-KA-BEN-002,PHC Anekal,Karnataka,Bengaluru Urban,KA-BENGALURU-U,2026-07-25,2026-07-25T20:00:00,189,164,25,29,8,8,0,100.0,2,2,5,5,False,False,BED_OVERFLOW,SIMULATED
PHC-KA-BEN-003,PHC Kengeri,Karnataka,Bengaluru Urban,KA-BENGALURU-U,2026-07-25,2026-07-25T20:00:00,205,187,18,23,10,10,0,100.0,3,3,6,6,False,False,BED_OVERFLOW,SIMULATED
DH-KA-BEN-001,KC General District Hospital Malleshwaram,Karnataka,Bengaluru Urban,KA-BENGALURU-U,2026-07-25,2026-07-25T20:00:00,2701,2378,323,242,350,350,0,100.0,48,46,105,104,False,False,BED_OVERFLOW,SIMULATED
PHC-BR-PAT-001,PHC Bakhtiyarpur,Bihar,Patna,BR-PATNA,2026-07-26,2026-07-26T20:00:00,60,54,6,8,6,6,0,100.0,2,2,4,3,False,False,BED_OVERFLOW,SIMULATED
PHC-BR-PAT-002,PHC Danapur,Bihar,Patna,BR-PATNA,2026-07-26,2026-07-26T20:00:00,84,74,10,9,10,10,0,100.0,3,2,6,5,False,False,BED_OVERFLOW,SIMULATED
PHC-BR-PAT-003,PHC Bihta,Bihar,Patna,BR-PATNA,2026-07-26,2026-07-26T20:00:00,65,59,6,7,8,8,0,100.0,2,2,5,4,False,False,BED_OVERFLOW,SIMULATED
PHC-BR-PAT-004,PHC Fatuha,Bihar,Patna,BR-PATNA,2026-07-26,2026-07-26T20:00:00,52,45,7,8,6,6,0,100.0,2,2,4,3,False,False,BED_OVERFLOW,SIMULATED
PHC-BR-PAT-005,PHC Mokama,Bihar,Patna,BR-PATNA,2026-07-26,2026-07-26T20:00:00,66,58,8,8,8,8,0,100.0,2,2,4,3,False,False,BED_OVERFLOW,SIMULATED
CHC-BR-PAT-001,CHC Phulwari Sharif,Bihar,Patna,BR-PATNA,2026-07-26,2026-07-26T20:00:00,157,140,17,15,30,30,0,100.0,6,4,12,10,False,False,BED_OVERFLOW,SIMULATED
DH-BR-PAT-001,District Hospital Gardanibagh,Bihar,Patna,BR-PATNA,2026-07-26,2026-07-26T20:00:00,495,436,59,63,150,150,0,100.0,24,14,45,28,False,True,BED_OVERFLOW,SIMULATED
PHC-BR-GAY-001,PHC Bodh Gaya,Bihar,Gaya,BR-GAYA,2026-07-26,2026-07-26T20:00:00,63,54,9,8,8,8,0,100.0,2,2,4,3,False,False,BED_OVERFLOW,SIMULATED
PHC-BR-GAY-002,PHC Sherghati,Bihar,Gaya,BR-GAYA,2026-07-26,2026-07-26T20:00:00,46,39,7,8,6,6,0,100.0,2,2,4,3,False,False,BED_OVERFLOW,SIMULATED
PHC-BR-GAY-003,PHC Tekari,Bihar,Gaya,BR-GAYA,2026-07-26,2026-07-26T20:00:00,43,37,6,6,6,6,0,100.0,2,2,3,3,False,False,BED_OVERFLOW,SIMULATED
DH-BR-GAY-001,Jay Prakash Narayan District Hospital Gaya,Bihar,Gaya,BR-GAYA,2026-07-26,2026-07-26T20:00:00,726,663,63,159,200,134,66,67.0,30,18,60,44,False,False,NORMAL,SIMULATED
PHC-UP-VAR-001,PHC Cholapur,Uttar Pradesh,Varanasi,UP-VARANASI,2026-07-26,2026-07-26T20:00:00,60,53,7,5,6,6,0,100.0,2,2,4,3,False,False,BED_OVERFLOW,SIMULATED
PHC-UP-VAR-002,PHC Pindra,Uttar Pradesh,Varanasi,UP-VARANASI,2026-07-26,2026-07-26T20:00:00,71,64,7,14,8,8,0,100.0,3,2,5,4,False,False,BED_OVERFLOW,SIMULATED
PHC-UP-VAR-003,PHC Sevapuri,Uttar Pradesh,Varanasi,UP-VARANASI,2026-07-26,2026-07-26T20:00:00,53,46,7,8,6,6,0,100.0,2,2,4,4,False,False,BED_OVERFLOW,SIMULATED
PHC-UP-VAR-004,PHC Kashi Vidyapeeth,Uttar Pradesh,Varanasi,UP-VARANASI,2026-07-26,2026-07-26T20:00:00,88,77,11,13,10,10,0,100.0,3,2,6,5,False,False,BED_OVERFLOW,SIMULATED
CHC-UP-VAR-001,CHC Misirpur,Uttar Pradesh,Varanasi,UP-VARANASI,2026-07-26,2026-07-26T20:00:00,153,140,13,22,30,27,3,90.0,7,5,14,11,False,False,NORMAL,SIMULATED
DH-UP-VAR-001,Pandit Deen Dayal Upadhyay District Hospital,Uttar Pradesh,Varanasi,UP-VARANASI,2026-07-26,2026-07-26T20:00:00,708,631,77,86,250,187,63,74.8,38,20,75,56,False,False,NORMAL,SIMULATED
PHC-UP-LUK-001,PHC Bakshi Ka Talab,Uttar Pradesh,Lucknow,UP-LUCKNOW,2026-07-26,2026-07-26T20:00:00,79,71,8,6,10,10,0,100.0,3,2,6,5,False,False,BED_OVERFLOW,SIMULATED
PHC-UP-LUK-002,PHC Malihabad,Uttar Pradesh,Lucknow,UP-LUCKNOW,2026-07-26,2026-07-26T20:00:00,65,59,6,5,8,8,0,100.0,2,2,5,4,False,False,BED_OVERFLOW,SIMULATED
PHC-UP-LUK-003,PHC Mohanlalganj,Uttar Pradesh,Lucknow,UP-LUCKNOW,2026-07-26,2026-07-26T20:00:00,72,63,9,15,8,8,0,100.0,2,2,5,4,False,False,BED_OVERFLOW,SIMULATED
DH-UP-LUK-001,Balrampur District Hospital Lucknow,Uttar Pradesh,Lucknow,UP-LUCKNOW,2026-07-26,2026-07-26T20:00:00,940,809,131,125,350,309,41,88.29,50,28,110,75,False,True,NORMAL,SIMULATED
PHC-RJ-JAI-001,PHC Bassi,Rajasthan,Jaipur,RJ-JAIPUR,2026-07-26,2026-07-26T20:00:00,62,55,7,9,8,8,0,100.0,2,2,5,4,False,False,BED_OVERFLOW,SIMULATED
PHC-RJ-JAI-002,PHC Chaksu,Rajasthan,Jaipur,RJ-JAIPUR,2026-07-26,2026-07-26T20:00:00,58,53,5,12,6,6,0,100.0,2,2,4,4,False,False,BED_OVERFLOW,SIMULATED
PHC-RJ-JAI-003,PHC Amer,Rajasthan,Jaipur,RJ-JAIPUR,2026-07-26,2026-07-26T20:00:00,67,58,9,12,10,10,0,100.0,3,2,6,5,False,False,BED_OVERFLOW,SIMULATED
DH-RJ-JAI-001,Kanwatia District Hospital Jaipur,Rajasthan,Jaipur,RJ-JAIPUR,2026-07-26,2026-07-26T20:00:00,742,665,77,149,200,200,0,100.0,32,22,68,52,False,False,BED_OVERFLOW,SIMULATED
PHC-MH-PUN-001,PHC Mulshi,Maharashtra,Pune,MH-PUNE,2026-07-26,2026-07-26T20:00:00,50,45,5,7,8,8,0,100.0,2,2,5,4,False,False,BED_OVERFLOW,SIMULATED
PHC-MH-PUN-002,PHC Haveli,Maharashtra,Pune,MH-PUNE,2026-07-26,2026-07-26T20:00:00,91,83,8,14,10,10,0,100.0,3,2,6,5,False,False,BED_OVERFLOW,SIMULATED
PHC-MH-PUN-003,PHC Khed,Maharashtra,Pune,MH-PUNE,2026-07-26,2026-07-26T20:00:00,66,57,9,14,8,8,0,100.0,2,2,5,4,False,False,BED_OVERFLOW,SIMULATED
DH-MH-PUN-001,Aundh District Hospital Pune,Maharashtra,Pune,MH-PUNE,2026-07-26,2026-07-26T20:00:00,898,821,77,107,300,194,106,64.67,42,24,90,72,False,False,NORMAL,SIMULATED
PHC-KA-BEN-001,PHC Yelahanka,Karnataka,Bengaluru Urban,KA-BENGALURU-U,2026-07-26,2026-07-26T20:00:00,99,89,10,12,10,10,0,100.0,3,2,7,5,False,False,BED_OVERFLOW,SIMULATED
PHC-KA-BEN-002,PHC Anekal,Karnataka,Bengaluru Urban,KA-BENGALURU-U,2026-07-26,2026-07-26T20:00:00,76,66,10,8,8,8,0,100.0,2,2,5,4,False,False,BED_OVERFLOW,SIMULATED
PHC-KA-BEN-003,PHC Kengeri,Karnataka,Bengaluru Urban,KA-BENGALURU-U,2026-07-26,2026-07-26T20:00:00,84,73,11,14,10,10,0,100.0,3,3,6,5,False,False,BED_OVERFLOW,SIMULATED
DH-KA-BEN-001,KC General District Hospital Malleshwaram,Karnataka,Bengaluru Urban,KA-BENGALURU-U,2026-07-26,2026-07-26T20:00:00,1106,952,154,89,350,318,32,90.86,48,28,105,77,False,False,NORMAL,SIMULATED
PHC-BR-PAT-001,PHC Bakhtiyarpur,Bihar,Patna,BR-PATNA,2026-07-27,2026-07-27T20:00:00,287,256,31,59,6,6,0,100.0,2,2,4,4,False,False,SURGE_ALERT,SIMULATED
PHC-BR-PAT-002,PHC Danapur,Bihar,Patna,BR-PATNA,2026-07-27,2026-07-27T20:00:00,415,370,45,132,10,10,0,100.0,3,3,6,6,False,False,SURGE_ALERT,SIMULATED
PHC-BR-PAT-003,PHC Bihta,Bihar,Patna,BR-PATNA,2026-07-27,2026-07-27T20:00:00,328,299,29,48,8,8,0,100.0,2,2,5,5,False,False,SURGE_ALERT,SIMULATED
PHC-BR-PAT-004,PHC Fatuha,Bihar,Patna,BR-PATNA,2026-07-27,2026-07-27T20:00:00,270,235,35,69,6,6,0,100.0,2,2,4,4,False,False,SURGE_ALERT,SIMULATED
PHC-BR-PAT-005,PHC Mokama,Bihar,Patna,BR-PATNA,2026-07-27,2026-07-27T20:00:00,261,229,32,61,8,8,0,100.0,2,2,4,4,False,False,SURGE_ALERT,SIMULATED
CHC-BR-PAT-001,CHC Phulwari Sharif,Bihar,Patna,BR-PATNA,2026-07-27,2026-07-27T20:00:00,766,703,63,94,30,30,0,100.0,6,6,12,12,False,False,SURGE_ALERT,SIMULATED
DH-BR-PAT-001,District Hospital Gardanibagh,Bihar,Patna,BR-PATNA,2026-07-27,2026-07-27T20:00:00,2463,2124,339,416,150,150,0,100.0,24,22,45,40,True,False,SURGE_ALERT,SIMULATED
PHC-BR-GAY-001,PHC Bodh Gaya,Bihar,Gaya,BR-GAYA,2026-07-27,2026-07-27T20:00:00,207,178,29,22,8,8,0,100.0,2,2,4,4,False,False,BED_OVERFLOW,SIMULATED
PHC-BR-GAY-002,PHC Sherghati,Bihar,Gaya,BR-GAYA,2026-07-27,2026-07-27T20:00:00,176,152,24,24,6,6,0,100.0,2,2,4,4,False,False,BED_OVERFLOW,SIMULATED
PHC-BR-GAY-003,PHC Tekari,Bihar,Gaya,BR-GAYA,2026-07-27,2026-07-27T20:00:00,146,128,18,20,6,6,0,100.0,2,2,3,3,False,False,BED_OVERFLOW,SIMULATED
DH-BR-GAY-001,Jay Prakash Narayan District Hospital Gaya,Bihar,Gaya,BR-GAYA,2026-07-27,2026-07-27T20:00:00,2524,2264,260,258,200,200,0,100.0,30,30,60,60,False,False,BED_OVERFLOW,SIMULATED
PHC-UP-VAR-001,PHC Cholapur,Uttar Pradesh,Varanasi,UP-VARANASI,2026-07-27,2026-07-27T20:00:00,217,186,31,35,6,6,0,100.0,2,2,4,4,False,False,BED_OVERFLOW,SIMULATED
PHC-UP-VAR-002,PHC Pindra,Uttar Pradesh,Varanasi,UP-VARANASI,2026-07-27,2026-07-27T20:00:00,240,213,27,38,8,8,0,100.0,3,3,5,5,False,False,BED_OVERFLOW,SIMULATED
PHC-UP-VAR-003,PHC Sevapuri,Uttar Pradesh,Varanasi,UP-VARANASI,2026-07-27,2026-07-27T20:00:00,183,157,26,33,6,6,0,100.0,2,2,4,4,False,False,BED_OVERFLOW,SIMULATED
PHC-UP-VAR-004,PHC Kashi Vidyapeeth,Uttar Pradesh,Varanasi,UP-VARANASI,2026-07-27,2026-07-27T20:00:00,313,287,26,68,10,10,0,100.0,3,3,6,6,False,False,BED_OVERFLOW,SIMULATED
CHC-UP-VAR-001,CHC Misirpur,Uttar Pradesh,Varanasi,UP-VARANASI,2026-07-27,2026-07-27T20:00:00,543,484,59,52,30,30,0,100.0,7,7,14,14,False,False,BED_OVERFLOW,SIMULATED
DH-UP-VAR-001,Pandit Deen Dayal Upadhyay District Hospital,Uttar Pradesh,Varanasi,UP-VARANASI,2026-07-27,2026-07-27T20:00:00,2929,2634,295,447,250,250,0,100.0,38,32,75,71,False,False,BED_OVERFLOW,SIMULATED
PHC-UP-LUK-001,PHC Bakshi Ka Talab,Uttar Pradesh,Lucknow,UP-LUCKNOW,2026-07-27,2026-07-27T20:00:00,298,272,26,37,10,10,0,100.0,3,3,6,6,False,False,BED_OVERFLOW,SIMULATED
PHC-UP-LUK-002,PHC Malihabad,Uttar Pradesh,Lucknow,UP-LUCKNOW,2026-07-27,2026-07-27T20:00:00,236,213,23,22,8,8,0,100.0,2,2,5,5,False,False,BED_OVERFLOW,SIMULATED
PHC-UP-LUK-003,PHC Mohanlalganj,Uttar Pradesh,Lucknow,UP-LUCKNOW,2026-07-27,2026-07-27T20:00:00,237,204,33,37,8,8,0,100.0,2,2,5,5,False,False,BED_OVERFLOW,SIMULATED
DH-UP-LUK-001,Balrampur District Hospital Lucknow,Uttar Pradesh,Lucknow,UP-LUCKNOW,2026-07-27,2026-07-27T20:00:00,3321,2901,420,631,350,350,0,100.0,50,49,110,110,False,False,BED_OVERFLOW,SIMULATED
PHC-RJ-JAI-001,PHC Bassi,Rajasthan,Jaipur,RJ-JAIPUR,2026-07-27,2026-07-27T20:00:00,227,207,20,25,8,8,0,100.0,2,2,5,5,False,False,BED_OVERFLOW,SIMULATED
PHC-RJ-JAI-002,PHC Chaksu,Rajasthan,Jaipur,RJ-JAIPUR,2026-07-27,2026-07-27T20:00:00,185,167,18,23,6,6,0,100.0,2,2,4,4,False,False,BED_OVERFLOW,SIMULATED
PHC-RJ-JAI-003,PHC Amer,Rajasthan,Jaipur,RJ-JAIPUR,2026-07-27,2026-07-27T20:00:00,263,228,35,39,10,10,0,100.0,3,3,6,6,False,False,BED_OVERFLOW,SIMULATED
DH-RJ-JAI-001,Kanwatia District Hospital Jaipur,Rajasthan,Jaipur,RJ-JAIPUR,2026-07-27,2026-07-27T20:00:00,2392,2122,270,247,200,200,0,100.0,32,31,68,66,False,False,BED_OVERFLOW,SIMULATED
PHC-MH-PUN-001,PHC Mulshi,Maharashtra,Pune,MH-PUNE,2026-07-27,2026-07-27T20:00:00,186,165,21,17,8,8,0,100.0,2,2,5,5,False,False,BED_OVERFLOW,SIMULATED
PHC-MH-PUN-002,PHC Haveli,Maharashtra,Pune,MH-PUNE,2026-07-27,2026-07-27T20:00:00,328,292,36,50,10,10,0,100.0,3,3,6,6,False,False,BED_OVERFLOW,SIMULATED
PHC-MH-PUN-003,PHC Khed,Maharashtra,Pune,MH-PUNE,2026-07-27,2026-07-27T20:00:00,233,210,23,22,8,8,0,100.0,2,2,5,5,False,False,BED_OVERFLOW,SIMULATED
DH-MH-PUN-001,Aundh District Hospital Pune,Maharashtra,Pune,MH-PUNE,2026-07-27,2026-07-27T20:00:00,3111,2790,321,681,300,300,0,100.0,42,40,90,82,False,False,BED_OVERFLOW,SIMULATED
PHC-KA-BEN-001,PHC Yelahanka,Karnataka,Bengaluru Urban,KA-BENGALURU-U,2026-07-27,2026-07-27T20:00:00,313,277,36,42,10,10,0,100.0,3,3,7,7,False,False,BED_OVERFLOW,SIMULATED
PHC-KA-BEN-002,PHC Anekal,Karnataka,Bengaluru Urban,KA-BENGALURU-U,2026-07-27,2026-07-27T20:00:00,281,249,32,27,8,8,0,100.0,2,2,5,5,False,False,BED_OVERFLOW,SIMULATED
PHC-KA-BEN-003,PHC Kengeri,Karnataka,Bengaluru Urban,KA-BENGALURU-U,2026-07-27,2026-07-27T20:00:00,287,249,38,23,10,10,0,100.0,3,3,6,6,False,False,BED_OVERFLOW,SIMULATED
DH-KA-BEN-001,KC General District Hospital Malleshwaram,Karnataka,Bengaluru Urban,KA-BENGALURU-U,2026-07-27,2026-07-27T20:00:00,3548,3144,404,536,350,350,0,100.0,48,48,105,91,False,False,BED_OVERFLOW,SIMULATED
PHC-BR-PAT-001,PHC Bakhtiyarpur,Bihar,Patna,BR-PATNA,2026-07-28,2026-07-28T20:00:00,214,187,27,41,6,6,0,100.0,2,2,4,4,False,False,SURGE_ALERT,SIMULATED
PHC-BR-PAT-002,PHC Danapur,Bihar,Patna,BR-PATNA,2026-07-28,2026-07-28T20:00:00,357,313,44,71,10,10,0,100.0,3,3,6,6,False,False,SURGE_ALERT,SIMULATED
PHC-BR-PAT-003,PHC Bihta,Bihar,Patna,BR-PATNA,2026-07-28,2026-07-28T20:00:00,270,247,23,82,8,8,0,100.0,2,2,5,5,False,False,SURGE_ALERT,SIMULATED
PHC-BR-PAT-004,PHC Fatuha,Bihar,Patna,BR-PATNA,2026-07-28,2026-07-28T20:00:00,239,218,21,44,6,6,0,100.0,2,2,4,4,False,False,SURGE_ALERT,SIMULATED
PHC-BR-PAT-005,PHC Mokama,Bihar,Patna,BR-PATNA,2026-07-28,2026-07-28T20:00:00,258,228,30,78,8,8,0,100.0,2,2,4,4,False,False,SURGE_ALERT,SIMULATED
CHC-BR-PAT-001,CHC Phulwari Sharif,Bihar,Patna,BR-PATNA,2026-07-28,2026-07-28T20:00:00,639,584,55,166,30,30,0,100.0,6,6,12,12,False,False,SURGE_ALERT,SIMULATED
DH-BR-PAT-001,District Hospital Gardanibagh,Bihar,Patna,BR-PATNA,2026-07-28,2026-07-28T20:00:00,1815,1643,172,228,150,150,0,100.0,24,24,45,42,False,False,SURGE_ALERT,SIMULATED
PHC-BR-GAY-001,PHC Bodh Gaya,Bihar,Gaya,BR-GAYA,2026-07-28,2026-07-28T20:00:00,156,134,22,30,8,8,0,100.0,2,2,4,4,False,False,BED_OVERFLOW,SIMULATED
PHC-BR-GAY-002,PHC Sherghati,Bihar,Gaya,BR-GAYA,2026-07-28,2026-07-28T20:00:00,136,122,14,20,6,6,0,100.0,2,2,4,4,False,False,BED_OVERFLOW,SIMULATED
PHC-BR-GAY-003,PHC Tekari,Bihar,Gaya,BR-GAYA,2026-07-28,2026-07-28T20:00:00,127,114,13,25,6,6,0,100.0,2,2,3,3,False,False,BED_OVERFLOW,SIMULATED
DH-BR-GAY-001,Jay Prakash Narayan District Hospital Gaya,Bihar,Gaya,BR-GAYA,2026-07-28,2026-07-28T20:00:00,1790,1632,158,392,200,200,0,100.0,30,25,60,55,False,False,BED_OVERFLOW,SIMULATED
PHC-UP-VAR-001,PHC Cholapur,Uttar Pradesh,Varanasi,UP-VARANASI,2026-07-28,2026-07-28T20:00:00,184,159,25,35,6,6,0,100.0,2,2,4,4,False,False,BED_OVERFLOW,SIMULATED
PHC-UP-VAR-002,PHC Pindra,Uttar Pradesh,Varanasi,UP-VARANASI,2026-07-28,2026-07-28T20:00:00,186,163,23,31,8,8,0,100.0,3,3,5,5,False,False,BED_OVERFLOW,SIMULATED
PHC-UP-VAR-003,PHC Sevapuri,Uttar Pradesh,Varanasi,UP-VARANASI,2026-07-28,2026-07-28T20:00:00,138,121,17,28,6,6,0,100.0,2,2,4,4,False,False,BED_OVERFLOW,SIMULATED
PHC-UP-VAR-004,PHC Kashi Vidyapeeth,Uttar Pradesh,Varanasi,UP-VARANASI,2026-07-28,2026-07-28T20:00:00,234,205,29,46,10,10,0,100.0,3,3,6,6,False,False,BED_OVERFLOW,SIMULATED
CHC-UP-VAR-001,CHC Misirpur,Uttar Pradesh,Varanasi,UP-VARANASI,2026-07-28,2026-07-28T20:00:00,468,409,59,75,30,30,0,100.0,7,6,14,13,False,False,BED_OVERFLOW,SIMULATED
DH-UP-VAR-001,Pandit Deen Dayal Upadhyay District Hospital,Uttar Pradesh,Varanasi,UP-VARANASI,2026-07-28,2026-07-28T20:00:00,2309,2050,259,341,250,250,0,100.0,38,35,75,66,False,False,BED_OVERFLOW,SIMULATED
PHC-UP-LUK-001,PHC Bakshi Ka Talab,Uttar Pradesh,Lucknow,UP-LUCKNOW,2026-07-28,2026-07-28T20:00:00,213,191,22,19,10,10,0,100.0,3,3,6,6,False,False,BED_OVERFLOW,SIMULATED
PHC-UP-LUK-002,PHC Malihabad,Uttar Pradesh,Lucknow,UP-LUCKNOW,2026-07-28,2026-07-28T20:00:00,194,171,23,28,8,8,0,100.0,2,2,5,5,False,False,BED_OVERFLOW,SIMULATED
PHC-UP-LUK-003,PHC Mohanlalganj,Uttar Pradesh,Lucknow,UP-LUCKNOW,2026-07-28,2026-07-28T20:00:00,194,174,20,32,8,8,0,100.0,2,2,5,5,False,False,BED_OVERFLOW,SIMULATED
DH-UP-LUK-001,Balrampur District Hospital Lucknow,Uttar Pradesh,Lucknow,UP-LUCKNOW,2026-07-28,2026-07-28T20:00:00,2588,2308,280,552,350,350,0,100.0,50,49,110,108,False,False,BED_OVERFLOW,SIMULATED
PHC-RJ-JAI-001,PHC Bassi,Rajasthan,Jaipur,RJ-JAIPUR,2026-07-28,2026-07-28T20:00:00,174,156,18,25,8,8,0,100.0,2,2,5,5,False,False,BED_OVERFLOW,SIMULATED
PHC-RJ-JAI-002,PHC Chaksu,Rajasthan,Jaipur,RJ-JAIPUR,2026-07-28,2026-07-28T20:00:00,153,132,21,31,6,6,0,100.0,2,2,4,4,False,False,BED_OVERFLOW,SIMULATED
PHC-RJ-JAI-003,PHC Amer,Rajasthan,Jaipur,RJ-JAIPUR,2026-07-28,2026-07-28T20:00:00,208,182,26,35,10,10,0,100.0,3,3,6,6,False,False,BED_OVERFLOW,SIMULATED
DH-RJ-JAI-001,Kanwatia District Hospital Jaipur,Rajasthan,Jaipur,RJ-JAIPUR,2026-07-28,2026-07-28T20:00:00,2096,1816,280,372,200,200,0,100.0,32,31,68,63,False,False,BED_OVERFLOW,SIMULATED
PHC-MH-PUN-001,PHC Mulshi,Maharashtra,Pune,MH-PUNE,2026-07-28,2026-07-28T20:00:00,148,134,14,21,8,8,0,100.0,2,2,5,5,False,False,BED_OVERFLOW,SIMULATED
PHC-MH-PUN-002,PHC Haveli,Maharashtra,Pune,MH-PUNE,2026-07-28,2026-07-28T20:00:00,219,200,19,41,10,10,0,100.0,3,3,6,6,False,False,BED_OVERFLOW,SIMULATED
PHC-MH-PUN-003,PHC Khed,Maharashtra,Pune,MH-PUNE,2026-07-28,2026-07-28T20:00:00,173,152,21,23,8,8,0,100.0,2,2,5,5,False,False,BED_OVERFLOW,SIMULATED
DH-MH-PUN-001,Aundh District Hospital Pune,Maharashtra,Pune,MH-PUNE,2026-07-28,2026-07-28T20:00:00,2347,2056,291,427,300,300,0,100.0,42,41,90,81,False,False,BED_OVERFLOW,SIMULATED
PHC-KA-BEN-001,PHC Yelahanka,Karnataka,Bengaluru Urban,KA-BENGALURU-U,2026-07-28,2026-07-28T20:00:00,245,216,29,39,10,10,0,100.0,3,3,7,7,False,False,BED_OVERFLOW,SIMULATED
PHC-KA-BEN-002,PHC Anekal,Karnataka,Bengaluru Urban,KA-BENGALURU-U,2026-07-28,2026-07-28T20:00:00,205,187,18,34,8,8,0,100.0,2,2,5,5,False,False,BED_OVERFLOW,SIMULATED
PHC-KA-BEN-003,PHC Kengeri,Karnataka,Bengaluru Urban,KA-BENGALURU-U,2026-07-28,2026-07-28T20:00:00,230,207,23,44,10,10,0,100.0,3,3,6,6,False,False,BED_OVERFLOW,SIMULATED
DH-KA-BEN-001,KC General District Hospital Malleshwaram,Karnataka,Bengaluru Urban,KA-BENGALURU-U,2026-07-28,2026-07-28T20:00:00,3130,2835,295,492,350,350,0,100.0,48,44,105,95,False,False,BED_OVERFLOW,SIMULATED
PHC-BR-PAT-001,PHC Bakhtiyarpur,Bihar,Patna,BR-PATNA,2026-07-29,2026-07-29T20:00:00,208,181,27,31,6,6,0,100.0,2,2,4,4,False,False,SURGE_ALERT,SIMULATED
PHC-BR-PAT-002,PHC Danapur,Bihar,Patna,BR-PATNA,2026-07-29,2026-07-29T20:00:00,339,298,41,56,10,10,0,100.0,3,3,6,6,False,False,SURGE_ALERT,SIMULATED
PHC-BR-PAT-003,PHC Bihta,Bihar,Patna,BR-PATNA,2026-07-29,2026-07-29T20:00:00,254,229,25,58,8,8,0,100.0,2,2,5,5,False,False,SURGE_ALERT,SIMULATED
PHC-BR-PAT-004,PHC Fatuha,Bihar,Patna,BR-PATNA,2026-07-29,2026-07-29T20:00:00,215,188,27,31,6,6,0,100.0,2,2,4,4,False,False,SURGE_ALERT,SIMULATED
PHC-BR-PAT-005,PHC Mokama,Bihar,Patna,BR-PATNA,2026-07-29,2026-07-29T20:00:00,245,223,22,33,8,8,0,100.0,2,2,4,4,False,False,SURGE_ALERT,SIMULATED
CHC-BR-PAT-001,CHC Phulwari Sharif,Bihar,Patna,BR-PATNA,2026-07-29,2026-07-29T20:00:00,680,585,95,200,30,30,0,100.0,6,5,12,12,True,False,SURGE_ALERT,SIMULATED
DH-BR-PAT-001,District Hospital Gardanibagh,Bihar,Patna,BR-PATNA,2026-07-29,2026-07-29T20:00:00,2018,1759,259,498,150,150,0,100.0,24,21,45,42,True,False,SURGE_ALERT,SIMULATED
PHC-BR-GAY-001,PHC Bodh Gaya,Bihar,Gaya,BR-GAYA,2026-07-29,2026-07-29T20:00:00,158,138,20,17,8,8,0,100.0,2,2,4,4,False,False,BED_OVERFLOW,SIMULATED
PHC-BR-GAY-002,PHC Sherghati,Bihar,Gaya,BR-GAYA,2026-07-29,2026-07-29T20:00:00,147,128,19,13,6,6,0,100.0,2,2,4,4,False,False,BED_OVERFLOW,SIMULATED
PHC-BR-GAY-003,PHC Tekari,Bihar,Gaya,BR-GAYA,2026-07-29,2026-07-29T20:00:00,127,116,11,19,6,6,0,100.0,2,2,3,3,False,False,BED_OVERFLOW,SIMULATED
DH-BR-GAY-001,Jay Prakash Narayan District Hospital Gaya,Bihar,Gaya,BR-GAYA,2026-07-29,2026-07-29T20:00:00,1842,1689,153,344,200,200,0,100.0,30,27,60,57,False,False,BED_OVERFLOW,SIMULATED
PHC-UP-VAR-001,PHC Cholapur,Uttar Pradesh,Varanasi,UP-VARANASI,2026-07-29,2026-07-29T20:00:00,192,165,27,36,6,6,0,100.0,2,2,4,4,False,False,BED_OVERFLOW,SIMULATED
PHC-UP-VAR-002,PHC Pindra,Uttar Pradesh,Varanasi,UP-VARANASI,2026-07-29,2026-07-29T20:00:00,205,180,25,39,8,8,0,100.0,3,3,5,5,False,False,BED_OVERFLOW,SIMULATED
PHC-UP-VAR-003,PHC Sevapuri,Uttar Pradesh,Varanasi,UP-VARANASI,2026-07-29,2026-07-29T20:00:00,153,139,14,22,6,6,0,100.0,2,2,4,4,False,False,BED_OVERFLOW,SIMULATED
PHC-UP-VAR-004,PHC Kashi Vidyapeeth,Uttar Pradesh,Varanasi,UP-VARANASI,2026-07-29,2026-07-29T20:00:00,256,228,28,50,10,10,0,100.0,3,3,6,6,False,False,BED_OVERFLOW,SIMULATED
CHC-UP-VAR-001,CHC Misirpur,Uttar Pradesh,Varanasi,UP-VARANASI,2026-07-29,2026-07-29T20:00:00,497,436,61,63,30,30,0,100.0,7,7,14,14,False,False,BED_OVERFLOW,SIMULATED
DH-UP-VAR-001,Pandit Deen Dayal Upadhyay District Hospital,Uttar Pradesh,Varanasi,UP-VARANASI,2026-07-29,2026-07-29T20:00:00,2145,1956,189,252,250,250,0,100.0,38,35,75,70,False,False,BED_OVERFLOW,SIMULATED
PHC-UP-LUK-001,PHC Bakshi Ka Talab,Uttar Pradesh,Lucknow,UP-LUCKNOW,2026-07-29,2026-07-29T20:00:00,216,192,24,46,10,10,0,100.0,3,3,6,6,False,False,BED_OVERFLOW,SIMULATED
PHC-UP-LUK-002,PHC Malihabad,Uttar Pradesh,Lucknow,UP-LUCKNOW,2026-07-29,2026-07-29T20:00:00,182,162,20,33,8,8,0,100.0,2,2,5,5,False,False,BED_OVERFLOW,SIMULATED
PHC-UP-LUK-003,PHC Mohanlalganj,Uttar Pradesh,Lucknow,UP-LUCKNOW,2026-07-29,2026-07-29T20:00:00,194,175,19,19,8,8,0,100.0,2,2,5,5,False,False,BED_OVERFLOW,SIMULATED
DH-UP-LUK-001,Balrampur District Hospital Lucknow,Uttar Pradesh,Lucknow,UP-LUCKNOW,2026-07-29,2026-07-29T20:00:00,2922,2683,239,249,350,350,0,100.0,50,42,110,107,False,False,BED_OVERFLOW,SIMULATED
PHC-RJ-JAI-001,PHC Bassi,Rajasthan,Jaipur,RJ-JAIPUR,2026-07-29,2026-07-29T20:00:00,174,154,20,32,8,8,0,100.0,2,2,5,5,False,False,BED_OVERFLOW,SIMULATED
PHC-RJ-JAI-002,PHC Chaksu,Rajasthan,Jaipur,RJ-JAIPUR,2026-07-29,2026-07-29T20:00:00,158,140,18,19,6,6,0,100.0,2,2,4,4,False,False,BED_OVERFLOW,SIMULATED
PHC-RJ-JAI-003,PHC Amer,Rajasthan,Jaipur,RJ-JAIPUR,2026-07-29,2026-07-29T20:00:00,193,173,20,25,10,10,0,100.0,3,3,6,6,False,False,BED_OVERFLOW,SIMULATED
DH-RJ-JAI-001,Kanwatia District Hospital Jaipur,Rajasthan,Jaipur,RJ-JAIPUR,2026-07-29,2026-07-29T20:00:00,2058,1795,263,341,200,200,0,100.0,32,29,68,61,False,False,BED_OVERFLOW,SIMULATED
PHC-MH-PUN-001,PHC Mulshi,Maharashtra,Pune,MH-PUNE,2026-07-29,2026-07-29T20:00:00,156,138,18,32,8,8,0,100.0,2,2,5,5,False,False,BED_OVERFLOW,SIMULATED
PHC-MH-PUN-002,PHC Haveli,Maharashtra,Pune,MH-PUNE,2026-07-29,2026-07-29T20:00:00,250,217,33,45,10,10,0,100.0,3,3,6,6,False,False,BED_OVERFLOW,SIMULATED
PHC-MH-PUN-003,PHC Khed,Maharashtra,Pune,MH-PUNE,2026-07-29,2026-07-29T20:00:00,185,164,21,40,8,8,0,100.0,2,2,5,5,False,False,BED_OVERFLOW,SIMULATED
DH-MH-PUN-001,Aundh District Hospital Pune,Maharashtra,Pune,MH-PUNE,2026-07-29,2026-07-29T20:00:00,2365,2047,318,341,300,300,0,100.0,42,39,90,85,False,False,BED_OVERFLOW,SIMULATED
PHC-KA-BEN-001,PHC Yelahanka,Karnataka,Bengaluru Urban,KA-BENGALURU-U,2026-07-29,2026-07-29T20:00:00,279,241,38,47,10,10,0,100.0,3,3,7,6,False,False,BED_OVERFLOW,SIMULATED
PHC-KA-BEN-002,PHC Anekal,Karnataka,Bengaluru Urban,KA-BENGALURU-U,2026-07-29,2026-07-29T20:00:00,206,180,26,40,8,8,0,100.0,2,2,5,5,False,False,BED_OVERFLOW,SIMULATED
PHC-KA-BEN-003,PHC Kengeri,Karnataka,Bengaluru Urban,KA-BENGALURU-U,2026-07-29,2026-07-29T20:00:00,223,200,23,30,10,10,0,100.0,3,3,6,6,False,False,BED_OVERFLOW,SIMULATED
DH-KA-BEN-001,KC General District Hospital Malleshwaram,Karnataka,Bengaluru Urban,KA-BENGALURU-U,2026-07-29,2026-07-29T20:00:00,3167,2738,429,320,350,350,0,100.0,48,42,105,94,False,False,BED_OVERFLOW,SIMULATED
PHC-BR-PAT-001,PHC Bakhtiyarpur,Bihar,Patna,BR-PATNA,2026-07-30,2026-07-30T20:00:00,245,212,33,70,6,6,0,100.0,2,2,4,4,False,False,SURGE_ALERT,SIMULATED
PHC-BR-PAT-002,PHC Danapur,Bihar,Patna,BR-PATNA,2026-07-30,2026-07-30T20:00:00,286,246,40,48,10,10,0,100.0,3,3,6,6,False,False,SURGE_ALERT,SIMULATED
PHC-BR-PAT-003,PHC Bihta,Bihar,Patna,BR-PATNA,2026-07-30,2026-07-30T20:00:00,239,207,32,72,8,8,0,100.0,2,2,5,5,False,False,SURGE_ALERT,SIMULATED
PHC-BR-PAT-004,PHC Fatuha,Bihar,Patna,BR-PATNA,2026-07-30,2026-07-30T20:00:00,224,197,27,50,6,6,0,100.0,2,2,4,4,False,False,SURGE_ALERT,SIMULATED
PHC-BR-PAT-005,PHC Mokama,Bihar,Patna,BR-PATNA,2026-07-30,2026-07-30T20:00:00,258,227,31,76,8,8,0,100.0,2,2,4,4,False,False,SURGE_ALERT,SIMULATED
CHC-BR-PAT-001,CHC Phulwari Sharif,Bihar,Patna,BR-PATNA,2026-07-30,2026-07-30T20:00:00,666,610,56,196,30,30,0,100.0,6,6,12,12,False,False,SURGE_ALERT,SIMULATED
DH-BR-PAT-001,District Hospital Gardanibagh,Bihar,Patna,BR-PATNA,2026-07-30,2026-07-30T20:00:00,1932,1726,206,408,150,150,0,100.0,24,20,45,41,True,False,SURGE_ALERT,SIMULATED
PHC-BR-GAY-001,PHC Bodh Gaya,Bihar,Gaya,BR-GAYA,2026-07-30,2026-07-30T20:00:00,171,154,17,18,8,8,0,100.0,2,2,4,4,False,False,BED_OVERFLOW,SIMULATED
PHC-BR-GAY-002,PHC Sherghati,Bihar,Gaya,BR-GAYA,2026-07-30,2026-07-30T20:00:00,137,119,18,25,6,6,0,100.0,2,2,4,4,False,False,BED_OVERFLOW,SIMULATED
PHC-BR-GAY-003,PHC Tekari,Bihar,Gaya,BR-GAYA,2026-07-30,2026-07-30T20:00:00,126,112,14,15,6,6,0,100.0,2,2,3,3,False,False,BED_OVERFLOW,SIMULATED
DH-BR-GAY-001,Jay Prakash Narayan District Hospital Gaya,Bihar,Gaya,BR-GAYA,2026-07-30,2026-07-30T20:00:00,1902,1637,265,224,200,200,0,100.0,30,28,60,55,False,False,BED_OVERFLOW,SIMULATED
PHC-UP-VAR-001,PHC Cholapur,Uttar Pradesh,Varanasi,UP-VARANASI,2026-07-30,2026-07-30T20:00:00,199,183,16,35,6,6,0,100.0,2,2,4,4,False,False,BED_OVERFLOW,SIMULATED
PHC-UP-VAR-002,PHC Pindra,Uttar Pradesh,Varanasi,UP-VARANASI,2026-07-30,2026-07-30T20:00:00,203,186,17,34,8,8,0,100.0,3,3,5,5,False,False,BED_OVERFLOW,SIMULATED
PHC-UP-VAR-003,PHC Sevapuri,Uttar Pradesh,Varanasi,UP-VARANASI,2026-07-30,2026-07-30T20:00:00,161,138,23,13,6,6,0,100.0,2,2,4,4,False,False,BED_OVERFLOW,SIMULATED
PHC-UP-VAR-004,PHC Kashi Vidyapeeth,Uttar Pradesh,Varanasi,UP-VARANASI,2026-07-30,2026-07-30T20:00:00,232,200,32,45,10,10,0,100.0,3,3,6,6,False,False,BED_OVERFLOW,SIMULATED
CHC-UP-VAR-001,CHC Misirpur,Uttar Pradesh,Varanasi,UP-VARANASI,2026-07-30,2026-07-30T20:00:00,453,412,41,53,30,30,0,100.0,7,7,14,14,False,False,BED_OVERFLOW,SIMULATED
DH-UP-VAR-001,Pandit Deen Dayal Upadhyay District Hospital,Uttar Pradesh,Varanasi,UP-VARANASI,2026-07-30,2026-07-30T20:00:00,2285,2010,275,397,250,250,0,100.0,38,38,75,66,False,False,BED_OVERFLOW,SIMULATED
PHC-UP-LUK-001,PHC Bakshi Ka Talab,Uttar Pradesh,Lucknow,UP-LUCKNOW,2026-07-30,2026-07-30T20:00:00,224,205,19,40,10,10,0,100.0,3,3,6,6,False,False,BED_OVERFLOW,SIMULATED
PHC-UP-LUK-002,PHC Malihabad,Uttar Pradesh,Lucknow,UP-LUCKNOW,2026-07-30,2026-07-30T20:00:00,179,158,21,31,8,8,0,100.0,2,2,5,5,False,False,BED_OVERFLOW,SIMULATED
PHC-UP-LUK-003,PHC Mohanlalganj,Uttar Pradesh,Lucknow,UP-LUCKNOW,2026-07-30,2026-07-30T20:00:00,174,150,24,24,8,8,0,100.0,2,2,5,5,False,False,BED_OVERFLOW,SIMULATED
DH-UP-LUK-001,Balrampur District Hospital Lucknow,Uttar Pradesh,Lucknow,UP-LUCKNOW,2026-07-30,2026-07-30T20:00:00,2868,2575,293,567,350,350,0,100.0,50,44,110,103,False,False,BED_OVERFLOW,SIMULATED
PHC-RJ-JAI-001,PHC Bassi,Rajasthan,Jaipur,RJ-JAIPUR,2026-07-30,2026-07-30T20:00:00,192,169,23,30,8,8,0,100.0,2,2,5,5,False,False,BED_OVERFLOW,SIMULATED
PHC-RJ-JAI-002,PHC Chaksu,Rajasthan,Jaipur,RJ-JAIPUR,2026-07-30,2026-07-30T20:00:00,170,147,23,15,6,6,0,100.0,2,2,4,4,False,False,BED_OVERFLOW,SIMULATED
PHC-RJ-JAI-003,PHC Amer,Rajasthan,Jaipur,RJ-JAIPUR,2026-07-30,2026-07-30T20:00:00,193,177,16,36,10,10,0,100.0,3,3,6,6,False,False,BED_OVERFLOW,SIMULATED
DH-RJ-JAI-001,Kanwatia District Hospital Jaipur,Rajasthan,Jaipur,RJ-JAIPUR,2026-07-30,2026-07-30T20:00:00,2087,1904,183,442,200,200,0,100.0,32,30,68,68,False,False,BED_OVERFLOW,SIMULATED
PHC-MH-PUN-001,PHC Mulshi,Maharashtra,Pune,MH-PUNE,2026-07-30,2026-07-30T20:00:00,130,117,13,23,8,8,0,100.0,2,2,5,5,False,False,BED_OVERFLOW,SIMULATED
PHC-MH-PUN-002,PHC Haveli,Maharashtra,Pune,MH-PUNE,2026-07-30,2026-07-30T20:00:00,233,202,31,28,10,10,0,100.0,3,3,6,6,False,False,BED_OVERFLOW,SIMULATED
PHC-MH-PUN-003,PHC Khed,Maharashtra,Pune,MH-PUNE,2026-07-30,2026-07-30T20:00:00,182,167,15,21,8,8,0,100.0,2,2,5,5,False,False,BED_OVERFLOW,SIMULATED
DH-MH-PUN-001,Aundh District Hospital Pune,Maharashtra,Pune,MH-PUNE,2026-07-30,2026-07-30T20:00:00,2504,2278,226,441,300,300,0,100.0,42,42,90,85,False,False,BED_OVERFLOW,SIMULATED
PHC-KA-BEN-001,PHC Yelahanka,Karnataka,Bengaluru Urban,KA-BENGALURU-U,2026-07-30,2026-07-30T20:00:00,280,243,37,44,10,10,0,100.0,3,3,7,7,False,False,BED_OVERFLOW,SIMULATED
PHC-KA-BEN-002,PHC Anekal,Karnataka,Bengaluru Urban,KA-BENGALURU-U,2026-07-30,2026-07-30T20:00:00,208,187,21,25,8,8,0,100.0,2,2,5,5,False,False,BED_OVERFLOW,SIMULATED
PHC-KA-BEN-003,PHC Kengeri,Karnataka,Bengaluru Urban,KA-BENGALURU-U,2026-07-30,2026-07-30T20:00:00,234,211,23,27,10,10,0,100.0,3,3,6,6,False,False,BED_OVERFLOW,SIMULATED
DH-KA-BEN-001,KC General District Hospital Malleshwaram,Karnataka,Bengaluru Urban,KA-BENGALURU-U,2026-07-30,2026-07-30T20:00:00,3383,2915,468,325,350,350,0,100.0,48,41,105,92,False,False,BED_OVERFLOW,SIMULATED
PHC-BR-PAT-001,PHC Bakhtiyarpur,Bihar,Patna,BR-PATNA,2026-07-31,2026-07-31T20:00:00,189,168,21,48,6,6,0,100.0,2,2,4,4,False,False,SURGE_ALERT,SIMULATED
PHC-BR-PAT-002,PHC Danapur,Bihar,Patna,BR-PATNA,2026-07-31,2026-07-31T20:00:00,304,277,27,36,10,10,0,100.0,3,3,6,6,False,False,SURGE_ALERT,SIMULATED
PHC-BR-PAT-003,PHC Bihta,Bihar,Patna,BR-PATNA,2026-07-31,2026-07-31T20:00:00,233,202,31,54,8,8,0,100.0,2,2,5,5,False,False,SURGE_ALERT,SIMULATED
PHC-BR-PAT-004,PHC Fatuha,Bihar,Patna,BR-PATNA,2026-07-31,2026-07-31T20:00:00,176,160,16,30,6,6,0,100.0,2,2,4,4,False,False,SURGE_ALERT,SIMULATED
PHC-BR-PAT-005,PHC Mokama,Bihar,Patna,BR-PATNA,2026-07-31,2026-07-31T20:00:00,211,191,20,65,8,8,0,100.0,2,2,4,4,False,False,SURGE_ALERT,SIMULATED
CHC-BR-PAT-001,CHC Phulwari Sharif,Bihar,Patna,BR-PATNA,2026-07-31,2026-07-31T20:00:00,539,468,71,83,30,30,0,100.0,6,6,12,12,False,False,SURGE_ALERT,SIMULATED
DH-BR-PAT-001,District Hospital Gardanibagh,Bihar,Patna,BR-PATNA,2026-07-31,2026-07-31T20:00:00,1578,1419,159,450,150,150,0,100.0,24,20,45,44,True,False,SURGE_ALERT,SIMULATED
PHC-BR-GAY-001,PHC Bodh Gaya,Bihar,Gaya,BR-GAYA,2026-07-31,2026-07-31T20:00:00,152,138,14,21,8,8,0,100.0,2,2,4,4,False,False,BED_OVERFLOW,SIMULATED
PHC-BR-GAY-002,PHC Sherghati,Bihar,Gaya,BR-GAYA,2026-07-31,2026-07-31T20:00:00,133,121,12,16,6,6,0,100.0,2,2,4,4,False,False,BED_OVERFLOW,SIMULATED
PHC-BR-GAY-003,PHC Tekari,Bihar,Gaya,BR-GAYA,2026-07-31,2026-07-31T20:00:00,92,82,10,18,6,6,0,100.0,2,2,3,3,False,False,BED_OVERFLOW,SIMULATED
DH-BR-GAY-001,Jay Prakash Narayan District Hospital Gaya,Bihar,Gaya,BR-GAYA,2026-07-31,2026-07-31T20:00:00,1359,1213,146,183,200,200,0,100.0,30,27,60,55,False,False,BED_OVERFLOW,SIMULATED
PHC-UP-VAR-001,PHC Cholapur,Uttar Pradesh,Varanasi,UP-VARANASI,2026-07-31,2026-07-31T20:00:00,164,145,19,18,6,6,0,100.0,2,2,4,4,False,False,BED_OVERFLOW,SIMULATED
PHC-UP-VAR-002,PHC Pindra,Uttar Pradesh,Varanasi,UP-VARANASI,2026-07-31,2026-07-31T20:00:00,174,159,15,23,8,8,0,100.0,3,3,5,5,False,False,BED_OVERFLOW,SIMULATED
PHC-UP-VAR-003,PHC Sevapuri,Uttar Pradesh,Varanasi,UP-VARANASI,2026-07-31,2026-07-31T20:00:00,129,115,14,19,6,6,0,100.0,2,2,4,4,False,False,BED_OVERFLOW,SIMULATED
PHC-UP-VAR-004,PHC Kashi Vidyapeeth,Uttar Pradesh,Varanasi,UP-VARANASI,2026-07-31,2026-07-31T20:00:00,218,197,21,28,10,10,0,100.0,3,3,6,6,False,False,BED_OVERFLOW,SIMULATED
CHC-UP-VAR-001,CHC Misirpur,Uttar Pradesh,Varanasi,UP-VARANASI,2026-07-31,2026-07-31T20:00:00,423,382,41,88,30,30,0,100.0,7,6,14,13,False,False,BED_OVERFLOW,SIMULATED
DH-UP-VAR-001,Pandit Deen Dayal Upadhyay District Hospital,Uttar Pradesh,Varanasi,UP-VARANASI,2026-07-31,2026-07-31T20:00:00,2020,1762,258,284,250,250,0,100.0,38,36,75,69,False,False,BED_OVERFLOW,SIMULATED
PHC-UP-LUK-001,PHC Bakshi Ka Talab,Uttar Pradesh,Lucknow,UP-LUCKNOW,2026-07-31,2026-07-31T20:00:00,183,160,23,24,10,10,0,100.0,3,3,6,6,False,False,BED_OVERFLOW,SIMULATED
PHC-UP-LUK-002,PHC Malihabad,Uttar Pradesh,Lucknow,UP-LUCKNOW,2026-07-31,2026-07-31T20:00:00,159,138,21,21,8,8,0,100.0,2,2,5,5,False,False,BED_OVERFLOW,SIMULATED
PHC-UP-LUK-003,PHC Mohanlalganj,Uttar Pradesh,Lucknow,UP-LUCKNOW,2026-07-31,2026-07-31T20:00:00,174,153,21,31,8,8,0,100.0,2,2,5,5,False,False,BED_OVERFLOW,SIMULATED
DH-UP-LUK-001,Balrampur District Hospital Lucknow,Uttar Pradesh,Lucknow,UP-LUCKNOW,2026-07-31,2026-07-31T20:00:00,2445,2149,296,392,350,350,0,100.0,50,45,110,102,False,False,BED_OVERFLOW,SIMULATED
PHC-RJ-JAI-001,PHC Bassi,Rajasthan,Jaipur,RJ-JAIPUR,2026-07-31,2026-07-31T20:00:00,141,124,17,12,8,8,0,100.0,2,2,5,5,False,False,BED_OVERFLOW,SIMULATED
PHC-RJ-JAI-002,PHC Chaksu,Rajasthan,Jaipur,RJ-JAIPUR,2026-07-31,2026-07-31T20:00:00,135,122,13,27,6,6,0,100.0,2,2,4,4,False,False,BED_OVERFLOW,SIMULATED
PHC-RJ-JAI-003,PHC Amer,Rajasthan,Jaipur,RJ-JAIPUR,2026-07-31,2026-07-31T20:00:00,173,157,16,37,10,10,0,100.0,3,3,6,6,False,False,BED_OVERFLOW,SIMULATED
DH-RJ-JAI-001,Kanwatia District Hospital Jaipur,Rajasthan,Jaipur,RJ-JAIPUR,2026-07-31,2026-07-31T20:00:00,1775,1607,168,358,200,200,0,100.0,32,26,68,68,False,False,BED_OVERFLOW,SIMULATED
PHC-MH-PUN-001,PHC Mulshi,Maharashtra,Pune,MH-PUNE,2026-07-31,2026-07-31T20:00:00,115,103,12,13,8,8,0,100.0,2,2,5,5,False,False,BED_OVERFLOW,SIMULATED
PHC-MH-PUN-002,PHC Haveli,Maharashtra,Pune,MH-PUNE,2026-07-31,2026-07-31T20:00:00,196,169,27,23,10,10,0,100.0,3,3,6,6,False,False,BED_OVERFLOW,SIMULATED
PHC-MH-PUN-003,PHC Khed,Maharashtra,Pune,MH-PUNE,2026-07-31,2026-07-31T20:00:00,160,146,14,28,8,8,0,100.0,2,2,5,5,False,False,BED_OVERFLOW,SIMULATED
DH-MH-PUN-001,Aundh District Hospital Pune,Maharashtra,Pune,MH-PUNE,2026-07-31,2026-07-31T20:00:00,2166,1885,281,281,300,300,0,100.0,42,37,90,86,False,False,BED_OVERFLOW,SIMULATED
PHC-KA-BEN-001,PHC Yelahanka,Karnataka,Bengaluru Urban,KA-BENGALURU-U,2026-07-31,2026-07-31T20:00:00,247,221,26,32,10,10,0,100.0,3,3,7,7,False,False,BED_OVERFLOW,SIMULATED
PHC-KA-BEN-002,PHC Anekal,Karnataka,Bengaluru Urban,KA-BENGALURU-U,2026-07-31,2026-07-31T20:00:00,190,164,26,19,8,8,0,100.0,2,2,5,5,False,False,BED_OVERFLOW,SIMULATED
PHC-KA-BEN-003,PHC Kengeri,Karnataka,Bengaluru Urban,KA-BENGALURU-U,2026-07-31,2026-07-31T20:00:00,192,170,22,31,10,10,0,100.0,3,3,6,6,False,False,BED_OVERFLOW,SIMULATED
DH-KA-BEN-001,KC General District Hospital Malleshwaram,Karnataka,Bengaluru Urban,KA-BENGALURU-U,2026-07-31,2026-07-31T20:00:00,2656,2414,242,424,350,350,0,100.0,48,42,105,90,False,False,BED_OVERFLOW,SIMULATED
PHC-BR-PAT-001,PHC Bakhtiyarpur,Bihar,Patna,BR-PATNA,2026-08-01,2026-08-01T20:00:00,199,177,22,54,6,6,0,100.0,2,2,4,4,False,False,SURGE_ALERT,SIMULATED
PHC-BR-PAT-002,PHC Danapur,Bihar,Patna,BR-PATNA,2026-08-01,2026-08-01T20:00:00,307,264,43,98,10,10,0,100.0,3,3,6,6,False,False,SURGE_ALERT,SIMULATED
PHC-BR-PAT-003,PHC Bihta,Bihar,Patna,BR-PATNA,2026-08-01,2026-08-01T20:00:00,217,196,21,52,8,8,0,100.0,2,2,5,5,False,False,SURGE_ALERT,SIMULATED
PHC-BR-PAT-004,PHC Fatuha,Bihar,Patna,BR-PATNA,2026-08-01,2026-08-01T20:00:00,164,143,21,51,6,6,0,100.0,2,2,4,4,False,False,SURGE_ALERT,SIMULATED
PHC-BR-PAT-005,PHC Mokama,Bihar,Patna,BR-PATNA,2026-08-01,2026-08-01T20:00:00,194,172,22,25,8,8,0,100.0,2,2,4,4,False,False,SURGE_ALERT,SIMULATED
CHC-BR-PAT-001,CHC Phulwari Sharif,Bihar,Patna,BR-PATNA,2026-08-01,2026-08-01T20:00:00,544,474,70,154,30,30,0,100.0,6,6,12,12,False,False,SURGE_ALERT,SIMULATED
DH-BR-PAT-001,District Hospital Gardanibagh,Bihar,Patna,BR-PATNA,2026-08-01,2026-08-01T20:00:00,1790,1624,166,453,150,150,0,100.0,24,21,45,44,True,False,SURGE_ALERT,SIMULATED
PHC-BR-GAY-001,PHC Bodh Gaya,Bihar,Gaya,BR-GAYA,2026-08-01,2026-08-01T20:00:00,134,120,14,24,8,8,0,100.0,2,2,4,4,False,False,BED_OVERFLOW,SIMULATED
PHC-BR-GAY-002,PHC Sherghati,Bihar,Gaya,BR-GAYA,2026-08-01,2026-08-01T20:00:00,126,115,11,10,6,6,0,100.0,2,2,4,4,False,False,BED_OVERFLOW,SIMULATED
PHC-BR-GAY-003,PHC Tekari,Bihar,Gaya,BR-GAYA,2026-08-01,2026-08-01T20:00:00,106,96,10,15,6,6,0,100.0,2,2,3,3,False,False,BED_OVERFLOW,SIMULATED
DH-BR-GAY-001,Jay Prakash Narayan District Hospital Gaya,Bihar,Gaya,BR-GAYA,2026-08-01,2026-08-01T20:00:00,1578,1360,218,314,200,200,0,100.0,30,28,60,57,False,False,BED_OVERFLOW,SIMULATED
PHC-UP-VAR-001,PHC Cholapur,Uttar Pradesh,Varanasi,UP-VARANASI,2026-08-01,2026-08-01T20:00:00,160,140,20,17,6,6,0,100.0,2,2,4,4,False,False,BED_OVERFLOW,SIMULATED
PHC-UP-VAR-002,PHC Pindra,Uttar Pradesh,Varanasi,UP-VARANASI,2026-08-01,2026-08-01T20:00:00,180,158,22,31,8,8,0,100.0,3,3,5,5,False,False,BED_OVERFLOW,SIMULATED
PHC-UP-VAR-003,PHC Sevapuri,Uttar Pradesh,Varanasi,UP-VARANASI,2026-08-01,2026-08-01T20:00:00,136,119,17,19,6,6,0,100.0,2,2,4,4,False,False,BED_OVERFLOW,SIMULATED
PHC-UP-VAR-004,PHC Kashi Vidyapeeth,Uttar Pradesh,Varanasi,UP-VARANASI,2026-08-01,2026-08-01T20:00:00,195,174,21,28,10,10,0,100.0,3,3,6,6,False,False,BED_OVERFLOW,SIMULATED
CHC-UP-VAR-001,CHC Misirpur,Uttar Pradesh,Varanasi,UP-VARANASI,2026-08-01,2026-08-01T20:00:00,424,380,44,84,30,30,0,100.0,7,6,14,14,False,False,BED_OVERFLOW,SIMULATED
DH-UP-VAR-001,Pandit Deen Dayal Upadhyay District Hospital,Uttar Pradesh,Varanasi,UP-VARANASI,2026-08-01,2026-08-01T20:00:00,2030,1815,215,213,250,250,0,100.0,38,37,75,73,False,False,BED_OVERFLOW,SIMULATED
PHC-UP-LUK-001,PHC Bakshi Ka Talab,Uttar Pradesh,Lucknow,UP-LUCKNOW,2026-08-01,2026-08-01T20:00:00,186,164,22,25,10,10,0,100.0,3,3,6,6,False,False,BED_OVERFLOW,SIMULATED
PHC-UP-LUK-002,PHC Malihabad,Uttar Pradesh,Lucknow,UP-LUCKNOW,2026-08-01,2026-08-01T20:00:00,168,147,21,21,8,8,0,100.0,2,2,5,5,False,False,BED_OVERFLOW,SIMULATED
PHC-UP-LUK-003,PHC Mohanlalganj,Uttar Pradesh,Lucknow,UP-LUCKNOW,2026-08-01,2026-08-01T20:00:00,174,151,23,23,8,8,0,100.0,2,2,5,5,False,False,BED_OVERFLOW,SIMULATED
DH-UP-LUK-001,Balrampur District Hospital Lucknow,Uttar Pradesh,Lucknow,UP-LUCKNOW,2026-08-01,2026-08-01T20:00:00,2307,2039,268,185,350,350,0,100.0,50,48,110,105,False,False,BED_OVERFLOW,SIMULATED
PHC-RJ-JAI-001,PHC Bassi,Rajasthan,Jaipur,RJ-JAIPUR,2026-08-01,2026-08-01T20:00:00,147,135,12,20,8,8,0,100.0,2,2,5,5,False,False,BED_OVERFLOW,SIMULATED
PHC-RJ-JAI-002,PHC Chaksu,Rajasthan,Jaipur,RJ-JAIPUR,2026-08-01,2026-08-01T20:00:00,140,125,15,25,6,6,0,100.0,2,2,4,4,False,False,BED_OVERFLOW,SIMULATED
PHC-RJ-JAI-003,PHC Amer,Rajasthan,Jaipur,RJ-JAIPUR,2026-08-01,2026-08-01T20:00:00,181,161,20,26,10,10,0,100.0,3,3,6,6,False,False,BED_OVERFLOW,SIMULATED
DH-RJ-JAI-001,Kanwatia District Hospital Jaipur,Rajasthan,Jaipur,RJ-JAIPUR,2026-08-01,2026-08-01T20:00:00,1757,1569,188,352,200,200,0,100.0,32,27,68,62,False,False,BED_OVERFLOW,SIMULATED
PHC-MH-PUN-001,PHC Mulshi,Maharashtra,Pune,MH-PUNE,2026-08-01,2026-08-01T20:00:00,126,115,11,26,8,8,0,100.0,2,2,5,5,False,False,BED_OVERFLOW,SIMULATED
PHC-MH-PUN-002,PHC Haveli,Maharashtra,Pune,MH-PUNE,2026-08-01,2026-08-01T20:00:00,203,177,26,29,10,10,0,100.0,3,3,6,6,False,False,BED_OVERFLOW,SIMULATED
PHC-MH-PUN-003,PHC Khed,Maharashtra,Pune,MH-PUNE,2026-08-01,2026-08-01T20:00:00,171,155,16,36,8,8,0,100.0,2,2,5,5,False,False,BED_OVERFLOW,SIMULATED
DH-MH-PUN-001,Aundh District Hospital Pune,Maharashtra,Pune,MH-PUNE,2026-08-01,2026-08-01T20:00:00,2167,1977,190,449,300,300,0,100.0,42,40,90,78,False,False,BED_OVERFLOW,SIMULATED
PHC-KA-BEN-001,PHC Yelahanka,Karnataka,Bengaluru Urban,KA-BENGALURU-U,2026-08-01,2026-08-01T20:00:00,233,210,23,40,10,10,0,100.0,3,3,7,7,False,False,BED_OVERFLOW,SIMULATED
PHC-KA-BEN-002,PHC Anekal,Karnataka,Bengaluru Urban,KA-BENGALURU-U,2026-08-01,2026-08-01T20:00:00,169,149,20,32,8,8,0,100.0,2,2,5,5,False,False,BED_OVERFLOW,SIMULATED
PHC-KA-BEN-003,PHC Kengeri,Karnataka,Bengaluru Urban,KA-BENGALURU-U,2026-08-01,2026-08-01T20:00:00,199,176,23,38,10,10,0,100.0,3,3,6,6,False,False,BED_OVERFLOW,SIMULATED
DH-KA-BEN-001,KC General District Hospital Malleshwaram,Karnataka,Bengaluru Urban,KA-BENGALURU-U,2026-08-01,2026-08-01T20:00:00,2576,2271,305,464,350,350,0,100.0,48,45,105,97,False,False,BED_OVERFLOW,SIMULATED
PHC-BR-PAT-001,PHC Bakhtiyarpur,Bihar,Patna,BR-PATNA,2026-08-02,2026-08-02T20:00:00,84,72,12,12,6,6,0,100.0,2,2,4,4,False,False,SURGE_ALERT,SIMULATED
PHC-BR-PAT-002,PHC Danapur,Bihar,Patna,BR-PATNA,2026-08-02,2026-08-02T20:00:00,122,110,12,24,10,10,0,100.0,3,2,6,4,True,True,SURGE_ALERT,SIMULATED
PHC-BR-PAT-003,PHC Bihta,Bihar,Patna,BR-PATNA,2026-08-02,2026-08-02T20:00:00,100,88,12,17,8,8,0,100.0,2,2,5,4,False,False,SURGE_ALERT,SIMULATED
PHC-BR-PAT-004,PHC Fatuha,Bihar,Patna,BR-PATNA,2026-08-02,2026-08-02T20:00:00,81,73,8,22,6,6,0,100.0,2,2,4,3,False,False,SURGE_ALERT,SIMULATED
PHC-BR-PAT-005,PHC Mokama,Bihar,Patna,BR-PATNA,2026-08-02,2026-08-02T20:00:00,87,78,9,23,8,8,0,100.0,2,2,4,4,False,False,SURGE_ALERT,SIMULATED
CHC-BR-PAT-001,CHC Phulwari Sharif,Bihar,Patna,BR-PATNA,2026-08-02,2026-08-02T20:00:00,230,205,25,28,30,30,0,100.0,6,4,12,9,True,False,SURGE_ALERT,SIMULATED
DH-BR-PAT-001,District Hospital Gardanibagh,Bihar,Patna,BR-PATNA,2026-08-02,2026-08-02T20:00:00,694,620,74,127,150,150,0,100.0,24,16,45,29,True,True,SURGE_ALERT,SIMULATED
PHC-BR-GAY-001,PHC Bodh Gaya,Bihar,Gaya,BR-GAYA,2026-08-02,2026-08-02T20:00:00,59,51,8,7,8,8,0,100.0,2,2,4,3,False,False,BED_OVERFLOW,SIMULATED
PHC-BR-GAY-002,PHC Sherghati,Bihar,Gaya,BR-GAYA,2026-08-02,2026-08-02T20:00:00,43,37,6,5,6,6,0,100.0,2,2,4,3,False,False,BED_OVERFLOW,SIMULATED
PHC-BR-GAY-003,PHC Tekari,Bihar,Gaya,BR-GAYA,2026-08-02,2026-08-02T20:00:00,44,39,5,9,6,6,0,100.0,2,2,3,3,False,False,BED_OVERFLOW,SIMULATED
DH-BR-GAY-001,Jay Prakash Narayan District Hospital Gaya,Bihar,Gaya,BR-GAYA,2026-08-02,2026-08-02T20:00:00,717,638,79,109,200,182,18,91.0,30,21,60,44,False,False,NORMAL,SIMULATED
PHC-UP-VAR-001,PHC Cholapur,Uttar Pradesh,Varanasi,UP-VARANASI,2026-08-02,2026-08-02T20:00:00,69,60,9,14,6,6,0,100.0,2,2,4,3,False,False,BED_OVERFLOW,SIMULATED
PHC-UP-VAR-002,PHC Pindra,Uttar Pradesh,Varanasi,UP-VARANASI,2026-08-02,2026-08-02T20:00:00,67,58,9,7,8,8,0,100.0,3,2,5,4,False,False,BED_OVERFLOW,SIMULATED
PHC-UP-VAR-003,PHC Sevapuri,Uttar Pradesh,Varanasi,UP-VARANASI,2026-08-02,2026-08-02T20:00:00,61,54,7,7,6,6,0,100.0,2,2,4,4,False,False,BED_OVERFLOW,SIMULATED
PHC-UP-VAR-004,PHC Kashi Vidyapeeth,Uttar Pradesh,Varanasi,UP-VARANASI,2026-08-02,2026-08-02T20:00:00,83,75,8,16,10,10,0,100.0,3,2,6,4,False,True,BED_OVERFLOW,SIMULATED
CHC-UP-VAR-001,CHC Misirpur,Uttar Pradesh,Varanasi,UP-VARANASI,2026-08-02,2026-08-02T20:00:00,147,128,19,25,30,30,0,100.0,7,4,14,10,False,False,BED_OVERFLOW,SIMULATED
DH-UP-VAR-001,Pandit Deen Dayal Upadhyay District Hospital,Uttar Pradesh,Varanasi,UP-VARANASI,2026-08-02,2026-08-02T20:00:00,824,711,113,129,250,250,0,100.0,38,25,75,59,False,False,BED_OVERFLOW,SIMULATED
PHC-UP-LUK-001,PHC Bakshi Ka Talab,Uttar Pradesh,Lucknow,UP-LUCKNOW,2026-08-02,2026-08-02T20:00:00,80,73,7,7,10,10,0,100.0,3,2,6,4,False,True,BED_OVERFLOW,SIMULATED
PHC-UP-LUK-002,PHC Malihabad,Uttar Pradesh,Lucknow,UP-LUCKNOW,2026-08-02,2026-08-02T20:00:00,65,58,7,11,8,8,0,100.0,2,2,5,4,False,False,BED_OVERFLOW,SIMULATED
PHC-UP-LUK-003,PHC Mohanlalganj,Uttar Pradesh,Lucknow,UP-LUCKNOW,2026-08-02,2026-08-02T20:00:00,68,58,10,11,8,8,0,100.0,2,2,5,4,False,False,BED_OVERFLOW,SIMULATED
DH-UP-LUK-001,Balrampur District Hospital Lucknow,Uttar Pradesh,Lucknow,UP-LUCKNOW,2026-08-02,2026-08-02T20:00:00,904,822,82,80,350,220,130,62.86,50,31,110,68,False,True,NORMAL,SIMULATED
PHC-RJ-JAI-001,PHC Bassi,Rajasthan,Jaipur,RJ-JAIPUR,2026-08-02,2026-08-02T20:00:00,67,58,9,12,8,8,0,100.0,2,2,5,4,False,False,BED_OVERFLOW,SIMULATED
PHC-RJ-JAI-002,PHC Chaksu,Rajasthan,Jaipur,RJ-JAIPUR,2026-08-02,2026-08-02T20:00:00,60,52,8,10,6,6,0,100.0,2,2,4,3,False,False,BED_OVERFLOW,SIMULATED
PHC-RJ-JAI-003,PHC Amer,Rajasthan,Jaipur,RJ-JAIPUR,2026-08-02,2026-08-02T20:00:00,78,68,10,12,10,10,0,100.0,3,2,6,5,False,False,BED_OVERFLOW,SIMULATED
DH-RJ-JAI-001,Kanwatia District Hospital Jaipur,Rajasthan,Jaipur,RJ-JAIPUR,2026-08-02,2026-08-02T20:00:00,780,698,82,156,200,173,27,86.5,32,22,68,52,False,False,NORMAL,SIMULATED
PHC-MH-PUN-001,PHC Mulshi,Maharashtra,Pune,MH-PUNE,2026-08-02,2026-08-02T20:00:00,55,47,8,10,8,8,0,100.0,2,2,5,4,False,False,BED_OVERFLOW,SIMULATED
PHC-MH-PUN-002,PHC Haveli,Maharashtra,Pune,MH-PUNE,2026-08-02,2026-08-02T20:00:00,92,83,9,15,10,10,0,100.0,3,2,6,5,False,False,BED_OVERFLOW,SIMULATED
PHC-MH-PUN-003,PHC Khed,Maharashtra,Pune,MH-PUNE,2026-08-02,2026-08-02T20:00:00,67,59,8,14,8,8,0,100.0,2,2,5,4,False,False,BED_OVERFLOW,SIMULATED
DH-MH-PUN-001,Aundh District Hospital Pune,Maharashtra,Pune,MH-PUNE,2026-08-02,2026-08-02T20:00:00,927,812,115,147,300,260,40,86.67,42,25,90,72,False,False,NORMAL,SIMULATED
PHC-KA-BEN-001,PHC Yelahanka,Karnataka,Bengaluru Urban,KA-BENGALURU-U,2026-08-02,2026-08-02T20:00:00,102,93,9,15,10,10,0,100.0,3,3,7,5,False,False,BED_OVERFLOW,SIMULATED
PHC-KA-BEN-002,PHC Anekal,Karnataka,Bengaluru Urban,KA-BENGALURU-U,2026-08-02,2026-08-02T20:00:00,67,58,9,5,8,8,0,100.0,2,2,5,4,False,False,BED_OVERFLOW,SIMULATED
PHC-KA-BEN-003,PHC Kengeri,Karnataka,Bengaluru Urban,KA-BENGALURU-U,2026-08-02,2026-08-02T20:00:00,90,79,11,15,10,10,0,100.0,3,2,6,5,False,False,BED_OVERFLOW,SIMULATED
DH-KA-BEN-001,KC General District Hospital Malleshwaram,Karnataka,Bengaluru Urban,KA-BENGALURU-U,2026-08-02,2026-08-02T20:00:00,953,837,116,116,350,300,50,85.71,48,29,105,78,False,False,NORMAL,SIMULATED
PHC-BR-PAT-001,PHC Bakhtiyarpur,Bihar,Patna,BR-PATNA,2026-08-03,2026-08-03T20:00:00,302,276,26,49,6,6,0,100.0,2,2,4,4,False,False,SURGE_ALERT,SIMULATED
PHC-BR-PAT-002,PHC Danapur,Bihar,Patna,BR-PATNA,2026-08-03,2026-08-03T20:00:00,396,359,37,118,10,10,0,100.0,3,3,6,6,False,False,SURGE_ALERT,SIMULATED
PHC-BR-PAT-003,PHC Bihta,Bihar,Patna,BR-PATNA,2026-08-03,2026-08-03T20:00:00,303,264,39,53,8,8,0,100.0,2,2,5,5,False,False,SURGE_ALERT,SIMULATED
PHC-BR-PAT-004,PHC Fatuha,Bihar,Patna,BR-PATNA,2026-08-03,2026-08-03T20:00:00,261,229,32,50,6,6,0,100.0,2,2,4,4,False,False,SURGE_ALERT,SIMULATED
PHC-BR-PAT-005,PHC Mokama,Bihar,Patna,BR-PATNA,2026-08-03,2026-08-03T20:00:00,343,310,33,41,8,8,0,100.0,2,2,4,4,False,False,SURGE_ALERT,SIMULATED
CHC-BR-PAT-001,CHC Phulwari Sharif,Bihar,Patna,BR-PATNA,2026-08-03,2026-08-03T20:00:00,789,714,75,97,30,30,0,100.0,6,6,12,12,False,False,SURGE_ALERT,SIMULATED
DH-BR-PAT-001,District Hospital Gardanibagh,Bihar,Patna,BR-PATNA,2026-08-03,2026-08-03T20:00:00,2390,2168,222,450,150,150,0,100.0,24,21,45,40,True,False,SURGE_ALERT,SIMULATED
PHC-BR-GAY-001,PHC Bodh Gaya,Bihar,Gaya,BR-GAYA,2026-08-03,2026-08-03T20:00:00,222,191,31,22,8,8,0,100.0,2,2,4,4,False,False,BED_OVERFLOW,SIMULATED
PHC-BR-GAY-002,PHC Sherghati,Bihar,Gaya,BR-GAYA,2026-08-03,2026-08-03T20:00:00,158,144,14,33,6,6,0,100.0,2,2,4,4,False,False,BED_OVERFLOW,SIMULATED
PHC-BR-GAY-003,PHC Tekari,Bihar,Gaya,BR-GAYA,2026-08-03,2026-08-03T20:00:00,178,160,18,20,6,6,0,100.0,2,2,3,3,False,False,BED_OVERFLOW,SIMULATED
DH-BR-GAY-001,Jay Prakash Narayan District Hospital Gaya,Bihar,Gaya,BR-GAYA,2026-08-03,2026-08-03T20:00:00,2352,2061,291,309,200,200,0,100.0,30,25,60,53,False,False,BED_OVERFLOW,SIMULATED
PHC-UP-VAR-001,PHC Cholapur,Uttar Pradesh,Varanasi,UP-VARANASI,2026-08-03,2026-08-03T20:00:00,234,211,23,29,6,6,0,100.0,2,2,4,4,False,False,BED_OVERFLOW,SIMULATED
PHC-UP-VAR-002,PHC Pindra,Uttar Pradesh,Varanasi,UP-VARANASI,2026-08-03,2026-08-03T20:00:00,261,226,35,31,8,8,0,100.0,3,3,5,5,False,False,BED_OVERFLOW,SIMULATED
PHC-UP-VAR-003,PHC Sevapuri,Uttar Pradesh,Varanasi,UP-VARANASI,2026-08-03,2026-08-03T20:00:00,175,156,19,32,6,6,0,100.0,2,2,4,4,False,False,BED_OVERFLOW,SIMULATED
PHC-UP-VAR-004,PHC Kashi Vidyapeeth,Uttar Pradesh,Varanasi,UP-VARANASI,2026-08-03,2026-08-03T20:00:00,320,275,45,60,10,10,0,100.0,3,3,6,6,False,False,BED_OVERFLOW,SIMULATED
CHC-UP-VAR-001,CHC Misirpur,Uttar Pradesh,Varanasi,UP-VARANASI,2026-08-03,2026-08-03T20:00:00,600,550,50,78,30,30,0,100.0,7,7,14,13,False,False,BED_OVERFLOW,SIMULATED
DH-UP-VAR-001,Pandit Deen Dayal Upadhyay District Hospital,Uttar Pradesh,Varanasi,UP-VARANASI,2026-08-03,2026-08-03T20:00:00,2977,2617,360,333,250,250,0,100.0,38,32,75,75,False,False,BED_OVERFLOW,SIMULATED
PHC-UP-LUK-001,PHC Bakshi Ka Talab,Uttar Pradesh,Lucknow,UP-LUCKNOW,2026-08-03,2026-08-03T20:00:00,225,196,29,41,10,10,0,100.0,3,3,6,6,False,False,BED_OVERFLOW,SIMULATED
PHC-UP-LUK-002,PHC Malihabad,Uttar Pradesh,Lucknow,UP-LUCKNOW,2026-08-03,2026-08-03T20:00:00,223,197,26,33,8,8,0,100.0,2,2,5,5,False,False,BED_OVERFLOW,SIMULATED
PHC-UP-LUK-003,PHC Mohanlalganj,Uttar Pradesh,Lucknow,UP-LUCKNOW,2026-08-03,2026-08-03T20:00:00,218,194,24,17,8,8,0,100.0,2,2,5,5,False,False,BED_OVERFLOW,SIMULATED
DH-UP-LUK-001,Balrampur District Hospital Lucknow,Uttar Pradesh,Lucknow,UP-LUCKNOW,2026-08-03,2026-08-03T20:00:00,3550,3223,327,676,350,350,0,100.0,50,46,110,104,False,False,BED_OVERFLOW,SIMULATED
PHC-RJ-JAI-001,PHC Bassi,Rajasthan,Jaipur,RJ-JAIPUR,2026-08-03,2026-08-03T20:00:00,240,216,24,38,8,8,0,100.0,2,2,5,5,False,False,BED_OVERFLOW,SIMULATED
PHC-RJ-JAI-002,PHC Chaksu,Rajasthan,Jaipur,RJ-JAIPUR,2026-08-03,2026-08-03T20:00:00,210,190,20,41,6,6,0,100.0,2,2,4,4,False,False,BED_OVERFLOW,SIMULATED
PHC-RJ-JAI-003,PHC Amer,Rajasthan,Jaipur,RJ-JAIPUR,2026-08-03,2026-08-03T20:00:00,273,247,26,51,10,10,0,100.0,3,3,6,6,False,False,BED_OVERFLOW,SIMULATED
DH-RJ-JAI-001,Kanwatia District Hospital Jaipur,Rajasthan,Jaipur,RJ-JAIPUR,2026-08-03,2026-08-03T20:00:00,2675,2404,271,241,200,200,0,100.0,32,28,68,64,False,False,BED_OVERFLOW,SIMULATED
PHC-MH-PUN-001,PHC Mulshi,Maharashtra,Pune,MH-PUNE,2026-08-03,2026-08-03T20:00:00,195,175,20,37,8,8,0,100.0,2,2,5,5,False,False,BED_OVERFLOW,SIMULATED
PHC-MH-PUN-002,PHC Haveli,Maharashtra,Pune,MH-PUNE,2026-08-03,2026-08-03T20:00:00,297,255,42,58,10,10,0,100.0,3,3,6,6,False,False,BED_OVERFLOW,SIMULATED
PHC-MH-PUN-003,PHC Khed,Maharashtra,Pune,MH-PUNE,2026-08-03,2026-08-03T20:00:00,212,185,27,23,8,8,0,100.0,2,2,5,5,False,False,BED_OVERFLOW,SIMULATED
DH-MH-PUN-001,Aundh District Hospital Pune,Maharashtra,Pune,MH-PUNE,2026-08-03,2026-08-03T20:00:00,3368,3030,338,632,300,300,0,100.0,42,37,90,89,False,False,BED_OVERFLOW,SIMULATED
PHC-KA-BEN-001,PHC Yelahanka,Karnataka,Bengaluru Urban,KA-BENGALURU-U,2026-08-03,2026-08-03T20:00:00,341,311,30,34,10,10,0,100.0,3,3,7,7,False,False,BED_OVERFLOW,SIMULATED
PHC-KA-BEN-002,PHC Anekal,Karnataka,Bengaluru Urban,KA-BENGALURU-U,2026-08-03,2026-08-03T20:00:00,267,242,25,41,8,8,0,100.0,2,2,5,5,False,False,BED_OVERFLOW,SIMULATED
PHC-KA-BEN-003,PHC Kengeri,Karnataka,Bengaluru Urban,KA-BENGALURU-U,2026-08-03,2026-08-03T20:00:00,318,277,41,34,10,10,0,100.0,3,3,6,6,False,False,BED_OVERFLOW,SIMULATED
DH-KA-BEN-001,KC General District Hospital Malleshwaram,Karnataka,Bengaluru Urban,KA-BENGALURU-U,2026-08-03,2026-08-03T20:00:00,3716,3367,349,311,350,350,0,100.0,48,48,105,92,False,False,BED_OVERFLOW,SIMULATED
PHC-BR-PAT-001,PHC Bakhtiyarpur,Bihar,Patna,BR-PATNA,2026-08-04,2026-08-04T20:00:00,244,223,21,30,6,6,0,100.0,2,2,4,4,False,False,SURGE_ALERT,SIMULATED
PHC-BR-PAT-002,PHC Danapur,Bihar,Patna,BR-PATNA,2026-08-04,2026-08-04T20:00:00,344,304,40,55,10,10,0,100.0,3,3,6,6,False,False,SURGE_ALERT,SIMULATED
PHC-BR-PAT-003,PHC Bihta,Bihar,Patna,BR-PATNA,2026-08-04,2026-08-04T20:00:00,261,236,25,37,8,8,0,100.0,2,2,5,5,False,False,SURGE_ALERT,SIMULATED
PHC-BR-PAT-004,PHC Fatuha,Bihar,Patna,BR-PATNA,2026-08-04,2026-08-04T20:00:00,222,195,27,35,6,6,0,100.0,2,2,4,4,False,False,SURGE_ALERT,SIMULATED
PHC-BR-PAT-005,PHC Mokama,Bihar,Patna,BR-PATNA,2026-08-04,2026-08-04T20:00:00,237,207,30,34,8,8,0,100.0,2,2,4,4,False,False,SURGE_ALERT,SIMULATED
CHC-BR-PAT-001,CHC Phulwari Sharif,Bihar,Patna,BR-PATNA,2026-08-04,2026-08-04T20:00:00,621,569,52,87,30,30,0,100.0,6,6,12,11,False,False,SURGE_ALERT,SIMULATED
DH-BR-PAT-001,District Hospital Gardanibagh,Bihar,Patna,BR-PATNA,2026-08-04,2026-08-04T20:00:00,2018,1850,168,518,150,150,0,100.0,24,23,45,43,True,False,SURGE_ALERT,SIMULATED
PHC-BR-GAY-001,PHC Bodh Gaya,Bihar,Gaya,BR-GAYA,2026-08-04,2026-08-04T20:00:00,181,155,26,38,8,8,0,100.0,2,2,4,4,False,False,BED_OVERFLOW,SIMULATED
PHC-BR-GAY-002,PHC Sherghati,Bihar,Gaya,BR-GAYA,2026-08-04,2026-08-04T20:00:00,148,134,14,15,6,6,0,100.0,2,2,4,4,False,False,BED_OVERFLOW,SIMULATED
PHC-BR-GAY-003,PHC Tekari,Bihar,Gaya,BR-GAYA,2026-08-04,2026-08-04T20:00:00,131,116,15,11,6,6,0,100.0,2,2,3,3,False,False,BED_OVERFLOW,SIMULATED
DH-BR-GAY-001,Jay Prakash Narayan District Hospital Gaya,Bihar,Gaya,BR-GAYA,2026-08-04,2026-08-04T20:00:00,1841,1615,226,306,200,200,0,100.0,30,27,60,53,False,False,BED_OVERFLOW,SIMULATED
PHC-UP-VAR-001,PHC Cholapur,Uttar Pradesh,Varanasi,UP-VARANASI,2026-08-04,2026-08-04T20:00:00,181,161,20,18,6,6,0,100.0,2,2,4,4,False,False,BED_OVERFLOW,SIMULATED
PHC-UP-VAR-002,PHC Pindra,Uttar Pradesh,Varanasi,UP-VARANASI,2026-08-04,2026-08-04T20:00:00,213,195,18,40,8,8,0,100.0,3,3,5,5,False,False,BED_OVERFLOW,SIMULATED
PHC-UP-VAR-003,PHC Sevapuri,Uttar Pradesh,Varanasi,UP-VARANASI,2026-08-04,2026-08-04T20:00:00,153,135,18,30,6,6,0,100.0,2,2,4,4,False,False,BED_OVERFLOW,SIMULATED
PHC-UP-VAR-004,PHC Kashi Vidyapeeth,Uttar Pradesh,Varanasi,UP-VARANASI,2026-08-04,2026-08-04T20:00:00,262,225,37,38,10,10,0,100.0,3,3,6,6,False,False,BED_OVERFLOW,SIMULATED
CHC-UP-VAR-001,CHC Misirpur,Uttar Pradesh,Varanasi,UP-VARANASI,2026-08-04,2026-08-04T20:00:00,433,386,47,80,30,30,0,100.0,7,6,14,13,False,False,BED_OVERFLOW,SIMULATED
DH-UP-VAR-001,Pandit Deen Dayal Upadhyay District Hospital,Uttar Pradesh,Varanasi,UP-VARANASI,2026-08-04,2026-08-04T20:00:00,2226,1960,266,247,250,250,0,100.0,38,31,75,75,False,False,BED_OVERFLOW,SIMULATED
PHC-UP-LUK-001,PHC Bakshi Ka Talab,Uttar Pradesh,Lucknow,UP-LUCKNOW,2026-08-04,2026-08-04T20:00:00,191,175,16,38,10,10,0,100.0,3,3,6,6,False,False,BED_OVERFLOW,SIMULATED
PHC-UP-LUK-002,PHC Malihabad,Uttar Pradesh,Lucknow,UP-LUCKNOW,2026-08-04,2026-08-04T20:00:00,203,182,21,25,8,8,0,100.0,2,2,5,5,False,False,BED_OVERFLOW,SIMULATED
PHC-UP-LUK-003,PHC Mohanlalganj,Uttar Pradesh,Lucknow,UP-LUCKNOW,2026-08-04,2026-08-04T20:00:00,204,183,21,26,8,8,0,100.0,2,2,5,5,False,False,BED_OVERFLOW,SIMULATED
DH-UP-LUK-001,Balrampur District Hospital Lucknow,Uttar Pradesh,Lucknow,UP-LUCKNOW,2026-08-04,2026-08-04T20:00:00,2887,2612,275,575,350,350,0,100.0,50,43,110,96,False,False,BED_OVERFLOW,SIMULATED
PHC-RJ-JAI-001,PHC Bassi,Rajasthan,Jaipur,RJ-JAIPUR,2026-08-04,2026-08-04T20:00:00,171,156,15,19,8,8,0,100.0,2,2,5,5,False,False,BED_OVERFLOW,SIMULATED
PHC-RJ-JAI-002,PHC Chaksu,Rajasthan,Jaipur,RJ-JAIPUR,2026-08-04,2026-08-04T20:00:00,168,146,22,19,6,6,0,100.0,2,2,4,4,False,False,BED_OVERFLOW,SIMULATED
PHC-RJ-JAI-003,PHC Amer,Rajasthan,Jaipur,RJ-JAIPUR,2026-08-04,2026-08-04T20:00:00,197,174,23,32,10,10,0,100.0,3,3,6,6,False,False,BED_OVERFLOW,SIMULATED
DH-RJ-JAI-001,Kanwatia District Hospital Jaipur,Rajasthan,Jaipur,RJ-JAIPUR,2026-08-04,2026-08-04T20:00:00,2065,1816,249,273,200,200,0,100.0,32,31,68,67,False,False,BED_OVERFLOW,SIMULATED
PHC-MH-PUN-001,PHC Mulshi,Maharashtra,Pune,MH-PUNE,2026-08-04,2026-08-04T20:00:00,141,126,15,26,8,8,0,100.0,2,2,5,5,False,False,BED_OVERFLOW,SIMULATED
PHC-MH-PUN-002,PHC Haveli,Maharashtra,Pune,MH-PUNE,2026-08-04,2026-08-04T20:00:00,246,223,23,27,10,10,0,100.0,3,3,6,6,False,False,BED_OVERFLOW,SIMULATED
PHC-MH-PUN-003,PHC Khed,Maharashtra,Pune,MH-PUNE,2026-08-04,2026-08-04T20:00:00,186,169,17,19,8,8,0,100.0,2,2,5,5,False,False,BED_OVERFLOW,SIMULATED
DH-MH-PUN-001,Aundh District Hospital Pune,Maharashtra,Pune,MH-PUNE,2026-08-04,2026-08-04T20:00:00,2269,2086,183,325,300,300,0,100.0,42,38,90,87,False,False,BED_OVERFLOW,SIMULATED
PHC-KA-BEN-001,PHC Yelahanka,Karnataka,Bengaluru Urban,KA-BENGALURU-U,2026-08-04,2026-08-04T20:00:00,241,221,20,25,10,10,0,100.0,3,3,7,7,False,False,BED_OVERFLOW,SIMULATED
PHC-KA-BEN-002,PHC Anekal,Karnataka,Bengaluru Urban,KA-BENGALURU-U,2026-08-04,2026-08-04T20:00:00,202,181,21,35,8,8,0,100.0,2,2,5,5,False,False,BED_OVERFLOW,SIMULATED
PHC-KA-BEN-003,PHC Kengeri,Karnataka,Bengaluru Urban,KA-BENGALURU-U,2026-08-04,2026-08-04T20:00:00,219,193,26,18,10,10,0,100.0,3,3,6,6,False,False,BED_OVERFLOW,SIMULATED
DH-KA-BEN-001,KC General District Hospital Malleshwaram,Karnataka,Bengaluru Urban,KA-BENGALURU-U,2026-08-04,2026-08-04T20:00:00,2864,2605,259,277,350,350,0,100.0,48,40,105,95,False,False,BED_OVERFLOW,SIMULATED
PHC-BR-PAT-001,PHC Bakhtiyarpur,Bihar,Patna,BR-PATNA,2026-08-05,2026-08-05T20:00:00,218,193,25,51,6,6,0,100.0,2,2,4,4,False,False,SURGE_ALERT,SIMULATED
PHC-BR-PAT-002,PHC Danapur,Bihar,Patna,BR-PATNA,2026-08-05,2026-08-05T20:00:00,389,338,51,113,10,10,0,100.0,3,3,6,6,False,False,SURGE_ALERT,SIMULATED
PHC-BR-PAT-003,PHC Bihta,Bihar,Patna,BR-PATNA,2026-08-05,2026-08-05T20:00:00,274,246,28,77,8,8,0,100.0,2,2,5,5,False,False,SURGE_ALERT,SIMULATED
PHC-BR-PAT-004,PHC Fatuha,Bihar,Patna,BR-PATNA,2026-08-05,2026-08-05T20:00:00,221,200,21,52,6,6,0,100.0,2,2,4,4,False,False,SURGE_ALERT,SIMULATED
PHC-BR-PAT-005,PHC Mokama,Bihar,Patna,BR-PATNA,2026-08-05,2026-08-05T20:00:00,246,219,27,65,8,8,0,100.0,2,2,4,4,False,False,SURGE_ALERT,SIMULATED
CHC-BR-PAT-001,CHC Phulwari Sharif,Bihar,Patna,BR-PATNA,2026-08-05,2026-08-05T20:00:00,650,591,59,180,30,30,0,100.0,6,6,12,12,False,False,SURGE_ALERT,SIMULATED
DH-BR-PAT-001,District Hospital Gardanibagh,Bihar,Patna,BR-PATNA,2026-08-05,2026-08-05T20:00:00,1985,1740,245,637,150,150,0,100.0,24,21,45,45,True,False,SURGE_ALERT,SIMULATED
PHC-BR-GAY-001,PHC Bodh Gaya,Bihar,Gaya,BR-GAYA,2026-08-05,2026-08-05T20:00:00,165,151,14,33,8,8,0,100.0,2,2,4,4,False,False,BED_OVERFLOW,SIMULATED
PHC-BR-GAY-002,PHC Sherghati,Bihar,Gaya,BR-GAYA,2026-08-05,2026-08-05T20:00:00,147,126,21,16,6,6,0,100.0,2,2,4,4,False,False,BED_OVERFLOW,SIMULATED
PHC-BR-GAY-003,PHC Tekari,Bihar,Gaya,BR-GAYA,2026-08-05,2026-08-05T20:00:00,121,108,13,25,6,6,0,100.0,2,2,3,3,False,False,BED_OVERFLOW,SIMULATED
DH-BR-GAY-001,Jay Prakash Narayan District Hospital Gaya,Bihar,Gaya,BR-GAYA,2026-08-05,2026-08-05T20:00:00,1779,1617,162,332,200,200,0,100.0,30,30,60,54,False,False,BED_OVERFLOW,SIMULATED
PHC-UP-VAR-001,PHC Cholapur,Uttar Pradesh,Varanasi,UP-VARANASI,2026-08-05,2026-08-05T20:00:00,174,156,18,23,6,6,0,100.0,2,2,4,4,False,False,BED_OVERFLOW,SIMULATED
PHC-UP-VAR-002,PHC Pindra,Uttar Pradesh,Varanasi,UP-VARANASI,2026-08-05,2026-08-05T20:00:00,191,175,16,22,8,8,0,100.0,3,3,5,5,False,False,BED_OVERFLOW,SIMULATED
PHC-UP-VAR-003,PHC Sevapuri,Uttar Pradesh,Varanasi,UP-VARANASI,2026-08-05,2026-08-05T20:00:00,152,139,13,15,6,6,0,100.0,2,2,4,4,False,False,BED_OVERFLOW,SIMULATED
PHC-UP-VAR-004,PHC Kashi Vidyapeeth,Uttar Pradesh,Varanasi,UP-VARANASI,2026-08-05,2026-08-05T20:00:00,247,221,26,37,10,10,0,100.0,3,3,6,6,False,False,BED_OVERFLOW,SIMULATED
CHC-UP-VAR-001,CHC Misirpur,Uttar Pradesh,Varanasi,UP-VARANASI,2026-08-05,2026-08-05T20:00:00,451,394,57,63,30,30,0,100.0,7,7,14,14,False,False,BED_OVERFLOW,SIMULATED
DH-UP-VAR-001,Pandit Deen Dayal Upadhyay District Hospital,Uttar Pradesh,Varanasi,UP-VARANASI,2026-08-05,2026-08-05T20:00:00,2054,1785,269,417,250,250,0,100.0,38,36,75,74,False,False,BED_OVERFLOW,SIMULATED
PHC-UP-LUK-001,PHC Bakshi Ka Talab,Uttar Pradesh,Lucknow,UP-LUCKNOW,2026-08-05,2026-08-05T20:00:00,229,209,20,19,10,10,0,100.0,3,3,6,6,False,False,BED_OVERFLOW,SIMULATED
PHC-UP-LUK-002,PHC Malihabad,Uttar Pradesh,Lucknow,UP-LUCKNOW,2026-08-05,2026-08-05T20:00:00,179,158,21,18,8,8,0,100.0,2,2,5,5,False,False,BED_OVERFLOW,SIMULATED
PHC-UP-LUK-003,PHC Mohanlalganj,Uttar Pradesh,Lucknow,UP-LUCKNOW,2026-08-05,2026-08-05T20:00:00,192,167,25,18,8,8,0,100.0,2,2,5,5,False,False,BED_OVERFLOW,SIMULATED
DH-UP-LUK-001,Balrampur District Hospital Lucknow,Uttar Pradesh,Lucknow,UP-LUCKNOW,2026-08-05,2026-08-05T20:00:00,2732,2389,343,543,350,350,0,100.0,50,48,110,101,False,False,BED_OVERFLOW,SIMULATED
PHC-RJ-JAI-001,PHC Bassi,Rajasthan,Jaipur,RJ-JAIPUR,2026-08-05,2026-08-05T20:00:00,170,146,24,16,8,8,0,100.0,2,2,5,5,False,False,BED_OVERFLOW,SIMULATED
PHC-RJ-JAI-002,PHC Chaksu,Rajasthan,Jaipur,RJ-JAIPUR,2026-08-05,2026-08-05T20:00:00,162,145,17,20,6,6,0,100.0,2,2,4,4,False,False,BED_OVERFLOW,SIMULATED
PHC-RJ-JAI-003,PHC Amer,Rajasthan,Jaipur,RJ-JAIPUR,2026-08-05,2026-08-05T20:00:00,216,185,31,38,10,10,0,100.0,3,3,6,6,False,False,BED_OVERFLOW,SIMULATED
DH-RJ-JAI-001,Kanwatia District Hospital Jaipur,Rajasthan,Jaipur,RJ-JAIPUR,2026-08-05,2026-08-05T20:00:00,2062,1826,236,241,200,200,0,100.0,32,31,68,63,False,False,BED_OVERFLOW,SIMULATED
PHC-MH-PUN-001,PHC Mulshi,Maharashtra,Pune,MH-PUNE,2026-08-05,2026-08-05T20:00:00,155,138,17,24,8,8,0,100.0,2,2,5,5,False,False,BED_OVERFLOW,SIMULATED
PHC-MH-PUN-002,PHC Haveli,Maharashtra,Pune,MH-PUNE,2026-08-05,2026-08-05T20:00:00,265,228,37,25,10,10,0,100.0,3,3,6,6,False,False,BED_OVERFLOW,SIMULATED
PHC-MH-PUN-003,PHC Khed,Maharashtra,Pune,MH-PUNE,2026-08-05,2026-08-05T20:00:00,202,174,28,43,8,8,0,100.0,2,2,5,5,False,False,BED_OVERFLOW,SIMULATED
DH-MH-PUN-001,Aundh District Hospital Pune,Maharashtra,Pune,MH-PUNE,2026-08-05,2026-08-05T20:00:00,2593,2323,270,503,300,300,0,100.0,42,34,90,86,False,False,BED_OVERFLOW,SIMULATED
PHC-KA-BEN-001,PHC Yelahanka,Karnataka,Bengaluru Urban,KA-BENGALURU-U,2026-08-05,2026-08-05T20:00:00,277,245,32,40,10,10,0,100.0,3,3,7,7,False,False,BED_OVERFLOW,SIMULATED
PHC-KA-BEN-002,PHC Anekal,Karnataka,Bengaluru Urban,KA-BENGALURU-U,2026-08-05,2026-08-05T20:00:00,194,176,18,35,8,8,0,100.0,2,2,5,5,False,False,BED_OVERFLOW,SIMULATED
PHC-KA-BEN-003,PHC Kengeri,Karnataka,Bengaluru Urban,KA-BENGALURU-U,2026-08-05,2026-08-05T20:00:00,237,212,25,29,10,10,0,100.0,3,3,6,6,False,False,BED_OVERFLOW,SIMULATED
DH-KA-BEN-001,KC General District Hospital Malleshwaram,Karnataka,Bengaluru Urban,KA-BENGALURU-U,2026-08-05,2026-08-05T20:00:00,3156,2800,356,646,350,350,0,100.0,48,45,105,95,False,False,BED_OVERFLOW,SIMULATED
PHC-BR-PAT-001,PHC Bakhtiyarpur,Bihar,Patna,BR-PATNA,2026-08-06,2026-08-06T20:00:00,228,206,22,42,6,6,0,100.0,2,2,4,4,False,False,SURGE_ALERT,SIMULATED
PHC-BR-PAT-002,PHC Danapur,Bihar,Patna,BR-PATNA,2026-08-06,2026-08-06T20:00:00,357,310,47,84,10,10,0,100.0,3,3,6,6,False,False,SURGE_ALERT,SIMULATED
PHC-BR-PAT-003,PHC Bihta,Bihar,Patna,BR-PATNA,2026-08-06,2026-08-06T20:00:00,274,248,26,77,8,8,0,100.0,2,2,5,5,False,False,SURGE_ALERT,SIMULATED
PHC-BR-PAT-004,PHC Fatuha,Bihar,Patna,BR-PATNA,2026-08-06,2026-08-06T20:00:00,238,213,25,65,6,6,0,100.0,2,2,4,4,False,False,SURGE_ALERT,SIMULATED
PHC-BR-PAT-005,PHC Mokama,Bihar,Patna,BR-PATNA,2026-08-06,2026-08-06T20:00:00,281,243,38,76,8,8,0,100.0,2,2,4,4,False,False,SURGE_ALERT,SIMULATED
CHC-BR-PAT-001,CHC Phulwari Sharif,Bihar,Patna,BR-PATNA,2026-08-06,2026-08-06T20:00:00,711,619,92,142,30,30,0,100.0,6,6,12,11,False,False,SURGE_ALERT,SIMULATED
DH-BR-PAT-001,District Hospital Gardanibagh,Bihar,Patna,BR-PATNA,2026-08-06,2026-08-06T20:00:00,2080,1889,191,640,150,150,0,100.0,24,24,45,41,False,False,SURGE_ALERT,SIMULATED
PHC-BR-GAY-001,PHC Bodh Gaya,Bihar,Gaya,BR-GAYA,2026-08-06,2026-08-06T20:00:00,155,134,21,25,8,8,0,100.0,2,2,4,4,False,False,BED_OVERFLOW,SIMULATED
PHC-BR-GAY-002,PHC Sherghati,Bihar,Gaya,BR-GAYA,2026-08-06,2026-08-06T20:00:00,137,124,13,21,6,6,0,100.0,2,2,4,4,False,False,BED_OVERFLOW,SIMULATED
PHC-BR-GAY-003,PHC Tekari,Bihar,Gaya,BR-GAYA,2026-08-06,2026-08-06T20:00:00,116,104,12,24,6,6,0,100.0,2,2,3,3,False,False,BED_OVERFLOW,SIMULATED
DH-BR-GAY-001,Jay Prakash Narayan District Hospital Gaya,Bihar,Gaya,BR-GAYA,2026-08-06,2026-08-06T20:00:00,1909,1680,229,247,200,200,0,100.0,30,27,60,59,False,False,BED_OVERFLOW,SIMULATED
PHC-UP-VAR-001,PHC Cholapur,Uttar Pradesh,Varanasi,UP-VARANASI,2026-08-06,2026-08-06T20:00:00,173,156,17,35,6,6,0,100.0,2,2,4,4,False,False,BED_OVERFLOW,SIMULATED
PHC-UP-VAR-002,PHC Pindra,Uttar Pradesh,Varanasi,UP-VARANASI,2026-08-06,2026-08-06T20:00:00,195,172,23,16,8,8,0,100.0,3,3,5,5,False,False,BED_OVERFLOW,SIMULATED
PHC-UP-VAR-003,PHC Sevapuri,Uttar Pradesh,Varanasi,UP-VARANASI,2026-08-06,2026-08-06T20:00:00,169,150,19,33,6,6,0,100.0,2,2,4,4,False,False,BED_OVERFLOW,SIMULATED
PHC-UP-VAR-004,PHC Kashi Vidyapeeth,Uttar Pradesh,Varanasi,UP-VARANASI,2026-08-06,2026-08-06T20:00:00,253,227,26,27,10,10,0,100.0,3,3,6,6,False,False,BED_OVERFLOW,SIMULATED
CHC-UP-VAR-001,CHC Misirpur,Uttar Pradesh,Varanasi,UP-VARANASI,2026-08-06,2026-08-06T20:00:00,459,411,48,90,30,30,0,100.0,7,7,14,14,False,False,BED_OVERFLOW,SIMULATED
DH-UP-VAR-001,Pandit Deen Dayal Upadhyay District Hospital,Uttar Pradesh,Varanasi,UP-VARANASI,2026-08-06,2026-08-06T20:00:00,2217,1931,286,338,250,250,0,100.0,38,35,75,74,False,False,BED_OVERFLOW,SIMULATED
PHC-UP-LUK-001,PHC Bakshi Ka Talab,Uttar Pradesh,Lucknow,UP-LUCKNOW,2026-08-06,2026-08-06T20:00:00,196,173,23,22,10,10,0,100.0,3,3,6,6,False,False,BED_OVERFLOW,SIMULATED
PHC-UP-LUK-002,PHC Malihabad,Uttar Pradesh,Lucknow,UP-LUCKNOW,2026-08-06,2026-08-06T20:00:00,196,172,24,40,8,8,0,100.0,2,2,5,5,False,False,BED_OVERFLOW,SIMULATED
PHC-UP-LUK-003,PHC Mohanlalganj,Uttar Pradesh,Lucknow,UP-LUCKNOW,2026-08-06,2026-08-06T20:00:00,204,185,19,44,8,8,0,100.0,2,2,5,5,False,False,BED_OVERFLOW,SIMULATED
DH-UP-LUK-001,Balrampur District Hospital Lucknow,Uttar Pradesh,Lucknow,UP-LUCKNOW,2026-08-06,2026-08-06T20:00:00,2708,2345,363,529,350,350,0,100.0,50,44,110,106,False,False,BED_OVERFLOW,SIMULATED
PHC-RJ-JAI-001,PHC Bassi,Rajasthan,Jaipur,RJ-JAIPUR,2026-08-06,2026-08-06T20:00:00,178,163,15,34,8,8,0,100.0,2,2,5,5,False,False,BED_OVERFLOW,SIMULATED
PHC-RJ-JAI-002,PHC Chaksu,Rajasthan,Jaipur,RJ-JAIPUR,2026-08-06,2026-08-06T20:00:00,174,150,24,38,6,6,0,100.0,2,2,4,4,False,False,BED_OVERFLOW,SIMULATED
PHC-RJ-JAI-003,PHC Amer,Rajasthan,Jaipur,RJ-JAIPUR,2026-08-06,2026-08-06T20:00:00,207,189,18,30,10,10,0,100.0,3,3,6,6,False,False,BED_OVERFLOW,SIMULATED
DH-RJ-JAI-001,Kanwatia District Hospital Jaipur,Rajasthan,Jaipur,RJ-JAIPUR,2026-08-06,2026-08-06T20:00:00,2338,2071,267,437,200,200,0,100.0,32,29,68,65,False,False,BED_OVERFLOW,SIMULATED
PHC-MH-PUN-001,PHC Mulshi,Maharashtra,Pune,MH-PUNE,2026-08-06,2026-08-06T20:00:00,145,127,18,23,8,8,0,100.0,2,2,5,5,False,False,BED_OVERFLOW,SIMULATED
PHC-MH-PUN-002,PHC Haveli,Maharashtra,Pune,MH-PUNE,2026-08-06,2026-08-06T20:00:00,269,240,29,47,10,10,0,100.0,3,3,6,6,False,False,BED_OVERFLOW,SIMULATED
PHC-MH-PUN-003,PHC Khed,Maharashtra,Pune,MH-PUNE,2026-08-06,2026-08-06T20:00:00,199,179,20,25,8,8,0,100.0,2,2,5,5,False,False,BED_OVERFLOW,SIMULATED
DH-MH-PUN-001,Aundh District Hospital Pune,Maharashtra,Pune,MH-PUNE,2026-08-06,2026-08-06T20:00:00,2249,2005,244,409,300,300,0,100.0,42,36,90,85,False,False,BED_OVERFLOW,SIMULATED
PHC-KA-BEN-001,PHC Yelahanka,Karnataka,Bengaluru Urban,KA-BENGALURU-U,2026-08-06,2026-08-06T20:00:00,284,255,29,42,10,10,0,100.0,3,3,7,7,False,False,BED_OVERFLOW,SIMULATED
PHC-KA-BEN-002,PHC Anekal,Karnataka,Bengaluru Urban,KA-BENGALURU-U,2026-08-06,2026-08-06T20:00:00,208,186,22,44,8,8,0,100.0,2,2,5,5,False,False,BED_OVERFLOW,SIMULATED
PHC-KA-BEN-003,PHC Kengeri,Karnataka,Bengaluru Urban,KA-BENGALURU-U,2026-08-06,2026-08-06T20:00:00,264,240,24,27,10,10,0,100.0,3,3,6,6,False,False,BED_OVERFLOW,SIMULATED
DH-KA-BEN-001,KC General District Hospital Malleshwaram,Karnataka,Bengaluru Urban,KA-BENGALURU-U,2026-08-06,2026-08-06T20:00:00,2950,2581,369,273,350,350,0,100.0,48,41,105,95,False,False,BED_OVERFLOW,SIMULATED
PHC-BR-PAT-001,PHC Bakhtiyarpur,Bihar,Patna,BR-PATNA,2026-08-07,2026-08-07T20:00:00,183,162,21,25,6,6,0,100.0,2,2,4,4,False,False,SURGE_ALERT,SIMULATED
PHC-BR-PAT-002,PHC Danapur,Bihar,Patna,BR-PATNA,2026-08-07,2026-08-07T20:00:00,296,264,32,77,10,10,0,100.0,3,3,6,6,False,False,SURGE_ALERT,SIMULATED
PHC-BR-PAT-003,PHC Bihta,Bihar,Patna,BR-PATNA,2026-08-07,2026-08-07T20:00:00,222,191,31,41,8,8,0,100.0,2,2,5,5,False,False,SURGE_ALERT,SIMULATED
PHC-BR-PAT-004,PHC Fatuha,Bihar,Patna,BR-PATNA,2026-08-07,2026-08-07T20:00:00,181,159,22,24,6,6,0,100.0,2,2,4,4,False,False,SURGE_ALERT,SIMULATED
PHC-BR-PAT-005,PHC Mokama,Bihar,Patna,BR-PATNA,2026-08-07,2026-08-07T20:00:00,227,202,25,73,8,8,0,100.0,2,2,4,4,False,False,SURGE_ALERT,SIMULATED
CHC-BR-PAT-001,CHC Phulwari Sharif,Bihar,Patna,BR-PATNA,2026-08-07,2026-08-07T20:00:00,595,525,70,93,30,30,0,100.0,6,6,12,12,False,False,SURGE_ALERT,SIMULATED
DH-BR-PAT-001,District Hospital Gardanibagh,Bihar,Patna,BR-PATNA,2026-08-07,2026-08-07T20:00:00,1782,1586,196,518,150,150,0,100.0,24,23,45,45,True,False,SURGE_ALERT,SIMULATED
PHC-BR-GAY-001,PHC Bodh Gaya,Bihar,Gaya,BR-GAYA,2026-08-07,2026-08-07T20:00:00,137,125,12,26,8,8,0,100.0,2,2,4,4,False,False,BED_OVERFLOW,SIMULATED
PHC-BR-GAY-002,PHC Sherghati,Bihar,Gaya,BR-GAYA,2026-08-07,2026-08-07T20:00:00,118,103,15,12,6,6,0,100.0,2,2,4,4,False,False,BED_OVERFLOW,SIMULATED
PHC-BR-GAY-003,PHC Tekari,Bihar,Gaya,BR-GAYA,2026-08-07,2026-08-07T20:00:00,106,94,12,23,6,6,0,100.0,2,2,3,3,False,False,BED_OVERFLOW,SIMULATED
DH-BR-GAY-001,Jay Prakash Narayan District Hospital Gaya,Bihar,Gaya,BR-GAYA,2026-08-07,2026-08-07T20:00:00,1675,1519,156,355,200,200,0,100.0,30,25,60,54,False,False,BED_OVERFLOW,SIMULATED
PHC-UP-VAR-001,PHC Cholapur,Uttar Pradesh,Varanasi,UP-VARANASI,2026-08-07,2026-08-07T20:00:00,169,146,23,36,6,6,0,100.0,2,2,4,4,False,False,BED_OVERFLOW,SIMULATED
PHC-UP-VAR-002,PHC Pindra,Uttar Pradesh,Varanasi,UP-VARANASI,2026-08-07,2026-08-07T20:00:00,171,155,16,15,8,8,0,100.0,3,3,5,5,False,False,BED_OVERFLOW,SIMULATED
PHC-UP-VAR-003,PHC Sevapuri,Uttar Pradesh,Varanasi,UP-VARANASI,2026-08-07,2026-08-07T20:00:00,137,124,13,23,6,6,0,100.0,2,2,4,4,False,False,BED_OVERFLOW,SIMULATED
PHC-UP-VAR-004,PHC Kashi Vidyapeeth,Uttar Pradesh,Varanasi,UP-VARANASI,2026-08-07,2026-08-07T20:00:00,199,182,17,27,10,10,0,100.0,3,3,6,6,False,False,BED_OVERFLOW,SIMULATED
CHC-UP-VAR-001,CHC Misirpur,Uttar Pradesh,Varanasi,UP-VARANASI,2026-08-07,2026-08-07T20:00:00,380,340,40,46,30,30,0,100.0,7,7,14,14,False,False,BED_OVERFLOW,SIMULATED
DH-UP-VAR-001,Pandit Deen Dayal Upadhyay District Hospital,Uttar Pradesh,Varanasi,UP-VARANASI,2026-08-07,2026-08-07T20:00:00,2084,1815,269,192,250,250,0,100.0,38,37,75,71,False,False,BED_OVERFLOW,SIMULATED
PHC-UP-LUK-001,PHC Bakshi Ka Talab,Uttar Pradesh,Lucknow,UP-LUCKNOW,2026-08-07,2026-08-07T20:00:00,197,171,26,24,10,10,0,100.0,3,3,6,6,False,False,BED_OVERFLOW,SIMULATED
PHC-UP-LUK-002,PHC Malihabad,Uttar Pradesh,Lucknow,UP-LUCKNOW,2026-08-07,2026-08-07T20:00:00,155,136,19,20,8,8,0,100.0,2,2,5,5,False,False,BED_OVERFLOW,SIMULATED
PHC-UP-LUK-003,PHC Mohanlalganj,Uttar Pradesh,Lucknow,UP-LUCKNOW,2026-08-07,2026-08-07T20:00:00,158,140,18,27,8,8,0,100.0,2,2,5,5,False,False,BED_OVERFLOW,SIMULATED
DH-UP-LUK-001,Balrampur District Hospital Lucknow,Uttar Pradesh,Lucknow,UP-LUCKNOW,2026-08-07,2026-08-07T20:00:00,2465,2147,318,273,350,350,0,100.0,50,48,110,102,False,False,BED_OVERFLOW,SIMULATED
PHC-RJ-JAI-001,PHC Bassi,Rajasthan,Jaipur,RJ-JAIPUR,2026-08-07,2026-08-07T20:00:00,148,132,16,24,8,8,0,100.0,2,2,5,5,False,False,BED_OVERFLOW,SIMULATED
PHC-RJ-JAI-002,PHC Chaksu,Rajasthan,Jaipur,RJ-JAIPUR,2026-08-07,2026-08-07T20:00:00,136,117,19,16,6,6,0,100.0,2,2,4,4,False,False,BED_OVERFLOW,SIMULATED
PHC-RJ-JAI-003,PHC Amer,Rajasthan,Jaipur,RJ-JAIPUR,2026-08-07,2026-08-07T20:00:00,201,184,17,43,10,10,0,100.0,3,3,6,6,False,False,BED_OVERFLOW,SIMULATED
DH-RJ-JAI-001,Kanwatia District Hospital Jaipur,Rajasthan,Jaipur,RJ-JAIPUR,2026-08-07,2026-08-07T20:00:00,1812,1575,237,296,200,200,0,100.0,32,28,68,68,False,False,BED_OVERFLOW,SIMULATED
PHC-MH-PUN-001,PHC Mulshi,Maharashtra,Pune,MH-PUNE,2026-08-07,2026-08-07T20:00:00,108,94,14,21,8,8,0,100.0,2,2,5,5,False,False,BED_OVERFLOW,SIMULATED
PHC-MH-PUN-002,PHC Haveli,Maharashtra,Pune,MH-PUNE,2026-08-07,2026-08-07T20:00:00,208,189,19,27,10,10,0,100.0,3,3,6,6,False,False,BED_OVERFLOW,SIMULATED
PHC-MH-PUN-003,PHC Khed,Maharashtra,Pune,MH-PUNE,2026-08-07,2026-08-07T20:00:00,171,147,24,32,8,8,0,100.0,2,2,5,5,False,False,BED_OVERFLOW,SIMULATED
DH-MH-PUN-001,Aundh District Hospital Pune,Maharashtra,Pune,MH-PUNE,2026-08-07,2026-08-07T20:00:00,1939,1675,264,300,300,300,0,100.0,42,40,90,90,False,False,BED_OVERFLOW,SIMULATED
PHC-KA-BEN-001,PHC Yelahanka,Karnataka,Bengaluru Urban,KA-BENGALURU-U,2026-08-07,2026-08-07T20:00:00,234,205,29,28,10,10,0,100.0,3,3,7,7,False,False,BED_OVERFLOW,SIMULATED
PHC-KA-BEN-002,PHC Anekal,Karnataka,Bengaluru Urban,KA-BENGALURU-U,2026-08-07,2026-08-07T20:00:00,170,155,15,26,8,8,0,100.0,2,2,5,5,False,False,BED_OVERFLOW,SIMULATED
PHC-KA-BEN-003,PHC Kengeri,Karnataka,Bengaluru Urban,KA-BENGALURU-U,2026-08-07,2026-08-07T20:00:00,201,174,27,22,10,10,0,100.0,3,3,6,6,False,False,BED_OVERFLOW,SIMULATED
DH-KA-BEN-001,KC General District Hospital Malleshwaram,Karnataka,Bengaluru Urban,KA-BENGALURU-U,2026-08-07,2026-08-07T20:00:00,2893,2627,266,329,350,350,0,100.0,48,43,105,92,False,False,BED_OVERFLOW,SIMULATED
PHC-BR-PAT-001,PHC Bakhtiyarpur,Bihar,Patna,BR-PATNA,2026-08-08,2026-08-08T20:00:00,217,195,22,48,6,6,0,100.0,2,2,4,4,False,False,SURGE_ALERT,SIMULATED
PHC-BR-PAT-002,PHC Danapur,Bihar,Patna,BR-PATNA,2026-08-08,2026-08-08T20:00:00,271,242,29,86,10,10,0,100.0,3,3,6,6,False,False,SURGE_ALERT,SIMULATED
PHC-BR-PAT-003,PHC Bihta,Bihar,Patna,BR-PATNA,2026-08-08,2026-08-08T20:00:00,237,208,29,38,8,8,0,100.0,2,2,5,5,False,False,SURGE_ALERT,SIMULATED
PHC-BR-PAT-004,PHC Fatuha,Bihar,Patna,BR-PATNA,2026-08-08,2026-08-08T20:00:00,180,157,23,24,6,6,0,100.0,2,2,4,4,False,False,SURGE_ALERT,SIMULATED
PHC-BR-PAT-005,PHC Mokama,Bihar,Patna,BR-PATNA,2026-08-08,2026-08-08T20:00:00,220,194,26,66,8,8,0,100.0,2,2,4,4,False,False,SURGE_ALERT,SIMULATED
CHC-BR-PAT-001,CHC Phulwari Sharif,Bihar,Patna,BR-PATNA,2026-08-08,2026-08-08T20:00:00,579,517,62,86,30,30,0,100.0,6,5,12,12,True,False,SURGE_ALERT,SIMULATED
DH-BR-PAT-001,District Hospital Gardanibagh,Bihar,Patna,BR-PATNA,2026-08-08,2026-08-08T20:00:00,1563,1382,181,362,150,150,0,100.0,24,21,45,45,True,False,SURGE_ALERT,SIMULATED
PHC-BR-GAY-001,PHC Bodh Gaya,Bihar,Gaya,BR-GAYA,2026-08-08,2026-08-08T20:00:00,147,129,18,14,8,8,0,100.0,2,2,4,4,False,False,BED_OVERFLOW,SIMULATED
PHC-BR-GAY-002,PHC Sherghati,Bihar,Gaya,BR-GAYA,2026-08-08,2026-08-08T20:00:00,112,100,12,21,6,6,0,100.0,2,2,4,4,False,False,BED_OVERFLOW,SIMULATED
PHC-BR-GAY-003,PHC Tekari,Bihar,Gaya,BR-GAYA,2026-08-08,2026-08-08T20:00:00,114,98,16,22,6,6,0,100.0,2,2,3,3,False,False,BED_OVERFLOW,SIMULATED
DH-BR-GAY-001,Jay Prakash Narayan District Hospital Gaya,Bihar,Gaya,BR-GAYA,2026-08-08,2026-08-08T20:00:00,1437,1314,123,162,200,200,0,100.0,30,26,60,60,False,False,BED_OVERFLOW,SIMULATED
PHC-UP-VAR-001,PHC Cholapur,Uttar Pradesh,Varanasi,UP-VARANASI,2026-08-08,2026-08-08T20:00:00,142,126,16,29,6,6,0,100.0,2,2,4,4,False,False,BED_OVERFLOW,SIMULATED
PHC-UP-VAR-002,PHC Pindra,Uttar Pradesh,Varanasi,UP-VARANASI,2026-08-08,2026-08-08T20:00:00,176,154,22,32,8,8,0,100.0,3,3,5,5,False,False,BED_OVERFLOW,SIMULATED
PHC-UP-VAR-003,PHC Sevapuri,Uttar Pradesh,Varanasi,UP-VARANASI,2026-08-08,2026-08-08T20:00:00,119,104,15,9,6,6,0,100.0,2,2,4,4,False,False,BED_OVERFLOW,SIMULATED
PHC-UP-VAR-004,PHC Kashi Vidyapeeth,Uttar Pradesh,Varanasi,UP-VARANASI,2026-08-08,2026-08-08T20:00:00,197,170,27,33,10,10,0,100.0,3,3,6,6,False,False,BED_OVERFLOW,SIMULATED
CHC-UP-VAR-001,CHC Misirpur,Uttar Pradesh,Varanasi,UP-VARANASI,2026-08-08,2026-08-08T20:00:00,416,368,48,55,30,30,0,100.0,7,7,14,13,False,False,BED_OVERFLOW,SIMULATED
DH-UP-VAR-001,Pandit Deen Dayal Upadhyay District Hospital,Uttar Pradesh,Varanasi,UP-VARANASI,2026-08-08,2026-08-08T20:00:00,1944,1756,188,211,250,250,0,100.0,38,32,75,66,False,False,BED_OVERFLOW,SIMULATED
PHC-UP-LUK-001,PHC Bakshi Ka Talab,Uttar Pradesh,Lucknow,UP-LUCKNOW,2026-08-08,2026-08-08T20:00:00,209,182,27,20,10,10,0,100.0,3,3,6,6,False,False,BED_OVERFLOW,SIMULATED
PHC-UP-LUK-002,PHC Malihabad,Uttar Pradesh,Lucknow,UP-LUCKNOW,2026-08-08,2026-08-08T20:00:00,148,134,14,27,8,8,0,100.0,2,2,5,5,False,False,BED_OVERFLOW,SIMULATED
PHC-UP-LUK-003,PHC Mohanlalganj,Uttar Pradesh,Lucknow,UP-LUCKNOW,2026-08-08,2026-08-08T20:00:00,165,147,18,16,8,8,0,100.0,2,2,5,5,False,False,BED_OVERFLOW,SIMULATED
DH-UP-LUK-001,Balrampur District Hospital Lucknow,Uttar Pradesh,Lucknow,UP-LUCKNOW,2026-08-08,2026-08-08T20:00:00,2542,2244,298,440,350,350,0,100.0,50,48,110,103,False,False,BED_OVERFLOW,SIMULATED
PHC-RJ-JAI-001,PHC Bassi,Rajasthan,Jaipur,RJ-JAIPUR,2026-08-08,2026-08-08T20:00:00,154,133,21,19,8,8,0,100.0,2,2,5,5,False,False,BED_OVERFLOW,SIMULATED
PHC-RJ-JAI-002,PHC Chaksu,Rajasthan,Jaipur,RJ-JAIPUR,2026-08-08,2026-08-08T20:00:00,136,119,17,28,6,6,0,100.0,2,2,4,4,False,False,BED_OVERFLOW,SIMULATED
PHC-RJ-JAI-003,PHC Amer,Rajasthan,Jaipur,RJ-JAIPUR,2026-08-08,2026-08-08T20:00:00,175,158,17,16,10,10,0,100.0,3,3,6,6,False,False,BED_OVERFLOW,SIMULATED
DH-RJ-JAI-001,Kanwatia District Hospital Jaipur,Rajasthan,Jaipur,RJ-JAIPUR,2026-08-08,2026-08-08T20:00:00,1703,1496,207,351,200,200,0,100.0,32,27,68,60,False,False,BED_OVERFLOW,SIMULATED
PHC-MH-PUN-001,PHC Mulshi,Maharashtra,Pune,MH-PUNE,2026-08-08,2026-08-08T20:00:00,129,113,16,26,8,8,0,100.0,2,2,5,5,False,False,BED_OVERFLOW,SIMULATED
PHC-MH-PUN-002,PHC Haveli,Maharashtra,Pune,MH-PUNE,2026-08-08,2026-08-08T20:00:00,213,192,21,25,10,10,0,100.0,3,3,6,6,False,False,BED_OVERFLOW,SIMULATED
PHC-MH-PUN-003,PHC Khed,Maharashtra,Pune,MH-PUNE,2026-08-08,2026-08-08T20:00:00,149,129,20,14,8,8,0,100.0,2,2,5,5,False,False,BED_OVERFLOW,SIMULATED
DH-MH-PUN-001,Aundh District Hospital Pune,Maharashtra,Pune,MH-PUNE,2026-08-08,2026-08-08T20:00:00,2358,2126,232,281,300,300,0,100.0,42,36,90,79,False,False,BED_OVERFLOW,SIMULATED
PHC-KA-BEN-001,PHC Yelahanka,Karnataka,Bengaluru Urban,KA-BENGALURU-U,2026-08-08,2026-08-08T20:00:00,228,197,31,19,10,10,0,100.0,3,3,7,7,False,False,BED_OVERFLOW,SIMULATED
PHC-KA-BEN-002,PHC Anekal,Karnataka,Bengaluru Urban,KA-BENGALURU-U,2026-08-08,2026-08-08T20:00:00,174,157,17,28,8,8,0,100.0,2,2,5,5,False,False,BED_OVERFLOW,SIMULATED
PHC-KA-BEN-003,PHC Kengeri,Karnataka,Bengaluru Urban,KA-BENGALURU-U,2026-08-08,2026-08-08T20:00:00,213,194,19,45,10,10,0,100.0,3,3,6,6,False,False,BED_OVERFLOW,SIMULATED
DH-KA-BEN-001,KC General District Hospital Malleshwaram,Karnataka,Bengaluru Urban,KA-BENGALURU-U,2026-08-08,2026-08-08T20:00:00,2677,2444,233,239,350,350,0,100.0,48,42,105,96,False,False,BED_OVERFLOW,SIMULATED
PHC-BR-PAT-001,PHC Bakhtiyarpur,Bihar,Patna,BR-PATNA,2026-08-09,2026-08-09T20:00:00,81,70,11,26,6,6,0,100.0,2,2,4,4,False,False,SURGE_ALERT,SIMULATED
PHC-BR-PAT-002,PHC Danapur,Bihar,Patna,BR-PATNA,2026-08-09,2026-08-09T20:00:00,124,109,15,33,10,10,0,100.0,3,2,6,5,True,False,SURGE_ALERT,SIMULATED
PHC-BR-PAT-003,PHC Bihta,Bihar,Patna,BR-PATNA,2026-08-09,2026-08-09T20:00:00,88,79,9,10,8,8,0,100.0,2,2,5,4,False,False,SURGE_ALERT,SIMULATED
PHC-BR-PAT-004,PHC Fatuha,Bihar,Patna,BR-PATNA,2026-08-09,2026-08-09T20:00:00,73,66,7,11,6,6,0,100.0,2,2,4,4,False,False,SURGE_ALERT,SIMULATED
PHC-BR-PAT-005,PHC Mokama,Bihar,Patna,BR-PATNA,2026-08-09,2026-08-09T20:00:00,81,72,9,25,8,8,0,100.0,2,2,4,3,False,False,SURGE_ALERT,SIMULATED
CHC-BR-PAT-001,CHC Phulwari Sharif,Bihar,Patna,BR-PATNA,2026-08-09,2026-08-09T20:00:00,227,201,26,47,30,30,0,100.0,6,4,12,10,True,False,SURGE_ALERT,SIMULATED
DH-BR-PAT-001,District Hospital Gardanibagh,Bihar,Patna,BR-PATNA,2026-08-09,2026-08-09T20:00:00,670,594,76,91,150,150,0,100.0,24,13,45,36,True,False,SURGE_ALERT,SIMULATED
PHC-BR-GAY-001,PHC Bodh Gaya,Bihar,Gaya,BR-GAYA,2026-08-09,2026-08-09T20:00:00,60,53,7,10,8,8,0,100.0,2,2,4,4,False,False,BED_OVERFLOW,SIMULATED
PHC-BR-GAY-002,PHC Sherghati,Bihar,Gaya,BR-GAYA,2026-08-09,2026-08-09T20:00:00,51,45,6,9,6,6,0,100.0,2,2,4,3,False,False,BED_OVERFLOW,SIMULATED
PHC-BR-GAY-003,PHC Tekari,Bihar,Gaya,BR-GAYA,2026-08-09,2026-08-09T20:00:00,44,39,5,9,6,6,0,100.0,2,2,3,2,False,True,BED_OVERFLOW,SIMULATED
DH-BR-GAY-001,Jay Prakash Narayan District Hospital Gaya,Bihar,Gaya,BR-GAYA,2026-08-09,2026-08-09T20:00:00,675,602,73,100,200,162,38,81.0,30,21,60,48,False,False,NORMAL,SIMULATED
PHC-UP-VAR-001,PHC Cholapur,Uttar Pradesh,Varanasi,UP-VARANASI,2026-08-09,2026-08-09T20:00:00,68,58,10,11,6,6,0,100.0,2,2,4,3,False,False,BED_OVERFLOW,SIMULATED
PHC-UP-VAR-002,PHC Pindra,Uttar Pradesh,Varanasi,UP-VARANASI,2026-08-09,2026-08-09T20:00:00,71,64,7,13,8,8,0,100.0,3,2,5,4,False,False,BED_OVERFLOW,SIMULATED
PHC-UP-VAR-003,PHC Sevapuri,Uttar Pradesh,Varanasi,UP-VARANASI,2026-08-09,2026-08-09T20:00:00,62,55,7,7,6,6,0,100.0,2,2,4,3,False,False,BED_OVERFLOW,SIMULATED
PHC-UP-VAR-004,PHC Kashi Vidyapeeth,Uttar Pradesh,Varanasi,UP-VARANASI,2026-08-09,2026-08-09T20:00:00,93,84,9,11,10,10,0,100.0,3,2,6,5,False,False,BED_OVERFLOW,SIMULATED
CHC-UP-VAR-001,CHC Misirpur,Uttar Pradesh,Varanasi,UP-VARANASI,2026-08-09,2026-08-09T20:00:00,160,146,14,34,30,30,0,100.0,7,4,14,11,False,False,BED_OVERFLOW,SIMULATED
DH-UP-VAR-001,Pandit Deen Dayal Upadhyay District Hospital,Uttar Pradesh,Varanasi,UP-VARANASI,2026-08-09,2026-08-09T20:00:00,865,746,119,85,250,250,0,100.0,38,27,75,48,False,True,BED_OVERFLOW,SIMULATED
PHC-UP-LUK-001,PHC Bakshi Ka Talab,Uttar Pradesh,Lucknow,UP-LUCKNOW,2026-08-09,2026-08-09T20:00:00,73,65,8,6,10,10,0,100.0,3,2,6,4,False,True,BED_OVERFLOW,SIMULATED
PHC-UP-LUK-002,PHC Malihabad,Uttar Pradesh,Lucknow,UP-LUCKNOW,2026-08-09,2026-08-09T20:00:00,62,55,7,8,8,8,0,100.0,2,2,5,4,False,False,BED_OVERFLOW,SIMULATED
PHC-UP-LUK-003,PHC Mohanlalganj,Uttar Pradesh,Lucknow,UP-LUCKNOW,2026-08-09,2026-08-09T20:00:00,73,65,8,10,8,8,0,100.0,2,2,5,4,False,False,BED_OVERFLOW,SIMULATED
DH-UP-LUK-001,Balrampur District Hospital Lucknow,Uttar Pradesh,Lucknow,UP-LUCKNOW,2026-08-09,2026-08-09T20:00:00,850,761,89,170,350,209,141,59.71,50,31,110,68,False,True,NORMAL,SIMULATED
PHC-RJ-JAI-001,PHC Bassi,Rajasthan,Jaipur,RJ-JAIPUR,2026-08-09,2026-08-09T20:00:00,64,56,8,12,8,8,0,100.0,2,2,5,4,False,False,BED_OVERFLOW,SIMULATED
PHC-RJ-JAI-002,PHC Chaksu,Rajasthan,Jaipur,RJ-JAIPUR,2026-08-09,2026-08-09T20:00:00,55,49,6,5,6,6,0,100.0,2,2,4,3,False,False,BED_OVERFLOW,SIMULATED
PHC-RJ-JAI-003,PHC Amer,Rajasthan,Jaipur,RJ-JAIPUR,2026-08-09,2026-08-09T20:00:00,83,74,9,12,10,10,0,100.0,3,2,6,5,False,False,BED_OVERFLOW,SIMULATED
DH-RJ-JAI-001,Kanwatia District Hospital Jaipur,Rajasthan,Jaipur,RJ-JAIPUR,2026-08-09,2026-08-09T20:00:00,748,676,72,115,200,180,20,90.0,32,23,68,45,False,True,NORMAL,SIMULATED
PHC-MH-PUN-001,PHC Mulshi,Maharashtra,Pune,MH-PUNE,2026-08-09,2026-08-09T20:00:00,52,47,5,4,8,8,0,100.0,2,2,5,4,False,False,BED_OVERFLOW,SIMULATED
PHC-MH-PUN-002,PHC Haveli,Maharashtra,Pune,MH-PUNE,2026-08-09,2026-08-09T20:00:00,93,83,10,18,10,10,0,100.0,3,2,6,5,False,False,BED_OVERFLOW,SIMULATED
PHC-MH-PUN-003,PHC Khed,Maharashtra,Pune,MH-PUNE,2026-08-09,2026-08-09T20:00:00,66,58,8,12,8,8,0,100.0,2,2,5,4,False,False,BED_OVERFLOW,SIMULATED
DH-MH-PUN-001,Aundh District Hospital Pune,Maharashtra,Pune,MH-PUNE,2026-08-09,2026-08-09T20:00:00,888,794,94,161,300,213,87,71.0,42,25,90,69,False,False,NORMAL,SIMULATED
PHC-KA-BEN-001,PHC Yelahanka,Karnataka,Bengaluru Urban,KA-BENGALURU-U,2026-08-09,2026-08-09T20:00:00,98,86,12,11,10,10,0,100.0,3,2,7,6,False,False,BED_OVERFLOW,SIMULATED
PHC-KA-BEN-002,PHC Anekal,Karnataka,Bengaluru Urban,KA-BENGALURU-U,2026-08-09,2026-08-09T20:00:00,81,70,11,8,8,8,0,100.0,2,2,5,4,False,False,BED_OVERFLOW,SIMULATED
PHC-KA-BEN-003,PHC Kengeri,Karnataka,Bengaluru Urban,KA-BENGALURU-U,2026-08-09,2026-08-09T20:00:00,83,72,11,15,10,10,0,100.0,3,2,6,5,False,False,BED_OVERFLOW,SIMULATED
DH-KA-BEN-001,KC General District Hospital Malleshwaram,Karnataka,Bengaluru Urban,KA-BENGALURU-U,2026-08-09,2026-08-09T20:00:00,1014,900,114,102,350,293,57,83.71,48,28,105,83,False,False,NORMAL,SIMULATED
PHC-BR-PAT-001,PHC Bakhtiyarpur,Bihar,Patna,BR-PATNA,2026-08-10,2026-08-10T20:00:00,318,290,28,90,6,6,0,100.0,2,2,4,4,False,False,SURGE_ALERT,SIMULATED
PHC-BR-PAT-002,PHC Danapur,Bihar,Patna,BR-PATNA,2026-08-10,2026-08-10T20:00:00,431,380,51,91,10,10,0,100.0,3,3,6,6,False,False,SURGE_ALERT,SIMULATED
PHC-BR-PAT-003,PHC Bihta,Bihar,Patna,BR-PATNA,2026-08-10,2026-08-10T20:00:00,301,275,26,49,8,8,0,100.0,2,2,5,5,False,False,SURGE_ALERT,SIMULATED
PHC-BR-PAT-004,PHC Fatuha,Bihar,Patna,BR-PATNA,2026-08-10,2026-08-10T20:00:00,251,218,33,56,6,6,0,100.0,2,2,4,4,False,False,SURGE_ALERT,SIMULATED
PHC-BR-PAT-005,PHC Mokama,Bihar,Patna,BR-PATNA,2026-08-10,2026-08-10T20:00:00,332,291,41,53,8,8,0,100.0,2,2,4,4,False,False,SURGE_ALERT,SIMULATED
CHC-BR-PAT-001,CHC Phulwari Sharif,Bihar,Patna,BR-PATNA,2026-08-10,2026-08-10T20:00:00,883,804,79,196,30,30,0,100.0,6,6,12,11,False,False,SURGE_ALERT,SIMULATED
DH-BR-PAT-001,District Hospital Gardanibagh,Bihar,Patna,BR-PATNA,2026-08-10,2026-08-10T20:00:00,2830,2595,235,759,150,150,0,100.0,24,20,45,42,True,False,SURGE_ALERT,SIMULATED
PHC-BR-GAY-001,PHC Bodh Gaya,Bihar,Gaya,BR-GAYA,2026-08-10,2026-08-10T20:00:00,210,186,24,23,8,8,0,100.0,2,2,4,4,False,False,BED_OVERFLOW,SIMULATED
PHC-BR-GAY-002,PHC Sherghati,Bihar,Gaya,BR-GAYA,2026-08-10,2026-08-10T20:00:00,202,181,21,35,6,6,0,100.0,2,2,4,4,False,False,BED_OVERFLOW,SIMULATED
PHC-BR-GAY-003,PHC Tekari,Bihar,Gaya,BR-GAYA,2026-08-10,2026-08-10T20:00:00,142,124,18,25,6,6,0,100.0,2,2,3,3,False,False,BED_OVERFLOW,SIMULATED
DH-BR-GAY-001,Jay Prakash Narayan District Hospital Gaya,Bihar,Gaya,BR-GAYA,2026-08-10,2026-08-10T20:00:00,2163,1868,295,308,200,200,0,100.0,30,26,60,54,False,False,BED_OVERFLOW,SIMULATED
PHC-UP-VAR-001,PHC Cholapur,Uttar Pradesh,Varanasi,UP-VARANASI,2026-08-10,2026-08-10T20:00:00,231,211,20,47,6,6,0,100.0,2,2,4,4,False,False,BED_OVERFLOW,SIMULATED
PHC-UP-VAR-002,PHC Pindra,Uttar Pradesh,Varanasi,UP-VARANASI,2026-08-10,2026-08-10T20:00:00,237,211,26,38,8,8,0,100.0,3,3,5,5,False,False,BED_OVERFLOW,SIMULATED
PHC-UP-VAR-003,PHC Sevapuri,Uttar Pradesh,Varanasi,UP-VARANASI,2026-08-10,2026-08-10T20:00:00,194,175,19,31,6,6,0,100.0,2,2,4,4,False,False,BED_OVERFLOW,SIMULATED
PHC-UP-VAR-004,PHC Kashi Vidyapeeth,Uttar Pradesh,Varanasi,UP-VARANASI,2026-08-10,2026-08-10T20:00:00,302,268,34,44,10,10,0,100.0,3,3,6,6,False,False,BED_OVERFLOW,SIMULATED
CHC-UP-VAR-001,CHC Misirpur,Uttar Pradesh,Varanasi,UP-VARANASI,2026-08-10,2026-08-10T20:00:00,603,541,62,55,30,30,0,100.0,7,7,14,14,False,False,BED_OVERFLOW,SIMULATED
DH-UP-VAR-001,Pandit Deen Dayal Upadhyay District Hospital,Uttar Pradesh,Varanasi,UP-VARANASI,2026-08-10,2026-08-10T20:00:00,3083,2734,349,582,250,250,0,100.0,38,33,75,66,False,False,BED_OVERFLOW,SIMULATED
PHC-UP-LUK-001,PHC Bakshi Ka Talab,Uttar Pradesh,Lucknow,UP-LUCKNOW,2026-08-10,2026-08-10T20:00:00,310,273,37,51,10,10,0,100.0,3,3,6,6,False,False,BED_OVERFLOW,SIMULATED
PHC-UP-LUK-002,PHC Malihabad,Uttar Pradesh,Lucknow,UP-LUCKNOW,2026-08-10,2026-08-10T20:00:00,270,241,29,41,8,8,0,100.0,2,2,5,5,False,False,BED_OVERFLOW,SIMULATED
PHC-UP-LUK-003,PHC Mohanlalganj,Uttar Pradesh,Lucknow,UP-LUCKNOW,2026-08-10,2026-08-10T20:00:00,242,216,26,23,8,8,0,100.0,2,2,5,5,False,False,BED_OVERFLOW,SIMULATED
DH-UP-LUK-001,Balrampur District Hospital Lucknow,Uttar Pradesh,Lucknow,UP-LUCKNOW,2026-08-10,2026-08-10T20:00:00,3506,3067,439,465,350,350,0,100.0,50,49,110,99,False,False,BED_OVERFLOW,SIMULATED
PHC-RJ-JAI-001,PHC Bassi,Rajasthan,Jaipur,RJ-JAIPUR,2026-08-10,2026-08-10T20:00:00,202,175,27,16,8,8,0,100.0,2,2,5,5,False,False,BED_OVERFLOW,SIMULATED
PHC-RJ-JAI-002,PHC Chaksu,Rajasthan,Jaipur,RJ-JAIPUR,2026-08-10,2026-08-10T20:00:00,209,189,20,45,6,6,0,100.0,2,2,4,4,False,False,BED_OVERFLOW,SIMULATED
PHC-RJ-JAI-003,PHC Amer,Rajasthan,Jaipur,RJ-JAIPUR,2026-08-10,2026-08-10T20:00:00,269,233,36,31,10,10,0,100.0,3,3,6,6,False,False,BED_OVERFLOW,SIMULATED
DH-RJ-JAI-001,Kanwatia District Hospital Jaipur,Rajasthan,Jaipur,RJ-JAIPUR,2026-08-10,2026-08-10T20:00:00,2589,2317,272,324,200,200,0,100.0,32,26,68,62,False,False,BED_OVERFLOW,SIMULATED
PHC-MH-PUN-001,PHC Mulshi,Maharashtra,Pune,MH-PUNE,2026-08-10,2026-08-10T20:00:00,176,152,24,34,8,8,0,100.0,2,2,5,5,False,False,BED_OVERFLOW,SIMULATED
PHC-MH-PUN-002,PHC Haveli,Maharashtra,Pune,MH-PUNE,2026-08-10,2026-08-10T20:00:00,317,280,37,39,10,10,0,100.0,3,3,6,6,False,False,BED_OVERFLOW,SIMULATED
PHC-MH-PUN-003,PHC Khed,Maharashtra,Pune,MH-PUNE,2026-08-10,2026-08-10T20:00:00,260,237,23,22,8,8,0,100.0,2,2,5,5,False,False,BED_OVERFLOW,SIMULATED
DH-MH-PUN-001,Aundh District Hospital Pune,Maharashtra,Pune,MH-PUNE,2026-08-10,2026-08-10T20:00:00,3558,3092,466,545,300,300,0,100.0,42,36,90,87,False,False,BED_OVERFLOW,SIMULATED
PHC-KA-BEN-001,PHC Yelahanka,Karnataka,Bengaluru Urban,KA-BENGALURU-U,2026-08-10,2026-08-10T20:00:00,349,315,34,51,10,10,0,100.0,3,3,7,7,False,False,BED_OVERFLOW,SIMULATED
PHC-KA-BEN-002,PHC Anekal,Karnataka,Bengaluru Urban,KA-BENGALURU-U,2026-08-10,2026-08-10T20:00:00,262,232,30,25,8,8,0,100.0,2,2,5,5,False,False,BED_OVERFLOW,SIMULATED
PHC-KA-BEN-003,PHC Kengeri,Karnataka,Bengaluru Urban,KA-BENGALURU-U,2026-08-10,2026-08-10T20:00:00,310,278,32,49,10,10,0,100.0,3,3,6,6,False,False,BED_OVERFLOW,SIMULATED
DH-KA-BEN-001,KC General District Hospital Malleshwaram,Karnataka,Bengaluru Urban,KA-BENGALURU-U,2026-08-10,2026-08-10T20:00:00,3986,3438,548,441,350,350,0,100.0,48,40,105,103,False,False,BED_OVERFLOW,SIMULATED
PHC-BR-PAT-001,PHC Bakhtiyarpur,Bihar,Patna,BR-PATNA,2026-08-11,2026-08-11T20:00:00,227,202,25,41,6,6,0,100.0,2,2,4,4,False,False,SURGE_ALERT,SIMULATED
PHC-BR-PAT-002,PHC Danapur,Bihar,Patna,BR-PATNA,2026-08-11,2026-08-11T20:00:00,330,285,45,53,10,10,0,100.0,3,3,6,6,False,False,SURGE_ALERT,SIMULATED
PHC-BR-PAT-003,PHC Bihta,Bihar,Patna,BR-PATNA,2026-08-11,2026-08-11T20:00:00,258,227,31,35,8,8,0,100.0,2,2,5,5,False,False,SURGE_ALERT,SIMULATED
PHC-BR-PAT-004,PHC Fatuha,Bihar,Patna,BR-PATNA,2026-08-11,2026-08-11T20:00:00,240,212,28,36,6,6,0,100.0,2,2,4,4,False,False,SURGE_ALERT,SIMULATED
PHC-BR-PAT-005,PHC Mokama,Bihar,Patna,BR-PATNA,2026-08-11,2026-08-11T20:00:00,298,261,37,59,8,8,0,100.0,2,2,4,4,False,False,SURGE_ALERT,SIMULATED
CHC-BR-PAT-001,CHC Phulwari Sharif,Bihar,Patna,BR-PATNA,2026-08-11,2026-08-11T20:00:00,647,566,81,104,30,30,0,100.0,6,6,12,12,False,False,SURGE_ALERT,SIMULATED
DH-BR-PAT-001,District Hospital Gardanibagh,Bihar,Patna,BR-PATNA,2026-08-11,2026-08-11T20:00:00,1987,1762,225,424,150,150,0,100.0,24,23,45,44,True,False,SURGE_ALERT,SIMULATED
PHC-BR-GAY-001,PHC Bodh Gaya,Bihar,Gaya,BR-GAYA,2026-08-11,2026-08-11T20:00:00,173,150,23,16,8,8,0,100.0,2,2,4,4,False,False,BED_OVERFLOW,SIMULATED
PHC-BR-GAY-002,PHC Sherghati,Bihar,Gaya,BR-GAYA,2026-08-11,2026-08-11T20:00:00,134,116,18,24,6,6,0,100.0,2,2,4,4,False,False,BED_OVERFLOW,SIMULATED
PHC-BR-GAY-003,PHC Tekari,Bihar,Gaya,BR-GAYA,2026-08-11,2026-08-11T20:00:00,120,109,11,23,6,6,0,100.0,2,2,3,3,False,False,BED_OVERFLOW,SIMULATED
DH-BR-GAY-001,Jay Prakash Narayan District Hospital Gaya,Bihar,Gaya,BR-GAYA,2026-08-11,2026-08-11T20:00:00,2086,1864,222,425,200,200,0,100.0,30,28,60,54,False,False,BED_OVERFLOW,SIMULATED
PHC-UP-VAR-001,PHC Cholapur,Uttar Pradesh,Varanasi,UP-VARANASI,2026-08-11,2026-08-11T20:00:00,193,174,19,27,6,6,0,100.0,2,2,4,4,False,False,BED_OVERFLOW,SIMULATED
PHC-UP-VAR-002,PHC Pindra,Uttar Pradesh,Varanasi,UP-VARANASI,2026-08-11,2026-08-11T20:00:00,197,175,22,32,8,8,0,100.0,3,3,5,5,False,False,BED_OVERFLOW,SIMULATED
PHC-UP-VAR-003,PHC Sevapuri,Uttar Pradesh,Varanasi,UP-VARANASI,2026-08-11,2026-08-11T20:00:00,168,145,23,15,6,6,0,100.0,2,2,4,4,False,False,BED_OVERFLOW,SIMULATED
PHC-UP-VAR-004,PHC Kashi Vidyapeeth,Uttar Pradesh,Varanasi,UP-VARANASI,2026-08-11,2026-08-11T20:00:00,254,232,22,31,10,10,0,100.0,3,3,6,6,False,False,BED_OVERFLOW,SIMULATED
CHC-UP-VAR-001,CHC Misirpur,Uttar Pradesh,Varanasi,UP-VARANASI,2026-08-11,2026-08-11T20:00:00,432,372,60,47,30,30,0,100.0,7,7,14,14,False,False,BED_OVERFLOW,SIMULATED
DH-UP-VAR-001,Pandit Deen Dayal Upadhyay District Hospital,Uttar Pradesh,Varanasi,UP-VARANASI,2026-08-11,2026-08-11T20:00:00,2334,2098,236,283,250,250,0,100.0,38,32,75,66,False,False,BED_OVERFLOW,SIMULATED
PHC-UP-LUK-001,PHC Bakshi Ka Talab,Uttar Pradesh,Lucknow,UP-LUCKNOW,2026-08-11,2026-08-11T20:00:00,226,195,31,38,10,10,0,100.0,3,3,6,6,False,False,BED_OVERFLOW,SIMULATED
PHC-UP-LUK-002,PHC Malihabad,Uttar Pradesh,Lucknow,UP-LUCKNOW,2026-08-11,2026-08-11T20:00:00,194,177,17,20,8,8,0,100.0,2,2,5,5,False,False,BED_OVERFLOW,SIMULATED
PHC-UP-LUK-003,PHC Mohanlalganj,Uttar Pradesh,Lucknow,UP-LUCKNOW,2026-08-11,2026-08-11T20:00:00,204,186,18,36,8,8,0,100.0,2,2,5,5,False,False,BED_OVERFLOW,SIMULATED
DH-UP-LUK-001,Balrampur District Hospital Lucknow,Uttar Pradesh,Lucknow,UP-LUCKNOW,2026-08-11,2026-08-11T20:00:00,2998,2589,409,530,350,350,0,100.0,50,44,110,100,False,False,BED_OVERFLOW,SIMULATED
PHC-RJ-JAI-001,PHC Bassi,Rajasthan,Jaipur,RJ-JAIPUR,2026-08-11,2026-08-11T20:00:00,183,157,26,25,8,8,0,100.0,2,2,5,5,False,False,BED_OVERFLOW,SIMULATED
PHC-RJ-JAI-002,PHC Chaksu,Rajasthan,Jaipur,RJ-JAIPUR,2026-08-11,2026-08-11T20:00:00,181,165,16,31,6,6,0,100.0,2,2,4,4,False,False,BED_OVERFLOW,SIMULATED
PHC-RJ-JAI-003,PHC Amer,Rajasthan,Jaipur,RJ-JAIPUR,2026-08-11,2026-08-11T20:00:00,224,203,21,18,10,10,0,100.0,3,3,6,6,False,False,BED_OVERFLOW,SIMULATED
DH-RJ-JAI-001,Kanwatia District Hospital Jaipur,Rajasthan,Jaipur,RJ-JAIPUR,2026-08-11,2026-08-11T20:00:00,2160,1915,245,173,200,200,0,100.0,32,32,68,67,False,False,BED_OVERFLOW,SIMULATED
PHC-MH-PUN-001,PHC Mulshi,Maharashtra,Pune,MH-PUNE,2026-08-11,2026-08-11T20:00:00,150,134,16,26,8,8,0,100.0,2,2,5,5,False,False,BED_OVERFLOW,SIMULATED
PHC-MH-PUN-002,PHC Haveli,Maharashtra,Pune,MH-PUNE,2026-08-11,2026-08-11T20:00:00,258,226,32,23,10,10,0,100.0,3,3,6,6,False,False,BED_OVERFLOW,SIMULATED
PHC-MH-PUN-003,PHC Khed,Maharashtra,Pune,MH-PUNE,2026-08-11,2026-08-11T20:00:00,166,149,17,25,8,8,0,100.0,2,2,5,5,False,False,BED_OVERFLOW,SIMULATED
DH-MH-PUN-001,Aundh District Hospital Pune,Maharashtra,Pune,MH-PUNE,2026-08-11,2026-08-11T20:00:00,2762,2471,291,364,300,300,0,100.0,42,41,90,79,False,False,BED_OVERFLOW,SIMULATED
PHC-KA-BEN-001,PHC Yelahanka,Karnataka,Bengaluru Urban,KA-BENGALURU-U,2026-08-11,2026-08-11T20:00:00,240,211,29,33,10,10,0,100.0,3,3,7,7,False,False,BED_OVERFLOW,SIMULATED
PHC-KA-BEN-002,PHC Anekal,Karnataka,Bengaluru Urban,KA-BENGALURU-U,2026-08-11,2026-08-11T20:00:00,180,158,22,26,8,8,0,100.0,2,2,5,5,False,False,BED_OVERFLOW,SIMULATED
PHC-KA-BEN-003,PHC Kengeri,Karnataka,Bengaluru Urban,KA-BENGALURU-U,2026-08-11,2026-08-11T20:00:00,262,225,37,39,10,10,0,100.0,3,3,6,6,False,False,BED_OVERFLOW,SIMULATED
DH-KA-BEN-001,KC General District Hospital Malleshwaram,Karnataka,Bengaluru Urban,KA-BENGALURU-U,2026-08-11,2026-08-11T20:00:00,2887,2576,311,567,350,350,0,100.0,48,47,105,92,False,False,BED_OVERFLOW,SIMULATED
PHC-BR-PAT-001,PHC Bakhtiyarpur,Bihar,Patna,BR-PATNA,2026-08-12,2026-08-12T20:00:00,168,152,16,18,6,6,0,100.0,2,2,4,4,False,False,BED_OVERFLOW,SIMULATED
PHC-BR-PAT-002,PHC Danapur,Bihar,Patna,BR-PATNA,2026-08-12,2026-08-12T20:00:00,239,207,32,35,10,10,0,100.0,3,3,6,6,False,False,BED_OVERFLOW,SIMULATED
PHC-BR-PAT-003,PHC Bihta,Bihar,Patna,BR-PATNA,2026-08-12,2026-08-12T20:00:00,180,164,16,31,8,8,0,100.0,2,2,5,5,False,False,BED_OVERFLOW,SIMULATED
PHC-BR-PAT-004,PHC Fatuha,Bihar,Patna,BR-PATNA,2026-08-12,2026-08-12T20:00:00,154,135,19,14,6,6,0,100.0,2,2,4,4,False,False,BED_OVERFLOW,SIMULATED
PHC-BR-PAT-005,PHC Mokama,Bihar,Patna,BR-PATNA,2026-08-12,2026-08-12T20:00:00,173,152,21,29,8,8,0,100.0,2,2,4,4,False,False,BED_OVERFLOW,SIMULATED
CHC-BR-PAT-001,CHC Phulwari Sharif,Bihar,Patna,BR-PATNA,2026-08-12,2026-08-12T20:00:00,439,395,44,95,30,30,0,100.0,6,6,12,11,False,False,BED_OVERFLOW,SIMULATED
DH-BR-PAT-001,District Hospital Gardanibagh,Bihar,Patna,BR-PATNA,2026-08-12,2026-08-12T20:00:00,1359,1225,134,252,150,150,0,100.0,24,24,45,45,False,False,BED_OVERFLOW,SIMULATED
PHC-BR-GAY-001,PHC Bodh Gaya,Bihar,Gaya,BR-GAYA,2026-08-12,2026-08-12T20:00:00,159,144,15,23,8,8,0,100.0,2,2,4,4,False,False,BED_OVERFLOW,SIMULATED
PHC-BR-GAY-002,PHC Sherghati,Bihar,Gaya,BR-GAYA,2026-08-12,2026-08-12T20:00:00,147,133,14,17,6,6,0,100.0,2,2,4,4,False,False,BED_OVERFLOW,SIMULATED
PHC-BR-GAY-003,PHC Tekari,Bihar,Gaya,BR-GAYA,2026-08-12,2026-08-12T20:00:00,124,108,16,10,6,6,0,100.0,2,2,3,3,False,False,BED_OVERFLOW,SIMULATED
DH-BR-GAY-001,Jay Prakash Narayan District Hospital Gaya,Bihar,Gaya,BR-GAYA,2026-08-12,2026-08-12T20:00:00,1708,1538,170,152,200,200,0,100.0,30,25,60,60,False,False,BED_OVERFLOW,SIMULATED
PHC-UP-VAR-001,PHC Cholapur,Uttar Pradesh,Varanasi,UP-VARANASI,2026-08-12,2026-08-12T20:00:00,178,160,18,14,6,6,0,100.0,2,2,4,4,False,False,BED_OVERFLOW,SIMULATED
PHC-UP-VAR-002,PHC Pindra,Uttar Pradesh,Varanasi,UP-VARANASI,2026-08-12,2026-08-12T20:00:00,199,174,25,33,8,8,0,100.0,3,3,5,5,False,False,BED_OVERFLOW,SIMULATED
PHC-UP-VAR-003,PHC Sevapuri,Uttar Pradesh,Varanasi,UP-VARANASI,2026-08-12,2026-08-12T20:00:00,160,146,14,23,6,6,0,100.0,2,2,4,4,False,False,BED_OVERFLOW,SIMULATED
PHC-UP-VAR-004,PHC Kashi Vidyapeeth,Uttar Pradesh,Varanasi,UP-VARANASI,2026-08-12,2026-08-12T20:00:00,225,203,22,42,10,10,0,100.0,3,3,6,6,False,False,BED_OVERFLOW,SIMULATED
CHC-UP-VAR-001,CHC Misirpur,Uttar Pradesh,Varanasi,UP-VARANASI,2026-08-12,2026-08-12T20:00:00,511,468,43,89,30,30,0,100.0,7,7,14,14,False,False,BED_OVERFLOW,SIMULATED
DH-UP-VAR-001,Pandit Deen Dayal Upadhyay District Hospital,Uttar Pradesh,Varanasi,UP-VARANASI,2026-08-12,2026-08-12T20:00:00,2209,2000,209,203,250,250,0,100.0,38,32,75,67,False,False,BED_OVERFLOW,SIMULATED
PHC-UP-LUK-001,PHC Bakshi Ka Talab,Uttar Pradesh,Lucknow,UP-LUCKNOW,2026-08-12,2026-08-12T20:00:00,249,226,23,41,10,10,0,100.0,3,3,6,6,False,False,BED_OVERFLOW,SIMULATED
PHC-UP-LUK-002,PHC Malihabad,Uttar Pradesh,Lucknow,UP-LUCKNOW,2026-08-12,2026-08-12T20:00:00,197,173,24,37,8,8,0,100.0,2,2,5,5,False,False,BED_OVERFLOW,SIMULATED
PHC-UP-LUK-003,PHC Mohanlalganj,Uttar Pradesh,Lucknow,UP-LUCKNOW,2026-08-12,2026-08-12T20:00:00,197,169,28,19,8,8,0,100.0,2,2,5,5,False,False,BED_OVERFLOW,SIMULATED
DH-UP-LUK-001,Balrampur District Hospital Lucknow,Uttar Pradesh,Lucknow,UP-LUCKNOW,2026-08-12,2026-08-12T20:00:00,3140,2784,356,471,350,350,0,100.0,50,47,110,100,False,False,BED_OVERFLOW,SIMULATED
PHC-RJ-JAI-001,PHC Bassi,Rajasthan,Jaipur,RJ-JAIPUR,2026-08-12,2026-08-12T20:00:00,183,167,16,31,8,8,0,100.0,2,2,5,5,False,False,BED_OVERFLOW,SIMULATED
PHC-RJ-JAI-002,PHC Chaksu,Rajasthan,Jaipur,RJ-JAIPUR,2026-08-12,2026-08-12T20:00:00,165,146,19,34,6,6,0,100.0,2,2,4,4,False,False,BED_OVERFLOW,SIMULATED
PHC-RJ-JAI-003,PHC Amer,Rajasthan,Jaipur,RJ-JAIPUR,2026-08-12,2026-08-12T20:00:00,198,174,24,18,10,10,0,100.0,3,3,6,6,False,False,BED_OVERFLOW,SIMULATED
DH-RJ-JAI-001,Kanwatia District Hospital Jaipur,Rajasthan,Jaipur,RJ-JAIPUR,2026-08-12,2026-08-12T20:00:00,2021,1797,224,163,200,200,0,100.0,32,31,68,68,False,False,BED_OVERFLOW,SIMULATED
PHC-MH-PUN-001,PHC Mulshi,Maharashtra,Pune,MH-PUNE,2026-08-12,2026-08-12T20:00:00,151,136,15,13,8,8,0,100.0,2,2,5,5,False,False,BED_OVERFLOW,SIMULATED
PHC-MH-PUN-002,PHC Haveli,Maharashtra,Pune,MH-PUNE,2026-08-12,2026-08-12T20:00:00,232,211,21,25,10,10,0,100.0,3,3,6,6,False,False,BED_OVERFLOW,SIMULATED
PHC-MH-PUN-003,PHC Khed,Maharashtra,Pune,MH-PUNE,2026-08-12,2026-08-12T20:00:00,189,163,26,18,8,8,0,100.0,2,2,5,5,False,False,BED_OVERFLOW,SIMULATED
DH-MH-PUN-001,Aundh District Hospital Pune,Maharashtra,Pune,MH-PUNE,2026-08-12,2026-08-12T20:00:00,2437,2168,269,465,300,300,0,100.0,42,40,90,89,False,False,BED_OVERFLOW,SIMULATED
PHC-KA-BEN-001,PHC Yelahanka,Karnataka,Bengaluru Urban,KA-BENGALURU-U,2026-08-12,2026-08-12T20:00:00,269,237,32,41,10,10,0,100.0,3,3,7,7,False,False,BED_OVERFLOW,SIMULATED
PHC-KA-BEN-002,PHC Anekal,Karnataka,Bengaluru Urban,KA-BENGALURU-U,2026-08-12,2026-08-12T20:00:00,200,180,20,17,8,8,0,100.0,2,2,5,5,False,False,BED_OVERFLOW,SIMULATED
PHC-KA-BEN-003,PHC Kengeri,Karnataka,Bengaluru Urban,KA-BENGALURU-U,2026-08-12,2026-08-12T20:00:00,226,200,26,34,10,10,0,100.0,3,3,6,6,False,False,BED_OVERFLOW,SIMULATED
DH-KA-BEN-001,KC General District Hospital Malleshwaram,Karnataka,Bengaluru Urban,KA-BENGALURU-U,2026-08-12,2026-08-12T20:00:00,3019,2600,419,278,350,350,0,100.0,48,41,105,100,False,False,BED_OVERFLOW,SIMULATED
PHC-BR-PAT-001,PHC Bakhtiyarpur,Bihar,Patna,BR-PATNA,2026-08-13,2026-08-13T20:00:00,167,149,18,26,6,6,0,100.0,2,2,4,4,False,False,BED_OVERFLOW,SIMULATED
PHC-BR-PAT-002,PHC Danapur,Bihar,Patna,BR-PATNA,2026-08-13,2026-08-13T20:00:00,263,235,28,25,10,10,0,100.0,3,3,6,6,False,False,BED_OVERFLOW,SIMULATED
PHC-BR-PAT-003,PHC Bihta,Bihar,Patna,BR-PATNA,2026-08-13,2026-08-13T20:00:00,185,167,18,24,8,8,0,100.0,2,2,5,5,False,False,BED_OVERFLOW,SIMULATED
PHC-BR-PAT-004,PHC Fatuha,Bihar,Patna,BR-PATNA,2026-08-13,2026-08-13T20:00:00,155,138,17,18,6,6,0,100.0,2,2,4,4,False,False,BED_OVERFLOW,SIMULATED
PHC-BR-PAT-005,PHC Mokama,Bihar,Patna,BR-PATNA,2026-08-13,2026-08-13T20:00:00,176,154,22,20,8,8,0,100.0,2,2,4,4,False,False,BED_OVERFLOW,SIMULATED
CHC-BR-PAT-001,CHC Phulwari Sharif,Bihar,Patna,BR-PATNA,2026-08-13,2026-08-13T20:00:00,454,403,51,49,30,30,0,100.0,6,6,12,12,False,False,BED_OVERFLOW,SIMULATED
DH-BR-PAT-001,District Hospital Gardanibagh,Bihar,Patna,BR-PATNA,2026-08-13,2026-08-13T20:00:00,1391,1267,124,125,150,150,0,100.0,24,24,45,40,False,False,BED_OVERFLOW,SIMULATED
PHC-BR-GAY-001,PHC Bodh Gaya,Bihar,Gaya,BR-GAYA,2026-08-13,2026-08-13T20:00:00,176,159,17,25,8,8,0,100.0,2,2,4,4,False,False,BED_OVERFLOW,SIMULATED
PHC-BR-GAY-002,PHC Sherghati,Bihar,Gaya,BR-GAYA,2026-08-13,2026-08-13T20:00:00,151,135,16,20,6,6,0,100.0,2,2,4,4,False,False,BED_OVERFLOW,SIMULATED
PHC-BR-GAY-003,PHC Tekari,Bihar,Gaya,BR-GAYA,2026-08-13,2026-08-13T20:00:00,134,118,16,24,6,6,0,100.0,2,2,3,3,False,False,BED_OVERFLOW,SIMULATED
DH-BR-GAY-001,Jay Prakash Narayan District Hospital Gaya,Bihar,Gaya,BR-GAYA,2026-08-13,2026-08-13T20:00:00,1753,1527,226,318,200,200,0,100.0,30,27,60,59,False,False,BED_OVERFLOW,SIMULATED
PHC-UP-VAR-001,PHC Cholapur,Uttar Pradesh,Varanasi,UP-VARANASI,2026-08-13,2026-08-13T20:00:00,172,150,22,35,6,6,0,100.0,2,2,4,4,False,False,BED_OVERFLOW,SIMULATED
PHC-UP-VAR-002,PHC Pindra,Uttar Pradesh,Varanasi,UP-VARANASI,2026-08-13,2026-08-13T20:00:00,213,188,25,43,8,8,0,100.0,3,3,5,5,False,False,BED_OVERFLOW,SIMULATED
PHC-UP-VAR-003,PHC Sevapuri,Uttar Pradesh,Varanasi,UP-VARANASI,2026-08-13,2026-08-13T20:00:00,174,154,20,15,6,6,0,100.0,2,2,4,4,False,False,BED_OVERFLOW,SIMULATED
PHC-UP-VAR-004,PHC Kashi Vidyapeeth,Uttar Pradesh,Varanasi,UP-VARANASI,2026-08-13,2026-08-13T20:00:00,250,225,25,47,10,10,0,100.0,3,3,6,6,False,False,BED_OVERFLOW,SIMULATED
CHC-UP-VAR-001,CHC Misirpur,Uttar Pradesh,Varanasi,UP-VARANASI,2026-08-13,2026-08-13T20:00:00,460,403,57,78,30,30,0,100.0,7,7,14,14,False,False,BED_OVERFLOW,SIMULATED
DH-UP-VAR-001,Pandit Deen Dayal Upadhyay District Hospital,Uttar Pradesh,Varanasi,UP-VARANASI,2026-08-13,2026-08-13T20:00:00,2329,2087,242,486,250,250,0,100.0,38,34,75,70,False,False,BED_OVERFLOW,SIMULATED
PHC-UP-LUK-001,PHC Bakshi Ka Talab,Uttar Pradesh,Lucknow,UP-LUCKNOW,2026-08-13,2026-08-13T20:00:00,247,223,24,48,10,10,0,100.0,3,3,6,6,False,False,BED_OVERFLOW,SIMULATED
PHC-UP-LUK-002,PHC Malihabad,Uttar Pradesh,Lucknow,UP-LUCKNOW,2026-08-13,2026-08-13T20:00:00,189,167,22,17,8,8,0,100.0,2,2,5,5,False,False,BED_OVERFLOW,SIMULATED
PHC-UP-LUK-003,PHC Mohanlalganj,Uttar Pradesh,Lucknow,UP-LUCKNOW,2026-08-13,2026-08-13T20:00:00,191,171,20,22,8,8,0,100.0,2,2,5,5,False,False,BED_OVERFLOW,SIMULATED
DH-UP-LUK-001,Balrampur District Hospital Lucknow,Uttar Pradesh,Lucknow,UP-LUCKNOW,2026-08-13,2026-08-13T20:00:00,2852,2540,312,353,350,350,0,100.0,50,50,110,103,False,False,BED_OVERFLOW,SIMULATED
PHC-RJ-JAI-001,PHC Bassi,Rajasthan,Jaipur,RJ-JAIPUR,2026-08-13,2026-08-13T20:00:00,185,162,23,22,8,8,0,100.0,2,2,5,5,False,False,BED_OVERFLOW,SIMULATED
PHC-RJ-JAI-002,PHC Chaksu,Rajasthan,Jaipur,RJ-JAIPUR,2026-08-13,2026-08-13T20:00:00,167,146,21,23,6,6,0,100.0,2,2,4,4,False,False,BED_OVERFLOW,SIMULATED
PHC-RJ-JAI-003,PHC Amer,Rajasthan,Jaipur,RJ-JAIPUR,2026-08-13,2026-08-13T20:00:00,217,188,29,40,10,10,0,100.0,3,3,6,6,False,False,BED_OVERFLOW,SIMULATED
DH-RJ-JAI-001,Kanwatia District Hospital Jaipur,Rajasthan,Jaipur,RJ-JAIPUR,2026-08-13,2026-08-13T20:00:00,2030,1811,219,253,200,200,0,100.0,32,30,68,60,False,False,BED_OVERFLOW,SIMULATED
PHC-MH-PUN-001,PHC Mulshi,Maharashtra,Pune,MH-PUNE,2026-08-13,2026-08-13T20:00:00,168,151,17,34,8,8,0,100.0,2,2,5,5,False,False,BED_OVERFLOW,SIMULATED
PHC-MH-PUN-002,PHC Haveli,Maharashtra,Pune,MH-PUNE,2026-08-13,2026-08-13T20:00:00,247,224,23,26,10,10,0,100.0,3,3,6,6,False,False,BED_OVERFLOW,SIMULATED
PHC-MH-PUN-003,PHC Khed,Maharashtra,Pune,MH-PUNE,2026-08-13,2026-08-13T20:00:00,206,183,23,24,8,8,0,100.0,2,2,5,5,False,False,BED_OVERFLOW,SIMULATED
DH-MH-PUN-001,Aundh District Hospital Pune,Maharashtra,Pune,MH-PUNE,2026-08-13,2026-08-13T20:00:00,2506,2246,260,289,300,300,0,100.0,42,41,90,90,False,False,BED_OVERFLOW,SIMULATED
PHC-KA-BEN-001,PHC Yelahanka,Karnataka,Bengaluru Urban,KA-BENGALURU-U,2026-08-13,2026-08-13T20:00:00,276,237,39,29,10,10,0,100.0,3,3,7,7,False,False,BED_OVERFLOW,SIMULATED
PHC-KA-BEN-002,PHC Anekal,Karnataka,Bengaluru Urban,KA-BENGALURU-U,2026-08-13,2026-08-13T20:00:00,190,174,16,30,8,8,0,100.0,2,2,5,5,False,False,BED_OVERFLOW,SIMULATED
PHC-KA-BEN-003,PHC Kengeri,Karnataka,Bengaluru Urban,KA-BENGALURU-U,2026-08-13,2026-08-13T20:00:00,245,211,34,34,10,10,0,100.0,3,3,6,6,False,False,BED_OVERFLOW,SIMULATED
DH-KA-BEN-001,KC General District Hospital Malleshwaram,Karnataka,Bengaluru Urban,KA-BENGALURU-U,2026-08-13,2026-08-13T20:00:00,2756,2434,322,266,350,350,0,100.0,48,42,105,102,False,False,BED_OVERFLOW,SIMULATED
PHC-BR-PAT-001,PHC Bakhtiyarpur,Bihar,Patna,BR-PATNA,2026-08-14,2026-08-14T20:00:00,143,123,20,28,6,6,0,100.0,2,2,4,4,False,False,BED_OVERFLOW,SIMULATED
PHC-BR-PAT-002,PHC Danapur,Bihar,Patna,BR-PATNA,2026-08-14,2026-08-14T20:00:00,207,187,20,43,10,10,0,100.0,3,3,6,6,False,False,BED_OVERFLOW,SIMULATED
PHC-BR-PAT-003,PHC Bihta,Bihar,Patna,BR-PATNA,2026-08-14,2026-08-14T20:00:00,166,148,18,13,8,8,0,100.0,2,2,5,5,False,False,BED_OVERFLOW,SIMULATED
PHC-BR-PAT-004,PHC Fatuha,Bihar,Patna,BR-PATNA,2026-08-14,2026-08-14T20:00:00,117,103,14,13,6,6,0,100.0,2,2,4,4,False,False,BED_OVERFLOW,SIMULATED
PHC-BR-PAT-005,PHC Mokama,Bihar,Patna,BR-PATNA,2026-08-14,2026-08-14T20:00:00,158,141,17,31,8,8,0,100.0,2,2,4,4,False,False,BED_OVERFLOW,SIMULATED
CHC-BR-PAT-001,CHC Phulwari Sharif,Bihar,Patna,BR-PATNA,2026-08-14,2026-08-14T20:00:00,402,351,51,77,30,30,0,100.0,6,6,12,12,False,False,BED_OVERFLOW,SIMULATED
DH-BR-PAT-001,District Hospital Gardanibagh,Bihar,Patna,BR-PATNA,2026-08-14,2026-08-14T20:00:00,1232,1130,102,114,150,150,0,100.0,24,24,45,41,False,False,BED_OVERFLOW,SIMULATED
PHC-BR-GAY-001,PHC Bodh Gaya,Bihar,Gaya,BR-GAYA,2026-08-14,2026-08-14T20:00:00,145,128,17,13,8,8,0,100.0,2,2,4,4,False,False,BED_OVERFLOW,SIMULATED
PHC-BR-GAY-002,PHC Sherghati,Bihar,Gaya,BR-GAYA,2026-08-14,2026-08-14T20:00:00,113,98,15,11,6,6,0,100.0,2,2,4,4,False,False,BED_OVERFLOW,SIMULATED
PHC-BR-GAY-003,PHC Tekari,Bihar,Gaya,BR-GAYA,2026-08-14,2026-08-14T20:00:00,108,94,14,17,6,6,0,100.0,2,2,3,3,False,False,BED_OVERFLOW,SIMULATED
DH-BR-GAY-001,Jay Prakash Narayan District Hospital Gaya,Bihar,Gaya,BR-GAYA,2026-08-14,2026-08-14T20:00:00,1574,1363,211,143,200,200,0,100.0,30,27,60,58,False,False,BED_OVERFLOW,SIMULATED
PHC-UP-VAR-001,PHC Cholapur,Uttar Pradesh,Varanasi,UP-VARANASI,2026-08-14,2026-08-14T20:00:00,163,143,20,27,6,6,0,100.0,2,2,4,4,False,False,BED_OVERFLOW,SIMULATED
PHC-UP-VAR-002,PHC Pindra,Uttar Pradesh,Varanasi,UP-VARANASI,2026-08-14,2026-08-14T20:00:00,175,159,16,26,8,8,0,100.0,3,3,5,5,False,False,BED_OVERFLOW,SIMULATED
PHC-UP-VAR-003,PHC Sevapuri,Uttar Pradesh,Varanasi,UP-VARANASI,2026-08-14,2026-08-14T20:00:00,136,121,15,22,6,6,0,100.0,2,2,4,4,False,False,BED_OVERFLOW,SIMULATED
PHC-UP-VAR-004,PHC Kashi Vidyapeeth,Uttar Pradesh,Varanasi,UP-VARANASI,2026-08-14,2026-08-14T20:00:00,220,198,22,36,10,10,0,100.0,3,3,6,6,False,False,BED_OVERFLOW,SIMULATED
CHC-UP-VAR-001,CHC Misirpur,Uttar Pradesh,Varanasi,UP-VARANASI,2026-08-14,2026-08-14T20:00:00,362,315,47,44,30,30,0,100.0,7,6,14,13,False,False,BED_OVERFLOW,SIMULATED
DH-UP-VAR-001,Pandit Deen Dayal Upadhyay District Hospital,Uttar Pradesh,Varanasi,UP-VARANASI,2026-08-14,2026-08-14T20:00:00,2209,1930,279,362,250,250,0,100.0,38,31,75,75,False,False,BED_OVERFLOW,SIMULATED
PHC-UP-LUK-001,PHC Bakshi Ka Talab,Uttar Pradesh,Lucknow,UP-LUCKNOW,2026-08-14,2026-08-14T20:00:00,210,183,27,37,10,10,0,100.0,3,3,6,6,False,False,BED_OVERFLOW,SIMULATED
PHC-UP-LUK-002,PHC Malihabad,Uttar Pradesh,Lucknow,UP-LUCKNOW,2026-08-14,2026-08-14T20:00:00,174,153,21,23,8,8,0,100.0,2,2,5,5,False,False,BED_OVERFLOW,SIMULATED
PHC-UP-LUK-003,PHC Mohanlalganj,Uttar Pradesh,Lucknow,UP-LUCKNOW,2026-08-14,2026-08-14T20:00:00,157,135,22,18,8,8,0,100.0,2,2,5,5,False,False,BED_OVERFLOW,SIMULATED
DH-UP-LUK-001,Balrampur District Hospital Lucknow,Uttar Pradesh,Lucknow,UP-LUCKNOW,2026-08-14,2026-08-14T20:00:00,2513,2185,328,278,350,350,0,100.0,50,46,110,103,False,False,BED_OVERFLOW,SIMULATED
PHC-RJ-JAI-001,PHC Bassi,Rajasthan,Jaipur,RJ-JAIPUR,2026-08-14,2026-08-14T20:00:00,146,127,19,12,8,8,0,100.0,2,2,5,5,False,False,BED_OVERFLOW,SIMULATED
PHC-RJ-JAI-002,PHC Chaksu,Rajasthan,Jaipur,RJ-JAIPUR,2026-08-14,2026-08-14T20:00:00,137,123,14,14,6,6,0,100.0,2,2,4,4,False,False,BED_OVERFLOW,SIMULATED
PHC-RJ-JAI-003,PHC Amer,Rajasthan,Jaipur,RJ-JAIPUR,2026-08-14,2026-08-14T20:00:00,181,161,20,20,10,10,0,100.0,3,3,6,6,False,False,BED_OVERFLOW,SIMULATED
DH-RJ-JAI-001,Kanwatia District Hospital Jaipur,Rajasthan,Jaipur,RJ-JAIPUR,2026-08-14,2026-08-14T20:00:00,1861,1697,164,197,200,200,0,100.0,32,27,68,59,False,False,BED_OVERFLOW,SIMULATED
PHC-MH-PUN-001,PHC Mulshi,Maharashtra,Pune,MH-PUNE,2026-08-14,2026-08-14T20:00:00,123,112,11,20,8,8,0,100.0,2,2,5,5,False,False,BED_OVERFLOW,SIMULATED
PHC-MH-PUN-002,PHC Haveli,Maharashtra,Pune,MH-PUNE,2026-08-14,2026-08-14T20:00:00,224,204,20,41,10,10,0,100.0,3,3,6,6,False,False,BED_OVERFLOW,SIMULATED
PHC-MH-PUN-003,PHC Khed,Maharashtra,Pune,MH-PUNE,2026-08-14,2026-08-14T20:00:00,165,143,22,13,8,8,0,100.0,2,2,5,5,False,False,BED_OVERFLOW,SIMULATED
DH-MH-PUN-001,Aundh District Hospital Pune,Maharashtra,Pune,MH-PUNE,2026-08-14,2026-08-14T20:00:00,1868,1693,175,219,300,300,0,100.0,42,39,90,88,False,False,BED_OVERFLOW,SIMULATED
PHC-KA-BEN-001,PHC Yelahanka,Karnataka,Bengaluru Urban,KA-BENGALURU-U,2026-08-14,2026-08-14T20:00:00,236,210,26,31,10,10,0,100.0,3,3,7,7,False,False,BED_OVERFLOW,SIMULATED
PHC-KA-BEN-002,PHC Anekal,Karnataka,Bengaluru Urban,KA-BENGALURU-U,2026-08-14,2026-08-14T20:00:00,180,163,17,22,8,8,0,100.0,2,2,5,5,False,False,BED_OVERFLOW,SIMULATED
PHC-KA-BEN-003,PHC Kengeri,Karnataka,Bengaluru Urban,KA-BENGALURU-U,2026-08-14,2026-08-14T20:00:00,218,194,24,44,10,10,0,100.0,3,3,6,6,False,False,BED_OVERFLOW,SIMULATED
DH-KA-BEN-001,KC General District Hospital Malleshwaram,Karnataka,Bengaluru Urban,KA-BENGALURU-U,2026-08-14,2026-08-14T20:00:00,2623,2389,234,298,350,350,0,100.0,48,42,105,102,False,False,BED_OVERFLOW,SIMULATED
PHC-BR-PAT-001,PHC Bakhtiyarpur,Bihar,Patna,BR-PATNA,2026-08-15,2026-08-15T20:00:00,139,123,16,19,6,6,0,100.0,2,2,4,4,False,False,BED_OVERFLOW,SIMULATED
PHC-BR-PAT-002,PHC Danapur,Bihar,Patna,BR-PATNA,2026-08-15,2026-08-15T20:00:00,213,190,23,18,10,10,0,100.0,3,3,6,6,False,False,BED_OVERFLOW,SIMULATED
PHC-BR-PAT-003,PHC Bihta,Bihar,Patna,BR-PATNA,2026-08-15,2026-08-15T20:00:00,164,146,18,24,8,8,0,100.0,2,2,5,5,False,False,BED_OVERFLOW,SIMULATED
PHC-BR-PAT-004,PHC Fatuha,Bihar,Patna,BR-PATNA,2026-08-15,2026-08-15T20:00:00,135,123,12,19,6,6,0,100.0,2,2,4,4,False,False,BED_OVERFLOW,SIMULATED
PHC-BR-PAT-005,PHC Mokama,Bihar,Patna,BR-PATNA,2026-08-15,2026-08-15T20:00:00,153,136,17,30,8,8,0,100.0,2,2,4,4,False,False,BED_OVERFLOW,SIMULATED
CHC-BR-PAT-001,CHC Phulwari Sharif,Bihar,Patna,BR-PATNA,2026-08-15,2026-08-15T20:00:00,437,380,57,87,30,30,0,100.0,6,5,12,11,False,False,BED_OVERFLOW,SIMULATED
DH-BR-PAT-001,District Hospital Gardanibagh,Bihar,Patna,BR-PATNA,2026-08-15,2026-08-15T20:00:00,1261,1159,102,249,150,150,0,100.0,24,24,45,41,False,False,BED_OVERFLOW,SIMULATED
PHC-BR-GAY-001,PHC Bodh Gaya,Bihar,Gaya,BR-GAYA,2026-08-15,2026-08-15T20:00:00,130,114,16,10,8,8,0,100.0,2,2,4,4,False,False,BED_OVERFLOW,SIMULATED
PHC-BR-GAY-002,PHC Sherghati,Bihar,Gaya,BR-GAYA,2026-08-15,2026-08-15T20:00:00,124,112,12,22,6,6,0,100.0,2,2,4,4,False,False,BED_OVERFLOW,SIMULATED
PHC-BR-GAY-003,PHC Tekari,Bihar,Gaya,BR-GAYA,2026-08-15,2026-08-15T20:00:00,105,91,14,20,6,6,0,100.0,2,2,3,3,False,False,BED_OVERFLOW,SIMULATED
DH-BR-GAY-001,Jay Prakash Narayan District Hospital Gaya,Bihar,Gaya,BR-GAYA,2026-08-15,2026-08-15T20:00:00,1445,1321,124,166,200,200,0,100.0,30,29,60,55,False,False,BED_OVERFLOW,SIMULATED
PHC-UP-VAR-001,PHC Cholapur,Uttar Pradesh,Varanasi,UP-VARANASI,2026-08-15,2026-08-15T20:00:00,162,141,21,15,6,6,0,100.0,2,2,4,4,False,False,BED_OVERFLOW,SIMULATED
PHC-UP-VAR-002,PHC Pindra,Uttar Pradesh,Varanasi,UP-VARANASI,2026-08-15,2026-08-15T20:00:00,177,159,18,16,8,8,0,100.0,3,3,5,5,False,False,BED_OVERFLOW,SIMULATED
PHC-UP-VAR-003,PHC Sevapuri,Uttar Pradesh,Varanasi,UP-VARANASI,2026-08-15,2026-08-15T20:00:00,135,123,12,27,6,6,0,100.0,2,2,4,4,False,False,BED_OVERFLOW,SIMULATED
PHC-UP-VAR-004,PHC Kashi Vidyapeeth,Uttar Pradesh,Varanasi,UP-VARANASI,2026-08-15,2026-08-15T20:00:00,198,176,22,16,10,10,0,100.0,3,3,6,6,False,False,BED_OVERFLOW,SIMULATED
CHC-UP-VAR-001,CHC Misirpur,Uttar Pradesh,Varanasi,UP-VARANASI,2026-08-15,2026-08-15T20:00:00,441,388,53,54,30,30,0,100.0,7,6,14,13,False,False,BED_OVERFLOW,SIMULATED
DH-UP-VAR-001,Pandit Deen Dayal Upadhyay District Hospital,Uttar Pradesh,Varanasi,UP-VARANASI,2026-08-15,2026-08-15T20:00:00,1981,1792,189,314,250,250,0,100.0,38,35,75,71,False,False,BED_OVERFLOW,SIMULATED
PHC-UP-LUK-001,PHC Bakshi Ka Talab,Uttar Pradesh,Lucknow,UP-LUCKNOW,2026-08-15,2026-08-15T20:00:00,178,157,21,25,10,10,0,100.0,3,3,6,6,False,False,BED_OVERFLOW,SIMULATED
PHC-UP-LUK-002,PHC Malihabad,Uttar Pradesh,Lucknow,UP-LUCKNOW,2026-08-15,2026-08-15T20:00:00,156,137,19,20,8,8,0,100.0,2,2,5,5,False,False,BED_OVERFLOW,SIMULATED
PHC-UP-LUK-003,PHC Mohanlalganj,Uttar Pradesh,Lucknow,UP-LUCKNOW,2026-08-15,2026-08-15T20:00:00,166,150,16,23,8,8,0,100.0,2,2,5,5,False,False,BED_OVERFLOW,SIMULATED
DH-UP-LUK-001,Balrampur District Hospital Lucknow,Uttar Pradesh,Lucknow,UP-LUCKNOW,2026-08-15,2026-08-15T20:00:00,2669,2415,254,402,350,350,0,100.0,50,42,110,108,False,False,BED_OVERFLOW,SIMULATED
PHC-RJ-JAI-001,PHC Bassi,Rajasthan,Jaipur,RJ-JAIPUR,2026-08-15,2026-08-15T20:00:00,140,123,17,25,8,8,0,100.0,2,2,5,5,False,False,BED_OVERFLOW,SIMULATED
PHC-RJ-JAI-002,PHC Chaksu,Rajasthan,Jaipur,RJ-JAIPUR,2026-08-15,2026-08-15T20:00:00,148,134,14,15,6,6,0,100.0,2,2,4,4,False,False,BED_OVERFLOW,SIMULATED
PHC-RJ-JAI-003,PHC Amer,Rajasthan,Jaipur,RJ-JAIPUR,2026-08-15,2026-08-15T20:00:00,155,133,22,12,10,10,0,100.0,3,3,6,6,False,False,BED_OVERFLOW,SIMULATED
DH-RJ-JAI-001,Kanwatia District Hospital Jaipur,Rajasthan,Jaipur,RJ-JAIPUR,2026-08-15,2026-08-15T20:00:00,1832,1663,169,373,200,200,0,100.0,32,30,68,68,False,False,BED_OVERFLOW,SIMULATED
PHC-MH-PUN-001,PHC Mulshi,Maharashtra,Pune,MH-PUNE,2026-08-15,2026-08-15T20:00:00,128,111,17,27,8,8,0,100.0,2,2,5,5,False,False,BED_OVERFLOW,SIMULATED
PHC-MH-PUN-002,PHC Haveli,Maharashtra,Pune,MH-PUNE,2026-08-15,2026-08-15T20:00:00,211,191,20,23,10,10,0,100.0,3,3,6,6,False,False,BED_OVERFLOW,SIMULATED
PHC-MH-PUN-003,PHC Khed,Maharashtra,Pune,MH-PUNE,2026-08-15,2026-08-15T20:00:00,174,150,24,30,8,8,0,100.0,2,2,5,5,False,False,BED_OVERFLOW,SIMULATED
DH-MH-PUN-001,Aundh District Hospital Pune,Maharashtra,Pune,MH-PUNE,2026-08-15,2026-08-15T20:00:00,2358,2080,278,343,300,300,0,100.0,42,39,90,84,False,False,BED_OVERFLOW,SIMULATED
PHC-KA-BEN-001,PHC Yelahanka,Karnataka,Bengaluru Urban,KA-BENGALURU-U,2026-08-15,2026-08-15T20:00:00,224,204,20,41,10,10,0,100.0,3,3,7,7,False,False,BED_OVERFLOW,SIMULATED
PHC-KA-BEN-002,PHC Anekal,Karnataka,Bengaluru Urban,KA-BENGALURU-U,2026-08-15,2026-08-15T20:00:00,178,160,18,32,8,8,0,100.0,2,2,5,5,False,False,BED_OVERFLOW,SIMULATED
PHC-KA-BEN-003,PHC Kengeri,Karnataka,Bengaluru Urban,KA-BENGALURU-U,2026-08-15,2026-08-15T20:00:00,212,193,19,23,10,10,0,100.0,3,3,6,6,False,False,BED_OVERFLOW,SIMULATED
DH-KA-BEN-001,KC General District Hospital Malleshwaram,Karnataka,Bengaluru Urban,KA-BENGALURU-U,2026-08-15,2026-08-15T20:00:00,2743,2442,301,411,350,350,0,100.0,48,43,105,105,False,False,BED_OVERFLOW,SIMULATED
PHC-BR-PAT-001,PHC Bakhtiyarpur,Bihar,Patna,BR-PATNA,2026-08-16,2026-08-16T20:00:00,57,50,7,11,6,6,0,100.0,2,2,4,3,False,False,BED_OVERFLOW,SIMULATED
PHC-BR-PAT-002,PHC Danapur,Bihar,Patna,BR-PATNA,2026-08-16,2026-08-16T20:00:00,78,70,8,15,10,10,0,100.0,3,3,6,5,False,False,BED_OVERFLOW,SIMULATED
PHC-BR-PAT-003,PHC Bihta,Bihar,Patna,BR-PATNA,2026-08-16,2026-08-16T20:00:00,65,58,7,9,8,8,0,100.0,2,2,5,4,False,False,BED_OVERFLOW,SIMULATED
PHC-BR-PAT-004,PHC Fatuha,Bihar,Patna,BR-PATNA,2026-08-16,2026-08-16T20:00:00,47,41,6,5,6,6,0,100.0,2,2,4,3,False,False,BED_OVERFLOW,SIMULATED
PHC-BR-PAT-005,PHC Mokama,Bihar,Patna,BR-PATNA,2026-08-16,2026-08-16T20:00:00,58,52,6,12,8,8,0,100.0,2,2,4,3,False,False,BED_OVERFLOW,SIMULATED
CHC-BR-PAT-001,CHC Phulwari Sharif,Bihar,Patna,BR-PATNA,2026-08-16,2026-08-16T20:00:00,170,150,20,36,30,30,0,100.0,6,4,12,8,False,True,BED_OVERFLOW,SIMULATED
DH-BR-PAT-001,District Hospital Gardanibagh,Bihar,Patna,BR-PATNA,2026-08-16,2026-08-16T20:00:00,514,457,57,112,150,150,0,100.0,24,14,45,29,False,True,BED_OVERFLOW,SIMULATED
PHC-BR-GAY-001,PHC Bodh Gaya,Bihar,Gaya,BR-GAYA,2026-08-16,2026-08-16T20:00:00,61,54,7,6,8,8,0,100.0,2,2,4,3,False,False,BED_OVERFLOW,SIMULATED
PHC-BR-GAY-002,PHC Sherghati,Bihar,Gaya,BR-GAYA,2026-08-16,2026-08-16T20:00:00,52,46,6,8,6,6,0,100.0,2,2,4,3,False,False,BED_OVERFLOW,SIMULATED
PHC-BR-GAY-003,PHC Tekari,Bihar,Gaya,BR-GAYA,2026-08-16,2026-08-16T20:00:00,39,35,4,3,6,6,0,100.0,2,2,3,3,False,False,BED_OVERFLOW,SIMULATED
DH-BR-GAY-001,Jay Prakash Narayan District Hospital Gaya,Bihar,Gaya,BR-GAYA,2026-08-16,2026-08-16T20:00:00,755,685,70,134,200,150,50,75.0,30,16,60,42,False,False,NORMAL,SIMULATED
PHC-UP-VAR-001,PHC Cholapur,Uttar Pradesh,Varanasi,UP-VARANASI,2026-08-16,2026-08-16T20:00:00,65,56,9,7,6,6,0,100.0,2,2,4,4,False,False,BED_OVERFLOW,SIMULATED
PHC-UP-VAR-002,PHC Pindra,Uttar Pradesh,Varanasi,UP-VARANASI,2026-08-16,2026-08-16T20:00:00,75,67,8,12,8,8,0,100.0,3,2,5,4,False,False,BED_OVERFLOW,SIMULATED
PHC-UP-VAR-003,PHC Sevapuri,Uttar Pradesh,Varanasi,UP-VARANASI,2026-08-16,2026-08-16T20:00:00,54,46,8,11,6,6,0,100.0,2,2,4,3,False,False,BED_OVERFLOW,SIMULATED
PHC-UP-VAR-004,PHC Kashi Vidyapeeth,Uttar Pradesh,Varanasi,UP-VARANASI,2026-08-16,2026-08-16T20:00:00,94,86,8,17,10,10,0,100.0,3,2,6,5,False,False,BED_OVERFLOW,SIMULATED
CHC-UP-VAR-001,CHC Misirpur,Uttar Pradesh,Varanasi,UP-VARANASI,2026-08-16,2026-08-16T20:00:00,153,134,19,18,30,30,0,100.0,7,4,14,11,False,False,BED_OVERFLOW,SIMULATED
DH-UP-VAR-001,Pandit Deen Dayal Upadhyay District Hospital,Uttar Pradesh,Varanasi,UP-VARANASI,2026-08-16,2026-08-16T20:00:00,822,713,109,118,250,250,0,100.0,38,21,75,57,False,False,BED_OVERFLOW,SIMULATED
PHC-UP-LUK-001,PHC Bakshi Ka Talab,Uttar Pradesh,Lucknow,UP-LUCKNOW,2026-08-16,2026-08-16T20:00:00,85,75,10,12,10,10,0,100.0,3,2,6,5,False,False,BED_OVERFLOW,SIMULATED
PHC-UP-LUK-002,PHC Malihabad,Uttar Pradesh,Lucknow,UP-LUCKNOW,2026-08-16,2026-08-16T20:00:00,67,58,9,6,8,8,0,100.0,2,2,5,4,False,False,BED_OVERFLOW,SIMULATED
PHC-UP-LUK-003,PHC Mohanlalganj,Uttar Pradesh,Lucknow,UP-LUCKNOW,2026-08-16,2026-08-16T20:00:00,72,63,9,12,8,8,0,100.0,2,2,5,4,False,False,BED_OVERFLOW,SIMULATED
DH-UP-LUK-001,Balrampur District Hospital Lucknow,Uttar Pradesh,Lucknow,UP-LUCKNOW,2026-08-16,2026-08-16T20:00:00,1074,987,87,132,350,197,153,56.29,50,28,110,70,False,True,NORMAL,SIMULATED
PHC-RJ-JAI-001,PHC Bassi,Rajasthan,Jaipur,RJ-JAIPUR,2026-08-16,2026-08-16T20:00:00,57,49,8,5,8,8,0,100.0,2,2,5,4,False,False,BED_OVERFLOW,SIMULATED
PHC-RJ-JAI-002,PHC Chaksu,Rajasthan,Jaipur,RJ-JAIPUR,2026-08-16,2026-08-16T20:00:00,58,51,7,5,6,6,0,100.0,2,2,4,3,False,False,BED_OVERFLOW,SIMULATED
PHC-RJ-JAI-003,PHC Amer,Rajasthan,Jaipur,RJ-JAIPUR,2026-08-16,2026-08-16T20:00:00,73,65,8,13,10,10,0,100.0,3,2,6,5,False,False,BED_OVERFLOW,SIMULATED
DH-RJ-JAI-001,Kanwatia District Hospital Jaipur,Rajasthan,Jaipur,RJ-JAIPUR,2026-08-16,2026-08-16T20:00:00,793,726,67,124,200,165,35,82.5,32,22,68,44,False,True,NORMAL,SIMULATED
PHC-MH-PUN-001,PHC Mulshi,Maharashtra,Pune,MH-PUNE,2026-08-16,2026-08-16T20:00:00,53,47,6,4,8,8,0,100.0,2,2,5,4,False,False,BED_OVERFLOW,SIMULATED
PHC-MH-PUN-002,PHC Haveli,Maharashtra,Pune,MH-PUNE,2026-08-16,2026-08-16T20:00:00,89,76,13,17,10,10,0,100.0,3,2,6,5,False,False,BED_OVERFLOW,SIMULATED
PHC-MH-PUN-003,PHC Khed,Maharashtra,Pune,MH-PUNE,2026-08-16,2026-08-16T20:00:00,65,58,7,8,8,8,0,100.0,2,2,5,4,False,False,BED_OVERFLOW,SIMULATED
DH-MH-PUN-001,Aundh District Hospital Pune,Maharashtra,Pune,MH-PUNE,2026-08-16,2026-08-16T20:00:00,1011,889,122,217,300,285,15,95.0,42,24,90,71,False,False,NORMAL,SIMULATED
PHC-KA-BEN-001,PHC Yelahanka,Karnataka,Bengaluru Urban,KA-BENGALURU-U,2026-08-16,2026-08-16T20:00:00,96,85,11,17,10,10,0,100.0,3,2,7,6,False,False,BED_OVERFLOW,SIMULATED
PHC-KA-BEN-002,PHC Anekal,Karnataka,Bengaluru Urban,KA-BENGALURU-U,2026-08-16,2026-08-16T20:00:00,66,58,8,9,8,8,0,100.0,2,2,5,4,False,False,BED_OVERFLOW,SIMULATED
PHC-KA-BEN-003,PHC Kengeri,Karnataka,Bengaluru Urban,KA-BENGALURU-U,2026-08-16,2026-08-16T20:00:00,83,72,11,13,10,10,0,100.0,3,3,6,5,False,False,BED_OVERFLOW,SIMULATED
DH-KA-BEN-001,KC General District Hospital Malleshwaram,Karnataka,Bengaluru Urban,KA-BENGALURU-U,2026-08-16,2026-08-16T20:00:00,930,823,107,174,350,266,84,76.0,48,31,105,80,False,False,NORMAL,SIMULATED
PHC-BR-PAT-001,PHC Bakhtiyarpur,Bihar,Patna,BR-PATNA,2026-08-17,2026-08-17T20:00:00,184,162,22,14,6,6,0,100.0,2,2,4,4,False,False,BED_OVERFLOW,SIMULATED
PHC-BR-PAT-002,PHC Danapur,Bihar,Patna,BR-PATNA,2026-08-17,2026-08-17T20:00:00,291,253,38,36,10,10,0,100.0,3,3,6,6,False,False,BED_OVERFLOW,SIMULATED
PHC-BR-PAT-003,PHC Bihta,Bihar,Patna,BR-PATNA,2026-08-17,2026-08-17T20:00:00,231,206,25,47,8,8,0,100.0,2,2,5,5,False,False,BED_OVERFLOW,SIMULATED
PHC-BR-PAT-004,PHC Fatuha,Bihar,Patna,BR-PATNA,2026-08-17,2026-08-17T20:00:00,176,155,21,37,6,6,0,100.0,2,2,4,4,False,False,BED_OVERFLOW,SIMULATED
PHC-BR-PAT-005,PHC Mokama,Bihar,Patna,BR-PATNA,2026-08-17,2026-08-17T20:00:00,238,212,26,36,8,8,0,100.0,2,2,4,4,False,False,BED_OVERFLOW,SIMULATED
CHC-BR-PAT-001,CHC Phulwari Sharif,Bihar,Patna,BR-PATNA,2026-08-17,2026-08-17T20:00:00,603,533,70,101,30,30,0,100.0,6,6,12,12,False,False,BED_OVERFLOW,SIMULATED
DH-BR-PAT-001,District Hospital Gardanibagh,Bihar,Patna,BR-PATNA,2026-08-17,2026-08-17T20:00:00,1717,1572,145,357,150,150,0,100.0,24,21,45,41,False,False,BED_OVERFLOW,SIMULATED
PHC-BR-GAY-001,PHC Bodh Gaya,Bihar,Gaya,BR-GAYA,2026-08-17,2026-08-17T20:00:00,176,157,19,25,8,8,0,100.0,2,2,4,4,False,False,BED_OVERFLOW,SIMULATED
PHC-BR-GAY-002,PHC Sherghati,Bihar,Gaya,BR-GAYA,2026-08-17,2026-08-17T20:00:00,162,145,17,26,6,6,0,100.0,2,2,4,4,False,False,BED_OVERFLOW,SIMULATED
PHC-BR-GAY-003,PHC Tekari,Bihar,Gaya,BR-GAYA,2026-08-17,2026-08-17T20:00:00,169,147,22,32,6,6,0,100.0,2,2,3,3,False,False,BED_OVERFLOW,SIMULATED
DH-BR-GAY-001,Jay Prakash Narayan District Hospital Gaya,Bihar,Gaya,BR-GAYA,2026-08-17,2026-08-17T20:00:00,2656,2296,360,511,200,200,0,100.0,30,30,60,60,False,False,BED_OVERFLOW,SIMULATED
PHC-UP-VAR-001,PHC Cholapur,Uttar Pradesh,Varanasi,UP-VARANASI,2026-08-17,2026-08-17T20:00:00,182,156,26,36,6,6,0,100.0,2,2,4,4,False,False,BED_OVERFLOW,SIMULATED
PHC-UP-VAR-002,PHC Pindra,Uttar Pradesh,Varanasi,UP-VARANASI,2026-08-17,2026-08-17T20:00:00,231,209,22,39,8,8,0,100.0,3,3,5,5,False,False,BED_OVERFLOW,SIMULATED
PHC-UP-VAR-003,PHC Sevapuri,Uttar Pradesh,Varanasi,UP-VARANASI,2026-08-17,2026-08-17T20:00:00,175,156,19,33,6,6,0,100.0,2,2,4,4,False,False,BED_OVERFLOW,SIMULATED
PHC-UP-VAR-004,PHC Kashi Vidyapeeth,Uttar Pradesh,Varanasi,UP-VARANASI,2026-08-17,2026-08-17T20:00:00,299,270,29,31,10,10,0,100.0,3,3,6,6,False,False,BED_OVERFLOW,SIMULATED
CHC-UP-VAR-001,CHC Misirpur,Uttar Pradesh,Varanasi,UP-VARANASI,2026-08-17,2026-08-17T20:00:00,623,548,75,71,30,30,0,100.0,7,6,14,14,False,False,BED_OVERFLOW,SIMULATED
DH-UP-VAR-001,Pandit Deen Dayal Upadhyay District Hospital,Uttar Pradesh,Varanasi,UP-VARANASI,2026-08-17,2026-08-17T20:00:00,2704,2444,260,280,250,250,0,100.0,38,33,75,66,False,False,BED_OVERFLOW,SIMULATED
PHC-UP-LUK-001,PHC Bakshi Ka Talab,Uttar Pradesh,Lucknow,UP-LUCKNOW,2026-08-17,2026-08-17T20:00:00,278,246,32,50,10,10,0,100.0,3,3,6,6,False,False,BED_OVERFLOW,SIMULATED
PHC-UP-LUK-002,PHC Malihabad,Uttar Pradesh,Lucknow,UP-LUCKNOW,2026-08-17,2026-08-17T20:00:00,225,206,19,39,8,8,0,100.0,2,2,5,5,False,False,BED_OVERFLOW,SIMULATED
PHC-UP-LUK-003,PHC Mohanlalganj,Uttar Pradesh,Lucknow,UP-LUCKNOW,2026-08-17,2026-08-17T20:00:00,245,212,33,51,8,8,0,100.0,2,2,5,5,False,False,BED_OVERFLOW,SIMULATED
DH-UP-LUK-001,Balrampur District Hospital Lucknow,Uttar Pradesh,Lucknow,UP-LUCKNOW,2026-08-17,2026-08-17T20:00:00,3780,3422,358,445,350,350,0,100.0,50,48,110,100,False,False,BED_OVERFLOW,SIMULATED
PHC-RJ-JAI-001,PHC Bassi,Rajasthan,Jaipur,RJ-JAIPUR,2026-08-17,2026-08-17T20:00:00,237,210,27,46,8,8,0,100.0,2,2,5,5,False,False,BED_OVERFLOW,SIMULATED
PHC-RJ-JAI-002,PHC Chaksu,Rajasthan,Jaipur,RJ-JAIPUR,2026-08-17,2026-08-17T20:00:00,216,193,23,41,6,6,0,100.0,2,2,4,4,False,False,BED_OVERFLOW,SIMULATED
PHC-RJ-JAI-003,PHC Amer,Rajasthan,Jaipur,RJ-JAIPUR,2026-08-17,2026-08-17T20:00:00,233,211,22,36,10,10,0,100.0,3,3,6,6,False,False,BED_OVERFLOW,SIMULATED
DH-RJ-JAI-001,Kanwatia District Hospital Jaipur,Rajasthan,Jaipur,RJ-JAIPUR,2026-08-17,2026-08-17T20:00:00,2585,2347,238,493,200,200,0,100.0,32,27,68,60,False,False,BED_OVERFLOW,SIMULATED
PHC-MH-PUN-001,PHC Mulshi,Maharashtra,Pune,MH-PUNE,2026-08-17,2026-08-17T20:00:00,186,161,25,36,8,8,0,100.0,2,2,5,5,False,False,BED_OVERFLOW,SIMULATED
PHC-MH-PUN-002,PHC Haveli,Maharashtra,Pune,MH-PUNE,2026-08-17,2026-08-17T20:00:00,334,299,35,28,10,10,0,100.0,3,3,6,6,False,False,BED_OVERFLOW,SIMULATED
PHC-MH-PUN-003,PHC Khed,Maharashtra,Pune,MH-PUNE,2026-08-17,2026-08-17T20:00:00,225,204,21,42,8,8,0,100.0,2,2,5,5,False,False,BED_OVERFLOW,SIMULATED
DH-MH-PUN-001,Aundh District Hospital Pune,Maharashtra,Pune,MH-PUNE,2026-08-17,2026-08-17T20:00:00,3156,2805,351,511,300,300,0,100.0,42,42,90,87,False,False,BED_OVERFLOW,SIMULATED
PHC-KA-BEN-001,PHC Yelahanka,Karnataka,Bengaluru Urban,KA-BENGALURU-U,2026-08-17,2026-08-17T20:00:00,356,323,33,75,10,10,0,100.0,3,3,7,7,False,False,BED_OVERFLOW,SIMULATED
PHC-KA-BEN-002,PHC Anekal,Karnataka,Bengaluru Urban,KA-BENGALURU-U,2026-08-17,2026-08-17T20:00:00,285,250,35,37,8,8,0,100.0,2,2,5,5,False,False,BED_OVERFLOW,SIMULATED
PHC-KA-BEN-003,PHC Kengeri,Karnataka,Bengaluru Urban,KA-BENGALURU-U,2026-08-17,2026-08-17T20:00:00,321,287,34,26,10,10,0,100.0,3,3,6,6,False,False,BED_OVERFLOW,SIMULATED
DH-KA-BEN-001,KC General District Hospital Malleshwaram,Karnataka,Bengaluru Urban,KA-BENGALURU-U,2026-08-17,2026-08-17T20:00:00,4050,3665,385,328,350,350,0,100.0,48,43,105,92,False,False,BED_OVERFLOW,SIMULATED
PHC-BR-PAT-001,PHC Bakhtiyarpur,Bihar,Patna,BR-PATNA,2026-08-18,2026-08-18T20:00:00,141,122,19,21,6,6,0,100.0,2,2,4,4,False,False,BED_OVERFLOW,SIMULATED
PHC-BR-PAT-002,PHC Danapur,Bihar,Patna,BR-PATNA,2026-08-18,2026-08-18T20:00:00,229,204,25,36,10,10,0,100.0,3,3,6,6,False,False,BED_OVERFLOW,SIMULATED
PHC-BR-PAT-003,PHC Bihta,Bihar,Patna,BR-PATNA,2026-08-18,2026-08-18T20:00:00,191,173,18,32,8,8,0,100.0,2,2,5,5,False,False,BED_OVERFLOW,SIMULATED
PHC-BR-PAT-004,PHC Fatuha,Bihar,Patna,BR-PATNA,2026-08-18,2026-08-18T20:00:00,160,137,23,15,6,6,0,100.0,2,2,4,4,False,False,BED_OVERFLOW,SIMULATED
PHC-BR-PAT-005,PHC Mokama,Bihar,Patna,BR-PATNA,2026-08-18,2026-08-18T20:00:00,186,169,17,40,8,8,0,100.0,2,2,4,4,False,False,BED_OVERFLOW,SIMULATED
CHC-BR-PAT-001,CHC Phulwari Sharif,Bihar,Patna,BR-PATNA,2026-08-18,2026-08-18T20:00:00,445,408,37,58,30,30,0,100.0,6,6,12,11,False,False,BED_OVERFLOW,SIMULATED
DH-BR-PAT-001,District Hospital Gardanibagh,Bihar,Patna,BR-PATNA,2026-08-18,2026-08-18T20:00:00,1370,1180,190,164,150,150,0,100.0,24,20,45,40,False,False,BED_OVERFLOW,SIMULATED
PHC-BR-GAY-001,PHC Bodh Gaya,Bihar,Gaya,BR-GAYA,2026-08-18,2026-08-18T20:00:00,176,156,20,28,8,8,0,100.0,2,2,4,4,False,False,BED_OVERFLOW,SIMULATED
PHC-BR-GAY-002,PHC Sherghati,Bihar,Gaya,BR-GAYA,2026-08-18,2026-08-18T20:00:00,143,129,14,17,6,6,0,100.0,2,2,4,4,False,False,BED_OVERFLOW,SIMULATED
PHC-BR-GAY-003,PHC Tekari,Bihar,Gaya,BR-GAYA,2026-08-18,2026-08-18T20:00:00,117,101,16,10,6,6,0,100.0,2,2,3,3,False,False,BED_OVERFLOW,SIMULATED
DH-BR-GAY-001,Jay Prakash Narayan District Hospital Gaya,Bihar,Gaya,BR-GAYA,2026-08-18,2026-08-18T20:00:00,1873,1701,172,293,200,200,0,100.0,30,29,60,54,False,False,BED_OVERFLOW,SIMULATED
PHC-UP-VAR-001,PHC Cholapur,Uttar Pradesh,Varanasi,UP-VARANASI,2026-08-18,2026-08-18T20:00:00,171,152,19,20,6,6,0,100.0,2,2,4,4,False,False,BED_OVERFLOW,SIMULATED
PHC-UP-VAR-002,PHC Pindra,Uttar Pradesh,Varanasi,UP-VARANASI,2026-08-18,2026-08-18T20:00:00,210,192,18,29,8,8,0,100.0,3,3,5,5,False,False,BED_OVERFLOW,SIMULATED
PHC-UP-VAR-003,PHC Sevapuri,Uttar Pradesh,Varanasi,UP-VARANASI,2026-08-18,2026-08-18T20:00:00,146,126,20,31,6,6,0,100.0,2,2,4,4,False,False,BED_OVERFLOW,SIMULATED
PHC-UP-VAR-004,PHC Kashi Vidyapeeth,Uttar Pradesh,Varanasi,UP-VARANASI,2026-08-18,2026-08-18T20:00:00,256,227,29,33,10,10,0,100.0,3,3,6,6,False,False,BED_OVERFLOW,SIMULATED
CHC-UP-VAR-001,CHC Misirpur,Uttar Pradesh,Varanasi,UP-VARANASI,2026-08-18,2026-08-18T20:00:00,464,414,50,88,30,30,0,100.0,7,6,14,14,False,False,BED_OVERFLOW,SIMULATED
DH-UP-VAR-001,Pandit Deen Dayal Upadhyay District Hospital,Uttar Pradesh,Varanasi,UP-VARANASI,2026-08-18,2026-08-18T20:00:00,2031,1816,215,408,250,250,0,100.0,38,31,75,67,False,False,BED_OVERFLOW,SIMULATED
PHC-UP-LUK-001,PHC Bakshi Ka Talab,Uttar Pradesh,Lucknow,UP-LUCKNOW,2026-08-18,2026-08-18T20:00:00,240,216,24,24,10,10,0,100.0,3,3,6,6,False,False,BED_OVERFLOW,SIMULATED
PHC-UP-LUK-002,PHC Malihabad,Uttar Pradesh,Lucknow,UP-LUCKNOW,2026-08-18,2026-08-18T20:00:00,190,174,16,15,8,8,0,100.0,2,2,5,5,False,False,BED_OVERFLOW,SIMULATED
PHC-UP-LUK-003,PHC Mohanlalganj,Uttar Pradesh,Lucknow,UP-LUCKNOW,2026-08-18,2026-08-18T20:00:00,173,156,17,18,8,8,0,100.0,2,2,5,5,False,False,BED_OVERFLOW,SIMULATED
DH-UP-LUK-001,Balrampur District Hospital Lucknow,Uttar Pradesh,Lucknow,UP-LUCKNOW,2026-08-18,2026-08-18T20:00:00,2892,2602,290,309,350,350,0,100.0,50,44,110,101,False,False,BED_OVERFLOW,SIMULATED
PHC-RJ-JAI-001,PHC Bassi,Rajasthan,Jaipur,RJ-JAIPUR,2026-08-18,2026-08-18T20:00:00,189,169,20,39,8,8,0,100.0,2,2,5,5,False,False,BED_OVERFLOW,SIMULATED
PHC-RJ-JAI-002,PHC Chaksu,Rajasthan,Jaipur,RJ-JAIPUR,2026-08-18,2026-08-18T20:00:00,172,149,23,23,6,6,0,100.0,2,2,4,4,False,False,BED_OVERFLOW,SIMULATED
PHC-RJ-JAI-003,PHC Amer,Rajasthan,Jaipur,RJ-JAIPUR,2026-08-18,2026-08-18T20:00:00,194,171,23,20,10,10,0,100.0,3,3,6,6,False,False,BED_OVERFLOW,SIMULATED
DH-RJ-JAI-001,Kanwatia District Hospital Jaipur,Rajasthan,Jaipur,RJ-JAIPUR,2026-08-18,2026-08-18T20:00:00,2195,1972,223,212,200,200,0,100.0,32,27,68,59,False,False,BED_OVERFLOW,SIMULATED
PHC-MH-PUN-001,PHC Mulshi,Maharashtra,Pune,MH-PUNE,2026-08-18,2026-08-18T20:00:00,146,134,12,26,8,8,0,100.0,2,2,5,5,False,False,BED_OVERFLOW,SIMULATED
PHC-MH-PUN-002,PHC Haveli,Maharashtra,Pune,MH-PUNE,2026-08-18,2026-08-18T20:00:00,228,199,29,48,10,10,0,100.0,3,3,6,6,False,False,BED_OVERFLOW,SIMULATED
PHC-MH-PUN-003,PHC Khed,Maharashtra,Pune,MH-PUNE,2026-08-18,2026-08-18T20:00:00,216,196,20,17,8,8,0,100.0,2,2,5,5,False,False,BED_OVERFLOW,SIMULATED
DH-MH-PUN-001,Aundh District Hospital Pune,Maharashtra,Pune,MH-PUNE,2026-08-18,2026-08-18T20:00:00,2711,2449,262,515,300,300,0,100.0,42,37,90,83,False,False,BED_OVERFLOW,SIMULATED
PHC-KA-BEN-001,PHC Yelahanka,Karnataka,Bengaluru Urban,KA-BENGALURU-U,2026-08-18,2026-08-18T20:00:00,267,240,27,46,10,10,0,100.0,3,3,7,7,False,False,BED_OVERFLOW,SIMULATED
PHC-KA-BEN-002,PHC Anekal,Karnataka,Bengaluru Urban,KA-BENGALURU-U,2026-08-18,2026-08-18T20:00:00,191,166,25,24,8,8,0,100.0,2,2,5,5,False,False,BED_OVERFLOW,SIMULATED
PHC-KA-BEN-003,PHC Kengeri,Karnataka,Bengaluru Urban,KA-BENGALURU-U,2026-08-18,2026-08-18T20:00:00,231,205,26,49,10,10,0,100.0,3,3,6,6,False,False,BED_OVERFLOW,SIMULATED
DH-KA-BEN-001,KC General District Hospital Malleshwaram,Karnataka,Bengaluru Urban,KA-BENGALURU-U,2026-08-18,2026-08-18T20:00:00,2868,2493,375,543,350,350,0,100.0,48,46,105,98,False,False,BED_OVERFLOW,SIMULATED
PHC-BR-PAT-001,PHC Bakhtiyarpur,Bihar,Patna,BR-PATNA,2026-08-19,2026-08-19T20:00:00,179,156,23,17,6,6,0,100.0,2,2,4,4,False,False,BED_OVERFLOW,SIMULATED
PHC-BR-PAT-002,PHC Danapur,Bihar,Patna,BR-PATNA,2026-08-19,2026-08-19T20:00:00,239,216,23,34,10,10,0,100.0,3,3,6,6,False,False,BED_OVERFLOW,SIMULATED
PHC-BR-PAT-003,PHC Bihta,Bihar,Patna,BR-PATNA,2026-08-19,2026-08-19T20:00:00,191,167,24,21,8,8,0,100.0,2,2,5,5,False,False,BED_OVERFLOW,SIMULATED
PHC-BR-PAT-004,PHC Fatuha,Bihar,Patna,BR-PATNA,2026-08-19,2026-08-19T20:00:00,123,112,11,14,6,6,0,100.0,2,2,4,4,False,False,BED_OVERFLOW,SIMULATED
PHC-BR-PAT-005,PHC Mokama,Bihar,Patna,BR-PATNA,2026-08-19,2026-08-19T20:00:00,171,155,16,29,8,8,0,100.0,2,2,4,4,False,False,BED_OVERFLOW,SIMULATED
CHC-BR-PAT-001,CHC Phulwari Sharif,Bihar,Patna,BR-PATNA,2026-08-19,2026-08-19T20:00:00,486,436,50,48,30,30,0,100.0,6,6,12,11,False,False,BED_OVERFLOW,SIMULATED
DH-BR-PAT-001,District Hospital Gardanibagh,Bihar,Patna,BR-PATNA,2026-08-19,2026-08-19T20:00:00,1364,1181,183,273,150,150,0,100.0,24,21,45,41,False,False,BED_OVERFLOW,SIMULATED
PHC-BR-GAY-001,PHC Bodh Gaya,Bihar,Gaya,BR-GAYA,2026-08-19,2026-08-19T20:00:00,171,147,24,36,8,8,0,100.0,2,2,4,4,False,False,BED_OVERFLOW,SIMULATED
PHC-BR-GAY-002,PHC Sherghati,Bihar,Gaya,BR-GAYA,2026-08-19,2026-08-19T20:00:00,151,132,19,32,6,6,0,100.0,2,2,4,4,False,False,BED_OVERFLOW,SIMULATED
PHC-BR-GAY-003,PHC Tekari,Bihar,Gaya,BR-GAYA,2026-08-19,2026-08-19T20:00:00,125,114,11,26,6,6,0,100.0,2,2,3,3,False,False,BED_OVERFLOW,SIMULATED
DH-BR-GAY-001,Jay Prakash Narayan District Hospital Gaya,Bihar,Gaya,BR-GAYA,2026-08-19,2026-08-19T20:00:00,1656,1519,137,208,200,200,0,100.0,30,28,60,57,False,False,BED_OVERFLOW,SIMULATED
PHC-UP-VAR-001,PHC Cholapur,Uttar Pradesh,Varanasi,UP-VARANASI,2026-08-19,2026-08-19T20:00:00,183,157,26,19,6,6,0,100.0,2,2,4,4,False,False,BED_OVERFLOW,SIMULATED
PHC-UP-VAR-002,PHC Pindra,Uttar Pradesh,Varanasi,UP-VARANASI,2026-08-19,2026-08-19T20:00:00,218,190,28,41,8,8,0,100.0,3,3,5,5,False,False,BED_OVERFLOW,SIMULATED
PHC-UP-VAR-003,PHC Sevapuri,Uttar Pradesh,Varanasi,UP-VARANASI,2026-08-19,2026-08-19T20:00:00,163,149,14,25,6,6,0,100.0,2,2,4,4,False,False,BED_OVERFLOW,SIMULATED
PHC-UP-VAR-004,PHC Kashi Vidyapeeth,Uttar Pradesh,Varanasi,UP-VARANASI,2026-08-19,2026-08-19T20:00:00,269,236,33,53,10,10,0,100.0,3,3,6,6,False,False,BED_OVERFLOW,SIMULATED
CHC-UP-VAR-001,CHC Misirpur,Uttar Pradesh,Varanasi,UP-VARANASI,2026-08-19,2026-08-19T20:00:00,483,429,54,67,30,30,0,100.0,7,7,14,13,False,False,BED_OVERFLOW,SIMULATED
DH-UP-VAR-001,Pandit Deen Dayal Upadhyay District Hospital,Uttar Pradesh,Varanasi,UP-VARANASI,2026-08-19,2026-08-19T20:00:00,2121,1938,183,238,250,250,0,100.0,38,32,75,69,False,False,BED_OVERFLOW,SIMULATED
PHC-UP-LUK-001,PHC Bakshi Ka Talab,Uttar Pradesh,Lucknow,UP-LUCKNOW,2026-08-19,2026-08-19T20:00:00,237,217,20,21,10,10,0,100.0,3,3,6,6,False,False,BED_OVERFLOW,SIMULATED
PHC-UP-LUK-002,PHC Malihabad,Uttar Pradesh,Lucknow,UP-LUCKNOW,2026-08-19,2026-08-19T20:00:00,168,145,23,30,8,8,0,100.0,2,2,5,5,False,False,BED_OVERFLOW,SIMULATED
PHC-UP-LUK-003,PHC Mohanlalganj,Uttar Pradesh,Lucknow,UP-LUCKNOW,2026-08-19,2026-08-19T20:00:00,189,172,17,25,8,8,0,100.0,2,2,5,5,False,False,BED_OVERFLOW,SIMULATED
DH-UP-LUK-001,Balrampur District Hospital Lucknow,Uttar Pradesh,Lucknow,UP-LUCKNOW,2026-08-19,2026-08-19T20:00:00,2563,2341,222,238,350,350,0,100.0,50,47,110,96,False,False,BED_OVERFLOW,SIMULATED
PHC-RJ-JAI-001,PHC Bassi,Rajasthan,Jaipur,RJ-JAIPUR,2026-08-19,2026-08-19T20:00:00,176,154,22,28,8,8,0,100.0,2,2,5,5,False,False,BED_OVERFLOW,SIMULATED
PHC-RJ-JAI-002,PHC Chaksu,Rajasthan,Jaipur,RJ-JAIPUR,2026-08-19,2026-08-19T20:00:00,166,149,17,25,6,6,0,100.0,2,2,4,4,False,False,BED_OVERFLOW,SIMULATED
PHC-RJ-JAI-003,PHC Amer,Rajasthan,Jaipur,RJ-JAIPUR,2026-08-19,2026-08-19T20:00:00,190,172,18,36,10,10,0,100.0,3,3,6,6,False,False,BED_OVERFLOW,SIMULATED
DH-RJ-JAI-001,Kanwatia District Hospital Jaipur,Rajasthan,Jaipur,RJ-JAIPUR,2026-08-19,2026-08-19T20:00:00,2152,1862,290,347,200,200,0,100.0,32,28,68,63,False,False,BED_OVERFLOW,SIMULATED
PHC-MH-PUN-001,PHC Mulshi,Maharashtra,Pune,MH-PUNE,2026-08-19,2026-08-19T20:00:00,139,122,17,18,8,8,0,100.0,2,2,5,5,False,False,BED_OVERFLOW,SIMULATED
PHC-MH-PUN-002,PHC Haveli,Maharashtra,Pune,MH-PUNE,2026-08-19,2026-08-19T20:00:00,251,217,34,42,10,10,0,100.0,3,3,6,6,False,False,BED_OVERFLOW,SIMULATED
PHC-MH-PUN-003,PHC Khed,Maharashtra,Pune,MH-PUNE,2026-08-19,2026-08-19T20:00:00,170,147,23,31,8,8,0,100.0,2,2,5,5,False,False,BED_OVERFLOW,SIMULATED
DH-MH-PUN-001,Aundh District Hospital Pune,Maharashtra,Pune,MH-PUNE,2026-08-19,2026-08-19T20:00:00,2619,2273,346,378,300,300,0,100.0,42,36,90,79,False,False,BED_OVERFLOW,SIMULATED
PHC-KA-BEN-001,PHC Yelahanka,Karnataka,Bengaluru Urban,KA-BENGALURU-U,2026-08-19,2026-08-19T20:00:00,277,240,37,57,10,10,0,100.0,3,3,7,7,False,False,BED_OVERFLOW,SIMULATED
PHC-KA-BEN-002,PHC Anekal,Karnataka,Bengaluru Urban,KA-BENGALURU-U,2026-08-19,2026-08-19T20:00:00,212,186,26,37,8,8,0,100.0,2,2,5,5,False,False,BED_OVERFLOW,SIMULATED
PHC-KA-BEN-003,PHC Kengeri,Karnataka,Bengaluru Urban,KA-BENGALURU-U,2026-08-19,2026-08-19T20:00:00,243,215,28,19,10,10,0,100.0,3,3,6,6,False,False,BED_OVERFLOW,SIMULATED
DH-KA-BEN-001,KC General District Hospital Malleshwaram,Karnataka,Bengaluru Urban,KA-BENGALURU-U,2026-08-19,2026-08-19T20:00:00,2998,2738,260,285,350,350,0,100.0,48,41,105,92,False,False,BED_OVERFLOW,SIMULATED
PHC-BR-PAT-001,PHC Bakhtiyarpur,Bihar,Patna,BR-PATNA,2026-08-20,2026-08-20T20:00:00,172,149,23,19,6,6,0,100.0,2,2,4,4,False,False,BED_OVERFLOW,SIMULATED
PHC-BR-PAT-002,PHC Danapur,Bihar,Patna,BR-PATNA,2026-08-20,2026-08-20T20:00:00,250,223,27,43,10,10,0,100.0,3,3,6,6,False,False,BED_OVERFLOW,SIMULATED
PHC-BR-PAT-003,PHC Bihta,Bihar,Patna,BR-PATNA,2026-08-20,2026-08-20T20:00:00,179,163,16,38,8,8,0,100.0,2,2,5,5,False,False,BED_OVERFLOW,SIMULATED
PHC-BR-PAT-004,PHC Fatuha,Bihar,Patna,BR-PATNA,2026-08-20,2026-08-20T20:00:00,137,122,15,21,6,6,0,100.0,2,2,4,4,False,False,BED_OVERFLOW,SIMULATED
PHC-BR-PAT-005,PHC Mokama,Bihar,Patna,BR-PATNA,2026-08-20,2026-08-20T20:00:00,160,145,15,19,8,8,0,100.0,2,2,4,4,False,False,BED_OVERFLOW,SIMULATED
CHC-BR-PAT-001,CHC Phulwari Sharif,Bihar,Patna,BR-PATNA,2026-08-20,2026-08-20T20:00:00,505,457,48,41,30,30,0,100.0,6,6,12,12,False,False,BED_OVERFLOW,SIMULATED
DH-BR-PAT-001,District Hospital Gardanibagh,Bihar,Patna,BR-PATNA,2026-08-20,2026-08-20T20:00:00,1607,1471,136,325,150,150,0,100.0,24,23,45,45,False,False,BED_OVERFLOW,SIMULATED
PHC-BR-GAY-001,PHC Bodh Gaya,Bihar,Gaya,BR-GAYA,2026-08-20,2026-08-20T20:00:00,169,147,22,30,8,8,0,100.0,2,2,4,4,False,False,BED_OVERFLOW,SIMULATED
PHC-BR-GAY-002,PHC Sherghati,Bihar,Gaya,BR-GAYA,2026-08-20,2026-08-20T20:00:00,133,121,12,21,6,6,0,100.0,2,2,4,4,False,False,BED_OVERFLOW,SIMULATED
PHC-BR-GAY-003,PHC Tekari,Bihar,Gaya,BR-GAYA,2026-08-20,2026-08-20T20:00:00,130,116,14,14,6,6,0,100.0,2,2,3,3,False,False,BED_OVERFLOW,SIMULATED
DH-BR-GAY-001,Jay Prakash Narayan District Hospital Gaya,Bihar,Gaya,BR-GAYA,2026-08-20,2026-08-20T20:00:00,2179,1953,226,444,200,200,0,100.0,30,28,60,55,False,False,BED_OVERFLOW,SIMULATED
PHC-UP-VAR-001,PHC Cholapur,Uttar Pradesh,Varanasi,UP-VARANASI,2026-08-20,2026-08-20T20:00:00,177,157,20,20,6,6,0,100.0,2,2,4,4,False,False,BED_OVERFLOW,SIMULATED
PHC-UP-VAR-002,PHC Pindra,Uttar Pradesh,Varanasi,UP-VARANASI,2026-08-20,2026-08-20T20:00:00,203,180,23,40,8,8,0,100.0,3,3,5,5,False,False,BED_OVERFLOW,SIMULATED
PHC-UP-VAR-003,PHC Sevapuri,Uttar Pradesh,Varanasi,UP-VARANASI,2026-08-20,2026-08-20T20:00:00,160,138,22,16,6,6,0,100.0,2,2,4,4,False,False,BED_OVERFLOW,SIMULATED
PHC-UP-VAR-004,PHC Kashi Vidyapeeth,Uttar Pradesh,Varanasi,UP-VARANASI,2026-08-20,2026-08-20T20:00:00,225,194,31,41,10,10,0,100.0,3,3,6,6,False,False,BED_OVERFLOW,SIMULATED
CHC-UP-VAR-001,CHC Misirpur,Uttar Pradesh,Varanasi,UP-VARANASI,2026-08-20,2026-08-20T20:00:00,468,411,57,39,30,30,0,100.0,7,6,14,14,False,False,BED_OVERFLOW,SIMULATED
DH-UP-VAR-001,Pandit Deen Dayal Upadhyay District Hospital,Uttar Pradesh,Varanasi,UP-VARANASI,2026-08-20,2026-08-20T20:00:00,2499,2152,347,483,250,250,0,100.0,38,33,75,73,False,False,BED_OVERFLOW,SIMULATED
PHC-UP-LUK-001,PHC Bakshi Ka Talab,Uttar Pradesh,Lucknow,UP-LUCKNOW,2026-08-20,2026-08-20T20:00:00,235,213,22,38,10,10,0,100.0,3,3,6,6,False,False,BED_OVERFLOW,SIMULATED
PHC-UP-LUK-002,PHC Malihabad,Uttar Pradesh,Lucknow,UP-LUCKNOW,2026-08-20,2026-08-20T20:00:00,178,154,24,33,8,8,0,100.0,2,2,5,5,False,False,BED_OVERFLOW,SIMULATED
PHC-UP-LUK-003,PHC Mohanlalganj,Uttar Pradesh,Lucknow,UP-LUCKNOW,2026-08-20,2026-08-20T20:00:00,172,155,17,28,8,8,0,100.0,2,2,5,5,False,False,BED_OVERFLOW,SIMULATED
DH-UP-LUK-001,Balrampur District Hospital Lucknow,Uttar Pradesh,Lucknow,UP-LUCKNOW,2026-08-20,2026-08-20T20:00:00,2875,2588,287,549,350,350,0,100.0,50,43,110,99,False,False,BED_OVERFLOW,SIMULATED
PHC-RJ-JAI-001,PHC Bassi,Rajasthan,Jaipur,RJ-JAIPUR,2026-08-20,2026-08-20T20:00:00,177,153,24,27,8,8,0,100.0,2,2,5,5,False,False,BED_OVERFLOW,SIMULATED
PHC-RJ-JAI-002,PHC Chaksu,Rajasthan,Jaipur,RJ-JAIPUR,2026-08-20,2026-08-20T20:00:00,165,144,21,25,6,6,0,100.0,2,2,4,4,False,False,BED_OVERFLOW,SIMULATED
PHC-RJ-JAI-003,PHC Amer,Rajasthan,Jaipur,RJ-JAIPUR,2026-08-20,2026-08-20T20:00:00,216,192,24,41,10,10,0,100.0,3,3,6,6,False,False,BED_OVERFLOW,SIMULATED
DH-RJ-JAI-001,Kanwatia District Hospital Jaipur,Rajasthan,Jaipur,RJ-JAIPUR,2026-08-20,2026-08-20T20:00:00,1944,1726,218,167,200,200,0,100.0,32,30,68,67,False,False,BED_OVERFLOW,SIMULATED
PHC-MH-PUN-001,PHC Mulshi,Maharashtra,Pune,MH-PUNE,2026-08-20,2026-08-20T20:00:00,134,118,16,22,8,8,0,100.0,2,2,5,5,False,False,BED_OVERFLOW,SIMULATED
PHC-MH-PUN-002,PHC Haveli,Maharashtra,Pune,MH-PUNE,2026-08-20,2026-08-20T20:00:00,266,231,35,35,10,10,0,100.0,3,3,6,6,False,False,BED_OVERFLOW,SIMULATED
PHC-MH-PUN-003,PHC Khed,Maharashtra,Pune,MH-PUNE,2026-08-20,2026-08-20T20:00:00,207,184,23,45,8,8,0,100.0,2,2,5,5,False,False,BED_OVERFLOW,SIMULATED
DH-MH-PUN-001,Aundh District Hospital Pune,Maharashtra,Pune,MH-PUNE,2026-08-20,2026-08-20T20:00:00,2187,1903,284,351,300,300,0,100.0,42,39,90,78,False,False,BED_OVERFLOW,SIMULATED
PHC-KA-BEN-001,PHC Yelahanka,Karnataka,Bengaluru Urban,KA-BENGALURU-U,2026-08-20,2026-08-20T20:00:00,264,234,30,36,10,10,0,100.0,3,3,7,7,False,False,BED_OVERFLOW,SIMULATED
PHC-KA-BEN-002,PHC Anekal,Karnataka,Bengaluru Urban,KA-BENGALURU-U,2026-08-20,2026-08-20T20:00:00,187,165,22,24,8,8,0,100.0,2,2,5,5,False,False,BED_OVERFLOW,SIMULATED
PHC-KA-BEN-003,PHC Kengeri,Karnataka,Bengaluru Urban,KA-BENGALURU-U,2026-08-20,2026-08-20T20:00:00,249,228,21,49,10,10,0,100.0,3,3,6,6,False,False,BED_OVERFLOW,SIMULATED
DH-KA-BEN-001,KC General District Hospital Malleshwaram,Karnataka,Bengaluru Urban,KA-BENGALURU-U,2026-08-20,2026-08-20T20:00:00,2876,2611,265,603,350,350,0,100.0,48,41,105,98,False,False,BED_OVERFLOW,SIMULATED
PHC-BR-PAT-001,PHC Bakhtiyarpur,Bihar,Patna,BR-PATNA,2026-08-21,2026-08-21T20:00:00,139,126,13,28,6,6,0,100.0,2,2,4,4,False,False,BED_OVERFLOW,SIMULATED
PHC-BR-PAT-002,PHC Danapur,Bihar,Patna,BR-PATNA,2026-08-21,2026-08-21T20:00:00,219,200,19,37,10,10,0,100.0,3,3,6,6,False,False,BED_OVERFLOW,SIMULATED
PHC-BR-PAT-003,PHC Bihta,Bihar,Patna,BR-PATNA,2026-08-21,2026-08-21T20:00:00,163,142,21,17,8,8,0,100.0,2,2,5,5,False,False,BED_OVERFLOW,SIMULATED
PHC-BR-PAT-004,PHC Fatuha,Bihar,Patna,BR-PATNA,2026-08-21,2026-08-21T20:00:00,118,104,14,13,6,6,0,100.0,2,2,4,4,False,False,BED_OVERFLOW,SIMULATED
PHC-BR-PAT-005,PHC Mokama,Bihar,Patna,BR-PATNA,2026-08-21,2026-08-21T20:00:00,162,146,16,24,8,8,0,100.0,2,2,4,4,False,False,BED_OVERFLOW,SIMULATED
CHC-BR-PAT-001,CHC Phulwari Sharif,Bihar,Patna,BR-PATNA,2026-08-21,2026-08-21T20:00:00,408,358,50,33,30,30,0,100.0,6,6,12,11,False,False,BED_OVERFLOW,SIMULATED
DH-BR-PAT-001,District Hospital Gardanibagh,Bihar,Patna,BR-PATNA,2026-08-21,2026-08-21T20:00:00,1147,1036,111,227,150,150,0,100.0,24,20,45,45,False,False,BED_OVERFLOW,SIMULATED
PHC-BR-GAY-001,PHC Bodh Gaya,Bihar,Gaya,BR-GAYA,2026-08-21,2026-08-21T20:00:00,152,133,19,21,8,8,0,100.0,2,2,4,4,False,False,BED_OVERFLOW,SIMULATED
PHC-BR-GAY-002,PHC Sherghati,Bihar,Gaya,BR-GAYA,2026-08-21,2026-08-21T20:00:00,130,116,14,13,6,6,0,100.0,2,2,4,4,False,False,BED_OVERFLOW,SIMULATED
PHC-BR-GAY-003,PHC Tekari,Bihar,Gaya,BR-GAYA,2026-08-21,2026-08-21T20:00:00,107,97,10,11,6,6,0,100.0,2,2,3,3,False,False,BED_OVERFLOW,SIMULATED
DH-BR-GAY-001,Jay Prakash Narayan District Hospital Gaya,Bihar,Gaya,BR-GAYA,2026-08-21,2026-08-21T20:00:00,1618,1444,174,171,200,200,0,100.0,30,30,60,58,False,False,BED_OVERFLOW,SIMULATED
PHC-UP-VAR-001,PHC Cholapur,Uttar Pradesh,Varanasi,UP-VARANASI,2026-08-21,2026-08-21T20:00:00,157,141,16,22,6,6,0,100.0,2,2,4,4,False,False,BED_OVERFLOW,SIMULATED
PHC-UP-VAR-002,PHC Pindra,Uttar Pradesh,Varanasi,UP-VARANASI,2026-08-21,2026-08-21T20:00:00,163,145,18,34,8,8,0,100.0,3,3,5,5,False,False,BED_OVERFLOW,SIMULATED
PHC-UP-VAR-003,PHC Sevapuri,Uttar Pradesh,Varanasi,UP-VARANASI,2026-08-21,2026-08-21T20:00:00,139,121,18,13,6,6,0,100.0,2,2,4,4,False,False,BED_OVERFLOW,SIMULATED
PHC-UP-VAR-004,PHC Kashi Vidyapeeth,Uttar Pradesh,Varanasi,UP-VARANASI,2026-08-21,2026-08-21T20:00:00,192,174,18,22,10,10,0,100.0,3,3,6,6,False,False,BED_OVERFLOW,SIMULATED
CHC-UP-VAR-001,CHC Misirpur,Uttar Pradesh,Varanasi,UP-VARANASI,2026-08-21,2026-08-21T20:00:00,362,326,36,63,30,30,0,100.0,7,7,14,14,False,False,BED_OVERFLOW,SIMULATED
DH-UP-VAR-001,Pandit Deen Dayal Upadhyay District Hospital,Uttar Pradesh,Varanasi,UP-VARANASI,2026-08-21,2026-08-21T20:00:00,1990,1829,161,240,250,250,0,100.0,38,33,75,75,False,False,BED_OVERFLOW,SIMULATED
PHC-UP-LUK-001,PHC Bakshi Ka Talab,Uttar Pradesh,Lucknow,UP-LUCKNOW,2026-08-21,2026-08-21T20:00:00,193,175,18,20,10,10,0,100.0,3,3,6,6,False,False,BED_OVERFLOW,SIMULATED
PHC-UP-LUK-002,PHC Malihabad,Uttar Pradesh,Lucknow,UP-LUCKNOW,2026-08-21,2026-08-21T20:00:00,158,137,21,28,8,8,0,100.0,2,2,5,5,False,False,BED_OVERFLOW,SIMULATED
PHC-UP-LUK-003,PHC Mohanlalganj,Uttar Pradesh,Lucknow,UP-LUCKNOW,2026-08-21,2026-08-21T20:00:00,175,157,18,25,8,8,0,100.0,2,2,5,5,False,False,BED_OVERFLOW,SIMULATED
DH-UP-LUK-001,Balrampur District Hospital Lucknow,Uttar Pradesh,Lucknow,UP-LUCKNOW,2026-08-21,2026-08-21T20:00:00,2260,1950,310,489,350,350,0,100.0,50,41,110,105,False,False,BED_OVERFLOW,SIMULATED
PHC-RJ-JAI-001,PHC Bassi,Rajasthan,Jaipur,RJ-JAIPUR,2026-08-21,2026-08-21T20:00:00,140,124,16,13,8,8,0,100.0,2,2,5,5,False,False,BED_OVERFLOW,SIMULATED
PHC-RJ-JAI-002,PHC Chaksu,Rajasthan,Jaipur,RJ-JAIPUR,2026-08-21,2026-08-21T20:00:00,139,122,17,11,6,6,0,100.0,2,2,4,4,False,False,BED_OVERFLOW,SIMULATED
PHC-RJ-JAI-003,PHC Amer,Rajasthan,Jaipur,RJ-JAIPUR,2026-08-21,2026-08-21T20:00:00,185,167,18,27,10,10,0,100.0,3,3,6,6,False,False,BED_OVERFLOW,SIMULATED
DH-RJ-JAI-001,Kanwatia District Hospital Jaipur,Rajasthan,Jaipur,RJ-JAIPUR,2026-08-21,2026-08-21T20:00:00,1922,1763,159,384,200,200,0,100.0,32,31,68,64,False,False,BED_OVERFLOW,SIMULATED
PHC-MH-PUN-001,PHC Mulshi,Maharashtra,Pune,MH-PUNE,2026-08-21,2026-08-21T20:00:00,116,99,17,24,8,8,0,100.0,2,2,5,5,False,False,BED_OVERFLOW,SIMULATED
PHC-MH-PUN-002,PHC Haveli,Maharashtra,Pune,MH-PUNE,2026-08-21,2026-08-21T20:00:00,232,207,25,29,10,10,0,100.0,3,3,6,6,False,False,BED_OVERFLOW,SIMULATED
PHC-MH-PUN-003,PHC Khed,Maharashtra,Pune,MH-PUNE,2026-08-21,2026-08-21T20:00:00,175,156,19,14,8,8,0,100.0,2,2,5,5,False,False,BED_OVERFLOW,SIMULATED
DH-MH-PUN-001,Aundh District Hospital Pune,Maharashtra,Pune,MH-PUNE,2026-08-21,2026-08-21T20:00:00,1993,1773,220,362,300,300,0,100.0,42,39,90,90,False,False,BED_OVERFLOW,SIMULATED
PHC-KA-BEN-001,PHC Yelahanka,Karnataka,Bengaluru Urban,KA-BENGALURU-U,2026-08-21,2026-08-21T20:00:00,238,217,21,49,10,10,0,100.0,3,3,7,7,False,False,BED_OVERFLOW,SIMULATED
PHC-KA-BEN-002,PHC Anekal,Karnataka,Bengaluru Urban,KA-BENGALURU-U,2026-08-21,2026-08-21T20:00:00,186,166,20,23,8,8,0,100.0,2,2,5,5,False,False,BED_OVERFLOW,SIMULATED
PHC-KA-BEN-003,PHC Kengeri,Karnataka,Bengaluru Urban,KA-BENGALURU-U,2026-08-21,2026-08-21T20:00:00,216,196,20,43,10,10,0,100.0,3,3,6,6,False,False,BED_OVERFLOW,SIMULATED
DH-KA-BEN-001,KC General District Hospital Malleshwaram,Karnataka,Bengaluru Urban,KA-BENGALURU-U,2026-08-21,2026-08-21T20:00:00,2434,2135,299,273,350,350,0,100.0,48,42,105,90,False,False,BED_OVERFLOW,SIMULATED
PHC-BR-PAT-001,PHC Bakhtiyarpur,Bihar,Patna,BR-PATNA,2026-08-22,2026-08-22T20:00:00,141,122,19,30,6,6,0,100.0,2,2,4,4,False,False,BED_OVERFLOW,SIMULATED
PHC-BR-PAT-002,PHC Danapur,Bihar,Patna,BR-PATNA,2026-08-22,2026-08-22T20:00:00,212,185,27,34,10,10,0,100.0,3,3,6,6,False,False,BED_OVERFLOW,SIMULATED
PHC-BR-PAT-003,PHC Bihta,Bihar,Patna,BR-PATNA,2026-08-22,2026-08-22T20:00:00,151,132,19,13,8,8,0,100.0,2,2,5,5,False,False,BED_OVERFLOW,SIMULATED
PHC-BR-PAT-004,PHC Fatuha,Bihar,Patna,BR-PATNA,2026-08-22,2026-08-22T20:00:00,125,112,13,12,6,6,0,100.0,2,2,4,4,False,False,BED_OVERFLOW,SIMULATED
PHC-BR-PAT-005,PHC Mokama,Bihar,Patna,BR-PATNA,2026-08-22,2026-08-22T20:00:00,159,140,19,13,8,8,0,100.0,2,2,4,4,False,False,BED_OVERFLOW,SIMULATED
CHC-BR-PAT-001,CHC Phulwari Sharif,Bihar,Patna,BR-PATNA,2026-08-22,2026-08-22T20:00:00,369,326,43,79,30,30,0,100.0,6,6,12,11,False,False,BED_OVERFLOW,SIMULATED
DH-BR-PAT-001,District Hospital Gardanibagh,Bihar,Patna,BR-PATNA,2026-08-22,2026-08-22T20:00:00,1105,999,106,154,150,150,0,100.0,24,24,45,45,False,False,BED_OVERFLOW,SIMULATED
PHC-BR-GAY-001,PHC Bodh Gaya,Bihar,Gaya,BR-GAYA,2026-08-22,2026-08-22T20:00:00,152,138,14,13,8,8,0,100.0,2,2,4,4,False,False,BED_OVERFLOW,SIMULATED
PHC-BR-GAY-002,PHC Sherghati,Bihar,Gaya,BR-GAYA,2026-08-22,2026-08-22T20:00:00,125,112,13,24,6,6,0,100.0,2,2,4,4,False,False,BED_OVERFLOW,SIMULATED
PHC-BR-GAY-003,PHC Tekari,Bihar,Gaya,BR-GAYA,2026-08-22,2026-08-22T20:00:00,95,82,13,20,6,6,0,100.0,2,2,3,3,False,False,BED_OVERFLOW,SIMULATED
DH-BR-GAY-001,Jay Prakash Narayan District Hospital Gaya,Bihar,Gaya,BR-GAYA,2026-08-22,2026-08-22T20:00:00,1590,1391,199,203,200,200,0,100.0,30,27,60,56,False,False,BED_OVERFLOW,SIMULATED
PHC-UP-VAR-001,PHC Cholapur,Uttar Pradesh,Varanasi,UP-VARANASI,2026-08-22,2026-08-22T20:00:00,166,147,19,15,6,6,0,100.0,2,2,4,4,False,False,BED_OVERFLOW,SIMULATED
PHC-UP-VAR-002,PHC Pindra,Uttar Pradesh,Varanasi,UP-VARANASI,2026-08-22,2026-08-22T20:00:00,182,163,19,18,8,8,0,100.0,3,3,5,5,False,False,BED_OVERFLOW,SIMULATED
PHC-UP-VAR-003,PHC Sevapuri,Uttar Pradesh,Varanasi,UP-VARANASI,2026-08-22,2026-08-22T20:00:00,149,134,15,12,6,6,0,100.0,2,2,4,4,False,False,BED_OVERFLOW,SIMULATED
PHC-UP-VAR-004,PHC Kashi Vidyapeeth,Uttar Pradesh,Varanasi,UP-VARANASI,2026-08-22,2026-08-22T20:00:00,210,187,23,29,10,10,0,100.0,3,3,6,6,False,False,BED_OVERFLOW,SIMULATED
CHC-UP-VAR-001,CHC Misirpur,Uttar Pradesh,Varanasi,UP-VARANASI,2026-08-22,2026-08-22T20:00:00,406,365,41,63,30,30,0,100.0,7,6,14,12,False,False,BED_OVERFLOW,SIMULATED
DH-UP-VAR-001,Pandit Deen Dayal Upadhyay District Hospital,Uttar Pradesh,Varanasi,UP-VARANASI,2026-08-22,2026-08-22T20:00:00,1928,1685,243,255,250,250,0,100.0,38,31,75,72,False,False,BED_OVERFLOW,SIMULATED
PHC-UP-LUK-001,PHC Bakshi Ka Talab,Uttar Pradesh,Lucknow,UP-LUCKNOW,2026-08-22,2026-08-22T20:00:00,203,180,23,35,10,10,0,100.0,3,3,6,6,False,False,BED_OVERFLOW,SIMULATED
PHC-UP-LUK-002,PHC Malihabad,Uttar Pradesh,Lucknow,UP-LUCKNOW,2026-08-22,2026-08-22T20:00:00,154,137,17,27,8,8,0,100.0,2,2,5,5,False,False,BED_OVERFLOW,SIMULATED
PHC-UP-LUK-003,PHC Mohanlalganj,Uttar Pradesh,Lucknow,UP-LUCKNOW,2026-08-22,2026-08-22T20:00:00,170,146,24,37,8,8,0,100.0,2,2,5,5,False,False,BED_OVERFLOW,SIMULATED
DH-UP-LUK-001,Balrampur District Hospital Lucknow,Uttar Pradesh,Lucknow,UP-LUCKNOW,2026-08-22,2026-08-22T20:00:00,2379,2153,226,425,350,350,0,100.0,50,47,110,107,False,False,BED_OVERFLOW,SIMULATED
PHC-RJ-JAI-001,PHC Bassi,Rajasthan,Jaipur,RJ-JAIPUR,2026-08-22,2026-08-22T20:00:00,149,133,16,19,8,8,0,100.0,2,2,5,5,False,False,BED_OVERFLOW,SIMULATED
PHC-RJ-JAI-002,PHC Chaksu,Rajasthan,Jaipur,RJ-JAIPUR,2026-08-22,2026-08-22T20:00:00,144,129,15,23,6,6,0,100.0,2,2,4,4,False,False,BED_OVERFLOW,SIMULATED
PHC-RJ-JAI-003,PHC Amer,Rajasthan,Jaipur,RJ-JAIPUR,2026-08-22,2026-08-22T20:00:00,180,159,21,36,10,10,0,100.0,3,3,6,6,False,False,BED_OVERFLOW,SIMULATED
DH-RJ-JAI-001,Kanwatia District Hospital Jaipur,Rajasthan,Jaipur,RJ-JAIPUR,2026-08-22,2026-08-22T20:00:00,1671,1475,196,356,200,200,0,100.0,32,28,68,59,False,False,BED_OVERFLOW,SIMULATED
PHC-MH-PUN-001,PHC Mulshi,Maharashtra,Pune,MH-PUNE,2026-08-22,2026-08-22T20:00:00,137,117,20,20,8,8,0,100.0,2,2,5,5,False,False,BED_OVERFLOW,SIMULATED
PHC-MH-PUN-002,PHC Haveli,Maharashtra,Pune,MH-PUNE,2026-08-22,2026-08-22T20:00:00,233,203,30,24,10,10,0,100.0,3,3,6,6,False,False,BED_OVERFLOW,SIMULATED
PHC-MH-PUN-003,PHC Khed,Maharashtra,Pune,MH-PUNE,2026-08-22,2026-08-22T20:00:00,151,137,14,18,8,8,0,100.0,2,2,5,5,False,False,BED_OVERFLOW,SIMULATED
DH-MH-PUN-001,Aundh District Hospital Pune,Maharashtra,Pune,MH-PUNE,2026-08-22,2026-08-22T20:00:00,2235,1997,238,472,300,300,0,100.0,42,40,90,90,False,False,BED_OVERFLOW,SIMULATED
PHC-KA-BEN-001,PHC Yelahanka,Karnataka,Bengaluru Urban,KA-BENGALURU-U,2026-08-22,2026-08-22T20:00:00,243,215,28,32,10,10,0,100.0,3,3,7,7,False,False,BED_OVERFLOW,SIMULATED
PHC-KA-BEN-002,PHC Anekal,Karnataka,Bengaluru Urban,KA-BENGALURU-U,2026-08-22,2026-08-22T20:00:00,167,143,24,23,8,8,0,100.0,2,2,5,5,False,False,BED_OVERFLOW,SIMULATED
PHC-KA-BEN-003,PHC Kengeri,Karnataka,Bengaluru Urban,KA-BENGALURU-U,2026-08-22,2026-08-22T20:00:00,216,195,21,33,10,10,0,100.0,3,3,6,6,False,False,BED_OVERFLOW,SIMULATED
DH-KA-BEN-001,KC General District Hospital Malleshwaram,Karnataka,Bengaluru Urban,KA-BENGALURU-U,2026-08-22,2026-08-22T20:00:00,2634,2322,312,300,350,350,0,100.0,48,40,105,104,False,False,BED_OVERFLOW,SIMULATED
PHC-BR-PAT-001,PHC Bakhtiyarpur,Bihar,Patna,BR-PATNA,2026-08-23,2026-08-23T20:00:00,56,50,6,11,6,6,0,100.0,2,2,4,4,False,False,BED_OVERFLOW,SIMULATED
PHC-BR-PAT-002,PHC Danapur,Bihar,Patna,BR-PATNA,2026-08-23,2026-08-23T20:00:00,80,73,7,16,10,10,0,100.0,3,2,6,5,False,False,BED_OVERFLOW,SIMULATED
PHC-BR-PAT-003,PHC Bihta,Bihar,Patna,BR-PATNA,2026-08-23,2026-08-23T20:00:00,62,55,7,7,8,8,0,100.0,2,2,5,4,False,False,BED_OVERFLOW,SIMULATED
PHC-BR-PAT-004,PHC Fatuha,Bihar,Patna,BR-PATNA,2026-08-23,2026-08-23T20:00:00,61,54,7,7,6,6,0,100.0,2,2,4,3,False,False,BED_OVERFLOW,SIMULATED
PHC-BR-PAT-005,PHC Mokama,Bihar,Patna,BR-PATNA,2026-08-23,2026-08-23T20:00:00,68,61,7,9,8,8,0,100.0,2,2,4,3,False,False,BED_OVERFLOW,SIMULATED
CHC-BR-PAT-001,CHC Phulwari Sharif,Bihar,Patna,BR-PATNA,2026-08-23,2026-08-23T20:00:00,134,121,13,11,30,30,0,100.0,6,4,12,9,False,False,BED_OVERFLOW,SIMULATED
DH-BR-PAT-001,District Hospital Gardanibagh,Bihar,Patna,BR-PATNA,2026-08-23,2026-08-23T20:00:00,554,499,55,55,150,119,31,79.33,24,15,45,33,False,False,NORMAL,SIMULATED
PHC-BR-GAY-001,PHC Bodh Gaya,Bihar,Gaya,BR-GAYA,2026-08-23,2026-08-23T20:00:00,58,53,5,10,8,8,0,100.0,2,2,4,3,False,False,BED_OVERFLOW,SIMULATED
PHC-BR-GAY-002,PHC Sherghati,Bihar,Gaya,BR-GAYA,2026-08-23,2026-08-23T20:00:00,49,43,6,5,6,6,0,100.0,2,2,4,3,False,False,BED_OVERFLOW,SIMULATED
PHC-BR-GAY-003,PHC Tekari,Bihar,Gaya,BR-GAYA,2026-08-23,2026-08-23T20:00:00,47,42,5,4,6,6,0,100.0,2,2,3,3,False,False,BED_OVERFLOW,SIMULATED
DH-BR-GAY-001,Jay Prakash Narayan District Hospital Gaya,Bihar,Gaya,BR-GAYA,2026-08-23,2026-08-23T20:00:00,626,546,80,50,200,200,0,100.0,30,18,60,41,False,True,BED_OVERFLOW,SIMULATED
PHC-UP-VAR-001,PHC Cholapur,Uttar Pradesh,Varanasi,UP-VARANASI,2026-08-23,2026-08-23T20:00:00,65,59,6,5,6,6,0,100.0,2,2,4,4,False,False,BED_OVERFLOW,SIMULATED
PHC-UP-VAR-002,PHC Pindra,Uttar Pradesh,Varanasi,UP-VARANASI,2026-08-23,2026-08-23T20:00:00,73,64,9,6,8,8,0,100.0,3,2,5,4,False,False,BED_OVERFLOW,SIMULATED
PHC-UP-VAR-003,PHC Sevapuri,Uttar Pradesh,Varanasi,UP-VARANASI,2026-08-23,2026-08-23T20:00:00,56,51,5,11,6,6,0,100.0,2,2,4,3,False,False,BED_OVERFLOW,SIMULATED
PHC-UP-VAR-004,PHC Kashi Vidyapeeth,Uttar Pradesh,Varanasi,UP-VARANASI,2026-08-23,2026-08-23T20:00:00,89,79,10,10,10,10,0,100.0,3,2,6,5,False,False,BED_OVERFLOW,SIMULATED
CHC-UP-VAR-001,CHC Misirpur,Uttar Pradesh,Varanasi,UP-VARANASI,2026-08-23,2026-08-23T20:00:00,161,141,20,23,30,30,0,100.0,7,5,14,10,False,False,BED_OVERFLOW,SIMULATED
DH-UP-VAR-001,Pandit Deen Dayal Upadhyay District Hospital,Uttar Pradesh,Varanasi,UP-VARANASI,2026-08-23,2026-08-23T20:00:00,740,675,65,157,250,162,88,64.8,38,24,75,46,False,True,NORMAL,SIMULATED
PHC-UP-LUK-001,PHC Bakshi Ka Talab,Uttar Pradesh,Lucknow,UP-LUCKNOW,2026-08-23,2026-08-23T20:00:00,89,78,11,15,10,10,0,100.0,3,3,6,5,False,False,BED_OVERFLOW,SIMULATED
PHC-UP-LUK-002,PHC Malihabad,Uttar Pradesh,Lucknow,UP-LUCKNOW,2026-08-23,2026-08-23T20:00:00,65,58,7,8,8,8,0,100.0,2,2,5,4,False,False,BED_OVERFLOW,SIMULATED
PHC-UP-LUK-003,PHC Mohanlalganj,Uttar Pradesh,Lucknow,UP-LUCKNOW,2026-08-23,2026-08-23T20:00:00,73,65,8,13,8,8,0,100.0,2,2,5,4,False,False,BED_OVERFLOW,SIMULATED
DH-UP-LUK-001,Balrampur District Hospital Lucknow,Uttar Pradesh,Lucknow,UP-LUCKNOW,2026-08-23,2026-08-23T20:00:00,893,769,124,171,350,319,31,91.14,50,30,110,80,False,False,NORMAL,SIMULATED
PHC-RJ-JAI-001,PHC Bassi,Rajasthan,Jaipur,RJ-JAIPUR,2026-08-23,2026-08-23T20:00:00,67,59,8,8,8,8,0,100.0,2,2,5,4,False,False,BED_OVERFLOW,SIMULATED
PHC-RJ-JAI-002,PHC Chaksu,Rajasthan,Jaipur,RJ-JAIPUR,2026-08-23,2026-08-23T20:00:00,57,51,6,10,6,6,0,100.0,2,2,4,3,False,False,BED_OVERFLOW,SIMULATED
PHC-RJ-JAI-003,PHC Amer,Rajasthan,Jaipur,RJ-JAIPUR,2026-08-23,2026-08-23T20:00:00,79,70,9,7,10,10,0,100.0,3,2,6,4,False,True,BED_OVERFLOW,SIMULATED
DH-RJ-JAI-001,Kanwatia District Hospital Jaipur,Rajasthan,Jaipur,RJ-JAIPUR,2026-08-23,2026-08-23T20:00:00,756,692,64,161,200,145,55,72.5,32,21,68,44,False,True,NORMAL,SIMULATED
PHC-MH-PUN-001,PHC Mulshi,Maharashtra,Pune,MH-PUNE,2026-08-23,2026-08-23T20:00:00,46,40,6,9,8,8,0,100.0,2,2,5,4,False,False,BED_OVERFLOW,SIMULATED
PHC-MH-PUN-002,PHC Haveli,Maharashtra,Pune,MH-PUNE,2026-08-23,2026-08-23T20:00:00,89,76,13,17,10,10,0,100.0,3,2,6,4,False,True,BED_OVERFLOW,SIMULATED
PHC-MH-PUN-003,PHC Khed,Maharashtra,Pune,MH-PUNE,2026-08-23,2026-08-23T20:00:00,67,60,7,5,8,8,0,100.0,2,2,5,4,False,False,BED_OVERFLOW,SIMULATED
DH-MH-PUN-001,Aundh District Hospital Pune,Maharashtra,Pune,MH-PUNE,2026-08-23,2026-08-23T20:00:00,928,826,102,161,300,217,83,72.33,42,26,90,65,False,False,NORMAL,SIMULATED
PHC-KA-BEN-001,PHC Yelahanka,Karnataka,Bengaluru Urban,KA-BENGALURU-U,2026-08-23,2026-08-23T20:00:00,111,97,14,10,10,10,0,100.0,3,2,7,6,False,False,BED_OVERFLOW,SIMULATED
PHC-KA-BEN-002,PHC Anekal,Karnataka,Bengaluru Urban,KA-BENGALURU-U,2026-08-23,2026-08-23T20:00:00,75,65,10,8,8,8,0,100.0,2,2,5,4,False,False,BED_OVERFLOW,SIMULATED
PHC-KA-BEN-003,PHC Kengeri,Karnataka,Bengaluru Urban,KA-BENGALURU-U,2026-08-23,2026-08-23T20:00:00,94,82,12,9,10,10,0,100.0,3,2,6,5,False,False,BED_OVERFLOW,SIMULATED
DH-KA-BEN-001,KC General District Hospital Malleshwaram,Karnataka,Bengaluru Urban,KA-BENGALURU-U,2026-08-23,2026-08-23T20:00:00,1018,881,137,120,350,350,0,100.0,48,27,105,68,False,True,BED_OVERFLOW,SIMULATED
PHC-BR-PAT-001,PHC Bakhtiyarpur,Bihar,Patna,BR-PATNA,2026-08-24,2026-08-24T20:00:00,299,271,28,61,6,6,0,100.0,2,2,4,4,False,False,SURGE_ALERT,SIMULATED
PHC-BR-PAT-002,PHC Danapur,Bihar,Patna,BR-PATNA,2026-08-24,2026-08-24T20:00:00,459,403,56,142,10,10,0,100.0,3,3,6,6,False,False,SURGE_ALERT,SIMULATED
PHC-BR-PAT-003,PHC Bihta,Bihar,Patna,BR-PATNA,2026-08-24,2026-08-24T20:00:00,314,273,41,48,8,8,0,100.0,2,2,5,5,False,False,SURGE_ALERT,SIMULATED
PHC-BR-PAT-004,PHC Fatuha,Bihar,Patna,BR-PATNA,2026-08-24,2026-08-24T20:00:00,273,240,33,88,6,6,0,100.0,2,2,4,4,False,False,SURGE_ALERT,SIMULATED
PHC-BR-PAT-005,PHC Mokama,Bihar,Patna,BR-PATNA,2026-08-24,2026-08-24T20:00:00,366,314,52,90,8,8,0,100.0,2,2,4,4,False,False,SURGE_ALERT,SIMULATED
CHC-BR-PAT-001,CHC Phulwari Sharif,Bihar,Patna,BR-PATNA,2026-08-24,2026-08-24T20:00:00,904,828,76,113,30,30,0,100.0,6,6,12,11,False,False,SURGE_ALERT,SIMULATED
DH-BR-PAT-001,District Hospital Gardanibagh,Bihar,Patna,BR-PATNA,2026-08-24,2026-08-24T20:00:00,2846,2561,285,732,150,150,0,100.0,24,20,45,44,True,False,SURGE_ALERT,SIMULATED
PHC-BR-GAY-001,PHC Bodh Gaya,Bihar,Gaya,BR-GAYA,2026-08-24,2026-08-24T20:00:00,189,173,16,27,8,8,0,100.0,2,2,4,4,False,False,BED_OVERFLOW,SIMULATED
PHC-BR-GAY-002,PHC Sherghati,Bihar,Gaya,BR-GAYA,2026-08-24,2026-08-24T20:00:00,196,171,25,21,6,6,0,100.0,2,2,4,4,False,False,BED_OVERFLOW,SIMULATED
PHC-BR-GAY-003,PHC Tekari,Bihar,Gaya,BR-GAYA,2026-08-24,2026-08-24T20:00:00,149,136,13,28,6,6,0,100.0,2,2,3,3,False,False,BED_OVERFLOW,SIMULATED
DH-BR-GAY-001,Jay Prakash Narayan District Hospital Gaya,Bihar,Gaya,BR-GAYA,2026-08-24,2026-08-24T20:00:00,2417,2109,308,253,200,200,0,100.0,30,30,60,60,False,False,BED_OVERFLOW,SIMULATED
PHC-UP-VAR-001,PHC Cholapur,Uttar Pradesh,Varanasi,UP-VARANASI,2026-08-24,2026-08-24T20:00:00,233,204,29,20,6,6,0,100.0,2,2,4,4,False,False,BED_OVERFLOW,SIMULATED
PHC-UP-VAR-002,PHC Pindra,Uttar Pradesh,Varanasi,UP-VARANASI,2026-08-24,2026-08-24T20:00:00,249,223,26,35,8,8,0,100.0,3,3,5,5,False,False,BED_OVERFLOW,SIMULATED
PHC-UP-VAR-003,PHC Sevapuri,Uttar Pradesh,Varanasi,UP-VARANASI,2026-08-24,2026-08-24T20:00:00,182,162,20,20,6,6,0,100.0,2,2,4,4,False,False,BED_OVERFLOW,SIMULATED
PHC-UP-VAR-004,PHC Kashi Vidyapeeth,Uttar Pradesh,Varanasi,UP-VARANASI,2026-08-24,2026-08-24T20:00:00,347,308,39,36,10,10,0,100.0,3,3,6,6,False,False,BED_OVERFLOW,SIMULATED
CHC-UP-VAR-001,CHC Misirpur,Uttar Pradesh,Varanasi,UP-VARANASI,2026-08-24,2026-08-24T20:00:00,580,512,68,67,30,30,0,100.0,7,7,14,14,False,False,BED_OVERFLOW,SIMULATED
DH-UP-VAR-001,Pandit Deen Dayal Upadhyay District Hospital,Uttar Pradesh,Varanasi,UP-VARANASI,2026-08-24,2026-08-24T20:00:00,3309,3020,289,713,250,250,0,100.0,38,32,75,70,False,False,BED_OVERFLOW,SIMULATED
PHC-UP-LUK-001,PHC Bakshi Ka Talab,Uttar Pradesh,Lucknow,UP-LUCKNOW,2026-08-24,2026-08-24T20:00:00,274,239,35,36,10,10,0,100.0,3,3,6,6,False,False,BED_OVERFLOW,SIMULATED
PHC-UP-LUK-002,PHC Malihabad,Uttar Pradesh,Lucknow,UP-LUCKNOW,2026-08-24,2026-08-24T20:00:00,244,215,29,35,8,8,0,100.0,2,2,5,5,False,False,BED_OVERFLOW,SIMULATED
PHC-UP-LUK-003,PHC Mohanlalganj,Uttar Pradesh,Lucknow,UP-LUCKNOW,2026-08-24,2026-08-24T20:00:00,262,232,30,21,8,8,0,100.0,2,2,5,5,False,False,BED_OVERFLOW,SIMULATED
DH-UP-LUK-001,Balrampur District Hospital Lucknow,Uttar Pradesh,Lucknow,UP-LUCKNOW,2026-08-24,2026-08-24T20:00:00,3181,2784,397,478,350,350,0,100.0,50,48,110,109,False,False,BED_OVERFLOW,SIMULATED
PHC-RJ-JAI-001,PHC Bassi,Rajasthan,Jaipur,RJ-JAIPUR,2026-08-24,2026-08-24T20:00:00,219,200,19,26,8,8,0,100.0,2,2,5,5,False,False,BED_OVERFLOW,SIMULATED
PHC-RJ-JAI-002,PHC Chaksu,Rajasthan,Jaipur,RJ-JAIPUR,2026-08-24,2026-08-24T20:00:00,209,181,28,26,6,6,0,100.0,2,2,4,4,False,False,BED_OVERFLOW,SIMULATED
PHC-RJ-JAI-003,PHC Amer,Rajasthan,Jaipur,RJ-JAIPUR,2026-08-24,2026-08-24T20:00:00,278,241,37,47,10,10,0,100.0,3,3,6,6,False,False,BED_OVERFLOW,SIMULATED
DH-RJ-JAI-001,Kanwatia District Hospital Jaipur,Rajasthan,Jaipur,RJ-JAIPUR,2026-08-24,2026-08-24T20:00:00,2556,2331,225,416,200,200,0,100.0,32,30,68,64,False,False,BED_OVERFLOW,SIMULATED
PHC-MH-PUN-001,PHC Mulshi,Maharashtra,Pune,MH-PUNE,2026-08-24,2026-08-24T20:00:00,196,177,19,16,8,8,0,100.0,2,2,5,5,False,False,BED_OVERFLOW,SIMULATED
PHC-MH-PUN-002,PHC Haveli,Maharashtra,Pune,MH-PUNE,2026-08-24,2026-08-24T20:00:00,308,274,34,48,10,10,0,100.0,3,3,6,6,False,False,BED_OVERFLOW,SIMULATED
PHC-MH-PUN-003,PHC Khed,Maharashtra,Pune,MH-PUNE,2026-08-24,2026-08-24T20:00:00,243,213,30,28,8,8,0,100.0,2,2,5,5,False,False,BED_OVERFLOW,SIMULATED
DH-MH-PUN-001,Aundh District Hospital Pune,Maharashtra,Pune,MH-PUNE,2026-08-24,2026-08-24T20:00:00,3289,3007,282,635,300,300,0,100.0,42,35,90,84,False,False,BED_OVERFLOW,SIMULATED
PHC-KA-BEN-001,PHC Yelahanka,Karnataka,Bengaluru Urban,KA-BENGALURU-U,2026-08-24,2026-08-24T20:00:00,319,284,35,35,10,10,0,100.0,3,3,7,7,False,False,BED_OVERFLOW,SIMULATED
PHC-KA-BEN-002,PHC Anekal,Karnataka,Bengaluru Urban,KA-BENGALURU-U,2026-08-24,2026-08-24T20:00:00,276,240,36,58,8,8,0,100.0,2,2,5,5,False,False,BED_OVERFLOW,SIMULATED
PHC-KA-BEN-003,PHC Kengeri,Karnataka,Bengaluru Urban,KA-BENGALURU-U,2026-08-24,2026-08-24T20:00:00,335,292,43,35,10,10,0,100.0,3,3,6,6,False,False,BED_OVERFLOW,SIMULATED
DH-KA-BEN-001,KC General District Hospital Malleshwaram,Karnataka,Bengaluru Urban,KA-BENGALURU-U,2026-08-24,2026-08-24T20:00:00,3960,3641,319,543,350,350,0,100.0,48,40,105,102,False,False,BED_OVERFLOW,SIMULATED
PHC-BR-PAT-001,PHC Bakhtiyarpur,Bihar,Patna,BR-PATNA,2026-08-25,2026-08-25T20:00:00,228,199,29,35,6,6,0,100.0,2,2,4,4,False,False,SURGE_ALERT,SIMULATED
PHC-BR-PAT-002,PHC Danapur,Bihar,Patna,BR-PATNA,2026-08-25,2026-08-25T20:00:00,373,335,38,88,10,10,0,100.0,3,3,6,6,False,False,SURGE_ALERT,SIMULATED
PHC-BR-PAT-003,PHC Bihta,Bihar,Patna,BR-PATNA,2026-08-25,2026-08-25T20:00:00,243,209,34,55,8,8,0,100.0,2,2,5,5,False,False,SURGE_ALERT,SIMULATED
PHC-BR-PAT-004,PHC Fatuha,Bihar,Patna,BR-PATNA,2026-08-25,2026-08-25T20:00:00,217,191,26,35,6,6,0,100.0,2,2,4,4,False,False,SURGE_ALERT,SIMULATED
PHC-BR-PAT-005,PHC Mokama,Bihar,Patna,BR-PATNA,2026-08-25,2026-08-25T20:00:00,270,243,27,62,8,8,0,100.0,2,2,4,4,False,False,SURGE_ALERT,SIMULATED
CHC-BR-PAT-001,CHC Phulwari Sharif,Bihar,Patna,BR-PATNA,2026-08-25,2026-08-25T20:00:00,689,622,67,90,30,30,0,100.0,6,6,12,12,False,False,SURGE_ALERT,SIMULATED
DH-BR-PAT-001,District Hospital Gardanibagh,Bihar,Patna,BR-PATNA,2026-08-25,2026-08-25T20:00:00,2135,1845,290,350,150,150,0,100.0,24,24,45,45,False,False,SURGE_ALERT,SIMULATED
PHC-BR-GAY-001,PHC Bodh Gaya,Bihar,Gaya,BR-GAYA,2026-08-25,2026-08-25T20:00:00,165,150,15,15,8,8,0,100.0,2,2,4,4,False,False,BED_OVERFLOW,SIMULATED
PHC-BR-GAY-002,PHC Sherghati,Bihar,Gaya,BR-GAYA,2026-08-25,2026-08-25T20:00:00,156,138,18,19,6,6,0,100.0,2,2,4,4,False,False,BED_OVERFLOW,SIMULATED
PHC-BR-GAY-003,PHC Tekari,Bihar,Gaya,BR-GAYA,2026-08-25,2026-08-25T20:00:00,122,110,12,20,6,6,0,100.0,2,2,3,3,False,False,BED_OVERFLOW,SIMULATED
DH-BR-GAY-001,Jay Prakash Narayan District Hospital Gaya,Bihar,Gaya,BR-GAYA,2026-08-25,2026-08-25T20:00:00,1794,1566,228,315,200,200,0,100.0,30,28,60,58,False,False,BED_OVERFLOW,SIMULATED
PHC-UP-VAR-001,PHC Cholapur,Uttar Pradesh,Varanasi,UP-VARANASI,2026-08-25,2026-08-25T20:00:00,180,161,19,35,6,6,0,100.0,2,2,4,4,False,False,BED_OVERFLOW,SIMULATED
PHC-UP-VAR-002,PHC Pindra,Uttar Pradesh,Varanasi,UP-VARANASI,2026-08-25,2026-08-25T20:00:00,194,174,20,38,8,8,0,100.0,3,3,5,5,False,False,BED_OVERFLOW,SIMULATED
PHC-UP-VAR-003,PHC Sevapuri,Uttar Pradesh,Varanasi,UP-VARANASI,2026-08-25,2026-08-25T20:00:00,158,143,15,33,6,6,0,100.0,2,2,4,4,False,False,BED_OVERFLOW,SIMULATED
PHC-UP-VAR-004,PHC Kashi Vidyapeeth,Uttar Pradesh,Varanasi,UP-VARANASI,2026-08-25,2026-08-25T20:00:00,235,215,20,45,10,10,0,100.0,3,3,6,6,False,False,BED_OVERFLOW,SIMULATED
CHC-UP-VAR-001,CHC Misirpur,Uttar Pradesh,Varanasi,UP-VARANASI,2026-08-25,2026-08-25T20:00:00,476,414,62,86,30,30,0,100.0,7,7,14,14,False,False,BED_OVERFLOW,SIMULATED
DH-UP-VAR-001,Pandit Deen Dayal Upadhyay District Hospital,Uttar Pradesh,Varanasi,UP-VARANASI,2026-08-25,2026-08-25T20:00:00,2246,2038,208,217,250,250,0,100.0,38,38,75,70,False,False,BED_OVERFLOW,SIMULATED
PHC-UP-LUK-001,PHC Bakshi Ka Talab,Uttar Pradesh,Lucknow,UP-LUCKNOW,2026-08-25,2026-08-25T20:00:00,246,223,23,23,10,10,0,100.0,3,3,6,6,False,False,BED_OVERFLOW,SIMULATED
PHC-UP-LUK-002,PHC Malihabad,Uttar Pradesh,Lucknow,UP-LUCKNOW,2026-08-25,2026-08-25T20:00:00,180,159,21,22,8,8,0,100.0,2,2,5,5,False,False,BED_OVERFLOW,SIMULATED
PHC-UP-LUK-003,PHC Mohanlalganj,Uttar Pradesh,Lucknow,UP-LUCKNOW,2026-08-25,2026-08-25T20:00:00,204,184,20,40,8,8,0,100.0,2,2,5,5,False,False,BED_OVERFLOW,SIMULATED
DH-UP-LUK-001,Balrampur District Hospital Lucknow,Uttar Pradesh,Lucknow,UP-LUCKNOW,2026-08-25,2026-08-25T20:00:00,2931,2557,374,280,350,350,0,100.0,50,47,110,107,False,False,BED_OVERFLOW,SIMULATED
PHC-RJ-JAI-001,PHC Bassi,Rajasthan,Jaipur,RJ-JAIPUR,2026-08-25,2026-08-25T20:00:00,184,164,20,16,8,8,0,100.0,2,2,5,5,False,False,BED_OVERFLOW,SIMULATED
PHC-RJ-JAI-002,PHC Chaksu,Rajasthan,Jaipur,RJ-JAIPUR,2026-08-25,2026-08-25T20:00:00,163,149,14,13,6,6,0,100.0,2,2,4,4,False,False,BED_OVERFLOW,SIMULATED
PHC-RJ-JAI-003,PHC Amer,Rajasthan,Jaipur,RJ-JAIPUR,2026-08-25,2026-08-25T20:00:00,213,195,18,35,10,10,0,100.0,3,3,6,6,False,False,BED_OVERFLOW,SIMULATED
DH-RJ-JAI-001,Kanwatia District Hospital Jaipur,Rajasthan,Jaipur,RJ-JAIPUR,2026-08-25,2026-08-25T20:00:00,2189,1936,253,399,200,200,0,100.0,32,27,68,62,False,False,BED_OVERFLOW,SIMULATED
PHC-MH-PUN-001,PHC Mulshi,Maharashtra,Pune,MH-PUNE,2026-08-25,2026-08-25T20:00:00,136,119,17,21,8,8,0,100.0,2,2,5,5,False,False,BED_OVERFLOW,SIMULATED
PHC-MH-PUN-002,PHC Haveli,Maharashtra,Pune,MH-PUNE,2026-08-25,2026-08-25T20:00:00,245,220,25,33,10,10,0,100.0,3,3,6,6,False,False,BED_OVERFLOW,SIMULATED
PHC-MH-PUN-003,PHC Khed,Maharashtra,Pune,MH-PUNE,2026-08-25,2026-08-25T20:00:00,166,142,24,23,8,8,0,100.0,2,2,5,5,False,False,BED_OVERFLOW,SIMULATED
DH-MH-PUN-001,Aundh District Hospital Pune,Maharashtra,Pune,MH-PUNE,2026-08-25,2026-08-25T20:00:00,2674,2431,243,224,300,300,0,100.0,42,36,90,80,False,False,BED_OVERFLOW,SIMULATED
PHC-KA-BEN-001,PHC Yelahanka,Karnataka,Bengaluru Urban,KA-BENGALURU-U,2026-08-25,2026-08-25T20:00:00,302,266,36,40,10,10,0,100.0,3,3,7,7,False,False,BED_OVERFLOW,SIMULATED
PHC-KA-BEN-002,PHC Anekal,Karnataka,Bengaluru Urban,KA-BENGALURU-U,2026-08-25,2026-08-25T20:00:00,179,154,25,34,8,8,0,100.0,2,2,5,5,False,False,BED_OVERFLOW,SIMULATED
PHC-KA-BEN-003,PHC Kengeri,Karnataka,Bengaluru Urban,KA-BENGALURU-U,2026-08-25,2026-08-25T20:00:00,217,191,26,46,10,10,0,100.0,3,3,6,6,False,False,BED_OVERFLOW,SIMULATED
DH-KA-BEN-001,KC General District Hospital Malleshwaram,Karnataka,Bengaluru Urban,KA-BENGALURU-U,2026-08-25,2026-08-25T20:00:00,2828,2539,289,303,350,350,0,100.0,48,43,105,98,False,False,BED_OVERFLOW,SIMULATED
PHC-BR-PAT-001,PHC Bakhtiyarpur,Bihar,Patna,BR-PATNA,2026-08-26,2026-08-26T20:00:00,253,228,25,63,6,6,0,100.0,2,2,4,4,False,False,SURGE_ALERT,SIMULATED
PHC-BR-PAT-002,PHC Danapur,Bihar,Patna,BR-PATNA,2026-08-26,2026-08-26T20:00:00,333,298,35,76,10,10,0,100.0,3,3,6,6,False,False,SURGE_ALERT,SIMULATED
PHC-BR-PAT-003,PHC Bihta,Bihar,Patna,BR-PATNA,2026-08-26,2026-08-26T20:00:00,275,249,26,84,8,8,0,100.0,2,2,5,5,False,False,SURGE_ALERT,SIMULATED
PHC-BR-PAT-004,PHC Fatuha,Bihar,Patna,BR-PATNA,2026-08-26,2026-08-26T20:00:00,213,190,23,43,6,6,0,100.0,2,2,4,4,False,False,SURGE_ALERT,SIMULATED
PHC-BR-PAT-005,PHC Mokama,Bihar,Patna,BR-PATNA,2026-08-26,2026-08-26T20:00:00,243,210,33,64,8,8,0,100.0,2,2,4,4,False,False,SURGE_ALERT,SIMULATED
CHC-BR-PAT-001,CHC Phulwari Sharif,Bihar,Patna,BR-PATNA,2026-08-26,2026-08-26T20:00:00,616,547,69,124,30,30,0,100.0,6,6,12,12,False,False,SURGE_ALERT,SIMULATED
DH-BR-PAT-001,District Hospital Gardanibagh,Bihar,Patna,BR-PATNA,2026-08-26,2026-08-26T20:00:00,2233,2031,202,481,150,150,0,100.0,24,20,45,41,True,False,SURGE_ALERT,SIMULATED
PHC-BR-GAY-001,PHC Bodh Gaya,Bihar,Gaya,BR-GAYA,2026-08-26,2026-08-26T20:00:00,176,155,21,35,8,8,0,100.0,2,2,4,4,False,False,BED_OVERFLOW,SIMULATED
PHC-BR-GAY-002,PHC Sherghati,Bihar,Gaya,BR-GAYA,2026-08-26,2026-08-26T20:00:00,153,139,14,16,6,6,0,100.0,2,2,4,4,False,False,BED_OVERFLOW,SIMULATED
PHC-BR-GAY-003,PHC Tekari,Bihar,Gaya,BR-GAYA,2026-08-26,2026-08-26T20:00:00,123,111,12,17,6,6,0,100.0,2,2,3,3,False,False,BED_OVERFLOW,SIMULATED
DH-BR-GAY-001,Jay Prakash Narayan District Hospital Gaya,Bihar,Gaya,BR-GAYA,2026-08-26,2026-08-26T20:00:00,1831,1618,213,234,200,200,0,100.0,30,28,60,53,False,False,BED_OVERFLOW,SIMULATED
PHC-UP-VAR-001,PHC Cholapur,Uttar Pradesh,Varanasi,UP-VARANASI,2026-08-26,2026-08-26T20:00:00,173,158,15,32,6,6,0,100.0,2,2,4,4,False,False,BED_OVERFLOW,SIMULATED
PHC-UP-VAR-002,PHC Pindra,Uttar Pradesh,Varanasi,UP-VARANASI,2026-08-26,2026-08-26T20:00:00,208,184,24,36,8,8,0,100.0,3,3,5,5,False,False,BED_OVERFLOW,SIMULATED
PHC-UP-VAR-003,PHC Sevapuri,Uttar Pradesh,Varanasi,UP-VARANASI,2026-08-26,2026-08-26T20:00:00,149,135,14,26,6,6,0,100.0,2,2,4,4,False,False,BED_OVERFLOW,SIMULATED
PHC-UP-VAR-004,PHC Kashi Vidyapeeth,Uttar Pradesh,Varanasi,UP-VARANASI,2026-08-26,2026-08-26T20:00:00,259,231,28,31,10,10,0,100.0,3,3,6,6,False,False,BED_OVERFLOW,SIMULATED
CHC-UP-VAR-001,CHC Misirpur,Uttar Pradesh,Varanasi,UP-VARANASI,2026-08-26,2026-08-26T20:00:00,472,418,54,43,30,30,0,100.0,7,7,14,14,False,False,BED_OVERFLOW,SIMULATED
DH-UP-VAR-001,Pandit Deen Dayal Upadhyay District Hospital,Uttar Pradesh,Varanasi,UP-VARANASI,2026-08-26,2026-08-26T20:00:00,2224,1995,229,443,250,250,0,100.0,38,33,75,70,False,False,BED_OVERFLOW,SIMULATED
PHC-UP-LUK-001,PHC Bakshi Ka Talab,Uttar Pradesh,Lucknow,UP-LUCKNOW,2026-08-26,2026-08-26T20:00:00,220,193,27,33,10,10,0,100.0,3,3,6,6,False,False,BED_OVERFLOW,SIMULATED
PHC-UP-LUK-002,PHC Malihabad,Uttar Pradesh,Lucknow,UP-LUCKNOW,2026-08-26,2026-08-26T20:00:00,191,170,21,42,8,8,0,100.0,2,2,5,5,False,False,BED_OVERFLOW,SIMULATED
PHC-UP-LUK-003,PHC Mohanlalganj,Uttar Pradesh,Lucknow,UP-LUCKNOW,2026-08-26,2026-08-26T20:00:00,199,181,18,39,8,8,0,100.0,2,2,5,5,False,False,BED_OVERFLOW,SIMULATED
DH-UP-LUK-001,Balrampur District Hospital Lucknow,Uttar Pradesh,Lucknow,UP-LUCKNOW,2026-08-26,2026-08-26T20:00:00,2945,2605,340,453,350,350,0,100.0,50,49,110,97,False,False,BED_OVERFLOW,SIMULATED
PHC-RJ-JAI-001,PHC Bassi,Rajasthan,Jaipur,RJ-JAIPUR,2026-08-26,2026-08-26T20:00:00,204,175,29,17,8,8,0,100.0,2,2,5,5,False,False,BED_OVERFLOW,SIMULATED
PHC-RJ-JAI-002,PHC Chaksu,Rajasthan,Jaipur,RJ-JAIPUR,2026-08-26,2026-08-26T20:00:00,155,136,19,23,6,6,0,100.0,2,2,4,4,False,False,BED_OVERFLOW,SIMULATED
PHC-RJ-JAI-003,PHC Amer,Rajasthan,Jaipur,RJ-JAIPUR,2026-08-26,2026-08-26T20:00:00,207,189,18,26,10,10,0,100.0,3,3,6,6,False,False,BED_OVERFLOW,SIMULATED
DH-RJ-JAI-001,Kanwatia District Hospital Jaipur,Rajasthan,Jaipur,RJ-JAIPUR,2026-08-26,2026-08-26T20:00:00,2281,2031,250,279,200,200,0,100.0,32,27,68,65,False,False,BED_OVERFLOW,SIMULATED
PHC-MH-PUN-001,PHC Mulshi,Maharashtra,Pune,MH-PUNE,2026-08-26,2026-08-26T20:00:00,127,112,15,25,8,8,0,100.0,2,2,5,5,False,False,BED_OVERFLOW,SIMULATED
PHC-MH-PUN-002,PHC Haveli,Maharashtra,Pune,MH-PUNE,2026-08-26,2026-08-26T20:00:00,251,230,21,39,10,10,0,100.0,3,3,6,6,False,False,BED_OVERFLOW,SIMULATED
PHC-MH-PUN-003,PHC Khed,Maharashtra,Pune,MH-PUNE,2026-08-26,2026-08-26T20:00:00,197,177,20,35,8,8,0,100.0,2,2,5,5,False,False,BED_OVERFLOW,SIMULATED
DH-MH-PUN-001,Aundh District Hospital Pune,Maharashtra,Pune,MH-PUNE,2026-08-26,2026-08-26T20:00:00,2749,2450,299,512,300,300,0,100.0,42,37,90,86,False,False,BED_OVERFLOW,SIMULATED
PHC-KA-BEN-001,PHC Yelahanka,Karnataka,Bengaluru Urban,KA-BENGALURU-U,2026-08-26,2026-08-26T20:00:00,262,234,28,44,10,10,0,100.0,3,3,7,7,False,False,BED_OVERFLOW,SIMULATED
PHC-KA-BEN-002,PHC Anekal,Karnataka,Bengaluru Urban,KA-BENGALURU-U,2026-08-26,2026-08-26T20:00:00,199,174,25,36,8,8,0,100.0,2,2,5,5,False,False,BED_OVERFLOW,SIMULATED
PHC-KA-BEN-003,PHC Kengeri,Karnataka,Bengaluru Urban,KA-BENGALURU-U,2026-08-26,2026-08-26T20:00:00,265,234,31,45,10,10,0,100.0,3,3,6,6,False,False,BED_OVERFLOW,SIMULATED
DH-KA-BEN-001,KC General District Hospital Malleshwaram,Karnataka,Bengaluru Urban,KA-BENGALURU-U,2026-08-26,2026-08-26T20:00:00,3229,2914,315,687,350,350,0,100.0,48,46,105,94,False,False,BED_OVERFLOW,SIMULATED
PHC-BR-PAT-001,PHC Bakhtiyarpur,Bihar,Patna,BR-PATNA,2026-08-27,2026-08-27T20:00:00,220,202,18,35,6,6,0,100.0,2,2,4,4,False,False,SURGE_ALERT,SIMULATED
PHC-BR-PAT-002,PHC Danapur,Bihar,Patna,BR-PATNA,2026-08-27,2026-08-27T20:00:00,342,314,28,43,10,10,0,100.0,3,3,6,6,False,False,SURGE_ALERT,SIMULATED
PHC-BR-PAT-003,PHC Bihta,Bihar,Patna,BR-PATNA,2026-08-27,2026-08-27T20:00:00,256,224,32,39,8,8,0,100.0,2,2,5,5,False,False,SURGE_ALERT,SIMULATED
PHC-BR-PAT-004,PHC Fatuha,Bihar,Patna,BR-PATNA,2026-08-27,2026-08-27T20:00:00,214,186,28,64,6,6,0,100.0,2,2,4,4,False,False,SURGE_ALERT,SIMULATED
PHC-BR-PAT-005,PHC Mokama,Bihar,Patna,BR-PATNA,2026-08-27,2026-08-27T20:00:00,268,244,24,61,8,8,0,100.0,2,2,4,4,False,False,SURGE_ALERT,SIMULATED
CHC-BR-PAT-001,CHC Phulwari Sharif,Bihar,Patna,BR-PATNA,2026-08-27,2026-08-27T20:00:00,599,520,79,95,30,30,0,100.0,6,6,12,11,False,False,SURGE_ALERT,SIMULATED
DH-BR-PAT-001,District Hospital Gardanibagh,Bihar,Patna,BR-PATNA,2026-08-27,2026-08-27T20:00:00,2226,2002,224,498,150,150,0,100.0,24,20,45,43,True,False,SURGE_ALERT,SIMULATED
PHC-BR-GAY-001,PHC Bodh Gaya,Bihar,Gaya,BR-GAYA,2026-08-27,2026-08-27T20:00:00,178,162,16,29,8,8,0,100.0,2,2,4,4,False,False,BED_OVERFLOW,SIMULATED
PHC-BR-GAY-002,PHC Sherghati,Bihar,Gaya,BR-GAYA,2026-08-27,2026-08-27T20:00:00,155,139,16,26,6,6,0,100.0,2,2,4,4,False,False,BED_OVERFLOW,SIMULATED
PHC-BR-GAY-003,PHC Tekari,Bihar,Gaya,BR-GAYA,2026-08-27,2026-08-27T20:00:00,127,112,15,25,6,6,0,100.0,2,2,3,3,False,False,BED_OVERFLOW,SIMULATED
DH-BR-GAY-001,Jay Prakash Narayan District Hospital Gaya,Bihar,Gaya,BR-GAYA,2026-08-27,2026-08-27T20:00:00,2035,1817,218,310,200,200,0,100.0,30,29,60,57,False,False,BED_OVERFLOW,SIMULATED
PHC-UP-VAR-001,PHC Cholapur,Uttar Pradesh,Varanasi,UP-VARANASI,2026-08-27,2026-08-27T20:00:00,196,179,17,33,6,6,0,100.0,2,2,4,4,False,False,BED_OVERFLOW,SIMULATED
PHC-UP-VAR-002,PHC Pindra,Uttar Pradesh,Varanasi,UP-VARANASI,2026-08-27,2026-08-27T20:00:00,208,188,20,31,8,8,0,100.0,3,3,5,5,False,False,BED_OVERFLOW,SIMULATED
PHC-UP-VAR-003,PHC Sevapuri,Uttar Pradesh,Varanasi,UP-VARANASI,2026-08-27,2026-08-27T20:00:00,167,149,18,26,6,6,0,100.0,2,2,4,4,False,False,BED_OVERFLOW,SIMULATED
PHC-UP-VAR-004,PHC Kashi Vidyapeeth,Uttar Pradesh,Varanasi,UP-VARANASI,2026-08-27,2026-08-27T20:00:00,250,227,23,40,10,10,0,100.0,3,3,6,6,False,False,BED_OVERFLOW,SIMULATED
CHC-UP-VAR-001,CHC Misirpur,Uttar Pradesh,Varanasi,UP-VARANASI,2026-08-27,2026-08-27T20:00:00,450,403,47,64,30,30,0,100.0,7,7,14,13,False,False,BED_OVERFLOW,SIMULATED
DH-UP-VAR-001,Pandit Deen Dayal Upadhyay District Hospital,Uttar Pradesh,Varanasi,UP-VARANASI,2026-08-27,2026-08-27T20:00:00,2329,2018,311,266,250,250,0,100.0,38,35,75,75,False,False,BED_OVERFLOW,SIMULATED
PHC-UP-LUK-001,PHC Bakshi Ka Talab,Uttar Pradesh,Lucknow,UP-LUCKNOW,2026-08-27,2026-08-27T20:00:00,247,226,21,44,10,10,0,100.0,3,3,6,6,False,False,BED_OVERFLOW,SIMULATED
PHC-UP-LUK-002,PHC Malihabad,Uttar Pradesh,Lucknow,UP-LUCKNOW,2026-08-27,2026-08-27T20:00:00,192,167,25,40,8,8,0,100.0,2,2,5,5,False,False,BED_OVERFLOW,SIMULATED
PHC-UP-LUK-003,PHC Mohanlalganj,Uttar Pradesh,Lucknow,UP-LUCKNOW,2026-08-27,2026-08-27T20:00:00,196,175,21,32,8,8,0,100.0,2,2,5,5,False,False,BED_OVERFLOW,SIMULATED
DH-UP-LUK-001,Balrampur District Hospital Lucknow,Uttar Pradesh,Lucknow,UP-LUCKNOW,2026-08-27,2026-08-27T20:00:00,2761,2489,272,225,350,350,0,100.0,50,44,110,102,False,False,BED_OVERFLOW,SIMULATED
PHC-RJ-JAI-001,PHC Bassi,Rajasthan,Jaipur,RJ-JAIPUR,2026-08-27,2026-08-27T20:00:00,202,181,21,40,8,8,0,100.0,2,2,5,5,False,False,BED_OVERFLOW,SIMULATED
PHC-RJ-JAI-002,PHC Chaksu,Rajasthan,Jaipur,RJ-JAIPUR,2026-08-27,2026-08-27T20:00:00,172,156,16,28,6,6,0,100.0,2,2,4,4,False,False,BED_OVERFLOW,SIMULATED
PHC-RJ-JAI-003,PHC Amer,Rajasthan,Jaipur,RJ-JAIPUR,2026-08-27,2026-08-27T20:00:00,197,177,20,27,10,10,0,100.0,3,3,6,6,False,False,BED_OVERFLOW,SIMULATED
DH-RJ-JAI-001,Kanwatia District Hospital Jaipur,Rajasthan,Jaipur,RJ-JAIPUR,2026-08-27,2026-08-27T20:00:00,2153,1910,243,446,200,200,0,100.0,32,28,68,66,False,False,BED_OVERFLOW,SIMULATED
PHC-MH-PUN-001,PHC Mulshi,Maharashtra,Pune,MH-PUNE,2026-08-27,2026-08-27T20:00:00,134,118,16,20,8,8,0,100.0,2,2,5,5,False,False,BED_OVERFLOW,SIMULATED
PHC-MH-PUN-002,PHC Haveli,Maharashtra,Pune,MH-PUNE,2026-08-27,2026-08-27T20:00:00,251,225,26,22,10,10,0,100.0,3,3,6,6,False,False,BED_OVERFLOW,SIMULATED
PHC-MH-PUN-003,PHC Khed,Maharashtra,Pune,MH-PUNE,2026-08-27,2026-08-27T20:00:00,209,186,23,38,8,8,0,100.0,2,2,5,5,False,False,BED_OVERFLOW,SIMULATED
DH-MH-PUN-001,Aundh District Hospital Pune,Maharashtra,Pune,MH-PUNE,2026-08-27,2026-08-27T20:00:00,2717,2350,367,315,300,300,0,100.0,42,40,90,77,False,False,BED_OVERFLOW,SIMULATED
PHC-KA-BEN-001,PHC Yelahanka,Karnataka,Bengaluru Urban,KA-BENGALURU-U,2026-08-27,2026-08-27T20:00:00,267,230,37,32,10,10,0,100.0,3,3,7,7,False,False,BED_OVERFLOW,SIMULATED
PHC-KA-BEN-002,PHC Anekal,Karnataka,Bengaluru Urban,KA-BENGALURU-U,2026-08-27,2026-08-27T20:00:00,214,188,26,46,8,8,0,100.0,2,2,5,5,False,False,BED_OVERFLOW,SIMULATED
PHC-KA-BEN-003,PHC Kengeri,Karnataka,Bengaluru Urban,KA-BENGALURU-U,2026-08-27,2026-08-27T20:00:00,251,225,26,22,10,10,0,100.0,3,3,6,6,False,False,BED_OVERFLOW,SIMULATED
DH-KA-BEN-001,KC General District Hospital Malleshwaram,Karnataka,Bengaluru Urban,KA-BENGALURU-U,2026-08-27,2026-08-27T20:00:00,2908,2575,333,599,350,350,0,100.0,48,45,105,95,False,False,BED_OVERFLOW,SIMULATED
PHC-BR-PAT-001,PHC Bakhtiyarpur,Bihar,Patna,BR-PATNA,2026-08-28,2026-08-28T20:00:00,192,174,18,43,6,6,0,100.0,2,2,4,4,False,False,CRITICAL_SURGE,SIMULATED
PHC-BR-PAT-002,PHC Danapur,Bihar,Patna,BR-PATNA,2026-08-28,2026-08-28T20:00:00,300,275,25,38,10,10,0,100.0,3,3,6,6,False,False,CRITICAL_SURGE,SIMULATED
PHC-BR-PAT-003,PHC Bihta,Bihar,Patna,BR-PATNA,2026-08-28,2026-08-28T20:00:00,255,230,25,66,8,8,0,100.0,2,2,5,5,False,False,CRITICAL_SURGE,SIMULATED
PHC-BR-PAT-004,PHC Fatuha,Bihar,Patna,BR-PATNA,2026-08-28,2026-08-28T20:00:00,196,175,21,45,6,6,0,100.0,2,2,4,4,False,False,CRITICAL_SURGE,SIMULATED
PHC-BR-PAT-005,PHC Mokama,Bihar,Patna,BR-PATNA,2026-08-28,2026-08-28T20:00:00,229,200,29,55,8,8,0,100.0,2,2,4,4,False,False,CRITICAL_SURGE,SIMULATED
CHC-BR-PAT-001,CHC Phulwari Sharif,Bihar,Patna,BR-PATNA,2026-08-28,2026-08-28T20:00:00,575,513,62,128,30,30,0,100.0,6,5,12,11,True,False,CRITICAL_SURGE,SIMULATED
DH-BR-PAT-001,District Hospital Gardanibagh,Bihar,Patna,BR-PATNA,2026-08-28,2026-08-28T20:00:00,1824,1661,163,509,150,150,0,100.0,24,20,45,44,True,False,CRITICAL_SURGE,SIMULATED
PHC-BR-GAY-001,PHC Bodh Gaya,Bihar,Gaya,BR-GAYA,2026-08-28,2026-08-28T20:00:00,138,122,16,20,8,8,0,100.0,2,2,4,4,False,False,BED_OVERFLOW,SIMULATED
PHC-BR-GAY-002,PHC Sherghati,Bihar,Gaya,BR-GAYA,2026-08-28,2026-08-28T20:00:00,143,130,13,28,6,6,0,100.0,2,2,4,4,False,False,BED_OVERFLOW,SIMULATED
PHC-BR-GAY-003,PHC Tekari,Bihar,Gaya,BR-GAYA,2026-08-28,2026-08-28T20:00:00,110,96,14,24,6,6,0,100.0,2,2,3,3,False,False,BED_OVERFLOW,SIMULATED
DH-BR-GAY-001,Jay Prakash Narayan District Hospital Gaya,Bihar,Gaya,BR-GAYA,2026-08-28,2026-08-28T20:00:00,1587,1425,162,267,200,200,0,100.0,30,27,60,57,False,False,BED_OVERFLOW,SIMULATED
PHC-UP-VAR-001,PHC Cholapur,Uttar Pradesh,Varanasi,UP-VARANASI,2026-08-28,2026-08-28T20:00:00,153,135,18,28,6,6,0,100.0,2,2,4,4,False,False,BED_OVERFLOW,SIMULATED
PHC-UP-VAR-002,PHC Pindra,Uttar Pradesh,Varanasi,UP-VARANASI,2026-08-28,2026-08-28T20:00:00,166,150,16,14,8,8,0,100.0,3,3,5,5,False,False,BED_OVERFLOW,SIMULATED
PHC-UP-VAR-003,PHC Sevapuri,Uttar Pradesh,Varanasi,UP-VARANASI,2026-08-28,2026-08-28T20:00:00,146,127,19,18,6,6,0,100.0,2,2,4,4,False,False,BED_OVERFLOW,SIMULATED
PHC-UP-VAR-004,PHC Kashi Vidyapeeth,Uttar Pradesh,Varanasi,UP-VARANASI,2026-08-28,2026-08-28T20:00:00,200,173,27,23,10,10,0,100.0,3,3,6,6,False,False,BED_OVERFLOW,SIMULATED
CHC-UP-VAR-001,CHC Misirpur,Uttar Pradesh,Varanasi,UP-VARANASI,2026-08-28,2026-08-28T20:00:00,402,364,38,75,30,30,0,100.0,7,6,14,14,False,False,BED_OVERFLOW,SIMULATED
DH-UP-VAR-001,Pandit Deen Dayal Upadhyay District Hospital,Uttar Pradesh,Varanasi,UP-VARANASI,2026-08-28,2026-08-28T20:00:00,1927,1756,171,404,250,250,0,100.0,38,32,75,71,False,False,BED_OVERFLOW,SIMULATED
PHC-UP-LUK-001,PHC Bakshi Ka Talab,Uttar Pradesh,Lucknow,UP-LUCKNOW,2026-08-28,2026-08-28T20:00:00,178,158,20,28,10,10,0,100.0,3,3,6,6,False,False,BED_OVERFLOW,SIMULATED
PHC-UP-LUK-002,PHC Malihabad,Uttar Pradesh,Lucknow,UP-LUCKNOW,2026-08-28,2026-08-28T20:00:00,152,132,20,32,8,8,0,100.0,2,2,5,5,False,False,BED_OVERFLOW,SIMULATED
PHC-UP-LUK-003,PHC Mohanlalganj,Uttar Pradesh,Lucknow,UP-LUCKNOW,2026-08-28,2026-08-28T20:00:00,170,154,16,17,8,8,0,100.0,2,2,5,5,False,False,BED_OVERFLOW,SIMULATED
DH-UP-LUK-001,Balrampur District Hospital Lucknow,Uttar Pradesh,Lucknow,UP-LUCKNOW,2026-08-28,2026-08-28T20:00:00,2523,2199,324,376,350,350,0,100.0,50,47,110,95,False,False,BED_OVERFLOW,SIMULATED
PHC-RJ-JAI-001,PHC Bassi,Rajasthan,Jaipur,RJ-JAIPUR,2026-08-28,2026-08-28T20:00:00,150,133,17,22,8,8,0,100.0,2,2,5,5,False,False,BED_OVERFLOW,SIMULATED
PHC-RJ-JAI-002,PHC Chaksu,Rajasthan,Jaipur,RJ-JAIPUR,2026-08-28,2026-08-28T20:00:00,157,137,20,19,6,6,0,100.0,2,2,4,4,False,False,BED_OVERFLOW,SIMULATED
PHC-RJ-JAI-003,PHC Amer,Rajasthan,Jaipur,RJ-JAIPUR,2026-08-28,2026-08-28T20:00:00,166,151,15,33,10,10,0,100.0,3,3,6,6,False,False,BED_OVERFLOW,SIMULATED
DH-RJ-JAI-001,Kanwatia District Hospital Jaipur,Rajasthan,Jaipur,RJ-JAIPUR,2026-08-28,2026-08-28T20:00:00,1777,1592,185,178,200,200,0,100.0,32,31,68,65,False,False,BED_OVERFLOW,SIMULATED
PHC-MH-PUN-001,PHC Mulshi,Maharashtra,Pune,MH-PUNE,2026-08-28,2026-08-28T20:00:00,122,109,13,13,8,8,0,100.0,2,2,5,5,False,False,BED_OVERFLOW,SIMULATED
PHC-MH-PUN-002,PHC Haveli,Maharashtra,Pune,MH-PUNE,2026-08-28,2026-08-28T20:00:00,218,192,26,37,10,10,0,100.0,3,3,6,6,False,False,BED_OVERFLOW,SIMULATED
PHC-MH-PUN-003,PHC Khed,Maharashtra,Pune,MH-PUNE,2026-08-28,2026-08-28T20:00:00,165,145,20,30,8,8,0,100.0,2,2,5,5,False,False,BED_OVERFLOW,SIMULATED
DH-MH-PUN-001,Aundh District Hospital Pune,Maharashtra,Pune,MH-PUNE,2026-08-28,2026-08-28T20:00:00,2342,2153,189,323,300,300,0,100.0,42,40,90,87,False,False,BED_OVERFLOW,SIMULATED
PHC-KA-BEN-001,PHC Yelahanka,Karnataka,Bengaluru Urban,KA-BENGALURU-U,2026-08-28,2026-08-28T20:00:00,237,208,29,20,10,10,0,100.0,3,3,7,6,False,False,BED_OVERFLOW,SIMULATED
PHC-KA-BEN-002,PHC Anekal,Karnataka,Bengaluru Urban,KA-BENGALURU-U,2026-08-28,2026-08-28T20:00:00,189,166,23,29,8,8,0,100.0,2,2,5,5,False,False,BED_OVERFLOW,SIMULATED
PHC-KA-BEN-003,PHC Kengeri,Karnataka,Bengaluru Urban,KA-BENGALURU-U,2026-08-28,2026-08-28T20:00:00,206,180,26,25,10,10,0,100.0,3,3,6,6,False,False,BED_OVERFLOW,SIMULATED
DH-KA-BEN-001,KC General District Hospital Malleshwaram,Karnataka,Bengaluru Urban,KA-BENGALURU-U,2026-08-28,2026-08-28T20:00:00,2597,2352,245,243,350,350,0,100.0,48,40,105,98,False,False,BED_OVERFLOW,SIMULATED
PHC-BR-PAT-001,PHC Bakhtiyarpur,Bihar,Patna,BR-PATNA,2026-08-29,2026-08-29T20:00:00,204,186,18,50,6,6,0,100.0,2,2,4,4,False,False,CRITICAL_SURGE,SIMULATED
PHC-BR-PAT-002,PHC Danapur,Bihar,Patna,BR-PATNA,2026-08-29,2026-08-29T20:00:00,311,285,26,84,10,10,0,100.0,3,3,6,6,False,False,CRITICAL_SURGE,SIMULATED
PHC-BR-PAT-003,PHC Bihta,Bihar,Patna,BR-PATNA,2026-08-29,2026-08-29T20:00:00,232,210,22,36,8,8,0,100.0,2,2,5,5,False,False,CRITICAL_SURGE,SIMULATED
PHC-BR-PAT-004,PHC Fatuha,Bihar,Patna,BR-PATNA,2026-08-29,2026-08-29T20:00:00,198,180,18,44,6,6,0,100.0,2,2,4,4,False,False,CRITICAL_SURGE,SIMULATED
PHC-BR-PAT-005,PHC Mokama,Bihar,Patna,BR-PATNA,2026-08-29,2026-08-29T20:00:00,236,213,23,43,8,8,0,100.0,2,2,4,4,False,False,CRITICAL_SURGE,SIMULATED
CHC-BR-PAT-001,CHC Phulwari Sharif,Bihar,Patna,BR-PATNA,2026-08-29,2026-08-29T20:00:00,602,527,75,73,30,30,0,100.0,6,6,12,11,False,False,CRITICAL_SURGE,SIMULATED
DH-BR-PAT-001,District Hospital Gardanibagh,Bihar,Patna,BR-PATNA,2026-08-29,2026-08-29T20:00:00,1681,1540,141,403,150,150,0,100.0,24,20,45,44,True,False,CRITICAL_SURGE,SIMULATED
PHC-BR-GAY-001,PHC Bodh Gaya,Bihar,Gaya,BR-GAYA,2026-08-29,2026-08-29T20:00:00,133,120,13,20,8,8,0,100.0,2,2,4,4,False,False,BED_OVERFLOW,SIMULATED
PHC-BR-GAY-002,PHC Sherghati,Bihar,Gaya,BR-GAYA,2026-08-29,2026-08-29T20:00:00,124,113,11,23,6,6,0,100.0,2,2,4,4,False,False,BED_OVERFLOW,SIMULATED
PHC-BR-GAY-003,PHC Tekari,Bihar,Gaya,BR-GAYA,2026-08-29,2026-08-29T20:00:00,89,76,13,14,6,6,0,100.0,2,2,3,3,False,False,BED_OVERFLOW,SIMULATED
DH-BR-GAY-001,Jay Prakash Narayan District Hospital Gaya,Bihar,Gaya,BR-GAYA,2026-08-29,2026-08-29T20:00:00,1544,1356,188,250,200,200,0,100.0,30,29,60,60,False,False,BED_OVERFLOW,SIMULATED
PHC-UP-VAR-001,PHC Cholapur,Uttar Pradesh,Varanasi,UP-VARANASI,2026-08-29,2026-08-29T20:00:00,155,139,16,28,6,6,0,100.0,2,2,4,4,False,False,BED_OVERFLOW,SIMULATED
PHC-UP-VAR-002,PHC Pindra,Uttar Pradesh,Varanasi,UP-VARANASI,2026-08-29,2026-08-29T20:00:00,174,156,18,31,8,8,0,100.0,3,3,5,5,False,False,BED_OVERFLOW,SIMULATED
PHC-UP-VAR-003,PHC Sevapuri,Uttar Pradesh,Varanasi,UP-VARANASI,2026-08-29,2026-08-29T20:00:00,120,110,10,15,6,6,0,100.0,2,2,4,4,False,False,BED_OVERFLOW,SIMULATED
PHC-UP-VAR-004,PHC Kashi Vidyapeeth,Uttar Pradesh,Varanasi,UP-VARANASI,2026-08-29,2026-08-29T20:00:00,224,201,23,48,10,10,0,100.0,3,3,6,6,False,False,BED_OVERFLOW,SIMULATED
CHC-UP-VAR-001,CHC Misirpur,Uttar Pradesh,Varanasi,UP-VARANASI,2026-08-29,2026-08-29T20:00:00,413,358,55,77,30,30,0,100.0,7,7,14,14,False,False,BED_OVERFLOW,SIMULATED
DH-UP-VAR-001,Pandit Deen Dayal Upadhyay District Hospital,Uttar Pradesh,Varanasi,UP-VARANASI,2026-08-29,2026-08-29T20:00:00,1914,1656,258,345,250,250,0,100.0,38,36,75,75,False,False,BED_OVERFLOW,SIMULATED
PHC-UP-LUK-001,PHC Bakshi Ka Talab,Uttar Pradesh,Lucknow,UP-LUCKNOW,2026-08-29,2026-08-29T20:00:00,198,175,23,35,10,10,0,100.0,3,3,6,6,False,False,BED_OVERFLOW,SIMULATED
PHC-UP-LUK-002,PHC Malihabad,Uttar Pradesh,Lucknow,UP-LUCKNOW,2026-08-29,2026-08-29T20:00:00,165,142,23,36,8,8,0,100.0,2,2,5,5,False,False,BED_OVERFLOW,SIMULATED
PHC-UP-LUK-003,PHC Mohanlalganj,Uttar Pradesh,Lucknow,UP-LUCKNOW,2026-08-29,2026-08-29T20:00:00,170,152,18,16,8,8,0,100.0,2,2,5,5,False,False,BED_OVERFLOW,SIMULATED
DH-UP-LUK-001,Balrampur District Hospital Lucknow,Uttar Pradesh,Lucknow,UP-LUCKNOW,2026-08-29,2026-08-29T20:00:00,2298,2106,192,269,350,350,0,100.0,50,48,110,98,False,False,BED_OVERFLOW,SIMULATED
PHC-RJ-JAI-001,PHC Bassi,Rajasthan,Jaipur,RJ-JAIPUR,2026-08-29,2026-08-29T20:00:00,162,141,21,15,8,8,0,100.0,2,2,5,5,False,False,BED_OVERFLOW,SIMULATED
PHC-RJ-JAI-002,PHC Chaksu,Rajasthan,Jaipur,RJ-JAIPUR,2026-08-29,2026-08-29T20:00:00,126,112,14,20,6,6,0,100.0,2,2,4,4,False,False,BED_OVERFLOW,SIMULATED
PHC-RJ-JAI-003,PHC Amer,Rajasthan,Jaipur,RJ-JAIPUR,2026-08-29,2026-08-29T20:00:00,180,165,15,38,10,10,0,100.0,3,3,6,6,False,False,BED_OVERFLOW,SIMULATED
DH-RJ-JAI-001,Kanwatia District Hospital Jaipur,Rajasthan,Jaipur,RJ-JAIPUR,2026-08-29,2026-08-29T20:00:00,1754,1572,182,198,200,200,0,100.0,32,27,68,66,False,False,BED_OVERFLOW,SIMULATED
PHC-MH-PUN-001,PHC Mulshi,Maharashtra,Pune,MH-PUNE,2026-08-29,2026-08-29T20:00:00,130,117,13,16,8,8,0,100.0,2,2,5,5,False,False,BED_OVERFLOW,SIMULATED
PHC-MH-PUN-002,PHC Haveli,Maharashtra,Pune,MH-PUNE,2026-08-29,2026-08-29T20:00:00,196,175,21,34,10,10,0,100.0,3,3,6,6,False,False,BED_OVERFLOW,SIMULATED
PHC-MH-PUN-003,PHC Khed,Maharashtra,Pune,MH-PUNE,2026-08-29,2026-08-29T20:00:00,164,148,16,24,8,8,0,100.0,2,2,5,5,False,False,BED_OVERFLOW,SIMULATED
DH-MH-PUN-001,Aundh District Hospital Pune,Maharashtra,Pune,MH-PUNE,2026-08-29,2026-08-29T20:00:00,2478,2202,276,347,300,300,0,100.0,42,37,90,86,False,False,BED_OVERFLOW,SIMULATED
PHC-KA-BEN-001,PHC Yelahanka,Karnataka,Bengaluru Urban,KA-BENGALURU-U,2026-08-29,2026-08-29T20:00:00,246,222,24,51,10,10,0,100.0,3,3,7,7,False,False,BED_OVERFLOW,SIMULATED
PHC-KA-BEN-002,PHC Anekal,Karnataka,Bengaluru Urban,KA-BENGALURU-U,2026-08-29,2026-08-29T20:00:00,171,150,21,30,8,8,0,100.0,2,2,5,5,False,False,BED_OVERFLOW,SIMULATED
PHC-KA-BEN-003,PHC Kengeri,Karnataka,Bengaluru Urban,KA-BENGALURU-U,2026-08-29,2026-08-29T20:00:00,208,179,29,38,10,10,0,100.0,3,3,6,6,False,False,BED_OVERFLOW,SIMULATED
DH-KA-BEN-001,KC General District Hospital Malleshwaram,Karnataka,Bengaluru Urban,KA-BENGALURU-U,2026-08-29,2026-08-29T20:00:00,2627,2411,216,402,350,350,0,100.0,48,45,105,90,False,False,BED_OVERFLOW,SIMULATED
PHC-BR-PAT-001,PHC Bakhtiyarpur,Bihar,Patna,BR-PATNA,2026-08-30,2026-08-30T20:00:00,92,80,12,13,6,6,0,100.0,2,2,4,3,False,False,CRITICAL_SURGE,SIMULATED
PHC-BR-PAT-002,PHC Danapur,Bihar,Patna,BR-PATNA,2026-08-30,2026-08-30T20:00:00,130,115,15,17,10,10,0,100.0,3,2,6,5,True,False,CRITICAL_SURGE,SIMULATED
PHC-BR-PAT-003,PHC Bihta,Bihar,Patna,BR-PATNA,2026-08-30,2026-08-30T20:00:00,100,90,10,24,8,8,0,100.0,2,2,5,4,False,False,CRITICAL_SURGE,SIMULATED
PHC-BR-PAT-004,PHC Fatuha,Bihar,Patna,BR-PATNA,2026-08-30,2026-08-30T20:00:00,80,69,11,21,6,6,0,100.0,2,2,4,3,False,False,CRITICAL_SURGE,SIMULATED
PHC-BR-PAT-005,PHC Mokama,Bihar,Patna,BR-PATNA,2026-08-30,2026-08-30T20:00:00,96,84,12,21,8,8,0,100.0,2,2,4,4,False,False,CRITICAL_SURGE,SIMULATED
CHC-BR-PAT-001,CHC Phulwari Sharif,Bihar,Patna,BR-PATNA,2026-08-30,2026-08-30T20:00:00,236,203,33,70,30,30,0,100.0,6,4,12,8,True,True,CRITICAL_SURGE,SIMULATED
DH-BR-PAT-001,District Hospital Gardanibagh,Bihar,Patna,BR-PATNA,2026-08-30,2026-08-30T20:00:00,825,731,94,212,150,150,0,100.0,24,15,45,36,True,False,CRITICAL_SURGE,SIMULATED
PHC-BR-GAY-001,PHC Bodh Gaya,Bihar,Gaya,BR-GAYA,2026-08-30,2026-08-30T20:00:00,65,56,9,6,8,8,0,100.0,2,2,4,3,False,False,BED_OVERFLOW,SIMULATED
PHC-BR-GAY-002,PHC Sherghati,Bihar,Gaya,BR-GAYA,2026-08-30,2026-08-30T20:00:00,56,48,8,12,6,6,0,100.0,2,2,4,3,False,False,BED_OVERFLOW,SIMULATED
PHC-BR-GAY-003,PHC Tekari,Bihar,Gaya,BR-GAYA,2026-08-30,2026-08-30T20:00:00,47,41,6,5,6,6,0,100.0,2,2,3,3,False,False,BED_OVERFLOW,SIMULATED
DH-BR-GAY-001,Jay Prakash Narayan District Hospital Gaya,Bihar,Gaya,BR-GAYA,2026-08-30,2026-08-30T20:00:00,697,628,69,123,200,187,13,93.5,30,19,60,38,False,True,NORMAL,SIMULATED
PHC-UP-VAR-001,PHC Cholapur,Uttar Pradesh,Varanasi,UP-VARANASI,2026-08-30,2026-08-30T20:00:00,67,60,7,9,6,6,0,100.0,2,2,4,3,False,False,BED_OVERFLOW,SIMULATED
PHC-UP-VAR-002,PHC Pindra,Uttar Pradesh,Varanasi,UP-VARANASI,2026-08-30,2026-08-30T20:00:00,78,69,9,16,8,8,0,100.0,3,2,5,4,False,False,BED_OVERFLOW,SIMULATED
PHC-UP-VAR-003,PHC Sevapuri,Uttar Pradesh,Varanasi,UP-VARANASI,2026-08-30,2026-08-30T20:00:00,63,56,7,13,6,6,0,100.0,2,2,4,3,False,False,BED_OVERFLOW,SIMULATED
PHC-UP-VAR-004,PHC Kashi Vidyapeeth,Uttar Pradesh,Varanasi,UP-VARANASI,2026-08-30,2026-08-30T20:00:00,87,75,12,11,10,10,0,100.0,3,2,6,5,False,False,BED_OVERFLOW,SIMULATED
CHC-UP-VAR-001,CHC Misirpur,Uttar Pradesh,Varanasi,UP-VARANASI,2026-08-30,2026-08-30T20:00:00,184,167,17,28,30,30,0,100.0,7,5,14,10,False,False,BED_OVERFLOW,SIMULATED
DH-UP-VAR-001,Pandit Deen Dayal Upadhyay District Hospital,Uttar Pradesh,Varanasi,UP-VARANASI,2026-08-30,2026-08-30T20:00:00,836,723,113,162,250,250,0,100.0,38,24,75,56,False,False,BED_OVERFLOW,SIMULATED
PHC-UP-LUK-001,PHC Bakshi Ka Talab,Uttar Pradesh,Lucknow,UP-LUCKNOW,2026-08-30,2026-08-30T20:00:00,93,81,12,16,10,10,0,100.0,3,2,6,4,False,True,BED_OVERFLOW,SIMULATED
PHC-UP-LUK-002,PHC Malihabad,Uttar Pradesh,Lucknow,UP-LUCKNOW,2026-08-30,2026-08-30T20:00:00,64,55,9,8,8,8,0,100.0,2,2,5,4,False,False,BED_OVERFLOW,SIMULATED
PHC-UP-LUK-003,PHC Mohanlalganj,Uttar Pradesh,Lucknow,UP-LUCKNOW,2026-08-30,2026-08-30T20:00:00,68,58,10,7,8,8,0,100.0,2,2,5,4,False,False,BED_OVERFLOW,SIMULATED
DH-UP-LUK-001,Balrampur District Hospital Lucknow,Uttar Pradesh,Lucknow,UP-LUCKNOW,2026-08-30,2026-08-30T20:00:00,1007,882,125,99,350,295,55,84.29,50,30,110,87,False,False,NORMAL,SIMULATED
PHC-RJ-JAI-001,PHC Bassi,Rajasthan,Jaipur,RJ-JAIPUR,2026-08-30,2026-08-30T20:00:00,67,61,6,11,8,8,0,100.0,2,2,5,4,False,False,BED_OVERFLOW,SIMULATED
PHC-RJ-JAI-002,PHC Chaksu,Rajasthan,Jaipur,RJ-JAIPUR,2026-08-30,2026-08-30T20:00:00,51,46,5,5,6,6,0,100.0,2,2,4,3,False,False,BED_OVERFLOW,SIMULATED
PHC-RJ-JAI-003,PHC Amer,Rajasthan,Jaipur,RJ-JAIPUR,2026-08-30,2026-08-30T20:00:00,79,71,8,8,10,10,0,100.0,3,2,6,5,False,False,BED_OVERFLOW,SIMULATED
DH-RJ-JAI-001,Kanwatia District Hospital Jaipur,Rajasthan,Jaipur,RJ-JAIPUR,2026-08-30,2026-08-30T20:00:00,725,642,83,105,200,178,22,89.0,32,22,68,47,False,True,NORMAL,SIMULATED
PHC-MH-PUN-001,PHC Mulshi,Maharashtra,Pune,MH-PUNE,2026-08-30,2026-08-30T20:00:00,54,48,6,11,8,8,0,100.0,2,2,5,4,False,False,BED_OVERFLOW,SIMULATED
PHC-MH-PUN-002,PHC Haveli,Maharashtra,Pune,MH-PUNE,2026-08-30,2026-08-30T20:00:00,85,74,11,17,10,10,0,100.0,3,2,6,4,False,True,BED_OVERFLOW,SIMULATED
PHC-MH-PUN-003,PHC Khed,Maharashtra,Pune,MH-PUNE,2026-08-30,2026-08-30T20:00:00,72,64,8,11,8,8,0,100.0,2,2,5,4,False,False,BED_OVERFLOW,SIMULATED
DH-MH-PUN-001,Aundh District Hospital Pune,Maharashtra,Pune,MH-PUNE,2026-08-30,2026-08-30T20:00:00,829,737,92,95,300,236,64,78.67,42,27,90,61,False,True,NORMAL,SIMULATED
PHC-KA-BEN-001,PHC Yelahanka,Karnataka,Bengaluru Urban,KA-BENGALURU-U,2026-08-30,2026-08-30T20:00:00,95,85,10,8,10,10,0,100.0,3,2,7,5,False,False,BED_OVERFLOW,SIMULATED
PHC-KA-BEN-002,PHC Anekal,Karnataka,Bengaluru Urban,KA-BENGALURU-U,2026-08-30,2026-08-30T20:00:00,76,65,11,10,8,8,0,100.0,2,2,5,4,False,False,BED_OVERFLOW,SIMULATED
PHC-KA-BEN-003,PHC Kengeri,Karnataka,Bengaluru Urban,KA-BENGALURU-U,2026-08-30,2026-08-30T20:00:00,98,85,13,8,10,10,0,100.0,3,2,6,5,False,False,BED_OVERFLOW,SIMULATED
DH-KA-BEN-001,KC General District Hospital Malleshwaram,Karnataka,Bengaluru Urban,KA-BENGALURU-U,2026-08-30,2026-08-30T20:00:00,1155,1060,95,173,350,260,90,74.29,48,31,105,73,False,True,NORMAL,SIMULATED
PHC-BR-PAT-001,PHC Bakhtiyarpur,Bihar,Patna,BR-PATNA,2026-08-31,2026-08-31T20:00:00,320,280,40,49,6,6,0,100.0,2,2,4,4,False,False,CRITICAL_SURGE,SIMULATED
PHC-BR-PAT-002,PHC Danapur,Bihar,Patna,BR-PATNA,2026-08-31,2026-08-31T20:00:00,429,378,51,122,10,10,0,100.0,3,3,6,6,False,False,CRITICAL_SURGE,SIMULATED
PHC-BR-PAT-003,PHC Bihta,Bihar,Patna,BR-PATNA,2026-08-31,2026-08-31T20:00:00,334,296,38,50,8,8,0,100.0,2,2,5,5,False,False,CRITICAL_SURGE,SIMULATED
PHC-BR-PAT-004,PHC Fatuha,Bihar,Patna,BR-PATNA,2026-08-31,2026-08-31T20:00:00,292,260,32,68,6,6,0,100.0,2,2,4,4,False,False,CRITICAL_SURGE,SIMULATED
PHC-BR-PAT-005,PHC Mokama,Bihar,Patna,BR-PATNA,2026-08-31,2026-08-31T20:00:00,329,302,27,51,8,8,0,100.0,2,2,4,4,False,False,CRITICAL_SURGE,SIMULATED
CHC-BR-PAT-001,CHC Phulwari Sharif,Bihar,Patna,BR-PATNA,2026-08-31,2026-08-31T20:00:00,879,801,78,105,30,30,0,100.0,6,6,12,11,False,False,CRITICAL_SURGE,SIMULATED
DH-BR-PAT-001,District Hospital Gardanibagh,Bihar,Patna,BR-PATNA,2026-08-31,2026-08-31T20:00:00,2677,2341,336,762,150,150,0,100.0,24,22,45,41,True,False,CRITICAL_SURGE,SIMULATED
PHC-BR-GAY-001,PHC Bodh Gaya,Bihar,Gaya,BR-GAYA,2026-08-31,2026-08-31T20:00:00,218,198,20,34,8,8,0,100.0,2,2,4,4,False,False,BED_OVERFLOW,SIMULATED
PHC-BR-GAY-002,PHC Sherghati,Bihar,Gaya,BR-GAYA,2026-08-31,2026-08-31T20:00:00,185,164,21,25,6,6,0,100.0,2,2,4,4,False,False,BED_OVERFLOW,SIMULATED
PHC-BR-GAY-003,PHC Tekari,Bihar,Gaya,BR-GAYA,2026-08-31,2026-08-31T20:00:00,152,133,19,27,6,6,0,100.0,2,2,3,3,False,False,BED_OVERFLOW,SIMULATED
DH-BR-GAY-001,Jay Prakash Narayan District Hospital Gaya,Bihar,Gaya,BR-GAYA,2026-08-31,2026-08-31T20:00:00,2492,2152,340,468,200,200,0,100.0,30,25,60,60,False,False,BED_OVERFLOW,SIMULATED
PHC-UP-VAR-001,PHC Cholapur,Uttar Pradesh,Varanasi,UP-VARANASI,2026-08-31,2026-08-31T20:00:00,240,211,29,22,6,6,0,100.0,2,2,4,4,False,False,BED_OVERFLOW,SIMULATED
PHC-UP-VAR-002,PHC Pindra,Uttar Pradesh,Varanasi,UP-VARANASI,2026-08-31,2026-08-31T20:00:00,247,220,27,32,8,8,0,100.0,3,3,5,5,False,False,BED_OVERFLOW,SIMULATED
PHC-UP-VAR-003,PHC Sevapuri,Uttar Pradesh,Varanasi,UP-VARANASI,2026-08-31,2026-08-31T20:00:00,209,187,22,26,6,6,0,100.0,2,2,4,4,False,False,BED_OVERFLOW,SIMULATED
PHC-UP-VAR-004,PHC Kashi Vidyapeeth,Uttar Pradesh,Varanasi,UP-VARANASI,2026-08-31,2026-08-31T20:00:00,314,273,41,45,10,10,0,100.0,3,3,6,6,False,False,BED_OVERFLOW,SIMULATED
CHC-UP-VAR-001,CHC Misirpur,Uttar Pradesh,Varanasi,UP-VARANASI,2026-08-31,2026-08-31T20:00:00,499,435,64,69,30,30,0,100.0,7,6,14,14,False,False,BED_OVERFLOW,SIMULATED
DH-UP-VAR-001,Pandit Deen Dayal Upadhyay District Hospital,Uttar Pradesh,Varanasi,UP-VARANASI,2026-08-31,2026-08-31T20:00:00,2656,2434,222,422,250,250,0,100.0,38,35,75,74,False,False,BED_OVERFLOW,SIMULATED
PHC-UP-LUK-001,PHC Bakshi Ka Talab,Uttar Pradesh,Lucknow,UP-LUCKNOW,2026-08-31,2026-08-31T20:00:00,309,270,39,63,10,10,0,100.0,3,3,6,6,False,False,BED_OVERFLOW,SIMULATED
PHC-UP-LUK-002,PHC Malihabad,Uttar Pradesh,Lucknow,UP-LUCKNOW,2026-08-31,2026-08-31T20:00:00,238,205,33,25,8,8,0,100.0,2,2,5,5,False,False,BED_OVERFLOW,SIMULATED
PHC-UP-LUK-003,PHC Mohanlalganj,Uttar Pradesh,Lucknow,UP-LUCKNOW,2026-08-31,2026-08-31T20:00:00,262,238,24,40,8,8,0,100.0,2,2,5,5,False,False,BED_OVERFLOW,SIMULATED
DH-UP-LUK-001,Balrampur District Hospital Lucknow,Uttar Pradesh,Lucknow,UP-LUCKNOW,2026-08-31,2026-08-31T20:00:00,3404,3122,282,498,350,350,0,100.0,50,43,110,96,False,False,BED_OVERFLOW,SIMULATED
PHC-RJ-JAI-001,PHC Bassi,Rajasthan,Jaipur,RJ-JAIPUR,2026-08-31,2026-08-31T20:00:00,238,218,20,45,8,8,0,100.0,2,2,5,5,False,False,BED_OVERFLOW,SIMULATED
PHC-RJ-JAI-002,PHC Chaksu,Rajasthan,Jaipur,RJ-JAIPUR,2026-08-31,2026-08-31T20:00:00,216,185,31,20,6,6,0,100.0,2,2,4,4,False,False,BED_OVERFLOW,SIMULATED
PHC-RJ-JAI-003,PHC Amer,Rajasthan,Jaipur,RJ-JAIPUR,2026-08-31,2026-08-31T20:00:00,261,227,34,54,10,10,0,100.0,3,3,6,6,False,False,BED_OVERFLOW,SIMULATED
DH-RJ-JAI-001,Kanwatia District Hospital Jaipur,Rajasthan,Jaipur,RJ-JAIPUR,2026-08-31,2026-08-31T20:00:00,2948,2676,272,538,200,200,0,100.0,32,28,68,68,False,False,BED_OVERFLOW,SIMULATED
PHC-MH-PUN-001,PHC Mulshi,Maharashtra,Pune,MH-PUNE,2026-08-31,2026-08-31T20:00:00,172,155,17,29,8,8,0,100.0,2,2,5,5,False,False,BED_OVERFLOW,SIMULATED
PHC-MH-PUN-002,PHC Haveli,Maharashtra,Pune,MH-PUNE,2026-08-31,2026-08-31T20:00:00,305,270,35,57,10,10,0,100.0,3,3,6,6,False,False,BED_OVERFLOW,SIMULATED
PHC-MH-PUN-003,PHC Khed,Maharashtra,Pune,MH-PUNE,2026-08-31,2026-08-31T20:00:00,216,186,30,19,8,8,0,100.0,2,2,5,5,False,False,BED_OVERFLOW,SIMULATED
DH-MH-PUN-001,Aundh District Hospital Pune,Maharashtra,Pune,MH-PUNE,2026-08-31,2026-08-31T20:00:00,3360,3037,323,586,300,300,0,100.0,42,36,90,87,False,False,BED_OVERFLOW,SIMULATED
PHC-KA-BEN-001,PHC Yelahanka,Karnataka,Bengaluru Urban,KA-BENGALURU-U,2026-08-31,2026-08-31T20:00:00,325,292,33,32,10,10,0,100.0,3,3,7,7,False,False,BED_OVERFLOW,SIMULATED
PHC-KA-BEN-002,PHC Anekal,Karnataka,Bengaluru Urban,KA-BENGALURU-U,2026-08-31,2026-08-31T20:00:00,266,243,23,43,8,8,0,100.0,2,2,5,5,False,False,BED_OVERFLOW,SIMULATED
PHC-KA-BEN-003,PHC Kengeri,Karnataka,Bengaluru Urban,KA-BENGALURU-U,2026-08-31,2026-08-31T20:00:00,339,309,30,46,10,10,0,100.0,3,3,6,6,False,False,BED_OVERFLOW,SIMULATED
DH-KA-BEN-001,KC General District Hospital Malleshwaram,Karnataka,Bengaluru Urban,KA-BENGALURU-U,2026-08-31,2026-08-31T20:00:00,4027,3636,391,678,350,350,0,100.0,48,47,105,97,False,False,BED_OVERFLOW,SIMULATED
PHC-BR-PAT-001,PHC Bakhtiyarpur,Bihar,Patna,BR-PATNA,2026-08-24,2026-08-24T20:00:00,306,267,39,64,6,6,0,100.0,2,2,4,4,False,False,SURGE_ALERT,SIMULATED
PHC-BR-PAT-002,PHC Danapur,Bihar,Patna,BR-PATNA,2026-08-24,2026-08-24T20:00:00,410,363,47,116,10,10,0,100.0,3,3,6,6,False,False,SURGE_ALERT,SIMULATED
PHC-BR-PAT-003,PHC Bihta,Bihar,Patna,BR-PATNA,2026-08-24,2026-08-24T20:00:00,311,286,25,99,8,8,0,100.0,2,2,5,5,False,False,SURGE_ALERT,SIMULATED
PHC-BR-PAT-004,PHC Fatuha,Bihar,Patna,BR-PATNA,2026-08-24,2026-08-24T20:00:00,272,239,33,43,6,6,0,100.0,2,2,4,4,False,False,SURGE_ALERT,SIMULATED
PHC-BR-PAT-005,PHC Mokama,Bihar,Patna,BR-PATNA,2026-08-24,2026-08-24T20:00:00,303,270,33,61,8,8,0,100.0,2,2,4,4,False,False,SURGE_ALERT,SIMULATED
CHC-BR-PAT-001,CHC Phulwari Sharif,Bihar,Patna,BR-PATNA,2026-08-24,2026-08-24T20:00:00,802,710,92,152,30,30,0,100.0,6,6,12,11,False,False,SURGE_ALERT,SIMULATED
DH-BR-PAT-001,District Hospital Gardanibagh,Bihar,Patna,BR-PATNA,2026-08-24,2026-08-24T20:00:00,2288,2075,213,747,150,150,0,100.0,24,22,45,43,True,False,SURGE_ALERT,SIMULATED
PHC-BR-GAY-001,PHC Bodh Gaya,Bihar,Gaya,BR-GAYA,2026-08-24,2026-08-24T20:00:00,231,202,29,42,8,8,0,100.0,2,2,4,4,False,False,BED_OVERFLOW,SIMULATED
PHC-BR-GAY-002,PHC Sherghati,Bihar,Gaya,BR-GAYA,2026-08-24,2026-08-24T20:00:00,172,156,16,17,6,6,0,100.0,2,2,4,4,False,False,BED_OVERFLOW,SIMULATED
PHC-BR-GAY-003,PHC Tekari,Bihar,Gaya,BR-GAYA,2026-08-24,2026-08-24T20:00:00,158,139,19,23,6,6,0,100.0,2,2,3,3,False,False,BED_OVERFLOW,SIMULATED
DH-BR-GAY-001,Jay Prakash Narayan District Hospital Gaya,Bihar,Gaya,BR-GAYA,2026-08-24,2026-08-24T20:00:00,2323,2037,286,294,200,200,0,100.0,30,29,60,57,False,False,BED_OVERFLOW,SIMULATED
PHC-UP-VAR-001,PHC Cholapur,Uttar Pradesh,Varanasi,UP-VARANASI,2026-08-24,2026-08-24T20:00:00,240,209,31,27,6,6,0,100.0,2,2,4,4,False,False,BED_OVERFLOW,SIMULATED
PHC-UP-VAR-002,PHC Pindra,Uttar Pradesh,Varanasi,UP-VARANASI,2026-08-24,2026-08-24T20:00:00,262,226,36,24,8,8,0,100.0,3,3,5,5,False,False,BED_OVERFLOW,SIMULATED
PHC-UP-VAR-003,PHC Sevapuri,Uttar Pradesh,Varanasi,UP-VARANASI,2026-08-24,2026-08-24T20:00:00,186,168,18,24,6,6,0,100.0,2,2,4,4,False,False,BED_OVERFLOW,SIMULATED
PHC-UP-VAR-004,PHC Kashi Vidyapeeth,Uttar Pradesh,Varanasi,UP-VARANASI,2026-08-24,2026-08-24T20:00:00,340,309,31,74,10,10,0,100.0,3,3,6,6,False,False,BED_OVERFLOW,SIMULATED
CHC-UP-VAR-001,CHC Misirpur,Uttar Pradesh,Varanasi,UP-VARANASI,2026-08-24,2026-08-24T20:00:00,530,464,66,104,30,30,0,100.0,7,6,14,14,False,False,BED_OVERFLOW,SIMULATED
DH-UP-VAR-001,Pandit Deen Dayal Upadhyay District Hospital,Uttar Pradesh,Varanasi,UP-VARANASI,2026-08-24,2026-08-24T20:00:00,2812,2540,272,501,250,250,0,100.0,38,32,75,71,False,False,BED_OVERFLOW,SIMULATED
PHC-UP-LUK-001,PHC Bakshi Ka Talab,Uttar Pradesh,Lucknow,UP-LUCKNOW,2026-08-24,2026-08-24T20:00:00,297,272,25,53,10,10,0,100.0,3,3,6,6,False,False,BED_OVERFLOW,SIMULATED
PHC-UP-LUK-002,PHC Malihabad,Uttar Pradesh,Lucknow,UP-LUCKNOW,2026-08-24,2026-08-24T20:00:00,256,224,32,36,8,8,0,100.0,2,2,5,5,False,False,BED_OVERFLOW,SIMULATED
PHC-UP-LUK-003,PHC Mohanlalganj,Uttar Pradesh,Lucknow,UP-LUCKNOW,2026-08-24,2026-08-24T20:00:00,239,205,34,33,8,8,0,100.0,2,2,5,5,False,False,BED_OVERFLOW,SIMULATED
DH-UP-LUK-001,Balrampur District Hospital Lucknow,Uttar Pradesh,Lucknow,UP-LUCKNOW,2026-08-24,2026-08-24T20:00:00,4154,3647,507,685,350,350,0,100.0,50,44,110,97,False,False,BED_OVERFLOW,SIMULATED
PHC-RJ-JAI-001,PHC Bassi,Rajasthan,Jaipur,RJ-JAIPUR,2026-08-24,2026-08-24T20:00:00,248,216,32,31,8,8,0,100.0,2,2,5,5,False,False,BED_OVERFLOW,SIMULATED
PHC-RJ-JAI-002,PHC Chaksu,Rajasthan,Jaipur,RJ-JAIPUR,2026-08-24,2026-08-24T20:00:00,218,196,22,46,6,6,0,100.0,2,2,4,4,False,False,BED_OVERFLOW,SIMULATED
PHC-RJ-JAI-003,PHC Amer,Rajasthan,Jaipur,RJ-JAIPUR,2026-08-24,2026-08-24T20:00:00,276,248,28,24,10,10,0,100.0,3,3,6,6,False,False,BED_OVERFLOW,SIMULATED
DH-RJ-JAI-001,Kanwatia District Hospital Jaipur,Rajasthan,Jaipur,RJ-JAIPUR,2026-08-24,2026-08-24T20:00:00,2808,2417,391,525,200,200,0,100.0,32,27,68,67,False,False,BED_OVERFLOW,SIMULATED
PHC-MH-PUN-001,PHC Mulshi,Maharashtra,Pune,MH-PUNE,2026-08-24,2026-08-24T20:00:00,181,157,24,33,8,8,0,100.0,2,2,5,5,False,False,BED_OVERFLOW,SIMULATED
PHC-MH-PUN-002,PHC Haveli,Maharashtra,Pune,MH-PUNE,2026-08-24,2026-08-24T20:00:00,327,286,41,39,10,10,0,100.0,3,3,6,6,False,False,BED_OVERFLOW,SIMULATED
PHC-MH-PUN-003,PHC Khed,Maharashtra,Pune,MH-PUNE,2026-08-24,2026-08-24T20:00:00,245,219,26,24,8,8,0,100.0,2,2,5,5,False,False,BED_OVERFLOW,SIMULATED
DH-MH-PUN-001,Aundh District Hospital Pune,Maharashtra,Pune,MH-PUNE,2026-08-24,2026-08-24T20:00:00,3288,3011,277,532,300,300,0,100.0,42,36,90,78,False,False,BED_OVERFLOW,SIMULATED
PHC-KA-BEN-001,PHC Yelahanka,Karnataka,Bengaluru Urban,KA-BENGALURU-U,2026-08-24,2026-08-24T20:00:00,326,296,30,60,10,10,0,100.0,3,3,7,7,False,False,BED_OVERFLOW,SIMULATED
PHC-KA-BEN-002,PHC Anekal,Karnataka,Bengaluru Urban,KA-BENGALURU-U,2026-08-24,2026-08-24T20:00:00,285,259,26,47,8,8,0,100.0,2,2,5,5,False,False,BED_OVERFLOW,SIMULATED
PHC-KA-BEN-003,PHC Kengeri,Karnataka,Bengaluru Urban,KA-BENGALURU-U,2026-08-24,2026-08-24T20:00:00,299,269,30,43,10,10,0,100.0,3,3,6,6,False,False,BED_OVERFLOW,SIMULATED
DH-KA-BEN-001,KC General District Hospital Malleshwaram,Karnataka,Bengaluru Urban,KA-BENGALURU-U,2026-08-24,2026-08-24T20:00:00,3691,3295,396,343,350,350,0,100.0,48,47,105,100,False,False,BED_OVERFLOW,SIMULATED
PHC-BR-PAT-001,PHC Bakhtiyarpur,Bihar,Patna,BR-PATNA,2026-08-25,2026-08-25T20:00:00,264,235,29,54,6,6,0,100.0,2,2,4,4,False,False,SURGE_ALERT,SIMULATED
PHC-BR-PAT-002,PHC Danapur,Bihar,Patna,BR-PATNA,2026-08-25,2026-08-25T20:00:00,351,307,44,67,10,10,0,100.0,3,3,6,6,False,False,SURGE_ALERT,SIMULATED
PHC-BR-PAT-003,PHC Bihta,Bihar,Patna,BR-PATNA,2026-08-25,2026-08-25T20:00:00,283,248,35,78,8,8,0,100.0,2,2,5,5,False,False,SURGE_ALERT,SIMULATED
PHC-BR-PAT-004,PHC Fatuha,Bihar,Patna,BR-PATNA,2026-08-25,2026-08-25T20:00:00,220,198,22,69,6,6,0,100.0,2,2,4,4,False,False,SURGE_ALERT,SIMULATED
PHC-BR-PAT-005,PHC Mokama,Bihar,Patna,BR-PATNA,2026-08-25,2026-08-25T20:00:00,270,235,35,41,8,8,0,100.0,2,2,4,4,False,False,SURGE_ALERT,SIMULATED
CHC-BR-PAT-001,CHC Phulwari Sharif,Bihar,Patna,BR-PATNA,2026-08-25,2026-08-25T20:00:00,629,549,80,84,30,30,0,100.0,6,6,12,12,False,False,SURGE_ALERT,SIMULATED
DH-BR-PAT-001,District Hospital Gardanibagh,Bihar,Patna,BR-PATNA,2026-08-25,2026-08-25T20:00:00,2022,1809,213,325,150,150,0,100.0,24,20,45,45,True,False,SURGE_ALERT,SIMULATED
PHC-BR-GAY-001,PHC Bodh Gaya,Bihar,Gaya,BR-GAYA,2026-08-25,2026-08-25T20:00:00,164,148,16,31,8,8,0,100.0,2,2,4,4,False,False,BED_OVERFLOW,SIMULATED
PHC-BR-GAY-002,PHC Sherghati,Bihar,Gaya,BR-GAYA,2026-08-25,2026-08-25T20:00:00,124,108,16,13,6,6,0,100.0,2,2,4,4,False,False,BED_OVERFLOW,SIMULATED
PHC-BR-GAY-003,PHC Tekari,Bihar,Gaya,BR-GAYA,2026-08-25,2026-08-25T20:00:00,117,105,12,21,6,6,0,100.0,2,2,3,3,False,False,BED_OVERFLOW,SIMULATED
DH-BR-GAY-001,Jay Prakash Narayan District Hospital Gaya,Bihar,Gaya,BR-GAYA,2026-08-25,2026-08-25T20:00:00,1840,1625,215,364,200,200,0,100.0,30,29,60,59,False,False,BED_OVERFLOW,SIMULATED
PHC-UP-VAR-001,PHC Cholapur,Uttar Pradesh,Varanasi,UP-VARANASI,2026-08-25,2026-08-25T20:00:00,173,157,16,37,6,6,0,100.0,2,2,4,4,False,False,BED_OVERFLOW,SIMULATED
PHC-UP-VAR-002,PHC Pindra,Uttar Pradesh,Varanasi,UP-VARANASI,2026-08-25,2026-08-25T20:00:00,187,164,23,29,8,8,0,100.0,3,3,5,5,False,False,BED_OVERFLOW,SIMULATED
PHC-UP-VAR-003,PHC Sevapuri,Uttar Pradesh,Varanasi,UP-VARANASI,2026-08-25,2026-08-25T20:00:00,164,146,18,16,6,6,0,100.0,2,2,4,4,False,False,BED_OVERFLOW,SIMULATED
PHC-UP-VAR-004,PHC Kashi Vidyapeeth,Uttar Pradesh,Varanasi,UP-VARANASI,2026-08-25,2026-08-25T20:00:00,253,226,27,24,10,10,0,100.0,3,3,6,6,False,False,BED_OVERFLOW,SIMULATED
CHC-UP-VAR-001,CHC Misirpur,Uttar Pradesh,Varanasi,UP-VARANASI,2026-08-25,2026-08-25T20:00:00,469,423,46,59,30,30,0,100.0,7,6,14,14,False,False,BED_OVERFLOW,SIMULATED
DH-UP-VAR-001,Pandit Deen Dayal Upadhyay District Hospital,Uttar Pradesh,Varanasi,UP-VARANASI,2026-08-25,2026-08-25T20:00:00,2004,1829,175,276,250,250,0,100.0,38,34,75,67,False,False,BED_OVERFLOW,SIMULATED
PHC-UP-LUK-001,PHC Bakshi Ka Talab,Uttar Pradesh,Lucknow,UP-LUCKNOW,2026-08-25,2026-08-25T20:00:00,228,200,28,22,10,10,0,100.0,3,3,6,6,False,False,BED_OVERFLOW,SIMULATED
PHC-UP-LUK-002,PHC Malihabad,Uttar Pradesh,Lucknow,UP-LUCKNOW,2026-08-25,2026-08-25T20:00:00,188,172,16,25,8,8,0,100.0,2,2,5,5,False,False,BED_OVERFLOW,SIMULATED
PHC-UP-LUK-003,PHC Mohanlalganj,Uttar Pradesh,Lucknow,UP-LUCKNOW,2026-08-25,2026-08-25T20:00:00,199,178,21,17,8,8,0,100.0,2,2,5,5,False,False,BED_OVERFLOW,SIMULATED
DH-UP-LUK-001,Balrampur District Hospital Lucknow,Uttar Pradesh,Lucknow,UP-LUCKNOW,2026-08-25,2026-08-25T20:00:00,2903,2628,275,542,350,350,0,100.0,50,46,110,103,False,False,BED_OVERFLOW,SIMULATED
PHC-RJ-JAI-001,PHC Bassi,Rajasthan,Jaipur,RJ-JAIPUR,2026-08-25,2026-08-25T20:00:00,194,177,17,16,8,8,0,100.0,2,2,5,5,False,False,BED_OVERFLOW,SIMULATED
PHC-RJ-JAI-002,PHC Chaksu,Rajasthan,Jaipur,RJ-JAIPUR,2026-08-25,2026-08-25T20:00:00,167,149,18,18,6,6,0,100.0,2,2,4,4,False,False,BED_OVERFLOW,SIMULATED
PHC-RJ-JAI-003,PHC Amer,Rajasthan,Jaipur,RJ-JAIPUR,2026-08-25,2026-08-25T20:00:00,214,185,29,42,10,10,0,100.0,3,3,6,6,False,False,BED_OVERFLOW,SIMULATED
DH-RJ-JAI-001,Kanwatia District Hospital Jaipur,Rajasthan,Jaipur,RJ-JAIPUR,2026-08-25,2026-08-25T20:00:00,1899,1714,185,161,200,200,0,100.0,32,30,68,66,False,False,BED_OVERFLOW,SIMULATED
PHC-MH-PUN-001,PHC Mulshi,Maharashtra,Pune,MH-PUNE,2026-08-25,2026-08-25T20:00:00,154,136,18,33,8,8,0,100.0,2,2,5,5,False,False,BED_OVERFLOW,SIMULATED
PHC-MH-PUN-002,PHC Haveli,Maharashtra,Pune,MH-PUNE,2026-08-25,2026-08-25T20:00:00,261,227,34,31,10,10,0,100.0,3,3,6,6,False,False,BED_OVERFLOW,SIMULATED
PHC-MH-PUN-003,PHC Khed,Maharashtra,Pune,MH-PUNE,2026-08-25,2026-08-25T20:00:00,176,156,20,17,8,8,0,100.0,2,2,5,5,False,False,BED_OVERFLOW,SIMULATED
DH-MH-PUN-001,Aundh District Hospital Pune,Maharashtra,Pune,MH-PUNE,2026-08-25,2026-08-25T20:00:00,2580,2253,327,437,300,300,0,100.0,42,37,90,81,False,False,BED_OVERFLOW,SIMULATED
PHC-KA-BEN-001,PHC Yelahanka,Karnataka,Bengaluru Urban,KA-BENGALURU-U,2026-08-25,2026-08-25T20:00:00,274,243,31,27,10,10,0,100.0,3,3,7,7,False,False,BED_OVERFLOW,SIMULATED
PHC-KA-BEN-002,PHC Anekal,Karnataka,Bengaluru Urban,KA-BENGALURU-U,2026-08-25,2026-08-25T20:00:00,222,197,25,41,8,8,0,100.0,2,2,5,5,False,False,BED_OVERFLOW,SIMULATED
PHC-KA-BEN-003,PHC Kengeri,Karnataka,Bengaluru Urban,KA-BENGALURU-U,2026-08-25,2026-08-25T20:00:00,245,224,21,47,10,10,0,100.0,3,3,6,6,False,False,BED_OVERFLOW,SIMULATED
DH-KA-BEN-001,KC General District Hospital Malleshwaram,Karnataka,Bengaluru Urban,KA-BENGALURU-U,2026-08-25,2026-08-25T20:00:00,2985,2690,295,507,350,350,0,100.0,48,41,105,97,False,False,BED_OVERFLOW,SIMULATED
PHC-BR-PAT-001,PHC Bakhtiyarpur,Bihar,Patna,BR-PATNA,2026-08-26,2026-08-26T20:00:00,241,213,28,56,6,6,0,100.0,2,2,4,4,False,False,SURGE_ALERT,SIMULATED
PHC-BR-PAT-002,PHC Danapur,Bihar,Patna,BR-PATNA,2026-08-26,2026-08-26T20:00:00,353,305,48,43,10,10,0,100.0,3,3,6,6,False,False,SURGE_ALERT,SIMULATED
PHC-BR-PAT-003,PHC Bihta,Bihar,Patna,BR-PATNA,2026-08-26,2026-08-26T20:00:00,283,243,40,73,8,8,0,100.0,2,2,5,5,False,False,SURGE_ALERT,SIMULATED
PHC-BR-PAT-004,PHC Fatuha,Bihar,Patna,BR-PATNA,2026-08-26,2026-08-26T20:00:00,223,191,32,29,6,6,0,100.0,2,2,4,4,False,False,SURGE_ALERT,SIMULATED
PHC-BR-PAT-005,PHC Mokama,Bihar,Patna,BR-PATNA,2026-08-26,2026-08-26T20:00:00,241,210,31,35,8,8,0,100.0,2,2,4,4,False,False,SURGE_ALERT,SIMULATED
CHC-BR-PAT-001,CHC Phulwari Sharif,Bihar,Patna,BR-PATNA,2026-08-26,2026-08-26T20:00:00,655,601,54,187,30,30,0,100.0,6,6,12,12,False,False,SURGE_ALERT,SIMULATED
DH-BR-PAT-001,District Hospital Gardanibagh,Bihar,Patna,BR-PATNA,2026-08-26,2026-08-26T20:00:00,2054,1793,261,569,150,150,0,100.0,24,20,45,40,True,False,SURGE_ALERT,SIMULATED
PHC-BR-GAY-001,PHC Bodh Gaya,Bihar,Gaya,BR-GAYA,2026-08-26,2026-08-26T20:00:00,153,137,16,13,8,8,0,100.0,2,2,4,4,False,False,BED_OVERFLOW,SIMULATED
PHC-BR-GAY-002,PHC Sherghati,Bihar,Gaya,BR-GAYA,2026-08-26,2026-08-26T20:00:00,148,134,14,20,6,6,0,100.0,2,2,4,4,False,False,BED_OVERFLOW,SIMULATED
PHC-BR-GAY-003,PHC Tekari,Bihar,Gaya,BR-GAYA,2026-08-26,2026-08-26T20:00:00,122,106,16,13,6,6,0,100.0,2,2,3,3,False,False,BED_OVERFLOW,SIMULATED
DH-BR-GAY-001,Jay Prakash Narayan District Hospital Gaya,Bihar,Gaya,BR-GAYA,2026-08-26,2026-08-26T20:00:00,1873,1635,238,159,200,200,0,100.0,30,27,60,59,False,False,BED_OVERFLOW,SIMULATED
PHC-UP-VAR-001,PHC Cholapur,Uttar Pradesh,Varanasi,UP-VARANASI,2026-08-26,2026-08-26T20:00:00,185,159,26,37,6,6,0,100.0,2,2,4,4,False,False,BED_OVERFLOW,SIMULATED
PHC-UP-VAR-002,PHC Pindra,Uttar Pradesh,Varanasi,UP-VARANASI,2026-08-26,2026-08-26T20:00:00,188,162,26,29,8,8,0,100.0,3,3,5,5,False,False,BED_OVERFLOW,SIMULATED
PHC-UP-VAR-003,PHC Sevapuri,Uttar Pradesh,Varanasi,UP-VARANASI,2026-08-26,2026-08-26T20:00:00,143,123,20,13,6,6,0,100.0,2,2,4,4,False,False,BED_OVERFLOW,SIMULATED
PHC-UP-VAR-004,PHC Kashi Vidyapeeth,Uttar Pradesh,Varanasi,UP-VARANASI,2026-08-26,2026-08-26T20:00:00,249,228,21,34,10,10,0,100.0,3,3,6,6,False,False,BED_OVERFLOW,SIMULATED
CHC-UP-VAR-001,CHC Misirpur,Uttar Pradesh,Varanasi,UP-VARANASI,2026-08-26,2026-08-26T20:00:00,505,459,46,74,30,30,0,100.0,7,7,14,13,False,False,BED_OVERFLOW,SIMULATED
DH-UP-VAR-001,Pandit Deen Dayal Upadhyay District Hospital,Uttar Pradesh,Varanasi,UP-VARANASI,2026-08-26,2026-08-26T20:00:00,2296,2084,212,364,250,250,0,100.0,38,33,75,70,False,False,BED_OVERFLOW,SIMULATED
PHC-UP-LUK-001,PHC Bakshi Ka Talab,Uttar Pradesh,Lucknow,UP-LUCKNOW,2026-08-26,2026-08-26T20:00:00,254,226,28,26,10,10,0,100.0,3,3,6,6,False,False,BED_OVERFLOW,SIMULATED
PHC-UP-LUK-002,PHC Malihabad,Uttar Pradesh,Lucknow,UP-LUCKNOW,2026-08-26,2026-08-26T20:00:00,192,165,27,15,8,8,0,100.0,2,2,5,5,False,False,BED_OVERFLOW,SIMULATED
PHC-UP-LUK-003,PHC Mohanlalganj,Uttar Pradesh,Lucknow,UP-LUCKNOW,2026-08-26,2026-08-26T20:00:00,210,192,18,18,8,8,0,100.0,2,2,5,5,False,False,BED_OVERFLOW,SIMULATED
DH-UP-LUK-001,Balrampur District Hospital Lucknow,Uttar Pradesh,Lucknow,UP-LUCKNOW,2026-08-26,2026-08-26T20:00:00,2464,2119,345,399,350,350,0,100.0,50,47,110,104,False,False,BED_OVERFLOW,SIMULATED
PHC-RJ-JAI-001,PHC Bassi,Rajasthan,Jaipur,RJ-JAIPUR,2026-08-26,2026-08-26T20:00:00,175,156,19,29,8,8,0,100.0,2,2,5,5,False,False,BED_OVERFLOW,SIMULATED
PHC-RJ-JAI-002,PHC Chaksu,Rajasthan,Jaipur,RJ-JAIPUR,2026-08-26,2026-08-26T20:00:00,166,145,21,31,6,6,0,100.0,2,2,4,4,False,False,BED_OVERFLOW,SIMULATED
PHC-RJ-JAI-003,PHC Amer,Rajasthan,Jaipur,RJ-JAIPUR,2026-08-26,2026-08-26T20:00:00,223,202,21,21,10,10,0,100.0,3,3,6,6,False,False,BED_OVERFLOW,SIMULATED
DH-RJ-JAI-001,Kanwatia District Hospital Jaipur,Rajasthan,Jaipur,RJ-JAIPUR,2026-08-26,2026-08-26T20:00:00,2284,2100,184,486,200,200,0,100.0,32,27,68,62,False,False,BED_OVERFLOW,SIMULATED
PHC-MH-PUN-001,PHC Mulshi,Maharashtra,Pune,MH-PUNE,2026-08-26,2026-08-26T20:00:00,151,132,19,20,8,8,0,100.0,2,2,5,5,False,False,BED_OVERFLOW,SIMULATED
PHC-MH-PUN-002,PHC Haveli,Maharashtra,Pune,MH-PUNE,2026-08-26,2026-08-26T20:00:00,242,212,30,22,10,10,0,100.0,3,3,6,6,False,False,BED_OVERFLOW,SIMULATED
PHC-MH-PUN-003,PHC Khed,Maharashtra,Pune,MH-PUNE,2026-08-26,2026-08-26T20:00:00,173,149,24,24,8,8,0,100.0,2,2,5,5,False,False,BED_OVERFLOW,SIMULATED
DH-MH-PUN-001,Aundh District Hospital Pune,Maharashtra,Pune,MH-PUNE,2026-08-26,2026-08-26T20:00:00,2643,2355,288,333,300,300,0,100.0,42,41,90,81,False,False,BED_OVERFLOW,SIMULATED
PHC-KA-BEN-001,PHC Yelahanka,Karnataka,Bengaluru Urban,KA-BENGALURU-U,2026-08-26,2026-08-26T20:00:00,303,263,40,38,10,10,0,100.0,3,3,7,7,False,False,BED_OVERFLOW,SIMULATED
PHC-KA-BEN-002,PHC Anekal,Karnataka,Bengaluru Urban,KA-BENGALURU-U,2026-08-26,2026-08-26T20:00:00,233,201,32,38,8,8,0,100.0,2,2,5,5,False,False,BED_OVERFLOW,SIMULATED
PHC-KA-BEN-003,PHC Kengeri,Karnataka,Bengaluru Urban,KA-BENGALURU-U,2026-08-26,2026-08-26T20:00:00,247,212,35,28,10,10,0,100.0,3,3,6,6,False,False,BED_OVERFLOW,SIMULATED
DH-KA-BEN-001,KC General District Hospital Malleshwaram,Karnataka,Bengaluru Urban,KA-BENGALURU-U,2026-08-26,2026-08-26T20:00:00,3180,2789,391,606,350,350,0,100.0,48,45,105,95,False,False,BED_OVERFLOW,SIMULATED
PHC-BR-PAT-001,PHC Bakhtiyarpur,Bihar,Patna,BR-PATNA,2026-08-27,2026-08-27T20:00:00,231,199,32,66,6,6,0,100.0,2,2,4,4,False,False,SURGE_ALERT,SIMULATED
PHC-BR-PAT-002,PHC Danapur,Bihar,Patna,BR-PATNA,2026-08-27,2026-08-27T20:00:00,361,312,49,87,10,10,0,100.0,3,3,6,6,False,False,SURGE_ALERT,SIMULATED
PHC-BR-PAT-003,PHC Bihta,Bihar,Patna,BR-PATNA,2026-08-27,2026-08-27T20:00:00,264,228,36,77,8,8,0,100.0,2,2,5,5,False,False,SURGE_ALERT,SIMULATED
PHC-BR-PAT-004,PHC Fatuha,Bihar,Patna,BR-PATNA,2026-08-27,2026-08-27T20:00:00,201,181,20,60,6,6,0,100.0,2,2,4,4,False,False,SURGE_ALERT,SIMULATED
PHC-BR-PAT-005,PHC Mokama,Bihar,Patna,BR-PATNA,2026-08-27,2026-08-27T20:00:00,265,243,22,42,8,8,0,100.0,2,2,4,4,False,False,SURGE_ALERT,SIMULATED
CHC-BR-PAT-001,CHC Phulwari Sharif,Bihar,Patna,BR-PATNA,2026-08-27,2026-08-27T20:00:00,665,607,58,105,30,30,0,100.0,6,5,12,12,True,False,SURGE_ALERT,SIMULATED
DH-BR-PAT-001,District Hospital Gardanibagh,Bihar,Patna,BR-PATNA,2026-08-27,2026-08-27T20:00:00,2093,1877,216,575,150,150,0,100.0,24,20,45,41,True,False,SURGE_ALERT,SIMULATED
PHC-BR-GAY-001,PHC Bodh Gaya,Bihar,Gaya,BR-GAYA,2026-08-27,2026-08-27T20:00:00,166,142,24,31,8,8,0,100.0,2,2,4,4,False,False,BED_OVERFLOW,SIMULATED
PHC-BR-GAY-002,PHC Sherghati,Bihar,Gaya,BR-GAYA,2026-08-27,2026-08-27T20:00:00,144,126,18,18,6,6,0,100.0,2,2,4,4,False,False,BED_OVERFLOW,SIMULATED
PHC-BR-GAY-003,PHC Tekari,Bihar,Gaya,BR-GAYA,2026-08-27,2026-08-27T20:00:00,134,121,13,19,6,6,0,100.0,2,2,3,3,False,False,BED_OVERFLOW,SIMULATED
DH-BR-GAY-001,Jay Prakash Narayan District Hospital Gaya,Bihar,Gaya,BR-GAYA,2026-08-27,2026-08-27T20:00:00,1781,1635,146,227,200,200,0,100.0,30,29,60,60,False,False,BED_OVERFLOW,SIMULATED
PHC-UP-VAR-001,PHC Cholapur,Uttar Pradesh,Varanasi,UP-VARANASI,2026-08-27,2026-08-27T20:00:00,182,160,22,22,6,6,0,100.0,2,2,4,4,False,False,BED_OVERFLOW,SIMULATED
PHC-UP-VAR-002,PHC Pindra,Uttar Pradesh,Varanasi,UP-VARANASI,2026-08-27,2026-08-27T20:00:00,186,168,18,27,8,8,0,100.0,3,3,5,5,False,False,BED_OVERFLOW,SIMULATED
PHC-UP-VAR-003,PHC Sevapuri,Uttar Pradesh,Varanasi,UP-VARANASI,2026-08-27,2026-08-27T20:00:00,165,148,17,30,6,6,0,100.0,2,2,4,4,False,False,BED_OVERFLOW,SIMULATED
PHC-UP-VAR-004,PHC Kashi Vidyapeeth,Uttar Pradesh,Varanasi,UP-VARANASI,2026-08-27,2026-08-27T20:00:00,255,231,24,40,10,10,0,100.0,3,3,6,6,False,False,BED_OVERFLOW,SIMULATED
CHC-UP-VAR-001,CHC Misirpur,Uttar Pradesh,Varanasi,UP-VARANASI,2026-08-27,2026-08-27T20:00:00,477,412,65,73,30,30,0,100.0,7,7,14,13,False,False,BED_OVERFLOW,SIMULATED
DH-UP-VAR-001,Pandit Deen Dayal Upadhyay District Hospital,Uttar Pradesh,Varanasi,UP-VARANASI,2026-08-27,2026-08-27T20:00:00,2148,1872,276,232,250,250,0,100.0,38,38,75,71,False,False,BED_OVERFLOW,SIMULATED
PHC-UP-LUK-001,PHC Bakshi Ka Talab,Uttar Pradesh,Lucknow,UP-LUCKNOW,2026-08-27,2026-08-27T20:00:00,207,181,26,34,10,10,0,100.0,3,3,6,6,False,False,BED_OVERFLOW,SIMULATED
PHC-UP-LUK-002,PHC Malihabad,Uttar Pradesh,Lucknow,UP-LUCKNOW,2026-08-27,2026-08-27T20:00:00,201,174,27,34,8,8,0,100.0,2,2,5,5,False,False,BED_OVERFLOW,SIMULATED
PHC-UP-LUK-003,PHC Mohanlalganj,Uttar Pradesh,Lucknow,UP-LUCKNOW,2026-08-27,2026-08-27T20:00:00,200,181,19,21,8,8,0,100.0,2,2,5,5,False,False,BED_OVERFLOW,SIMULATED
DH-UP-LUK-001,Balrampur District Hospital Lucknow,Uttar Pradesh,Lucknow,UP-LUCKNOW,2026-08-27,2026-08-27T20:00:00,2754,2512,242,517,350,350,0,100.0,50,43,110,110,False,False,BED_OVERFLOW,SIMULATED
PHC-RJ-JAI-001,PHC Bassi,Rajasthan,Jaipur,RJ-JAIPUR,2026-08-27,2026-08-27T20:00:00,174,158,16,17,8,8,0,100.0,2,2,5,5,False,False,BED_OVERFLOW,SIMULATED
PHC-RJ-JAI-002,PHC Chaksu,Rajasthan,Jaipur,RJ-JAIPUR,2026-08-27,2026-08-27T20:00:00,170,147,23,30,6,6,0,100.0,2,2,4,4,False,False,BED_OVERFLOW,SIMULATED
PHC-RJ-JAI-003,PHC Amer,Rajasthan,Jaipur,RJ-JAIPUR,2026-08-27,2026-08-27T20:00:00,212,188,24,41,10,10,0,100.0,3,3,6,6,False,False,BED_OVERFLOW,SIMULATED
DH-RJ-JAI-001,Kanwatia District Hospital Jaipur,Rajasthan,Jaipur,RJ-JAIPUR,2026-08-27,2026-08-27T20:00:00,2087,1839,248,245,200,200,0,100.0,32,29,68,60,False,False,BED_OVERFLOW,SIMULATED
PHC-MH-PUN-001,PHC Mulshi,Maharashtra,Pune,MH-PUNE,2026-08-27,2026-08-27T20:00:00,147,133,14,21,8,8,0,100.0,2,2,5,5,False,False,BED_OVERFLOW,SIMULATED
PHC-MH-PUN-002,PHC Haveli,Maharashtra,Pune,MH-PUNE,2026-08-27,2026-08-27T20:00:00,257,222,35,37,10,10,0,100.0,3,3,6,6,False,False,BED_OVERFLOW,SIMULATED
PHC-MH-PUN-003,PHC Khed,Maharashtra,Pune,MH-PUNE,2026-08-27,2026-08-27T20:00:00,197,178,19,27,8,8,0,100.0,2,2,5,5,False,False,BED_OVERFLOW,SIMULATED
DH-MH-PUN-001,Aundh District Hospital Pune,Maharashtra,Pune,MH-PUNE,2026-08-27,2026-08-27T20:00:00,2619,2343,276,508,300,300,0,100.0,42,40,90,81,False,False,BED_OVERFLOW,SIMULATED
PHC-KA-BEN-001,PHC Yelahanka,Karnataka,Bengaluru Urban,KA-BENGALURU-U,2026-08-27,2026-08-27T20:00:00,274,236,38,41,10,10,0,100.0,3,3,7,7,False,False,BED_OVERFLOW,SIMULATED
PHC-KA-BEN-002,PHC Anekal,Karnataka,Bengaluru Urban,KA-BENGALURU-U,2026-08-27,2026-08-27T20:00:00,209,189,20,25,8,8,0,100.0,2,2,5,5,False,False,BED_OVERFLOW,SIMULATED
PHC-KA-BEN-003,PHC Kengeri,Karnataka,Bengaluru Urban,KA-BENGALURU-U,2026-08-27,2026-08-27T20:00:00,234,213,21,30,10,10,0,100.0,3,3,6,6,False,False,BED_OVERFLOW,SIMULATED
DH-KA-BEN-001,KC General District Hospital Malleshwaram,Karnataka,Bengaluru Urban,KA-BENGALURU-U,2026-08-27,2026-08-27T20:00:00,2961,2589,372,336,350,350,0,100.0,48,44,105,102,False,False,BED_OVERFLOW,SIMULATED
PHC-BR-PAT-001,PHC Bakhtiyarpur,Bihar,Patna,BR-PATNA,2026-08-28,2026-08-28T20:00:00,230,203,27,73,6,6,0,100.0,2,2,4,4,False,False,CRITICAL_SURGE,SIMULATED
PHC-BR-PAT-002,PHC Danapur,Bihar,Patna,BR-PATNA,2026-08-28,2026-08-28T20:00:00,323,284,39,45,10,10,0,100.0,3,3,6,6,False,False,CRITICAL_SURGE,SIMULATED
PHC-BR-PAT-003,PHC Bihta,Bihar,Patna,BR-PATNA,2026-08-28,2026-08-28T20:00:00,254,219,35,46,8,8,0,100.0,2,2,5,5,False,False,CRITICAL_SURGE,SIMULATED
PHC-BR-PAT-004,PHC Fatuha,Bihar,Patna,BR-PATNA,2026-08-28,2026-08-28T20:00:00,177,160,17,37,6,6,0,100.0,2,2,4,4,False,False,CRITICAL_SURGE,SIMULATED
PHC-BR-PAT-005,PHC Mokama,Bihar,Patna,BR-PATNA,2026-08-28,2026-08-28T20:00:00,221,190,31,51,8,8,0,100.0,2,2,4,4,False,False,CRITICAL_SURGE,SIMULATED
CHC-BR-PAT-001,CHC Phulwari Sharif,Bihar,Patna,BR-PATNA,2026-08-28,2026-08-28T20:00:00,514,446,68,84,30,30,0,100.0,6,5,12,11,True,False,CRITICAL_SURGE,SIMULATED
DH-BR-PAT-001,District Hospital Gardanibagh,Bihar,Patna,BR-PATNA,2026-08-28,2026-08-28T20:00:00,1837,1587,250,379,150,150,0,100.0,24,23,45,40,True,False,CRITICAL_SURGE,SIMULATED
PHC-BR-GAY-001,PHC Bodh Gaya,Bihar,Gaya,BR-GAYA,2026-08-28,2026-08-28T20:00:00,155,139,16,22,8,8,0,100.0,2,2,4,4,False,False,BED_OVERFLOW,SIMULATED
PHC-BR-GAY-002,PHC Sherghati,Bihar,Gaya,BR-GAYA,2026-08-28,2026-08-28T20:00:00,131,120,11,27,6,6,0,100.0,2,2,4,4,False,False,BED_OVERFLOW,SIMULATED
PHC-BR-GAY-003,PHC Tekari,Bihar,Gaya,BR-GAYA,2026-08-28,2026-08-28T20:00:00,113,100,13,20,6,6,0,100.0,2,2,3,3,False,False,BED_OVERFLOW,SIMULATED
DH-BR-GAY-001,Jay Prakash Narayan District Hospital Gaya,Bihar,Gaya,BR-GAYA,2026-08-28,2026-08-28T20:00:00,1718,1481,237,198,200,200,0,100.0,30,26,60,60,False,False,BED_OVERFLOW,SIMULATED
PHC-UP-VAR-001,PHC Cholapur,Uttar Pradesh,Varanasi,UP-VARANASI,2026-08-28,2026-08-28T20:00:00,149,130,19,27,6,6,0,100.0,2,2,4,4,False,False,BED_OVERFLOW,SIMULATED
PHC-UP-VAR-002,PHC Pindra,Uttar Pradesh,Varanasi,UP-VARANASI,2026-08-28,2026-08-28T20:00:00,171,151,20,33,8,8,0,100.0,3,3,5,5,False,False,BED_OVERFLOW,SIMULATED
PHC-UP-VAR-003,PHC Sevapuri,Uttar Pradesh,Varanasi,UP-VARANASI,2026-08-28,2026-08-28T20:00:00,141,123,18,30,6,6,0,100.0,2,2,4,4,False,False,BED_OVERFLOW,SIMULATED
PHC-UP-VAR-004,PHC Kashi Vidyapeeth,Uttar Pradesh,Varanasi,UP-VARANASI,2026-08-28,2026-08-28T20:00:00,222,198,24,20,10,10,0,100.0,3,3,6,6,False,False,BED_OVERFLOW,SIMULATED
CHC-UP-VAR-001,CHC Misirpur,Uttar Pradesh,Varanasi,UP-VARANASI,2026-08-28,2026-08-28T20:00:00,412,363,49,37,30,30,0,100.0,7,7,14,13,False,False,BED_OVERFLOW,SIMULATED
DH-UP-VAR-001,Pandit Deen Dayal Upadhyay District Hospital,Uttar Pradesh,Varanasi,UP-VARANASI,2026-08-28,2026-08-28T20:00:00,1969,1809,160,410,250,250,0,100.0,38,38,75,70,False,False,BED_OVERFLOW,SIMULATED
PHC-UP-LUK-001,PHC Bakshi Ka Talab,Uttar Pradesh,Lucknow,UP-LUCKNOW,2026-08-28,2026-08-28T20:00:00,211,193,18,29,10,10,0,100.0,3,3,6,6,False,False,BED_OVERFLOW,SIMULATED
PHC-UP-LUK-002,PHC Malihabad,Uttar Pradesh,Lucknow,UP-LUCKNOW,2026-08-28,2026-08-28T20:00:00,163,145,18,24,8,8,0,100.0,2,2,5,5,False,False,BED_OVERFLOW,SIMULATED
PHC-UP-LUK-003,PHC Mohanlalganj,Uttar Pradesh,Lucknow,UP-LUCKNOW,2026-08-28,2026-08-28T20:00:00,158,138,20,17,8,8,0,100.0,2,2,5,5,False,False,BED_OVERFLOW,SIMULATED
DH-UP-LUK-001,Balrampur District Hospital Lucknow,Uttar Pradesh,Lucknow,UP-LUCKNOW,2026-08-28,2026-08-28T20:00:00,2359,2104,255,433,350,350,0,100.0,50,41,110,102,False,False,BED_OVERFLOW,SIMULATED
PHC-RJ-JAI-001,PHC Bassi,Rajasthan,Jaipur,RJ-JAIPUR,2026-08-28,2026-08-28T20:00:00,144,132,12,25,8,8,0,100.0,2,2,5,5,False,False,BED_OVERFLOW,SIMULATED
PHC-RJ-JAI-002,PHC Chaksu,Rajasthan,Jaipur,RJ-JAIPUR,2026-08-28,2026-08-28T20:00:00,131,118,13,21,6,6,0,100.0,2,2,4,4,False,False,BED_OVERFLOW,SIMULATED
PHC-RJ-JAI-003,PHC Amer,Rajasthan,Jaipur,RJ-JAIPUR,2026-08-28,2026-08-28T20:00:00,155,142,13,26,10,10,0,100.0,3,3,6,6,False,False,BED_OVERFLOW,SIMULATED
DH-RJ-JAI-001,Kanwatia District Hospital Jaipur,Rajasthan,Jaipur,RJ-JAIPUR,2026-08-28,2026-08-28T20:00:00,1868,1668,200,289,200,200,0,100.0,32,27,68,64,False,False,BED_OVERFLOW,SIMULATED
PHC-MH-PUN-001,PHC Mulshi,Maharashtra,Pune,MH-PUNE,2026-08-28,2026-08-28T20:00:00,125,107,18,16,8,8,0,100.0,2,2,5,5,False,False,BED_OVERFLOW,SIMULATED
PHC-MH-PUN-002,PHC Haveli,Maharashtra,Pune,MH-PUNE,2026-08-28,2026-08-28T20:00:00,200,175,25,42,10,10,0,100.0,3,3,6,6,False,False,BED_OVERFLOW,SIMULATED
PHC-MH-PUN-003,PHC Khed,Maharashtra,Pune,MH-PUNE,2026-08-28,2026-08-28T20:00:00,158,144,14,28,8,8,0,100.0,2,2,5,5,False,False,BED_OVERFLOW,SIMULATED
DH-MH-PUN-001,Aundh District Hospital Pune,Maharashtra,Pune,MH-PUNE,2026-08-28,2026-08-28T20:00:00,2101,1912,189,338,300,300,0,100.0,42,36,90,81,False,False,BED_OVERFLOW,SIMULATED
PHC-KA-BEN-001,PHC Yelahanka,Karnataka,Bengaluru Urban,KA-BENGALURU-U,2026-08-28,2026-08-28T20:00:00,227,201,26,31,10,10,0,100.0,3,3,7,7,False,False,BED_OVERFLOW,SIMULATED
PHC-KA-BEN-002,PHC Anekal,Karnataka,Bengaluru Urban,KA-BENGALURU-U,2026-08-28,2026-08-28T20:00:00,174,157,17,25,8,8,0,100.0,2,2,5,5,False,False,BED_OVERFLOW,SIMULATED
PHC-KA-BEN-003,PHC Kengeri,Karnataka,Bengaluru Urban,KA-BENGALURU-U,2026-08-28,2026-08-28T20:00:00,202,175,27,33,10,10,0,100.0,3,3,6,6,False,False,BED_OVERFLOW,SIMULATED
DH-KA-BEN-001,KC General District Hospital Malleshwaram,Karnataka,Bengaluru Urban,KA-BENGALURU-U,2026-08-28,2026-08-28T20:00:00,2445,2165,280,272,350,350,0,100.0,48,44,105,96,False,False,BED_OVERFLOW,SIMULATED
PHC-BR-PAT-001,PHC Bakhtiyarpur,Bihar,Patna,BR-PATNA,2026-08-29,2026-08-29T20:00:00,226,195,31,41,6,6,0,100.0,2,2,4,4,False,False,CRITICAL_SURGE,SIMULATED
PHC-BR-PAT-002,PHC Danapur,Bihar,Patna,BR-PATNA,2026-08-29,2026-08-29T20:00:00,333,295,38,71,10,10,0,100.0,3,3,6,6,False,False,CRITICAL_SURGE,SIMULATED
PHC-BR-PAT-003,PHC Bihta,Bihar,Patna,BR-PATNA,2026-08-29,2026-08-29T20:00:00,245,217,28,73,8,8,0,100.0,2,2,5,5,False,False,CRITICAL_SURGE,SIMULATED
PHC-BR-PAT-004,PHC Fatuha,Bihar,Patna,BR-PATNA,2026-08-29,2026-08-29T20:00:00,179,159,20,53,6,6,0,100.0,2,2,4,4,False,False,CRITICAL_SURGE,SIMULATED
PHC-BR-PAT-005,PHC Mokama,Bihar,Patna,BR-PATNA,2026-08-29,2026-08-29T20:00:00,224,201,23,73,8,8,0,100.0,2,2,4,4,False,False,CRITICAL_SURGE,SIMULATED
CHC-BR-PAT-001,CHC Phulwari Sharif,Bihar,Patna,BR-PATNA,2026-08-29,2026-08-29T20:00:00,624,572,52,152,30,30,0,100.0,6,6,12,11,False,False,CRITICAL_SURGE,SIMULATED
DH-BR-PAT-001,District Hospital Gardanibagh,Bihar,Patna,BR-PATNA,2026-08-29,2026-08-29T20:00:00,2002,1804,198,448,150,150,0,100.0,24,22,45,43,True,False,CRITICAL_SURGE,SIMULATED
PHC-BR-GAY-001,PHC Bodh Gaya,Bihar,Gaya,BR-GAYA,2026-08-29,2026-08-29T20:00:00,135,120,15,17,8,8,0,100.0,2,2,4,4,False,False,BED_OVERFLOW,SIMULATED
PHC-BR-GAY-002,PHC Sherghati,Bihar,Gaya,BR-GAYA,2026-08-29,2026-08-29T20:00:00,116,106,10,13,6,6,0,100.0,2,2,4,4,False,False,BED_OVERFLOW,SIMULATED
PHC-BR-GAY-003,PHC Tekari,Bihar,Gaya,BR-GAYA,2026-08-29,2026-08-29T20:00:00,103,90,13,19,6,6,0,100.0,2,2,3,3,False,False,BED_OVERFLOW,SIMULATED
DH-BR-GAY-001,Jay Prakash Narayan District Hospital Gaya,Bihar,Gaya,BR-GAYA,2026-08-29,2026-08-29T20:00:00,1750,1506,244,224,200,200,0,100.0,30,30,60,60,False,False,BED_OVERFLOW,SIMULATED
PHC-UP-VAR-001,PHC Cholapur,Uttar Pradesh,Varanasi,UP-VARANASI,2026-08-29,2026-08-29T20:00:00,159,140,19,30,6,6,0,100.0,2,2,4,4,False,False,BED_OVERFLOW,SIMULATED
PHC-UP-VAR-002,PHC Pindra,Uttar Pradesh,Varanasi,UP-VARANASI,2026-08-29,2026-08-29T20:00:00,193,172,21,38,8,8,0,100.0,3,3,5,5,False,False,BED_OVERFLOW,SIMULATED
PHC-UP-VAR-003,PHC Sevapuri,Uttar Pradesh,Varanasi,UP-VARANASI,2026-08-29,2026-08-29T20:00:00,122,108,14,19,6,6,0,100.0,2,2,4,4,False,False,BED_OVERFLOW,SIMULATED
PHC-UP-VAR-004,PHC Kashi Vidyapeeth,Uttar Pradesh,Varanasi,UP-VARANASI,2026-08-29,2026-08-29T20:00:00,197,173,24,34,10,10,0,100.0,3,3,6,6,False,False,BED_OVERFLOW,SIMULATED
CHC-UP-VAR-001,CHC Misirpur,Uttar Pradesh,Varanasi,UP-VARANASI,2026-08-29,2026-08-29T20:00:00,383,342,41,68,30,30,0,100.0,7,7,14,14,False,False,BED_OVERFLOW,SIMULATED
DH-UP-VAR-001,Pandit Deen Dayal Upadhyay District Hospital,Uttar Pradesh,Varanasi,UP-VARANASI,2026-08-29,2026-08-29T20:00:00,1890,1698,192,387,250,250,0,100.0,38,34,75,69,False,False,BED_OVERFLOW,SIMULATED
PHC-UP-LUK-001,PHC Bakshi Ka Talab,Uttar Pradesh,Lucknow,UP-LUCKNOW,2026-08-29,2026-08-29T20:00:00,184,169,15,35,10,10,0,100.0,3,3,6,6,False,False,BED_OVERFLOW,SIMULATED
PHC-UP-LUK-002,PHC Malihabad,Uttar Pradesh,Lucknow,UP-LUCKNOW,2026-08-29,2026-08-29T20:00:00,167,145,22,17,8,8,0,100.0,2,2,5,5,False,False,BED_OVERFLOW,SIMULATED
PHC-UP-LUK-003,PHC Mohanlalganj,Uttar Pradesh,Lucknow,UP-LUCKNOW,2026-08-29,2026-08-29T20:00:00,176,157,19,30,8,8,0,100.0,2,2,5,5,False,False,BED_OVERFLOW,SIMULATED
DH-UP-LUK-001,Balrampur District Hospital Lucknow,Uttar Pradesh,Lucknow,UP-LUCKNOW,2026-08-29,2026-08-29T20:00:00,2362,2060,302,465,350,350,0,100.0,50,41,110,96,False,False,BED_OVERFLOW,SIMULATED
PHC-RJ-JAI-001,PHC Bassi,Rajasthan,Jaipur,RJ-JAIPUR,2026-08-29,2026-08-29T20:00:00,168,148,20,26,8,8,0,100.0,2,2,5,5,False,False,BED_OVERFLOW,SIMULATED
PHC-RJ-JAI-002,PHC Chaksu,Rajasthan,Jaipur,RJ-JAIPUR,2026-08-29,2026-08-29T20:00:00,144,127,17,17,6,6,0,100.0,2,2,4,4,False,False,BED_OVERFLOW,SIMULATED
PHC-RJ-JAI-003,PHC Amer,Rajasthan,Jaipur,RJ-JAIPUR,2026-08-29,2026-08-29T20:00:00,177,152,25,32,10,10,0,100.0,3,3,6,6,False,False,BED_OVERFLOW,SIMULATED
DH-RJ-JAI-001,Kanwatia District Hospital Jaipur,Rajasthan,Jaipur,RJ-JAIPUR,2026-08-29,2026-08-29T20:00:00,1964,1709,255,253,200,200,0,100.0,32,32,68,63,False,False,BED_OVERFLOW,SIMULATED
PHC-MH-PUN-001,PHC Mulshi,Maharashtra,Pune,MH-PUNE,2026-08-29,2026-08-29T20:00:00,122,105,17,26,8,8,0,100.0,2,2,5,5,False,False,BED_OVERFLOW,SIMULATED
PHC-MH-PUN-002,PHC Haveli,Maharashtra,Pune,MH-PUNE,2026-08-29,2026-08-29T20:00:00,220,202,18,41,10,10,0,100.0,3,3,6,6,False,False,BED_OVERFLOW,SIMULATED
PHC-MH-PUN-003,PHC Khed,Maharashtra,Pune,MH-PUNE,2026-08-29,2026-08-29T20:00:00,191,174,17,34,8,8,0,100.0,2,2,5,5,False,False,BED_OVERFLOW,SIMULATED
DH-MH-PUN-001,Aundh District Hospital Pune,Maharashtra,Pune,MH-PUNE,2026-08-29,2026-08-29T20:00:00,2117,1881,236,417,300,300,0,100.0,42,36,90,83,False,False,BED_OVERFLOW,SIMULATED
PHC-KA-BEN-001,PHC Yelahanka,Karnataka,Bengaluru Urban,KA-BENGALURU-U,2026-08-29,2026-08-29T20:00:00,267,238,29,27,10,10,0,100.0,3,3,7,7,False,False,BED_OVERFLOW,SIMULATED
PHC-KA-BEN-002,PHC Anekal,Karnataka,Bengaluru Urban,KA-BENGALURU-U,2026-08-29,2026-08-29T20:00:00,178,161,17,15,8,8,0,100.0,2,2,5,5,False,False,BED_OVERFLOW,SIMULATED
PHC-KA-BEN-003,PHC Kengeri,Karnataka,Bengaluru Urban,KA-BENGALURU-U,2026-08-29,2026-08-29T20:00:00,207,189,18,34,10,10,0,100.0,3,3,6,6,False,False,BED_OVERFLOW,SIMULATED
DH-KA-BEN-001,KC General District Hospital Malleshwaram,Karnataka,Bengaluru Urban,KA-BENGALURU-U,2026-08-29,2026-08-29T20:00:00,2755,2391,364,304,350,350,0,100.0,48,39,105,92,False,False,BED_OVERFLOW,SIMULATED
PHC-BR-PAT-001,PHC Bakhtiyarpur,Bihar,Patna,BR-PATNA,2026-08-30,2026-08-30T20:00:00,93,82,11,12,6,6,0,100.0,2,2,4,3,False,False,CRITICAL_SURGE,SIMULATED
PHC-BR-PAT-002,PHC Danapur,Bihar,Patna,BR-PATNA,2026-08-30,2026-08-30T20:00:00,134,115,19,17,10,10,0,100.0,3,2,6,5,True,False,CRITICAL_SURGE,SIMULATED
PHC-BR-PAT-003,PHC Bihta,Bihar,Patna,BR-PATNA,2026-08-30,2026-08-30T20:00:00,101,90,11,14,8,8,0,100.0,2,2,5,4,False,False,CRITICAL_SURGE,SIMULATED
PHC-BR-PAT-004,PHC Fatuha,Bihar,Patna,BR-PATNA,2026-08-30,2026-08-30T20:00:00,81,73,8,26,6,6,0,100.0,2,2,4,4,False,False,CRITICAL_SURGE,SIMULATED
PHC-BR-PAT-005,PHC Mokama,Bihar,Patna,BR-PATNA,2026-08-30,2026-08-30T20:00:00,100,86,14,18,8,8,0,100.0,2,2,4,3,False,False,CRITICAL_SURGE,SIMULATED
CHC-BR-PAT-001,CHC Phulwari Sharif,Bihar,Patna,BR-PATNA,2026-08-30,2026-08-30T20:00:00,255,230,25,74,30,30,0,100.0,6,4,12,9,True,False,CRITICAL_SURGE,SIMULATED
DH-BR-PAT-001,District Hospital Gardanibagh,Bihar,Patna,BR-PATNA,2026-08-30,2026-08-30T20:00:00,791,700,91,172,150,150,0,100.0,24,13,45,34,True,False,CRITICAL_SURGE,SIMULATED
PHC-BR-GAY-001,PHC Bodh Gaya,Bihar,Gaya,BR-GAYA,2026-08-30,2026-08-30T20:00:00,63,57,6,12,8,8,0,100.0,2,2,4,3,False,False,BED_OVERFLOW,SIMULATED
PHC-BR-GAY-002,PHC Sherghati,Bihar,Gaya,BR-GAYA,2026-08-30,2026-08-30T20:00:00,56,51,5,10,6,6,0,100.0,2,2,4,4,False,False,BED_OVERFLOW,SIMULATED
PHC-BR-GAY-003,PHC Tekari,Bihar,Gaya,BR-GAYA,2026-08-30,2026-08-30T20:00:00,46,41,5,7,6,6,0,100.0,2,2,3,2,False,True,BED_OVERFLOW,SIMULATED
DH-BR-GAY-001,Jay Prakash Narayan District Hospital Gaya,Bihar,Gaya,BR-GAYA,2026-08-30,2026-08-30T20:00:00,703,640,63,67,200,150,50,75.0,30,17,60,47,False,False,NORMAL,SIMULATED
PHC-UP-VAR-001,PHC Cholapur,Uttar Pradesh,Varanasi,UP-VARANASI,2026-08-30,2026-08-30T20:00:00,66,58,8,8,6,6,0,100.0,2,2,4,3,False,False,BED_OVERFLOW,SIMULATED
PHC-UP-VAR-002,PHC Pindra,Uttar Pradesh,Varanasi,UP-VARANASI,2026-08-30,2026-08-30T20:00:00,68,61,7,6,8,8,0,100.0,3,2,5,4,False,False,BED_OVERFLOW,SIMULATED
PHC-UP-VAR-003,PHC Sevapuri,Uttar Pradesh,Varanasi,UP-VARANASI,2026-08-30,2026-08-30T20:00:00,53,48,5,7,6,6,0,100.0,2,2,4,3,False,False,BED_OVERFLOW,SIMULATED
PHC-UP-VAR-004,PHC Kashi Vidyapeeth,Uttar Pradesh,Varanasi,UP-VARANASI,2026-08-30,2026-08-30T20:00:00,95,82,13,10,10,10,0,100.0,3,2,6,5,False,False,BED_OVERFLOW,SIMULATED
CHC-UP-VAR-001,CHC Misirpur,Uttar Pradesh,Varanasi,UP-VARANASI,2026-08-30,2026-08-30T20:00:00,155,139,16,28,30,30,0,100.0,7,5,14,10,False,False,BED_OVERFLOW,SIMULATED
DH-UP-VAR-001,Pandit Deen Dayal Upadhyay District Hospital,Uttar Pradesh,Varanasi,UP-VARANASI,2026-08-30,2026-08-30T20:00:00,789,718,71,66,250,152,98,60.8,38,22,75,59,False,False,NORMAL,SIMULATED
PHC-UP-LUK-001,PHC Bakshi Ka Talab,Uttar Pradesh,Lucknow,UP-LUCKNOW,2026-08-30,2026-08-30T20:00:00,77,68,9,8,10,10,0,100.0,3,2,6,5,False,False,BED_OVERFLOW,SIMULATED
PHC-UP-LUK-002,PHC Malihabad,Uttar Pradesh,Lucknow,UP-LUCKNOW,2026-08-30,2026-08-30T20:00:00,68,60,8,5,8,8,0,100.0,2,2,5,4,False,False,BED_OVERFLOW,SIMULATED
PHC-UP-LUK-003,PHC Mohanlalganj,Uttar Pradesh,Lucknow,UP-LUCKNOW,2026-08-30,2026-08-30T20:00:00,73,62,11,12,8,8,0,100.0,2,2,5,4,False,False,BED_OVERFLOW,SIMULATED
DH-UP-LUK-001,Balrampur District Hospital Lucknow,Uttar Pradesh,Lucknow,UP-LUCKNOW,2026-08-30,2026-08-30T20:00:00,1086,944,142,94,350,325,25,92.86,50,33,110,82,False,False,NORMAL,SIMULATED
PHC-RJ-JAI-001,PHC Bassi,Rajasthan,Jaipur,RJ-JAIPUR,2026-08-30,2026-08-30T20:00:00,60,53,7,6,8,8,0,100.0,2,2,5,4,False,False,BED_OVERFLOW,SIMULATED
PHC-RJ-JAI-002,PHC Chaksu,Rajasthan,Jaipur,RJ-JAIPUR,2026-08-30,2026-08-30T20:00:00,63,56,7,9,6,6,0,100.0,2,2,4,3,False,False,BED_OVERFLOW,SIMULATED
PHC-RJ-JAI-003,PHC Amer,Rajasthan,Jaipur,RJ-JAIPUR,2026-08-30,2026-08-30T20:00:00,71,62,9,11,10,10,0,100.0,3,2,6,5,False,False,BED_OVERFLOW,SIMULATED
DH-RJ-JAI-001,Kanwatia District Hospital Jaipur,Rajasthan,Jaipur,RJ-JAIPUR,2026-08-30,2026-08-30T20:00:00,766,675,91,96,200,200,0,100.0,32,19,68,45,False,True,BED_OVERFLOW,SIMULATED
PHC-MH-PUN-001,PHC Mulshi,Maharashtra,Pune,MH-PUNE,2026-08-30,2026-08-30T20:00:00,51,44,7,9,8,8,0,100.0,2,2,5,4,False,False,BED_OVERFLOW,SIMULATED
PHC-MH-PUN-002,PHC Haveli,Maharashtra,Pune,MH-PUNE,2026-08-30,2026-08-30T20:00:00,91,79,12,20,10,10,0,100.0,3,2,6,5,False,False,BED_OVERFLOW,SIMULATED
PHC-MH-PUN-003,PHC Khed,Maharashtra,Pune,MH-PUNE,2026-08-30,2026-08-30T20:00:00,75,66,9,11,8,8,0,100.0,2,2,5,4,False,False,BED_OVERFLOW,SIMULATED
DH-MH-PUN-001,Aundh District Hospital Pune,Maharashtra,Pune,MH-PUNE,2026-08-30,2026-08-30T20:00:00,864,788,76,178,300,208,92,69.33,42,22,90,56,False,True,NORMAL,SIMULATED
PHC-KA-BEN-001,PHC Yelahanka,Karnataka,Bengaluru Urban,KA-BENGALURU-U,2026-08-30,2026-08-30T20:00:00,102,89,13,20,10,10,0,100.0,3,2,7,5,False,False,BED_OVERFLOW,SIMULATED
PHC-KA-BEN-002,PHC Anekal,Karnataka,Bengaluru Urban,KA-BENGALURU-U,2026-08-30,2026-08-30T20:00:00,83,71,12,17,8,8,0,100.0,2,2,5,4,False,False,BED_OVERFLOW,SIMULATED
PHC-KA-BEN-003,PHC Kengeri,Karnataka,Bengaluru Urban,KA-BENGALURU-U,2026-08-30,2026-08-30T20:00:00,84,77,7,11,10,10,0,100.0,3,3,6,4,False,True,BED_OVERFLOW,SIMULATED
DH-KA-BEN-001,KC General District Hospital Malleshwaram,Karnataka,Bengaluru Urban,KA-BENGALURU-U,2026-08-30,2026-08-30T20:00:00,1142,1041,101,157,350,238,112,68.0,48,28,105,82,False,False,NORMAL,SIMULATED
PHC-BR-PAT-001,PHC Bakhtiyarpur,Bihar,Patna,BR-PATNA,2026-08-31,2026-08-31T20:00:00,290,252,38,68,6,6,0,100.0,2,2,4,4,False,False,CRITICAL_SURGE,SIMULATED
PHC-BR-PAT-002,PHC Danapur,Bihar,Patna,BR-PATNA,2026-08-31,2026-08-31T20:00:00,477,422,55,136,10,10,0,100.0,3,3,6,6,False,False,CRITICAL_SURGE,SIMULATED
PHC-BR-PAT-003,PHC Bihta,Bihar,Patna,BR-PATNA,2026-08-31,2026-08-31T20:00:00,343,314,29,83,8,8,0,100.0,2,2,5,5,False,False,CRITICAL_SURGE,SIMULATED
PHC-BR-PAT-004,PHC Fatuha,Bihar,Patna,BR-PATNA,2026-08-31,2026-08-31T20:00:00,269,234,35,64,6,6,0,100.0,2,2,4,4,False,False,CRITICAL_SURGE,SIMULATED
PHC-BR-PAT-005,PHC Mokama,Bihar,Patna,BR-PATNA,2026-08-31,2026-08-31T20:00:00,320,281,39,54,8,8,0,100.0,2,2,4,4,False,False,CRITICAL_SURGE,SIMULATED
CHC-BR-PAT-001,CHC Phulwari Sharif,Bihar,Patna,BR-PATNA,2026-08-31,2026-08-31T20:00:00,907,816,91,188,30,30,0,100.0,6,6,12,11,False,False,CRITICAL_SURGE,SIMULATED
DH-BR-PAT-001,District Hospital Gardanibagh,Bihar,Patna,BR-PATNA,2026-08-31,2026-08-31T20:00:00,2824,2447,377,827,150,150,0,100.0,24,22,45,44,True,False,CRITICAL_SURGE,SIMULATED
PHC-BR-GAY-001,PHC Bodh Gaya,Bihar,Gaya,BR-GAYA,2026-08-31,2026-08-31T20:00:00,233,204,29,26,8,8,0,100.0,2,2,4,4,False,False,BED_OVERFLOW,SIMULATED
PHC-BR-GAY-002,PHC Sherghati,Bihar,Gaya,BR-GAYA,2026-08-31,2026-08-31T20:00:00,177,162,15,32,6,6,0,100.0,2,2,4,4,False,False,BED_OVERFLOW,SIMULATED
PHC-BR-GAY-003,PHC Tekari,Bihar,Gaya,BR-GAYA,2026-08-31,2026-08-31T20:00:00,156,143,13,30,6,6,0,100.0,2,2,3,3,False,False,BED_OVERFLOW,SIMULATED
DH-BR-GAY-001,Jay Prakash Narayan District Hospital Gaya,Bihar,Gaya,BR-GAYA,2026-08-31,2026-08-31T20:00:00,2455,2235,220,264,200,200,0,100.0,30,28,60,57,False,False,BED_OVERFLOW,SIMULATED
PHC-UP-VAR-001,PHC Cholapur,Uttar Pradesh,Varanasi,UP-VARANASI,2026-08-31,2026-08-31T20:00:00,234,203,31,28,6,6,0,100.0,2,2,4,4,False,False,BED_OVERFLOW,SIMULATED
PHC-UP-VAR-002,PHC Pindra,Uttar Pradesh,Varanasi,UP-VARANASI,2026-08-31,2026-08-31T20:00:00,252,219,33,52,8,8,0,100.0,3,3,5,5,False,False,BED_OVERFLOW,SIMULATED
PHC-UP-VAR-003,PHC Sevapuri,Uttar Pradesh,Varanasi,UP-VARANASI,2026-08-31,2026-08-31T20:00:00,188,162,26,40,6,6,0,100.0,2,2,4,4,False,False,BED_OVERFLOW,SIMULATED
PHC-UP-VAR-004,PHC Kashi Vidyapeeth,Uttar Pradesh,Varanasi,UP-VARANASI,2026-08-31,2026-08-31T20:00:00,328,290,38,61,10,10,0,100.0,3,3,6,6,False,False,BED_OVERFLOW,SIMULATED
CHC-UP-VAR-001,CHC Misirpur,Uttar Pradesh,Varanasi,UP-VARANASI,2026-08-31,2026-08-31T20:00:00,582,527,55,81,30,30,0,100.0,7,6,14,13,False,False,BED_OVERFLOW,SIMULATED
DH-UP-VAR-001,Pandit Deen Dayal Upadhyay District Hospital,Uttar Pradesh,Varanasi,UP-VARANASI,2026-08-31,2026-08-31T20:00:00,2699,2473,226,417,250,250,0,100.0,38,31,75,65,False,False,BED_OVERFLOW,SIMULATED
PHC-UP-LUK-001,PHC Bakshi Ka Talab,Uttar Pradesh,Lucknow,UP-LUCKNOW,2026-08-31,2026-08-31T20:00:00,300,268,32,34,10,10,0,100.0,3,3,6,6,False,False,BED_OVERFLOW,SIMULATED
PHC-UP-LUK-002,PHC Malihabad,Uttar Pradesh,Lucknow,UP-LUCKNOW,2026-08-31,2026-08-31T20:00:00,246,222,24,25,8,8,0,100.0,2,2,5,5,False,False,BED_OVERFLOW,SIMULATED
PHC-UP-LUK-003,PHC Mohanlalganj,Uttar Pradesh,Lucknow,UP-LUCKNOW,2026-08-31,2026-08-31T20:00:00,248,225,23,35,8,8,0,100.0,2,2,5,5,False,False,BED_OVERFLOW,SIMULATED
DH-UP-LUK-001,Balrampur District Hospital Lucknow,Uttar Pradesh,Lucknow,UP-LUCKNOW,2026-08-31,2026-08-31T20:00:00,3516,3064,452,564,350,350,0,100.0,50,43,110,97,False,False,BED_OVERFLOW,SIMULATED
PHC-RJ-JAI-001,PHC Bassi,Rajasthan,Jaipur,RJ-JAIPUR,2026-08-31,2026-08-31T20:00:00,217,191,26,47,8,8,0,100.0,2,2,5,5,False,False,BED_OVERFLOW,SIMULATED
PHC-RJ-JAI-002,PHC Chaksu,Rajasthan,Jaipur,RJ-JAIPUR,2026-08-31,2026-08-31T20:00:00,208,179,29,19,6,6,0,100.0,2,2,4,4,False,False,BED_OVERFLOW,SIMULATED
PHC-RJ-JAI-003,PHC Amer,Rajasthan,Jaipur,RJ-JAIPUR,2026-08-31,2026-08-31T20:00:00,278,255,23,41,10,10,0,100.0,3,3,6,6,False,False,BED_OVERFLOW,SIMULATED
DH-RJ-JAI-001,Kanwatia District Hospital Jaipur,Rajasthan,Jaipur,RJ-JAIPUR,2026-08-31,2026-08-31T20:00:00,2949,2628,321,246,200,200,0,100.0,32,28,68,67,False,False,BED_OVERFLOW,SIMULATED
PHC-MH-PUN-001,PHC Mulshi,Maharashtra,Pune,MH-PUNE,2026-08-31,2026-08-31T20:00:00,193,174,19,18,8,8,0,100.0,2,2,5,5,False,False,BED_OVERFLOW,SIMULATED
PHC-MH-PUN-002,PHC Haveli,Maharashtra,Pune,MH-PUNE,2026-08-31,2026-08-31T20:00:00,348,316,32,59,10,10,0,100.0,3,3,6,6,False,False,BED_OVERFLOW,SIMULATED
PHC-MH-PUN-003,PHC Khed,Maharashtra,Pune,MH-PUNE,2026-08-31,2026-08-31T20:00:00,225,194,31,28,8,8,0,100.0,2,2,5,5,False,False,BED_OVERFLOW,SIMULATED
DH-MH-PUN-001,Aundh District Hospital Pune,Maharashtra,Pune,MH-PUNE,2026-08-31,2026-08-31T20:00:00,3126,2725,401,336,300,300,0,100.0,42,37,90,82,False,False,BED_OVERFLOW,SIMULATED
PHC-KA-BEN-001,PHC Yelahanka,Karnataka,Bengaluru Urban,KA-BENGALURU-U,2026-08-31,2026-08-31T20:00:00,370,318,52,36,10,10,0,100.0,3,3,7,7,False,False,BED_OVERFLOW,SIMULATED
PHC-KA-BEN-002,PHC Anekal,Karnataka,Bengaluru Urban,KA-BENGALURU-U,2026-08-31,2026-08-31T20:00:00,289,253,36,45,8,8,0,100.0,2,2,5,5,False,False,BED_OVERFLOW,SIMULATED
PHC-KA-BEN-003,PHC Kengeri,Karnataka,Bengaluru Urban,KA-BENGALURU-U,2026-08-31,2026-08-31T20:00:00,297,271,26,30,10,10,0,100.0,3,3,6,6,False,False,BED_OVERFLOW,SIMULATED
DH-KA-BEN-001,KC General District Hospital Malleshwaram,Karnataka,Bengaluru Urban,KA-BENGALURU-U,2026-08-31,2026-08-31T20:00:00,3741,3364,377,428,350,350,0,100.0,48,42,105,93,False,False,BED_OVERFLOW,SIMULATED
PHC-BR-PAT-001,PHC Bakhtiyarpur,Bihar,Patna,BR-PATNA,2026-08-24,2026-08-24T20:00:00,269,240,29,35,6,6,0,100.0,2,2,4,4,False,False,SURGE_ALERT,SIMULATED
PHC-BR-PAT-002,PHC Danapur,Bihar,Patna,BR-PATNA,2026-08-24,2026-08-24T20:00:00,394,359,35,95,10,10,0,100.0,3,3,6,6,False,False,SURGE_ALERT,SIMULATED
PHC-BR-PAT-003,PHC Bihta,Bihar,Patna,BR-PATNA,2026-08-24,2026-08-24T20:00:00,318,286,32,97,8,8,0,100.0,2,2,5,5,False,False,SURGE_ALERT,SIMULATED
PHC-BR-PAT-004,PHC Fatuha,Bihar,Patna,BR-PATNA,2026-08-24,2026-08-24T20:00:00,285,254,31,69,6,6,0,100.0,2,2,4,4,False,False,SURGE_ALERT,SIMULATED
PHC-BR-PAT-005,PHC Mokama,Bihar,Patna,BR-PATNA,2026-08-24,2026-08-24T20:00:00,356,314,42,76,8,8,0,100.0,2,2,4,4,False,False,SURGE_ALERT,SIMULATED
CHC-BR-PAT-001,CHC Phulwari Sharif,Bihar,Patna,BR-PATNA,2026-08-24,2026-08-24T20:00:00,896,800,96,147,30,30,0,100.0,6,6,12,12,False,False,SURGE_ALERT,SIMULATED
DH-BR-PAT-001,District Hospital Gardanibagh,Bihar,Patna,BR-PATNA,2026-08-24,2026-08-24T20:00:00,2670,2437,233,616,150,150,0,100.0,24,23,45,43,True,False,SURGE_ALERT,SIMULATED
PHC-BR-GAY-001,PHC Bodh Gaya,Bihar,Gaya,BR-GAYA,2026-08-24,2026-08-24T20:00:00,220,200,20,20,8,8,0,100.0,2,2,4,4,False,False,BED_OVERFLOW,SIMULATED
PHC-BR-GAY-002,PHC Sherghati,Bihar,Gaya,BR-GAYA,2026-08-24,2026-08-24T20:00:00,182,164,18,38,6,6,0,100.0,2,2,4,4,False,False,BED_OVERFLOW,SIMULATED
PHC-BR-GAY-003,PHC Tekari,Bihar,Gaya,BR-GAYA,2026-08-24,2026-08-24T20:00:00,144,130,14,22,6,6,0,100.0,2,2,3,3,False,False,BED_OVERFLOW,SIMULATED
DH-BR-GAY-001,Jay Prakash Narayan District Hospital Gaya,Bihar,Gaya,BR-GAYA,2026-08-24,2026-08-24T20:00:00,2364,2055,309,285,200,200,0,100.0,30,29,60,52,False,False,BED_OVERFLOW,SIMULATED
PHC-UP-VAR-001,PHC Cholapur,Uttar Pradesh,Varanasi,UP-VARANASI,2026-08-24,2026-08-24T20:00:00,203,178,25,42,6,6,0,100.0,2,2,4,4,False,False,BED_OVERFLOW,SIMULATED
PHC-UP-VAR-002,PHC Pindra,Uttar Pradesh,Varanasi,UP-VARANASI,2026-08-24,2026-08-24T20:00:00,252,218,34,39,8,8,0,100.0,3,3,5,5,False,False,BED_OVERFLOW,SIMULATED
PHC-UP-VAR-003,PHC Sevapuri,Uttar Pradesh,Varanasi,UP-VARANASI,2026-08-24,2026-08-24T20:00:00,179,163,16,23,6,6,0,100.0,2,2,4,4,False,False,BED_OVERFLOW,SIMULATED
PHC-UP-VAR-004,PHC Kashi Vidyapeeth,Uttar Pradesh,Varanasi,UP-VARANASI,2026-08-24,2026-08-24T20:00:00,311,283,28,44,10,10,0,100.0,3,3,6,6,False,False,BED_OVERFLOW,SIMULATED
CHC-UP-VAR-001,CHC Misirpur,Uttar Pradesh,Varanasi,UP-VARANASI,2026-08-24,2026-08-24T20:00:00,621,547,74,75,30,30,0,100.0,7,7,14,14,False,False,BED_OVERFLOW,SIMULATED
DH-UP-VAR-001,Pandit Deen Dayal Upadhyay District Hospital,Uttar Pradesh,Varanasi,UP-VARANASI,2026-08-24,2026-08-24T20:00:00,2659,2415,244,267,250,250,0,100.0,38,35,75,67,False,False,BED_OVERFLOW,SIMULATED
PHC-UP-LUK-001,PHC Bakshi Ka Talab,Uttar Pradesh,Lucknow,UP-LUCKNOW,2026-08-24,2026-08-24T20:00:00,285,255,30,24,10,10,0,100.0,3,3,6,6,False,False,BED_OVERFLOW,SIMULATED
PHC-UP-LUK-002,PHC Malihabad,Uttar Pradesh,Lucknow,UP-LUCKNOW,2026-08-24,2026-08-24T20:00:00,249,226,23,21,8,8,0,100.0,2,2,5,5,False,False,BED_OVERFLOW,SIMULATED
PHC-UP-LUK-003,PHC Mohanlalganj,Uttar Pradesh,Lucknow,UP-LUCKNOW,2026-08-24,2026-08-24T20:00:00,226,200,26,34,8,8,0,100.0,2,2,5,5,False,False,BED_OVERFLOW,SIMULATED
DH-UP-LUK-001,Balrampur District Hospital Lucknow,Uttar Pradesh,Lucknow,UP-LUCKNOW,2026-08-24,2026-08-24T20:00:00,3301,2932,369,489,350,350,0,100.0,50,45,110,105,False,False,BED_OVERFLOW,SIMULATED
PHC-RJ-JAI-001,PHC Bassi,Rajasthan,Jaipur,RJ-JAIPUR,2026-08-24,2026-08-24T20:00:00,238,207,31,35,8,8,0,100.0,2,2,5,5,False,False,BED_OVERFLOW,SIMULATED
PHC-RJ-JAI-002,PHC Chaksu,Rajasthan,Jaipur,RJ-JAIPUR,2026-08-24,2026-08-24T20:00:00,219,197,22,37,6,6,0,100.0,2,2,4,4,False,False,BED_OVERFLOW,SIMULATED
PHC-RJ-JAI-003,PHC Amer,Rajasthan,Jaipur,RJ-JAIPUR,2026-08-24,2026-08-24T20:00:00,256,229,27,28,10,10,0,100.0,3,3,6,6,False,False,BED_OVERFLOW,SIMULATED
DH-RJ-JAI-001,Kanwatia District Hospital Jaipur,Rajasthan,Jaipur,RJ-JAIPUR,2026-08-24,2026-08-24T20:00:00,2515,2306,209,213,200,200,0,100.0,32,31,68,68,False,False,BED_OVERFLOW,SIMULATED
PHC-MH-PUN-001,PHC Mulshi,Maharashtra,Pune,MH-PUNE,2026-08-24,2026-08-24T20:00:00,179,155,24,37,8,8,0,100.0,2,2,5,5,False,False,BED_OVERFLOW,SIMULATED
PHC-MH-PUN-002,PHC Haveli,Maharashtra,Pune,MH-PUNE,2026-08-24,2026-08-24T20:00:00,336,296,40,53,10,10,0,100.0,3,3,6,6,False,False,BED_OVERFLOW,SIMULATED
PHC-MH-PUN-003,PHC Khed,Maharashtra,Pune,MH-PUNE,2026-08-24,2026-08-24T20:00:00,224,199,25,28,8,8,0,100.0,2,2,5,5,False,False,BED_OVERFLOW,SIMULATED
DH-MH-PUN-001,Aundh District Hospital Pune,Maharashtra,Pune,MH-PUNE,2026-08-24,2026-08-24T20:00:00,3084,2720,364,565,300,300,0,100.0,42,40,90,81,False,False,BED_OVERFLOW,SIMULATED
PHC-KA-BEN-001,PHC Yelahanka,Karnataka,Bengaluru Urban,KA-BENGALURU-U,2026-08-24,2026-08-24T20:00:00,393,343,50,40,10,10,0,100.0,3,3,7,7,False,False,BED_OVERFLOW,SIMULATED
PHC-KA-BEN-002,PHC Anekal,Karnataka,Bengaluru Urban,KA-BENGALURU-U,2026-08-24,2026-08-24T20:00:00,246,217,29,21,8,8,0,100.0,2,2,5,5,False,False,BED_OVERFLOW,SIMULATED
PHC-KA-BEN-003,PHC Kengeri,Karnataka,Bengaluru Urban,KA-BENGALURU-U,2026-08-24,2026-08-24T20:00:00,322,286,36,60,10,10,0,100.0,3,3,6,6,False,False,BED_OVERFLOW,SIMULATED
DH-KA-BEN-001,KC General District Hospital Malleshwaram,Karnataka,Bengaluru Urban,KA-BENGALURU-U,2026-08-24,2026-08-24T20:00:00,4065,3655,410,847,350,350,0,100.0,48,44,105,105,False,False,BED_OVERFLOW,SIMULATED
PHC-BR-PAT-001,PHC Bakhtiyarpur,Bihar,Patna,BR-PATNA,2026-08-25,2026-08-25T20:00:00,208,191,17,42,6,6,0,100.0,2,2,4,4,False,False,SURGE_ALERT,SIMULATED
PHC-BR-PAT-002,PHC Danapur,Bihar,Patna,BR-PATNA,2026-08-25,2026-08-25T20:00:00,333,290,43,81,10,10,0,100.0,3,3,6,6,False,False,SURGE_ALERT,SIMULATED
PHC-BR-PAT-003,PHC Bihta,Bihar,Patna,BR-PATNA,2026-08-25,2026-08-25T20:00:00,268,238,30,88,8,8,0,100.0,2,2,5,5,False,False,SURGE_ALERT,SIMULATED
PHC-BR-PAT-004,PHC Fatuha,Bihar,Patna,BR-PATNA,2026-08-25,2026-08-25T20:00:00,226,195,31,64,6,6,0,100.0,2,2,4,4,False,False,SURGE_ALERT,SIMULATED
PHC-BR-PAT-005,PHC Mokama,Bihar,Patna,BR-PATNA,2026-08-25,2026-08-25T20:00:00,256,225,31,48,8,8,0,100.0,2,2,4,4,False,False,SURGE_ALERT,SIMULATED
CHC-BR-PAT-001,CHC Phulwari Sharif,Bihar,Patna,BR-PATNA,2026-08-25,2026-08-25T20:00:00,749,663,86,193,30,30,0,100.0,6,6,12,11,False,False,SURGE_ALERT,SIMULATED
DH-BR-PAT-001,District Hospital Gardanibagh,Bihar,Patna,BR-PATNA,2026-08-25,2026-08-25T20:00:00,2080,1803,277,378,150,150,0,100.0,24,23,45,41,True,False,SURGE_ALERT,SIMULATED
PHC-BR-GAY-001,PHC Bodh Gaya,Bihar,Gaya,BR-GAYA,2026-08-25,2026-08-25T20:00:00,170,155,15,21,8,8,0,100.0,2,2,4,4,False,False,BED_OVERFLOW,SIMULATED
PHC-BR-GAY-002,PHC Sherghati,Bihar,Gaya,BR-GAYA,2026-08-25,2026-08-25T20:00:00,145,133,12,22,6,6,0,100.0,2,2,4,4,False,False,BED_OVERFLOW,SIMULATED
PHC-BR-GAY-003,PHC Tekari,Bihar,Gaya,BR-GAYA,2026-08-25,2026-08-25T20:00:00,127,116,11,11,6,6,0,100.0,2,2,3,3,False,False,BED_OVERFLOW,SIMULATED
DH-BR-GAY-001,Jay Prakash Narayan District Hospital Gaya,Bihar,Gaya,BR-GAYA,2026-08-25,2026-08-25T20:00:00,1813,1564,249,372,200,200,0,100.0,30,26,60,55,False,False,BED_OVERFLOW,SIMULATED
PHC-UP-VAR-001,PHC Cholapur,Uttar Pradesh,Varanasi,UP-VARANASI,2026-08-25,2026-08-25T20:00:00,181,157,24,37,6,6,0,100.0,2,2,4,4,False,False,BED_OVERFLOW,SIMULATED
PHC-UP-VAR-002,PHC Pindra,Uttar Pradesh,Varanasi,UP-VARANASI,2026-08-25,2026-08-25T20:00:00,197,174,23,18,8,8,0,100.0,3,3,5,5,False,False,BED_OVERFLOW,SIMULATED
PHC-UP-VAR-003,PHC Sevapuri,Uttar Pradesh,Varanasi,UP-VARANASI,2026-08-25,2026-08-25T20:00:00,152,138,14,26,6,6,0,100.0,2,2,4,4,False,False,BED_OVERFLOW,SIMULATED
PHC-UP-VAR-004,PHC Kashi Vidyapeeth,Uttar Pradesh,Varanasi,UP-VARANASI,2026-08-25,2026-08-25T20:00:00,236,208,28,48,10,10,0,100.0,3,3,6,6,False,False,BED_OVERFLOW,SIMULATED
CHC-UP-VAR-001,CHC Misirpur,Uttar Pradesh,Varanasi,UP-VARANASI,2026-08-25,2026-08-25T20:00:00,504,446,58,47,30,30,0,100.0,7,6,14,14,False,False,BED_OVERFLOW,SIMULATED
DH-UP-VAR-001,Pandit Deen Dayal Upadhyay District Hospital,Uttar Pradesh,Varanasi,UP-VARANASI,2026-08-25,2026-08-25T20:00:00,2231,1976,255,360,250,250,0,100.0,38,34,75,74,False,False,BED_OVERFLOW,SIMULATED
PHC-UP-LUK-001,PHC Bakshi Ka Talab,Uttar Pradesh,Lucknow,UP-LUCKNOW,2026-08-25,2026-08-25T20:00:00,245,214,31,32,10,10,0,100.0,3,3,6,6,False,False,BED_OVERFLOW,SIMULATED
PHC-UP-LUK-002,PHC Malihabad,Uttar Pradesh,Lucknow,UP-LUCKNOW,2026-08-25,2026-08-25T20:00:00,191,168,23,32,8,8,0,100.0,2,2,5,5,False,False,BED_OVERFLOW,SIMULATED
PHC-UP-LUK-003,PHC Mohanlalganj,Uttar Pradesh,Lucknow,UP-LUCKNOW,2026-08-25,2026-08-25T20:00:00,191,168,23,30,8,8,0,100.0,2,2,5,5,False,False,BED_OVERFLOW,SIMULATED
DH-UP-LUK-001,Balrampur District Hospital Lucknow,Uttar Pradesh,Lucknow,UP-LUCKNOW,2026-08-25,2026-08-25T20:00:00,3021,2674,347,445,350,350,0,100.0,50,42,110,99,False,False,BED_OVERFLOW,SIMULATED
PHC-RJ-JAI-001,PHC Bassi,Rajasthan,Jaipur,RJ-JAIPUR,2026-08-25,2026-08-25T20:00:00,204,177,27,22,8,8,0,100.0,2,2,5,5,False,False,BED_OVERFLOW,SIMULATED
PHC-RJ-JAI-002,PHC Chaksu,Rajasthan,Jaipur,RJ-JAIPUR,2026-08-25,2026-08-25T20:00:00,164,142,22,14,6,6,0,100.0,2,2,4,4,False,False,BED_OVERFLOW,SIMULATED
PHC-RJ-JAI-003,PHC Amer,Rajasthan,Jaipur,RJ-JAIPUR,2026-08-25,2026-08-25T20:00:00,211,182,29,45,10,10,0,100.0,3,3,6,6,False,False,BED_OVERFLOW,SIMULATED
DH-RJ-JAI-001,Kanwatia District Hospital Jaipur,Rajasthan,Jaipur,RJ-JAIPUR,2026-08-25,2026-08-25T20:00:00,2187,1925,262,286,200,200,0,100.0,32,28,68,59,False,False,BED_OVERFLOW,SIMULATED
PHC-MH-PUN-001,PHC Mulshi,Maharashtra,Pune,MH-PUNE,2026-08-25,2026-08-25T20:00:00,136,119,17,23,8,8,0,100.0,2,2,5,5,False,False,BED_OVERFLOW,SIMULATED
PHC-MH-PUN-002,PHC Haveli,Maharashtra,Pune,MH-PUNE,2026-08-25,2026-08-25T20:00:00,260,229,31,33,10,10,0,100.0,3,3,6,6,False,False,BED_OVERFLOW,SIMULATED
PHC-MH-PUN-003,PHC Khed,Maharashtra,Pune,MH-PUNE,2026-08-25,2026-08-25T20:00:00,187,162,25,19,8,8,0,100.0,2,2,5,5,False,False,BED_OVERFLOW,SIMULATED
DH-MH-PUN-001,Aundh District Hospital Pune,Maharashtra,Pune,MH-PUNE,2026-08-25,2026-08-25T20:00:00,2817,2438,379,338,300,300,0,100.0,42,35,90,85,False,False,BED_OVERFLOW,SIMULATED
PHC-KA-BEN-001,PHC Yelahanka,Karnataka,Bengaluru Urban,KA-BENGALURU-U,2026-08-25,2026-08-25T20:00:00,238,209,29,37,10,10,0,100.0,3,3,7,7,False,False,BED_OVERFLOW,SIMULATED
PHC-KA-BEN-002,PHC Anekal,Karnataka,Bengaluru Urban,KA-BENGALURU-U,2026-08-25,2026-08-25T20:00:00,205,186,19,20,8,8,0,100.0,2,2,5,5,False,False,BED_OVERFLOW,SIMULATED
PHC-KA-BEN-003,PHC Kengeri,Karnataka,Bengaluru Urban,KA-BENGALURU-U,2026-08-25,2026-08-25T20:00:00,249,227,22,31,10,10,0,100.0,3,3,6,6,False,False,BED_OVERFLOW,SIMULATED
DH-KA-BEN-001,KC General District Hospital Malleshwaram,Karnataka,Bengaluru Urban,KA-BENGALURU-U,2026-08-25,2026-08-25T20:00:00,2779,2521,258,339,350,350,0,100.0,48,46,105,105,False,False,BED_OVERFLOW,SIMULATED
PHC-BR-PAT-001,PHC Bakhtiyarpur,Bihar,Patna,BR-PATNA,2026-08-26,2026-08-26T20:00:00,253,220,33,64,6,6,0,100.0,2,2,4,4,False,False,SURGE_ALERT,SIMULATED
PHC-BR-PAT-002,PHC Danapur,Bihar,Patna,BR-PATNA,2026-08-26,2026-08-26T20:00:00,376,331,45,52,10,10,0,100.0,3,3,6,6,False,False,SURGE_ALERT,SIMULATED
PHC-BR-PAT-003,PHC Bihta,Bihar,Patna,BR-PATNA,2026-08-26,2026-08-26T20:00:00,254,222,32,41,8,8,0,100.0,2,2,5,5,False,False,SURGE_ALERT,SIMULATED
PHC-BR-PAT-004,PHC Fatuha,Bihar,Patna,BR-PATNA,2026-08-26,2026-08-26T20:00:00,212,190,22,31,6,6,0,100.0,2,2,4,4,False,False,SURGE_ALERT,SIMULATED
PHC-BR-PAT-005,PHC Mokama,Bihar,Patna,BR-PATNA,2026-08-26,2026-08-26T20:00:00,266,234,32,35,8,8,0,100.0,2,2,4,4,False,False,SURGE_ALERT,SIMULATED
CHC-BR-PAT-001,CHC Phulwari Sharif,Bihar,Patna,BR-PATNA,2026-08-26,2026-08-26T20:00:00,621,569,52,150,30,30,0,100.0,6,6,12,11,False,False,SURGE_ALERT,SIMULATED
DH-BR-PAT-001,District Hospital Gardanibagh,Bihar,Patna,BR-PATNA,2026-08-26,2026-08-26T20:00:00,2088,1816,272,632,150,150,0,100.0,24,21,45,42,True,False,SURGE_ALERT,SIMULATED
PHC-BR-GAY-001,PHC Bodh Gaya,Bihar,Gaya,BR-GAYA,2026-08-26,2026-08-26T20:00:00,161,141,20,25,8,8,0,100.0,2,2,4,4,False,False,BED_OVERFLOW,SIMULATED
PHC-BR-GAY-002,PHC Sherghati,Bihar,Gaya,BR-GAYA,2026-08-26,2026-08-26T20:00:00,134,116,18,25,6,6,0,100.0,2,2,4,4,False,False,BED_OVERFLOW,SIMULATED
PHC-BR-GAY-003,PHC Tekari,Bihar,Gaya,BR-GAYA,2026-08-26,2026-08-26T20:00:00,115,100,15,10,6,6,0,100.0,2,2,3,3,False,False,BED_OVERFLOW,SIMULATED
DH-BR-GAY-001,Jay Prakash Narayan District Hospital Gaya,Bihar,Gaya,BR-GAYA,2026-08-26,2026-08-26T20:00:00,1726,1554,172,178,200,200,0,100.0,30,27,60,53,False,False,BED_OVERFLOW,SIMULATED
PHC-UP-VAR-001,PHC Cholapur,Uttar Pradesh,Varanasi,UP-VARANASI,2026-08-26,2026-08-26T20:00:00,176,159,17,28,6,6,0,100.0,2,2,4,4,False,False,BED_OVERFLOW,SIMULATED
PHC-UP-VAR-002,PHC Pindra,Uttar Pradesh,Varanasi,UP-VARANASI,2026-08-26,2026-08-26T20:00:00,208,183,25,23,8,8,0,100.0,3,3,5,5,False,False,BED_OVERFLOW,SIMULATED
PHC-UP-VAR-003,PHC Sevapuri,Uttar Pradesh,Varanasi,UP-VARANASI,2026-08-26,2026-08-26T20:00:00,150,132,18,16,6,6,0,100.0,2,2,4,4,False,False,BED_OVERFLOW,SIMULATED
PHC-UP-VAR-004,PHC Kashi Vidyapeeth,Uttar Pradesh,Varanasi,UP-VARANASI,2026-08-26,2026-08-26T20:00:00,250,226,24,44,10,10,0,100.0,3,3,6,6,False,False,BED_OVERFLOW,SIMULATED
CHC-UP-VAR-001,CHC Misirpur,Uttar Pradesh,Varanasi,UP-VARANASI,2026-08-26,2026-08-26T20:00:00,500,451,49,52,30,30,0,100.0,7,7,14,13,False,False,BED_OVERFLOW,SIMULATED
DH-UP-VAR-001,Pandit Deen Dayal Upadhyay District Hospital,Uttar Pradesh,Varanasi,UP-VARANASI,2026-08-26,2026-08-26T20:00:00,2178,1958,220,424,250,250,0,100.0,38,37,75,70,False,False,BED_OVERFLOW,SIMULATED
PHC-UP-LUK-001,PHC Bakshi Ka Talab,Uttar Pradesh,Lucknow,UP-LUCKNOW,2026-08-26,2026-08-26T20:00:00,243,223,20,30,10,10,0,100.0,3,3,6,6,False,False,BED_OVERFLOW,SIMULATED
PHC-UP-LUK-002,PHC Malihabad,Uttar Pradesh,Lucknow,UP-LUCKNOW,2026-08-26,2026-08-26T20:00:00,197,172,25,40,8,8,0,100.0,2,2,5,5,False,False,BED_OVERFLOW,SIMULATED
PHC-UP-LUK-003,PHC Mohanlalganj,Uttar Pradesh,Lucknow,UP-LUCKNOW,2026-08-26,2026-08-26T20:00:00,195,176,19,23,8,8,0,100.0,2,2,5,5,False,False,BED_OVERFLOW,SIMULATED
DH-UP-LUK-001,Balrampur District Hospital Lucknow,Uttar Pradesh,Lucknow,UP-LUCKNOW,2026-08-26,2026-08-26T20:00:00,2789,2423,366,606,350,350,0,100.0,50,42,110,101,False,False,BED_OVERFLOW,SIMULATED
PHC-RJ-JAI-001,PHC Bassi,Rajasthan,Jaipur,RJ-JAIPUR,2026-08-26,2026-08-26T20:00:00,189,169,20,34,8,8,0,100.0,2,2,5,5,False,False,BED_OVERFLOW,SIMULATED
PHC-RJ-JAI-002,PHC Chaksu,Rajasthan,Jaipur,RJ-JAIPUR,2026-08-26,2026-08-26T20:00:00,147,133,14,17,6,6,0,100.0,2,2,4,4,False,False,BED_OVERFLOW,SIMULATED
PHC-RJ-JAI-003,PHC Amer,Rajasthan,Jaipur,RJ-JAIPUR,2026-08-26,2026-08-26T20:00:00,200,174,26,34,10,10,0,100.0,3,3,6,6,False,False,BED_OVERFLOW,SIMULATED
DH-RJ-JAI-001,Kanwatia District Hospital Jaipur,Rajasthan,Jaipur,RJ-JAIPUR,2026-08-26,2026-08-26T20:00:00,1842,1677,165,343,200,200,0,100.0,32,30,68,61,False,False,BED_OVERFLOW,SIMULATED
PHC-MH-PUN-001,PHC Mulshi,Maharashtra,Pune,MH-PUNE,2026-08-26,2026-08-26T20:00:00,147,133,14,16,8,8,0,100.0,2,2,5,5,False,False,BED_OVERFLOW,SIMULATED
PHC-MH-PUN-002,PHC Haveli,Maharashtra,Pune,MH-PUNE,2026-08-26,2026-08-26T20:00:00,257,230,27,45,10,10,0,100.0,3,3,6,6,False,False,BED_OVERFLOW,SIMULATED
PHC-MH-PUN-003,PHC Khed,Maharashtra,Pune,MH-PUNE,2026-08-26,2026-08-26T20:00:00,195,173,22,23,8,8,0,100.0,2,2,5,5,False,False,BED_OVERFLOW,SIMULATED
DH-MH-PUN-001,Aundh District Hospital Pune,Maharashtra,Pune,MH-PUNE,2026-08-26,2026-08-26T20:00:00,2583,2230,353,266,300,300,0,100.0,42,42,90,77,False,False,BED_OVERFLOW,SIMULATED
PHC-KA-BEN-001,PHC Yelahanka,Karnataka,Bengaluru Urban,KA-BENGALURU-U,2026-08-26,2026-08-26T20:00:00,266,234,32,40,10,10,0,100.0,3,3,7,7,False,False,BED_OVERFLOW,SIMULATED
PHC-KA-BEN-002,PHC Anekal,Karnataka,Bengaluru Urban,KA-BENGALURU-U,2026-08-26,2026-08-26T20:00:00,196,171,25,34,8,8,0,100.0,2,2,5,5,False,False,BED_OVERFLOW,SIMULATED
PHC-KA-BEN-003,PHC Kengeri,Karnataka,Bengaluru Urban,KA-BENGALURU-U,2026-08-26,2026-08-26T20:00:00,237,206,31,51,10,10,0,100.0,3,3,6,6,False,False,BED_OVERFLOW,SIMULATED
DH-KA-BEN-001,KC General District Hospital Malleshwaram,Karnataka,Bengaluru Urban,KA-BENGALURU-U,2026-08-26,2026-08-26T20:00:00,3240,2831,409,641,350,350,0,100.0,48,48,105,94,False,False,BED_OVERFLOW,SIMULATED
PHC-BR-PAT-001,PHC Bakhtiyarpur,Bihar,Patna,BR-PATNA,2026-08-27,2026-08-27T20:00:00,198,174,24,62,6,6,0,100.0,2,2,4,4,False,False,SURGE_ALERT,SIMULATED
PHC-BR-PAT-002,PHC Danapur,Bihar,Patna,BR-PATNA,2026-08-27,2026-08-27T20:00:00,363,318,45,78,10,10,0,100.0,3,3,6,6,False,False,SURGE_ALERT,SIMULATED
PHC-BR-PAT-003,PHC Bihta,Bihar,Patna,BR-PATNA,2026-08-27,2026-08-27T20:00:00,260,232,28,59,8,8,0,100.0,2,2,5,5,False,False,SURGE_ALERT,SIMULATED
PHC-BR-PAT-004,PHC Fatuha,Bihar,Patna,BR-PATNA,2026-08-27,2026-08-27T20:00:00,216,197,19,45,6,6,0,100.0,2,2,4,4,False,False,SURGE_ALERT,SIMULATED
PHC-BR-PAT-005,PHC Mokama,Bihar,Patna,BR-PATNA,2026-08-27,2026-08-27T20:00:00,259,232,27,70,8,8,0,100.0,2,2,4,4,False,False,SURGE_ALERT,SIMULATED
CHC-BR-PAT-001,CHC Phulwari Sharif,Bihar,Patna,BR-PATNA,2026-08-27,2026-08-27T20:00:00,656,584,72,150,30,30,0,100.0,6,6,12,12,False,False,SURGE_ALERT,SIMULATED
DH-BR-PAT-001,District Hospital Gardanibagh,Bihar,Patna,BR-PATNA,2026-08-27,2026-08-27T20:00:00,1953,1787,166,540,150,150,0,100.0,24,24,45,43,False,False,SURGE_ALERT,SIMULATED
PHC-BR-GAY-001,PHC Bodh Gaya,Bihar,Gaya,BR-GAYA,2026-08-27,2026-08-27T20:00:00,165,151,14,29,8,8,0,100.0,2,2,4,4,False,False,BED_OVERFLOW,SIMULATED
PHC-BR-GAY-002,PHC Sherghati,Bihar,Gaya,BR-GAYA,2026-08-27,2026-08-27T20:00:00,150,130,20,32,6,6,0,100.0,2,2,4,4,False,False,BED_OVERFLOW,SIMULATED
PHC-BR-GAY-003,PHC Tekari,Bihar,Gaya,BR-GAYA,2026-08-27,2026-08-27T20:00:00,121,105,16,23,6,6,0,100.0,2,2,3,3,False,False,BED_OVERFLOW,SIMULATED
DH-BR-GAY-001,Jay Prakash Narayan District Hospital Gaya,Bihar,Gaya,BR-GAYA,2026-08-27,2026-08-27T20:00:00,1956,1797,159,166,200,200,0,100.0,30,30,60,56,False,False,BED_OVERFLOW,SIMULATED
PHC-UP-VAR-001,PHC Cholapur,Uttar Pradesh,Varanasi,UP-VARANASI,2026-08-27,2026-08-27T20:00:00,178,159,19,30,6,6,0,100.0,2,2,4,4,False,False,BED_OVERFLOW,SIMULATED
PHC-UP-VAR-002,PHC Pindra,Uttar Pradesh,Varanasi,UP-VARANASI,2026-08-27,2026-08-27T20:00:00,211,191,20,41,8,8,0,100.0,3,3,5,5,False,False,BED_OVERFLOW,SIMULATED
PHC-UP-VAR-003,PHC Sevapuri,Uttar Pradesh,Varanasi,UP-VARANASI,2026-08-27,2026-08-27T20:00:00,156,138,18,30,6,6,0,100.0,2,2,4,4,False,False,BED_OVERFLOW,SIMULATED
PHC-UP-VAR-004,PHC Kashi Vidyapeeth,Uttar Pradesh,Varanasi,UP-VARANASI,2026-08-27,2026-08-27T20:00:00,231,199,32,21,10,10,0,100.0,3,3,6,6,False,False,BED_OVERFLOW,SIMULATED
CHC-UP-VAR-001,CHC Misirpur,Uttar Pradesh,Varanasi,UP-VARANASI,2026-08-27,2026-08-27T20:00:00,433,381,52,88,30,30,0,100.0,7,7,14,12,False,False,BED_OVERFLOW,SIMULATED
DH-UP-VAR-001,Pandit Deen Dayal Upadhyay District Hospital,Uttar Pradesh,Varanasi,UP-VARANASI,2026-08-27,2026-08-27T20:00:00,1995,1766,229,256,250,250,0,100.0,38,32,75,70,False,False,BED_OVERFLOW,SIMULATED
PHC-UP-LUK-001,PHC Bakshi Ka Talab,Uttar Pradesh,Lucknow,UP-LUCKNOW,2026-08-27,2026-08-27T20:00:00,213,186,27,25,10,10,0,100.0,3,3,6,6,False,False,BED_OVERFLOW,SIMULATED
PHC-UP-LUK-002,PHC Malihabad,Uttar Pradesh,Lucknow,UP-LUCKNOW,2026-08-27,2026-08-27T20:00:00,190,173,17,33,8,8,0,100.0,2,2,5,5,False,False,BED_OVERFLOW,SIMULATED
PHC-UP-LUK-003,PHC Mohanlalganj,Uttar Pradesh,Lucknow,UP-LUCKNOW,2026-08-27,2026-08-27T20:00:00,198,179,19,25,8,8,0,100.0,2,2,5,5,False,False,BED_OVERFLOW,SIMULATED
DH-UP-LUK-001,Balrampur District Hospital Lucknow,Uttar Pradesh,Lucknow,UP-LUCKNOW,2026-08-27,2026-08-27T20:00:00,2840,2510,330,347,350,350,0,100.0,50,46,110,97,False,False,BED_OVERFLOW,SIMULATED
PHC-RJ-JAI-001,PHC Bassi,Rajasthan,Jaipur,RJ-JAIPUR,2026-08-27,2026-08-27T20:00:00,193,170,23,40,8,8,0,100.0,2,2,5,5,False,False,BED_OVERFLOW,SIMULATED
PHC-RJ-JAI-002,PHC Chaksu,Rajasthan,Jaipur,RJ-JAIPUR,2026-08-27,2026-08-27T20:00:00,161,145,16,27,6,6,0,100.0,2,2,4,4,False,False,BED_OVERFLOW,SIMULATED
PHC-RJ-JAI-003,PHC Amer,Rajasthan,Jaipur,RJ-JAIPUR,2026-08-27,2026-08-27T20:00:00,229,197,32,36,10,10,0,100.0,3,3,6,6,False,False,BED_OVERFLOW,SIMULATED
DH-RJ-JAI-001,Kanwatia District Hospital Jaipur,Rajasthan,Jaipur,RJ-JAIPUR,2026-08-27,2026-08-27T20:00:00,2028,1822,206,198,200,200,0,100.0,32,31,68,67,False,False,BED_OVERFLOW,SIMULATED
PHC-MH-PUN-001,PHC Mulshi,Maharashtra,Pune,MH-PUNE,2026-08-27,2026-08-27T20:00:00,152,134,18,21,8,8,0,100.0,2,2,5,5,False,False,BED_OVERFLOW,SIMULATED
PHC-MH-PUN-002,PHC Haveli,Maharashtra,Pune,MH-PUNE,2026-08-27,2026-08-27T20:00:00,222,197,25,19,10,10,0,100.0,3,3,6,6,False,False,BED_OVERFLOW,SIMULATED
PHC-MH-PUN-003,PHC Khed,Maharashtra,Pune,MH-PUNE,2026-08-27,2026-08-27T20:00:00,202,184,18,36,8,8,0,100.0,2,2,5,5,False,False,BED_OVERFLOW,SIMULATED
DH-MH-PUN-001,Aundh District Hospital Pune,Maharashtra,Pune,MH-PUNE,2026-08-27,2026-08-27T20:00:00,2557,2320,237,234,300,300,0,100.0,42,35,90,87,False,False,BED_OVERFLOW,SIMULATED
PHC-KA-BEN-001,PHC Yelahanka,Karnataka,Bengaluru Urban,KA-BENGALURU-U,2026-08-27,2026-08-27T20:00:00,309,278,31,33,10,10,0,100.0,3,3,7,7,False,False,BED_OVERFLOW,SIMULATED
PHC-KA-BEN-002,PHC Anekal,Karnataka,Bengaluru Urban,KA-BENGALURU-U,2026-08-27,2026-08-27T20:00:00,205,188,17,44,8,8,0,100.0,2,2,5,5,False,False,BED_OVERFLOW,SIMULATED
PHC-KA-BEN-003,PHC Kengeri,Karnataka,Bengaluru Urban,KA-BENGALURU-U,2026-08-27,2026-08-27T20:00:00,217,199,18,45,10,10,0,100.0,3,3,6,6,False,False,BED_OVERFLOW,SIMULATED
DH-KA-BEN-001,KC General District Hospital Malleshwaram,Karnataka,Bengaluru Urban,KA-BENGALURU-U,2026-08-27,2026-08-27T20:00:00,2992,2740,252,257,350,350,0,100.0,48,42,105,93,False,False,BED_OVERFLOW,SIMULATED
PHC-BR-PAT-001,PHC Bakhtiyarpur,Bihar,Patna,BR-PATNA,2026-08-28,2026-08-28T20:00:00,198,175,23,53,6,6,0,100.0,2,2,4,4,False,False,CRITICAL_SURGE,SIMULATED
PHC-BR-PAT-002,PHC Danapur,Bihar,Patna,BR-PATNA,2026-08-28,2026-08-28T20:00:00,305,263,42,84,10,10,0,100.0,3,3,6,6,False,False,CRITICAL_SURGE,SIMULATED
PHC-BR-PAT-003,PHC Bihta,Bihar,Patna,BR-PATNA,2026-08-28,2026-08-28T20:00:00,230,206,24,42,8,8,0,100.0,2,2,5,5,False,False,CRITICAL_SURGE,SIMULATED
PHC-BR-PAT-004,PHC Fatuha,Bihar,Patna,BR-PATNA,2026-08-28,2026-08-28T20:00:00,191,166,25,31,6,6,0,100.0,2,2,4,4,False,False,CRITICAL_SURGE,SIMULATED
PHC-BR-PAT-005,PHC Mokama,Bihar,Patna,BR-PATNA,2026-08-28,2026-08-28T20:00:00,231,204,27,58,8,8,0,100.0,2,2,4,4,False,False,CRITICAL_SURGE,SIMULATED
CHC-BR-PAT-001,CHC Phulwari Sharif,Bihar,Patna,BR-PATNA,2026-08-28,2026-08-28T20:00:00,637,583,54,201,30,30,0,100.0,6,6,12,11,False,False,CRITICAL_SURGE,SIMULATED
DH-BR-PAT-001,District Hospital Gardanibagh,Bihar,Patna,BR-PATNA,2026-08-28,2026-08-28T20:00:00,1875,1723,152,573,150,150,0,100.0,24,23,45,39,True,False,CRITICAL_SURGE,SIMULATED
PHC-BR-GAY-001,PHC Bodh Gaya,Bihar,Gaya,BR-GAYA,2026-08-28,2026-08-28T20:00:00,143,128,15,19,8,8,0,100.0,2,2,4,4,False,False,BED_OVERFLOW,SIMULATED
PHC-BR-GAY-002,PHC Sherghati,Bihar,Gaya,BR-GAYA,2026-08-28,2026-08-28T20:00:00,126,109,17,23,6,6,0,100.0,2,2,4,4,False,False,BED_OVERFLOW,SIMULATED
PHC-BR-GAY-003,PHC Tekari,Bihar,Gaya,BR-GAYA,2026-08-28,2026-08-28T20:00:00,112,96,16,10,6,6,0,100.0,2,2,3,3,False,False,BED_OVERFLOW,SIMULATED
DH-BR-GAY-001,Jay Prakash Narayan District Hospital Gaya,Bihar,Gaya,BR-GAYA,2026-08-28,2026-08-28T20:00:00,1569,1390,179,187,200,200,0,100.0,30,29,60,59,False,False,BED_OVERFLOW,SIMULATED
PHC-UP-VAR-001,PHC Cholapur,Uttar Pradesh,Varanasi,UP-VARANASI,2026-08-28,2026-08-28T20:00:00,167,149,18,33,6,6,0,100.0,2,2,4,4,False,False,BED_OVERFLOW,SIMULATED
PHC-UP-VAR-002,PHC Pindra,Uttar Pradesh,Varanasi,UP-VARANASI,2026-08-28,2026-08-28T20:00:00,183,163,20,32,8,8,0,100.0,3,3,5,5,False,False,BED_OVERFLOW,SIMULATED
PHC-UP-VAR-003,PHC Sevapuri,Uttar Pradesh,Varanasi,UP-VARANASI,2026-08-28,2026-08-28T20:00:00,133,122,11,29,6,6,0,100.0,2,2,4,4,False,False,BED_OVERFLOW,SIMULATED
PHC-UP-VAR-004,PHC Kashi Vidyapeeth,Uttar Pradesh,Varanasi,UP-VARANASI,2026-08-28,2026-08-28T20:00:00,217,192,25,31,10,10,0,100.0,3,3,6,6,False,False,BED_OVERFLOW,SIMULATED
CHC-UP-VAR-001,CHC Misirpur,Uttar Pradesh,Varanasi,UP-VARANASI,2026-08-28,2026-08-28T20:00:00,425,389,36,74,30,30,0,100.0,7,7,14,14,False,False,BED_OVERFLOW,SIMULATED
DH-UP-VAR-001,Pandit Deen Dayal Upadhyay District Hospital,Uttar Pradesh,Varanasi,UP-VARANASI,2026-08-28,2026-08-28T20:00:00,1926,1664,262,325,250,250,0,100.0,38,33,75,69,False,False,BED_OVERFLOW,SIMULATED
PHC-UP-LUK-001,PHC Bakshi Ka Talab,Uttar Pradesh,Lucknow,UP-LUCKNOW,2026-08-28,2026-08-28T20:00:00,167,144,23,27,10,10,0,100.0,3,3,6,6,False,False,BED_OVERFLOW,SIMULATED
PHC-UP-LUK-002,PHC Malihabad,Uttar Pradesh,Lucknow,UP-LUCKNOW,2026-08-28,2026-08-28T20:00:00,137,124,13,26,8,8,0,100.0,2,2,5,5,False,False,BED_OVERFLOW,SIMULATED
PHC-UP-LUK-003,PHC Mohanlalganj,Uttar Pradesh,Lucknow,UP-LUCKNOW,2026-08-28,2026-08-28T20:00:00,162,144,18,28,8,8,0,100.0,2,2,5,5,False,False,BED_OVERFLOW,SIMULATED
DH-UP-LUK-001,Balrampur District Hospital Lucknow,Uttar Pradesh,Lucknow,UP-LUCKNOW,2026-08-28,2026-08-28T20:00:00,2334,2129,205,306,350,350,0,100.0,50,49,110,107,False,False,BED_OVERFLOW,SIMULATED
PHC-RJ-JAI-001,PHC Bassi,Rajasthan,Jaipur,RJ-JAIPUR,2026-08-28,2026-08-28T20:00:00,163,149,14,15,8,8,0,100.0,2,2,5,5,False,False,BED_OVERFLOW,SIMULATED
PHC-RJ-JAI-002,PHC Chaksu,Rajasthan,Jaipur,RJ-JAIPUR,2026-08-28,2026-08-28T20:00:00,154,136,18,12,6,6,0,100.0,2,2,4,4,False,False,BED_OVERFLOW,SIMULATED
PHC-RJ-JAI-003,PHC Amer,Rajasthan,Jaipur,RJ-JAIPUR,2026-08-28,2026-08-28T20:00:00,163,146,17,30,10,10,0,100.0,3,3,6,6,False,False,BED_OVERFLOW,SIMULATED
DH-RJ-JAI-001,Kanwatia District Hospital Jaipur,Rajasthan,Jaipur,RJ-JAIPUR,2026-08-28,2026-08-28T20:00:00,1803,1566,237,278,200,200,0,100.0,32,30,68,62,False,False,BED_OVERFLOW,SIMULATED
PHC-MH-PUN-001,PHC Mulshi,Maharashtra,Pune,MH-PUNE,2026-08-28,2026-08-28T20:00:00,126,111,15,21,8,8,0,100.0,2,2,5,5,False,False,BED_OVERFLOW,SIMULATED
PHC-MH-PUN-002,PHC Haveli,Maharashtra,Pune,MH-PUNE,2026-08-28,2026-08-28T20:00:00,234,210,24,41,10,10,0,100.0,3,3,6,6,False,False,BED_OVERFLOW,SIMULATED
PHC-MH-PUN-003,PHC Khed,Maharashtra,Pune,MH-PUNE,2026-08-28,2026-08-28T20:00:00,182,158,24,35,8,8,0,100.0,2,2,5,5,False,False,BED_OVERFLOW,SIMULATED
DH-MH-PUN-001,Aundh District Hospital Pune,Maharashtra,Pune,MH-PUNE,2026-08-28,2026-08-28T20:00:00,2393,2145,248,484,300,300,0,100.0,42,41,90,85,False,False,BED_OVERFLOW,SIMULATED
PHC-KA-BEN-001,PHC Yelahanka,Karnataka,Bengaluru Urban,KA-BENGALURU-U,2026-08-28,2026-08-28T20:00:00,234,214,20,40,10,10,0,100.0,3,3,7,7,False,False,BED_OVERFLOW,SIMULATED
PHC-KA-BEN-002,PHC Anekal,Karnataka,Bengaluru Urban,KA-BENGALURU-U,2026-08-28,2026-08-28T20:00:00,184,159,25,23,8,8,0,100.0,2,2,5,5,False,False,BED_OVERFLOW,SIMULATED
PHC-KA-BEN-003,PHC Kengeri,Karnataka,Bengaluru Urban,KA-BENGALURU-U,2026-08-28,2026-08-28T20:00:00,230,201,29,40,10,10,0,100.0,3,3,6,6,False,False,BED_OVERFLOW,SIMULATED
DH-KA-BEN-001,KC General District Hospital Malleshwaram,Karnataka,Bengaluru Urban,KA-BENGALURU-U,2026-08-28,2026-08-28T20:00:00,2667,2318,349,334,350,350,0,100.0,48,41,105,93,False,False,BED_OVERFLOW,SIMULATED
PHC-BR-PAT-001,PHC Bakhtiyarpur,Bihar,Patna,BR-PATNA,2026-08-29,2026-08-29T20:00:00,202,185,17,30,6,6,0,100.0,2,2,4,4,False,False,CRITICAL_SURGE,SIMULATED
PHC-BR-PAT-002,PHC Danapur,Bihar,Patna,BR-PATNA,2026-08-29,2026-08-29T20:00:00,278,250,28,44,10,10,0,100.0,3,3,6,6,False,False,CRITICAL_SURGE,SIMULATED
PHC-BR-PAT-003,PHC Bihta,Bihar,Patna,BR-PATNA,2026-08-29,2026-08-29T20:00:00,255,221,34,72,8,8,0,100.0,2,2,5,5,False,False,CRITICAL_SURGE,SIMULATED
PHC-BR-PAT-004,PHC Fatuha,Bihar,Patna,BR-PATNA,2026-08-29,2026-08-29T20:00:00,188,166,22,40,6,6,0,100.0,2,2,4,4,False,False,CRITICAL_SURGE,SIMULATED
PHC-BR-PAT-005,PHC Mokama,Bihar,Patna,BR-PATNA,2026-08-29,2026-08-29T20:00:00,232,205,27,56,8,8,0,100.0,2,2,4,4,False,False,CRITICAL_SURGE,SIMULATED
CHC-BR-PAT-001,CHC Phulwari Sharif,Bihar,Patna,BR-PATNA,2026-08-29,2026-08-29T20:00:00,561,493,68,156,30,30,0,100.0,6,5,12,12,True,False,CRITICAL_SURGE,SIMULATED
DH-BR-PAT-001,District Hospital Gardanibagh,Bihar,Patna,BR-PATNA,2026-08-29,2026-08-29T20:00:00,1939,1733,206,585,150,150,0,100.0,24,20,45,44,True,False,CRITICAL_SURGE,SIMULATED
PHC-BR-GAY-001,PHC Bodh Gaya,Bihar,Gaya,BR-GAYA,2026-08-29,2026-08-29T20:00:00,160,145,15,31,8,8,0,100.0,2,2,4,4,False,False,BED_OVERFLOW,SIMULATED
PHC-BR-GAY-002,PHC Sherghati,Bihar,Gaya,BR-GAYA,2026-08-29,2026-08-29T20:00:00,119,104,15,16,6,6,0,100.0,2,2,4,4,False,False,BED_OVERFLOW,SIMULATED
PHC-BR-GAY-003,PHC Tekari,Bihar,Gaya,BR-GAYA,2026-08-29,2026-08-29T20:00:00,109,93,16,19,6,6,0,100.0,2,2,3,3,False,False,BED_OVERFLOW,SIMULATED
DH-BR-GAY-001,Jay Prakash Narayan District Hospital Gaya,Bihar,Gaya,BR-GAYA,2026-08-29,2026-08-29T20:00:00,1637,1476,161,210,200,200,0,100.0,30,25,60,52,False,False,BED_OVERFLOW,SIMULATED
PHC-UP-VAR-001,PHC Cholapur,Uttar Pradesh,Varanasi,UP-VARANASI,2026-08-29,2026-08-29T20:00:00,184,160,24,27,6,6,0,100.0,2,2,4,4,False,False,BED_OVERFLOW,SIMULATED
PHC-UP-VAR-002,PHC Pindra,Uttar Pradesh,Varanasi,UP-VARANASI,2026-08-29,2026-08-29T20:00:00,186,167,19,20,8,8,0,100.0,3,3,5,5,False,False,BED_OVERFLOW,SIMULATED
PHC-UP-VAR-003,PHC Sevapuri,Uttar Pradesh,Varanasi,UP-VARANASI,2026-08-29,2026-08-29T20:00:00,127,111,16,24,6,6,0,100.0,2,2,4,4,False,False,BED_OVERFLOW,SIMULATED
PHC-UP-VAR-004,PHC Kashi Vidyapeeth,Uttar Pradesh,Varanasi,UP-VARANASI,2026-08-29,2026-08-29T20:00:00,244,217,27,19,10,10,0,100.0,3,3,6,6,False,False,BED_OVERFLOW,SIMULATED
CHC-UP-VAR-001,CHC Misirpur,Uttar Pradesh,Varanasi,UP-VARANASI,2026-08-29,2026-08-29T20:00:00,402,369,33,77,30,30,0,100.0,7,6,14,13,False,False,BED_OVERFLOW,SIMULATED
DH-UP-VAR-001,Pandit Deen Dayal Upadhyay District Hospital,Uttar Pradesh,Varanasi,UP-VARANASI,2026-08-29,2026-08-29T20:00:00,1999,1830,169,229,250,250,0,100.0,38,37,75,75,False,False,BED_OVERFLOW,SIMULATED
PHC-UP-LUK-001,PHC Bakshi Ka Talab,Uttar Pradesh,Lucknow,UP-LUCKNOW,2026-08-29,2026-08-29T20:00:00,205,186,19,29,10,10,0,100.0,3,3,6,6,False,False,BED_OVERFLOW,SIMULATED
PHC-UP-LUK-002,PHC Malihabad,Uttar Pradesh,Lucknow,UP-LUCKNOW,2026-08-29,2026-08-29T20:00:00,166,143,23,35,8,8,0,100.0,2,2,5,5,False,False,BED_OVERFLOW,SIMULATED
PHC-UP-LUK-003,PHC Mohanlalganj,Uttar Pradesh,Lucknow,UP-LUCKNOW,2026-08-29,2026-08-29T20:00:00,174,152,22,36,8,8,0,100.0,2,2,5,5,False,False,BED_OVERFLOW,SIMULATED
DH-UP-LUK-001,Balrampur District Hospital Lucknow,Uttar Pradesh,Lucknow,UP-LUCKNOW,2026-08-29,2026-08-29T20:00:00,2223,1928,295,429,350,350,0,100.0,50,44,110,109,False,False,BED_OVERFLOW,SIMULATED
PHC-RJ-JAI-001,PHC Bassi,Rajasthan,Jaipur,RJ-JAIPUR,2026-08-29,2026-08-29T20:00:00,154,134,20,32,8,8,0,100.0,2,2,5,5,False,False,BED_OVERFLOW,SIMULATED
PHC-RJ-JAI-002,PHC Chaksu,Rajasthan,Jaipur,RJ-JAIPUR,2026-08-29,2026-08-29T20:00:00,140,122,18,20,6,6,0,100.0,2,2,4,4,False,False,BED_OVERFLOW,SIMULATED
PHC-RJ-JAI-003,PHC Amer,Rajasthan,Jaipur,RJ-JAIPUR,2026-08-29,2026-08-29T20:00:00,187,165,22,40,10,10,0,100.0,3,3,6,6,False,False,BED_OVERFLOW,SIMULATED
DH-RJ-JAI-001,Kanwatia District Hospital Jaipur,Rajasthan,Jaipur,RJ-JAIPUR,2026-08-29,2026-08-29T20:00:00,1817,1600,217,194,200,200,0,100.0,32,32,68,60,False,False,BED_OVERFLOW,SIMULATED
PHC-MH-PUN-001,PHC Mulshi,Maharashtra,Pune,MH-PUNE,2026-08-29,2026-08-29T20:00:00,131,117,14,25,8,8,0,100.0,2,2,5,5,False,False,BED_OVERFLOW,SIMULATED
PHC-MH-PUN-002,PHC Haveli,Maharashtra,Pune,MH-PUNE,2026-08-29,2026-08-29T20:00:00,236,207,29,36,10,10,0,100.0,3,3,6,6,False,False,BED_OVERFLOW,SIMULATED
PHC-MH-PUN-003,PHC Khed,Maharashtra,Pune,MH-PUNE,2026-08-29,2026-08-29T20:00:00,157,135,22,19,8,8,0,100.0,2,2,5,5,False,False,BED_OVERFLOW,SIMULATED
DH-MH-PUN-001,Aundh District Hospital Pune,Maharashtra,Pune,MH-PUNE,2026-08-29,2026-08-29T20:00:00,2256,2024,232,488,300,300,0,100.0,42,35,90,84,False,False,BED_OVERFLOW,SIMULATED
PHC-KA-BEN-001,PHC Yelahanka,Karnataka,Bengaluru Urban,KA-BENGALURU-U,2026-08-29,2026-08-29T20:00:00,252,229,23,40,10,10,0,100.0,3,3,7,7,False,False,BED_OVERFLOW,SIMULATED
PHC-KA-BEN-002,PHC Anekal,Karnataka,Bengaluru Urban,KA-BENGALURU-U,2026-08-29,2026-08-29T20:00:00,182,163,19,30,8,8,0,100.0,2,2,5,5,False,False,BED_OVERFLOW,SIMULATED
PHC-KA-BEN-003,PHC Kengeri,Karnataka,Bengaluru Urban,KA-BENGALURU-U,2026-08-29,2026-08-29T20:00:00,211,186,25,30,10,10,0,100.0,3,3,6,6,False,False,BED_OVERFLOW,SIMULATED
DH-KA-BEN-001,KC General District Hospital Malleshwaram,Karnataka,Bengaluru Urban,KA-BENGALURU-U,2026-08-29,2026-08-29T20:00:00,2889,2553,336,626,350,350,0,100.0,48,40,105,91,False,False,BED_OVERFLOW,SIMULATED
PHC-BR-PAT-001,PHC Bakhtiyarpur,Bihar,Patna,BR-PATNA,2026-08-30,2026-08-30T20:00:00,89,78,11,28,6,6,0,100.0,2,2,4,4,False,False,CRITICAL_SURGE,SIMULATED
PHC-BR-PAT-002,PHC Danapur,Bihar,Patna,BR-PATNA,2026-08-30,2026-08-30T20:00:00,130,115,15,18,10,10,0,100.0,3,2,6,4,True,True,CRITICAL_SURGE,SIMULATED
PHC-BR-PAT-003,PHC Bihta,Bihar,Patna,BR-PATNA,2026-08-30,2026-08-30T20:00:00,95,87,8,28,8,8,0,100.0,2,2,5,4,False,False,CRITICAL_SURGE,SIMULATED
PHC-BR-PAT-004,PHC Fatuha,Bihar,Patna,BR-PATNA,2026-08-30,2026-08-30T20:00:00,79,69,10,17,6,6,0,100.0,2,2,4,3,False,False,CRITICAL_SURGE,SIMULATED
PHC-BR-PAT-005,PHC Mokama,Bihar,Patna,BR-PATNA,2026-08-30,2026-08-30T20:00:00,91,81,10,24,8,8,0,100.0,2,2,4,3,False,False,CRITICAL_SURGE,SIMULATED
CHC-BR-PAT-001,CHC Phulwari Sharif,Bihar,Patna,BR-PATNA,2026-08-30,2026-08-30T20:00:00,253,219,34,81,30,30,0,100.0,6,5,12,9,True,False,CRITICAL_SURGE,SIMULATED
DH-BR-PAT-001,District Hospital Gardanibagh,Bihar,Patna,BR-PATNA,2026-08-30,2026-08-30T20:00:00,725,627,98,146,150,150,0,100.0,24,15,45,34,True,False,CRITICAL_SURGE,SIMULATED
PHC-BR-GAY-001,PHC Bodh Gaya,Bihar,Gaya,BR-GAYA,2026-08-30,2026-08-30T20:00:00,56,49,7,10,8,8,0,100.0,2,2,4,4,False,False,BED_OVERFLOW,SIMULATED
PHC-BR-GAY-002,PHC Sherghati,Bihar,Gaya,BR-GAYA,2026-08-30,2026-08-30T20:00:00,43,38,5,4,6,6,0,100.0,2,2,4,4,False,False,BED_OVERFLOW,SIMULATED
PHC-BR-GAY-003,PHC Tekari,Bihar,Gaya,BR-GAYA,2026-08-30,2026-08-30T20:00:00,45,41,4,7,6,6,0,100.0,2,2,3,3,False,False,BED_OVERFLOW,SIMULATED
DH-BR-GAY-001,Jay Prakash Narayan District Hospital Gaya,Bihar,Gaya,BR-GAYA,2026-08-30,2026-08-30T20:00:00,671,608,63,94,200,166,34,83.0,30,20,60,43,False,False,NORMAL,SIMULATED
PHC-UP-VAR-001,PHC Cholapur,Uttar Pradesh,Varanasi,UP-VARANASI,2026-08-30,2026-08-30T20:00:00,58,51,7,10,6,6,0,100.0,2,2,4,3,False,False,BED_OVERFLOW,SIMULATED
PHC-UP-VAR-002,PHC Pindra,Uttar Pradesh,Varanasi,UP-VARANASI,2026-08-30,2026-08-30T20:00:00,69,61,8,12,8,8,0,100.0,3,2,5,4,False,False,BED_OVERFLOW,SIMULATED
PHC-UP-VAR-003,PHC Sevapuri,Uttar Pradesh,Varanasi,UP-VARANASI,2026-08-30,2026-08-30T20:00:00,59,53,6,8,6,6,0,100.0,2,2,4,3,False,False,BED_OVERFLOW,SIMULATED
PHC-UP-VAR-004,PHC Kashi Vidyapeeth,Uttar Pradesh,Varanasi,UP-VARANASI,2026-08-30,2026-08-30T20:00:00,95,82,13,13,10,10,0,100.0,3,2,6,4,False,True,BED_OVERFLOW,SIMULATED
CHC-UP-VAR-001,CHC Misirpur,Uttar Pradesh,Varanasi,UP-VARANASI,2026-08-30,2026-08-30T20:00:00,170,155,15,33,30,30,0,100.0,7,4,14,11,False,False,BED_OVERFLOW,SIMULATED
DH-UP-VAR-001,Pandit Deen Dayal Upadhyay District Hospital,Uttar Pradesh,Varanasi,UP-VARANASI,2026-08-30,2026-08-30T20:00:00,821,734,87,140,250,213,37,85.2,38,26,75,51,False,True,NORMAL,SIMULATED
PHC-UP-LUK-001,PHC Bakshi Ka Talab,Uttar Pradesh,Lucknow,UP-LUCKNOW,2026-08-30,2026-08-30T20:00:00,80,69,11,8,10,10,0,100.0,3,3,6,5,False,False,BED_OVERFLOW,SIMULATED
PHC-UP-LUK-002,PHC Malihabad,Uttar Pradesh,Lucknow,UP-LUCKNOW,2026-08-30,2026-08-30T20:00:00,70,62,8,14,8,8,0,100.0,2,2,5,4,False,False,BED_OVERFLOW,SIMULATED
PHC-UP-LUK-003,PHC Mohanlalganj,Uttar Pradesh,Lucknow,UP-LUCKNOW,2026-08-30,2026-08-30T20:00:00,73,64,9,12,8,8,0,100.0,2,2,5,4,False,False,BED_OVERFLOW,SIMULATED
DH-UP-LUK-001,Balrampur District Hospital Lucknow,Uttar Pradesh,Lucknow,UP-LUCKNOW,2026-08-30,2026-08-30T20:00:00,934,849,85,96,350,206,144,58.86,50,30,110,78,False,False,NORMAL,SIMULATED
PHC-RJ-JAI-001,PHC Bassi,Rajasthan,Jaipur,RJ-JAIPUR,2026-08-30,2026-08-30T20:00:00,67,60,7,9,8,8,0,100.0,2,2,5,4,False,False,BED_OVERFLOW,SIMULATED
PHC-RJ-JAI-002,PHC Chaksu,Rajasthan,Jaipur,RJ-JAIPUR,2026-08-30,2026-08-30T20:00:00,52,47,5,9,6,6,0,100.0,2,2,4,3,False,False,BED_OVERFLOW,SIMULATED
PHC-RJ-JAI-003,PHC Amer,Rajasthan,Jaipur,RJ-JAIPUR,2026-08-30,2026-08-30T20:00:00,71,64,7,9,10,10,0,100.0,3,2,6,5,False,False,BED_OVERFLOW,SIMULATED
DH-RJ-JAI-001,Kanwatia District Hospital Jaipur,Rajasthan,Jaipur,RJ-JAIPUR,2026-08-30,2026-08-30T20:00:00,773,697,76,121,200,188,12,94.0,32,18,68,48,False,False,NORMAL,SIMULATED
PHC-MH-PUN-001,PHC Mulshi,Maharashtra,Pune,MH-PUNE,2026-08-30,2026-08-30T20:00:00,54,47,7,9,8,8,0,100.0,2,2,5,4,False,False,BED_OVERFLOW,SIMULATED
PHC-MH-PUN-002,PHC Haveli,Maharashtra,Pune,MH-PUNE,2026-08-30,2026-08-30T20:00:00,91,79,12,13,10,10,0,100.0,3,3,6,5,False,False,BED_OVERFLOW,SIMULATED
PHC-MH-PUN-003,PHC Khed,Maharashtra,Pune,MH-PUNE,2026-08-30,2026-08-30T20:00:00,74,65,9,8,8,8,0,100.0,2,2,5,4,False,False,BED_OVERFLOW,SIMULATED
DH-MH-PUN-001,Aundh District Hospital Pune,Maharashtra,Pune,MH-PUNE,2026-08-30,2026-08-30T20:00:00,916,840,76,199,300,157,143,52.33,42,23,90,68,False,False,NORMAL,SIMULATED
PHC-KA-BEN-001,PHC Yelahanka,Karnataka,Bengaluru Urban,KA-BENGALURU-U,2026-08-30,2026-08-30T20:00:00,102,88,14,15,10,10,0,100.0,3,2,7,5,False,False,BED_OVERFLOW,SIMULATED
PHC-KA-BEN-002,PHC Anekal,Karnataka,Bengaluru Urban,KA-BENGALURU-U,2026-08-30,2026-08-30T20:00:00,74,66,8,15,8,8,0,100.0,2,2,5,4,False,False,BED_OVERFLOW,SIMULATED
PHC-KA-BEN-003,PHC Kengeri,Karnataka,Bengaluru Urban,KA-BENGALURU-U,2026-08-30,2026-08-30T20:00:00,80,73,7,15,10,10,0,100.0,3,2,6,4,False,True,BED_OVERFLOW,SIMULATED
DH-KA-BEN-001,KC General District Hospital Malleshwaram,Karnataka,Bengaluru Urban,KA-BENGALURU-U,2026-08-30,2026-08-30T20:00:00,1081,975,106,119,350,228,122,65.14,48,25,105,84,False,False,NORMAL,SIMULATED
PHC-BR-PAT-001,PHC Bakhtiyarpur,Bihar,Patna,BR-PATNA,2026-08-31,2026-08-31T20:00:00,320,279,41,102,6,6,0,100.0,2,2,4,4,False,False,CRITICAL_SURGE,SIMULATED
PHC-BR-PAT-002,PHC Danapur,Bihar,Patna,BR-PATNA,2026-08-31,2026-08-31T20:00:00,460,406,54,129,10,10,0,100.0,3,3,6,6,False,False,CRITICAL_SURGE,SIMULATED
PHC-BR-PAT-003,PHC Bihta,Bihar,Patna,BR-PATNA,2026-08-31,2026-08-31T20:00:00,353,318,35,89,8,8,0,100.0,2,2,5,5,False,False,CRITICAL_SURGE,SIMULATED
PHC-BR-PAT-004,PHC Fatuha,Bihar,Patna,BR-PATNA,2026-08-31,2026-08-31T20:00:00,281,252,29,57,6,6,0,100.0,2,2,4,4,False,False,CRITICAL_SURGE,SIMULATED
PHC-BR-PAT-005,PHC Mokama,Bihar,Patna,BR-PATNA,2026-08-31,2026-08-31T20:00:00,343,311,32,71,8,8,0,100.0,2,2,4,4,False,False,CRITICAL_SURGE,SIMULATED
CHC-BR-PAT-001,CHC Phulwari Sharif,Bihar,Patna,BR-PATNA,2026-08-31,2026-08-31T20:00:00,829,757,72,270,30,30,0,100.0,6,6,12,11,False,False,CRITICAL_SURGE,SIMULATED
DH-BR-PAT-001,District Hospital Gardanibagh,Bihar,Patna,BR-PATNA,2026-08-31,2026-08-31T20:00:00,2834,2604,230,528,150,150,0,100.0,24,20,45,42,True,False,CRITICAL_SURGE,SIMULATED
PHC-BR-GAY-001,PHC Bodh Gaya,Bihar,Gaya,BR-GAYA,2026-08-31,2026-08-31T20:00:00,222,195,27,47,8,8,0,100.0,2,2,4,4,False,False,BED_OVERFLOW,SIMULATED
PHC-BR-GAY-002,PHC Sherghati,Bihar,Gaya,BR-GAYA,2026-08-31,2026-08-31T20:00:00,204,186,18,18,6,6,0,100.0,2,2,4,4,False,False,BED_OVERFLOW,SIMULATED
PHC-BR-GAY-003,PHC Tekari,Bihar,Gaya,BR-GAYA,2026-08-31,2026-08-31T20:00:00,154,141,13,18,6,6,0,100.0,2,2,3,3,False,False,BED_OVERFLOW,SIMULATED
DH-BR-GAY-001,Jay Prakash Narayan District Hospital Gaya,Bihar,Gaya,BR-GAYA,2026-08-31,2026-08-31T20:00:00,2272,2059,213,461,200,200,0,100.0,30,27,60,59,False,False,BED_OVERFLOW,SIMULATED
PHC-UP-VAR-001,PHC Cholapur,Uttar Pradesh,Varanasi,UP-VARANASI,2026-08-31,2026-08-31T20:00:00,195,174,21,23,6,6,0,100.0,2,2,4,4,False,False,BED_OVERFLOW,SIMULATED
PHC-UP-VAR-002,PHC Pindra,Uttar Pradesh,Varanasi,UP-VARANASI,2026-08-31,2026-08-31T20:00:00,256,230,26,46,8,8,0,100.0,3,3,5,5,False,False,BED_OVERFLOW,SIMULATED
PHC-UP-VAR-003,PHC Sevapuri,Uttar Pradesh,Varanasi,UP-VARANASI,2026-08-31,2026-08-31T20:00:00,200,178,22,35,6,6,0,100.0,2,2,4,4,False,False,BED_OVERFLOW,SIMULATED
PHC-UP-VAR-004,PHC Kashi Vidyapeeth,Uttar Pradesh,Varanasi,UP-VARANASI,2026-08-31,2026-08-31T20:00:00,342,310,32,38,10,10,0,100.0,3,3,6,6,False,False,BED_OVERFLOW,SIMULATED
CHC-UP-VAR-001,CHC Misirpur,Uttar Pradesh,Varanasi,UP-VARANASI,2026-08-31,2026-08-31T20:00:00,486,424,62,77,30,30,0,100.0,7,6,14,14,False,False,BED_OVERFLOW,SIMULATED
DH-UP-VAR-001,Pandit Deen Dayal Upadhyay District Hospital,Uttar Pradesh,Varanasi,UP-VARANASI,2026-08-31,2026-08-31T20:00:00,2800,2429,371,302,250,250,0,100.0,38,37,75,72,False,False,BED_OVERFLOW,SIMULATED
PHC-UP-LUK-001,PHC Bakshi Ka Talab,Uttar Pradesh,Lucknow,UP-LUCKNOW,2026-08-31,2026-08-31T20:00:00,281,244,37,60,10,10,0,100.0,3,3,6,6,False,False,BED_OVERFLOW,SIMULATED
PHC-UP-LUK-002,PHC Malihabad,Uttar Pradesh,Lucknow,UP-LUCKNOW,2026-08-31,2026-08-31T20:00:00,245,211,34,50,8,8,0,100.0,2,2,5,5,False,False,BED_OVERFLOW,SIMULATED
PHC-UP-LUK-003,PHC Mohanlalganj,Uttar Pradesh,Lucknow,UP-LUCKNOW,2026-08-31,2026-08-31T20:00:00,253,230,23,44,8,8,0,100.0,2,2,5,5,False,False,BED_OVERFLOW,SIMULATED
DH-UP-LUK-001,Balrampur District Hospital Lucknow,Uttar Pradesh,Lucknow,UP-LUCKNOW,2026-08-31,2026-08-31T20:00:00,3498,3201,297,304,350,350,0,100.0,50,47,110,106,False,False,BED_OVERFLOW,SIMULATED
PHC-RJ-JAI-001,PHC Bassi,Rajasthan,Jaipur,RJ-JAIPUR,2026-08-31,2026-08-31T20:00:00,255,228,27,31,8,8,0,100.0,2,2,5,5,False,False,BED_OVERFLOW,SIMULATED
PHC-RJ-JAI-002,PHC Chaksu,Rajasthan,Jaipur,RJ-JAIPUR,2026-08-31,2026-08-31T20:00:00,215,197,18,18,6,6,0,100.0,2,2,4,4,False,False,BED_OVERFLOW,SIMULATED
PHC-RJ-JAI-003,PHC Amer,Rajasthan,Jaipur,RJ-JAIPUR,2026-08-31,2026-08-31T20:00:00,266,235,31,28,10,10,0,100.0,3,3,6,6,False,False,BED_OVERFLOW,SIMULATED
DH-RJ-JAI-001,Kanwatia District Hospital Jaipur,Rajasthan,Jaipur,RJ-JAIPUR,2026-08-31,2026-08-31T20:00:00,2625,2373,252,526,200,200,0,100.0,32,32,68,61,False,False,BED_OVERFLOW,SIMULATED
PHC-MH-PUN-001,PHC Mulshi,Maharashtra,Pune,MH-PUNE,2026-08-31,2026-08-31T20:00:00,170,154,16,28,8,8,0,100.0,2,2,5,5,False,False,BED_OVERFLOW,SIMULATED
PHC-MH-PUN-002,PHC Haveli,Maharashtra,Pune,MH-PUNE,2026-08-31,2026-08-31T20:00:00,309,276,33,38,10,10,0,100.0,3,3,6,6,False,False,BED_OVERFLOW,SIMULATED
PHC-MH-PUN-003,PHC Khed,Maharashtra,Pune,MH-PUNE,2026-08-31,2026-08-31T20:00:00,252,227,25,47,8,8,0,100.0,2,2,5,5,False,False,BED_OVERFLOW,SIMULATED
DH-MH-PUN-001,Aundh District Hospital Pune,Maharashtra,Pune,MH-PUNE,2026-08-31,2026-08-31T20:00:00,2938,2535,403,290,300,300,0,100.0,42,35,90,77,False,False,BED_OVERFLOW,SIMULATED
PHC-KA-BEN-001,PHC Yelahanka,Karnataka,Bengaluru Urban,KA-BENGALURU-U,2026-08-31,2026-08-31T20:00:00,363,326,37,71,10,10,0,100.0,3,3,7,7,False,False,BED_OVERFLOW,SIMULATED
PHC-KA-BEN-002,PHC Anekal,Karnataka,Bengaluru Urban,KA-BENGALURU-U,2026-08-31,2026-08-31T20:00:00,255,233,22,53,8,8,0,100.0,2,2,5,5,False,False,BED_OVERFLOW,SIMULATED
PHC-KA-BEN-003,PHC Kengeri,Karnataka,Bengaluru Urban,KA-BENGALURU-U,2026-08-31,2026-08-31T20:00:00,294,259,35,28,10,10,0,100.0,3,3,6,6,False,False,BED_OVERFLOW,SIMULATED
DH-KA-BEN-001,KC General District Hospital Malleshwaram,Karnataka,Bengaluru Urban,KA-BENGALURU-U,2026-08-31,2026-08-31T20:00:00,4107,3562,545,853,350,350,0,100.0,48,43,105,98,False,False,BED_OVERFLOW,SIMULATED
